host_unix,host_time,seq,up_ms,temp_c,press_hpa,alt_baro_m,alt_fused_m,vel_m_s,speed_m_s,az_m_s2,lax_m_s2,lay_m_s2,laz_m_s2,gx_m_s2,gy_m_s2,gz_m_s2,heading,roll,pitch,calib,vstate,elev,servo_deg,rudder_deg,throttle
1787614999.041288,08:43:19.041,603,64.449,28.7,1011.34,15.914,0.0,0.0,0.0,-0.26,-0.02,0.0,-0.26,0.54,1.13,9.72,0.12,6.62,3.18,0,0,0,0.0,0.0,0.0
1787614999.142874,08:43:19.142,604,64.549,28.7,1011.34,15.914,0.0,0.0,0.0,-0.26,-0.02,-0.02,-0.26,0.54,1.13,9.72,0.12,6.62,3.18,0,0,0,0.0,0.0,0.0
1787614999.244983,08:43:19.244,605,64.649,28.73,1011.42,15.245,0.0,0.0,0.0,-0.26,-0.02,0.0,-0.26,0.54,1.13,9.72,0.12,6.62,3.18,0,0,0,0.0,0.0,0.0
1787614999.346615,08:43:19.346,606,64.749,28.73,1011.42,15.245,0.0,0.0,0.0,-0.24,-0.03,0.0,-0.24,0.54,1.13,9.72,0.12,6.62,3.18,0,0,0,0.0,0.0,0.0
1787614999.447411,08:43:19.447,607,64.849,28.72,1011.39,15.496,0.0,0.0,0.0,-0.24,-0.02,0.0,-0.24,0.54,1.13,9.72,0.12,6.62,3.18,0,0,0,0.0,0.0,0.0
1787614999.548824,08:43:19.548,608,64.949,28.72,1011.39,15.496,0.0,0.0,0.0,-0.24,-0.02,-0.02,-0.24,0.54,1.13,9.72,0.12,6.62,3.18,0,0,0,0.0,0.0,0.0
1787614999.650957,08:43:19.650,609,65.049,28.72,1011.39,15.496,0.0,0.0,0.0,-0.23,-0.02,0.0,-0.23,0.54,1.13,9.72,0.12,6.62,3.18,0,0,0,0.0,0.0,0.0
1787614999.751444,08:43:19.751,610,65.149,28.72,1011.39,15.496,0.0,0.0,0.0,-0.26,-0.02,0.0,-0.26,0.54,1.13,9.72,0.12,6.62,3.18,0,0,0,0.0,0.0,0.0
1787614999.852791,08:43:19.852,611,65.249,28.73,1011.39,15.496,0.0,0.0,0.0,-0.26,-0.02,0.0,-0.26,0.54,1.13,9.72,0.12,6.62,3.18,0,0,0,0.0,0.0,0.0
1787614999.953255,08:43:19.953,612,65.349,28.73,1011.39,15.496,0.0,0.0,0.0,-0.25,-0.03,0.0,-0.25,0.54,1.13,9.72,0.12,6.62,3.18,0,0,0,0.0,0.0,0.0
1787615000.054708,08:43:20.054,613,65.449,28.72,1011.39,15.496,0.0,0.0,0.0,-0.26,-0.02,0.0,-0.26,0.54,1.13,9.72,0.12,6.62,3.18,0,0,0,0.0,0.0,0.0
1787615000.155278,08:43:20.155,614,65.549,28.72,1011.39,15.496,0.0,0.0,0.0,-0.28,-0.02,0.0,-0.28,0.54,1.13,9.72,0.12,6.62,3.18,0,0,0,0.0,0.0,0.0
1787615000.256202,08:43:20.256,615,65.649,28.72,1011.38,15.581,0.0,0.0,0.0,-0.26,-0.03,0.0,-0.26,0.54,1.13,9.72,0.12,6.62,3.18,0,0,0,0.0,0.0,0.0
1787615000.356629,08:43:20.356,616,65.749,28.72,1011.38,15.581,0.0,0.0,0.0,-0.24,-0.03,0.0,-0.24,0.54,1.13,9.72,0.12,6.62,3.18,0,0,0,0.0,0.0,0.0
1787615000.457967,08:43:20.457,617,65.849,28.72,1011.39,15.496,0.0,0.0,0.0,-0.26,-0.04,0.0,-0.26,0.54,1.13,9.72,0.12,6.62,3.18,0,0,0,0.0,0.0,0.0
1787615000.558777,08:43:20.558,618,65.949,28.72,1011.39,15.496,0.0,0.0,0.0,-0.23,-0.02,0.0,-0.23,0.54,1.13,9.72,0.12,6.62,3.18,0,0,0,0.0,0.0,0.0
1787615000.660108,08:43:20.660,619,66.049,28.72,1011.39,15.496,0.0,0.0,0.0,-0.25,-0.02,-0.03,-0.25,0.54,1.13,9.72,0.12,6.62,3.18,0,0,0,0.0,0.0,0.0
1787615000.761226,08:43:20.761,620,66.149,28.72,1011.39,15.496,0.0,0.0,0.0,-0.24,-0.02,0.0,-0.24,0.54,1.13,9.72,0.12,6.62,3.18,0,0,0,0.0,0.0,0.0
1787615000.861957,08:43:20.861,621,66.249,28.73,1011.44,15.079,0.0,0.0,0.0,-0.23,-0.02,0.0,-0.23,0.54,1.13,9.72,0.12,6.62,3.18,0,0,0,0.0,0.0,0.0
1787615000.963195,08:43:20.963,622,66.349,28.73,1011.44,15.079,0.0,0.0,0.0,-0.24,-0.03,-0.03,-0.24,0.54,1.13,9.72,0.12,6.62,3.18,0,0,0,0.0,0.0,0.0
1787615001.064642,08:43:21.064,623,66.449,28.73,1011.43,15.164,0.0,0.0,0.0,-0.24,-0.03,0.0,-0.24,0.54,1.13,9.72,0.12,6.62,3.18,0,0,0,0.0,0.0,0.0
1787615001.165980,08:43:21.165,624,66.549,28.73,1011.43,15.164,0.0,0.0,0.0,-0.24,-0.05,0.0,-0.24,0.54,1.13,9.72,0.12,6.62,3.18,0,0,0,0.0,0.0,0.0
1787615001.267325,08:43:21.267,625,66.649,28.72,1011.4,15.412,0.0,0.0,0.0,-0.24,-0.04,0.0,-0.24,0.54,1.13,9.72,0.12,6.62,3.18,0,0,0,0.0,0.0,0.0
1787615001.368153,08:43:21.368,626,66.749,28.72,1011.4,15.412,0.0,0.0,0.0,-0.23,-0.04,0.0,-0.23,0.54,1.13,9.72,0.12,6.62,3.18,0,0,0,0.0,0.0,0.0
1787615001.468788,08:43:21.468,627,66.849,28.71,1011.37,15.663,0.0,0.0,0.0,-0.25,-0.04,0.0,-0.25,0.54,1.13,9.72,0.12,6.62,3.18,0,0,0,0.0,0.0,0.0
1787615001.570147,08:43:21.570,628,66.949,28.71,1011.37,15.663,0.0,0.0,0.0,-0.26,0.0,0.0,-0.26,0.54,1.13,9.72,0.12,6.62,3.18,0,0,0,0.0,0.0,0.0
1787615001.670658,08:43:21.670,629,67.049,28.73,1011.39,15.496,0.0,0.0,0.0,-0.24,0.0,-0.03,-0.24,0.54,1.13,9.72,0.12,6.62,3.18,0,0,0,0.0,0.0,0.0
1787615001.771192,08:43:21.771,630,67.149,28.73,1011.39,15.496,0.0,0.0,0.0,-0.26,-0.02,0.01,-0.26,0.54,1.13,9.72,0.12,6.62,3.18,0,0,0,0.0,0.0,0.0
1787615001.872528,08:43:21.872,631,67.249,28.72,1011.4,15.412,0.0,0.0,0.0,-0.24,-0.02,0.01,-0.24,0.54,1.13,9.72,0.12,6.62,3.18,0,0,0,0.0,0.0,0.0
1787615001.973888,08:43:21.973,632,67.349,28.72,1011.4,15.412,0.0,0.0,0.0,-0.24,-0.02,-0.02,-0.24,0.54,1.13,9.72,0.12,6.62,3.18,0,0,0,0.0,0.0,0.0
1787615002.075214,08:43:22.075,633,67.449,28.72,1011.38,15.581,0.0,0.0,0.0,-0.26,0.0,0.0,-0.26,0.54,1.13,9.72,0.12,6.62,3.18,0,0,0,0.0,0.0,0.0
1787615002.176204,08:43:22.176,634,67.549,28.72,1011.38,15.581,0.0,0.0,0.0,-0.25,-0.03,0.02,-0.25,0.54,1.13,9.72,0.12,6.62,3.18,0,0,0,0.0,0.0,0.0
1787615002.293183,08:43:22.293,635,67.649,28.73,1011.4,15.412,0.0,0.0,0.0,-0.25,-0.03,0.02,-0.25,0.54,1.13,9.72,0.12,6.62,3.18,0,0,0,0.0,0.0,0.0
1787615002.393859,08:43:22.393,636,67.749,28.73,1011.4,15.412,0.0,0.0,0.0,-0.25,-0.02,0.02,-0.25,0.54,1.13,9.72,0.12,6.62,3.18,0,0,0,0.0,0.0,0.0
1787615002.495211,08:43:22.495,637,67.849,28.72,1011.38,15.581,0.0,0.0,0.0,-0.24,-0.02,0.0,-0.24,0.54,1.13,9.72,0.12,6.62,3.18,0,0,0,0.0,0.0,0.0
1787615002.495465,08:43:22.495,638,67.949,28.72,1011.38,15.581,0.0,0.0,0.0,-0.23,-0.04,0.0,-0.23,0.54,1.13,9.72,0.12,6.62,3.18,0,0,0,0.0,0.0,0.0
1787615002.710705,08:43:22.710,639,68.049,28.73,1011.42,15.245,0.0,0.0,0.0,-0.23,-0.04,0.0,-0.23,0.54,1.13,9.72,0.12,6.62,3.18,0,0,0,0.0,0.0,0.0
1787615002.711014,08:43:22.711,640,68.149,28.73,1011.42,15.245,0.0,0.0,0.0,-0.23,0.0,0.0,-0.23,0.54,1.13,9.72,0.12,6.62,3.18,0,0,0,0.0,0.0,0.0
1787615002.811328,08:43:22.811,641,68.249,28.73,1011.42,15.245,0.0,0.0,0.0,-0.26,-0.03,0.0,-0.26,0.54,1.13,9.72,0.12,6.62,3.18,0,0,0,0.0,0.0,0.0
1787615002.912558,08:43:22.912,642,68.349,28.73,1011.42,15.245,0.0,0.0,0.0,-0.27,-0.03,-0.03,-0.27,0.54,1.13,9.72,0.12,6.62,3.18,0,0,0,0.0,0.0,0.0
1787615003.013002,08:43:23.013,643,68.449,28.74,1011.42,15.245,0.0,0.0,0.0,-0.25,-0.02,0.0,-0.25,0.54,1.13,9.72,0.12,6.62,3.18,0,0,0,0.0,0.0,0.0
1787615003.114473,08:43:23.114,644,68.549,28.74,1011.42,15.245,0.0,0.0,0.0,-0.26,-0.03,0.0,-0.26,0.54,1.13,9.72,0.12,6.62,3.18,0,0,0,0.0,0.0,0.0
1787615003.215024,08:43:23.215,645,68.649,28.74,1011.41,15.33,0.0,0.0,0.0,-0.26,-0.02,0.0,-0.26,0.54,1.13,9.72,0.12,6.62,3.18,0,0,0,0.0,0.0,0.0
1787615003.320567,08:43:23.320,646,68.749,28.74,1011.41,15.33,0.0,0.0,0.0,-0.23,-0.02,0.0,-0.23,0.54,1.13,9.72,0.12,6.62,3.18,0,0,0,0.0,0.0,0.0
1787615003.424207,08:43:23.424,647,68.849,28.74,1011.39,15.496,0.0,0.0,0.0,-0.26,-0.04,0.0,-0.26,0.54,1.13,9.72,0.12,6.62,3.18,0,0,0,0.0,0.0,0.0
1787615003.528264,08:43:23.528,648,68.949,28.74,1011.39,15.496,0.0,0.0,0.0,-0.26,-0.03,0.0,-0.26,0.54,1.13,9.72,0.12,6.62,3.18,0,0,0,0.0,0.0,0.0
1787615003.633276,08:43:23.633,649,69.049,28.74,1011.39,15.496,0.0,0.0,0.0,-0.24,-0.03,0.0,-0.24,0.54,1.13,9.72,0.12,6.62,3.18,0,0,0,0.0,0.0,0.0
1787615003.734582,08:43:23.734,650,69.149,28.74,1011.39,15.496,0.0,0.0,0.0,-0.27,-0.02,0.0,-0.27,0.54,1.13,9.72,0.12,6.62,3.18,0,0,0,0.0,0.0,0.0
1787615003.835254,08:43:23.835,651,69.249,28.74,1011.41,15.33,0.0,0.0,0.0,-0.25,-0.02,0.0,-0.25,0.54,1.13,9.72,0.12,6.62,3.18,0,0,0,0.0,0.0,0.0
1787615003.936163,08:43:23.936,652,69.349,28.74,1011.41,15.33,0.0,0.0,0.0,-0.26,-0.03,0.0,-0.26,0.54,1.13,9.72,0.12,6.62,3.18,0,0,0,0.0,0.0,0.0
1787615004.044144,08:43:24.044,653,69.449,28.74,1011.4,15.412,0.0,0.0,0.0,-0.26,-0.03,-0.02,-0.26,0.54,1.13,9.72,0.12,6.62,3.18,0,0,0,0.0,0.0,0.0
1787615004.145596,08:43:24.145,654,69.549,28.74,1011.4,15.412,0.0,0.0,0.0,-0.23,-0.03,0.0,-0.23,0.54,1.13,9.72,0.12,6.62,3.18,0,0,0,0.0,0.0,0.0
1787615004.246290,08:43:24.246,655,69.649,28.74,1011.43,15.164,0.0,0.0,0.0,-0.24,0.0,0.0,-0.24,0.54,1.13,9.72,0.12,6.62,3.18,0,0,0,0.0,0.0,0.0
1787615004.347792,08:43:24.347,656,69.749,28.74,1011.43,15.164,0.0,0.0,0.0,-0.27,-0.03,0.0,-0.27,0.54,1.13,9.72,0.12,6.62,3.18,0,0,0,0.0,0.0,0.0
1787615004.450138,08:43:24.450,657,69.849,28.74,1011.39,15.496,0.0,0.0,0.0,-0.24,-0.03,0.0,-0.24,0.54,1.13,9.72,0.12,6.62,3.18,0,0,0,0.0,0.0,0.0
1787615004.551563,08:43:24.551,658,69.949,28.74,1011.39,15.496,0.0,0.0,0.0,-0.25,-0.02,0.0,-0.25,0.54,1.13,9.72,0.12,6.62,3.18,0,0,0,0.0,0.0,0.0
1787615004.652258,08:43:24.652,659,70.049,28.74,1011.39,15.496,0.0,0.0,0.0,-0.25,-0.03,0.0,-0.25,0.54,1.13,9.72,0.12,6.62,3.18,0,0,0,0.0,0.0,0.0
1787615004.754772,08:43:24.754,660,70.149,28.74,1011.39,15.496,0.0,0.0,0.0,-0.26,-0.03,0.0,-0.26,0.54,1.13,9.72,0.12,6.62,3.18,0,0,0,0.0,0.0,0.0
1787615004.856056,08:43:24.856,661,70.249,28.74,1011.41,15.33,0.0,0.0,0.0,-0.25,-0.03,0.0,-0.25,0.54,1.13,9.72,0.12,6.62,3.18,0,0,0,0.0,0.0,0.0
1787615004.957065,08:43:24.957,662,70.349,28.74,1011.41,15.33,0.0,0.0,0.0,-0.23,-0.03,0.0,-0.23,0.54,1.13,9.72,0.12,6.62,3.18,0,0,0,0.0,0.0,0.0
1787615005.058043,08:43:25.058,663,70.449,28.75,1011.41,15.33,0.0,0.0,0.0,-0.27,-0.03,0.01,-0.27,0.54,1.13,9.72,0.12,6.62,3.18,0,0,0,0.0,0.0,0.0
1787615005.159455,08:43:25.159,664,70.549,28.75,1011.41,15.33,0.0,0.0,0.0,-0.27,-0.03,0.0,-0.27,0.54,1.13,9.72,0.12,6.62,3.18,0,0,0,0.0,0.0,0.0
1787615005.260453,08:43:25.260,665,70.649,28.74,1011.38,15.581,0.0,0.0,0.0,-0.29,-0.02,0.0,-0.29,0.54,1.13,9.72,0.12,6.62,3.18,0,0,0,0.0,0.0,0.0
1787615005.361693,08:43:25.361,666,70.749,28.74,1011.38,15.581,0.0,0.0,0.0,-0.25,-0.02,0.0,-0.25,0.54,1.13,9.72,0.12,6.62,3.18,0,0,0,0.0,0.0,0.0
1787615005.472684,08:43:25.472,667,70.849,28.75,1011.43,15.164,0.0,0.0,0.0,-0.24,-0.02,0.0,-0.24,0.54,1.13,9.72,0.12,6.62,3.18,0,0,0,0.0,0.0,0.0
1787615005.574294,08:43:25.574,668,70.949,28.75,1011.43,15.164,0.0,0.0,0.0,-0.25,-0.02,0.0,-0.25,0.54,1.13,9.72,0.12,6.62,3.18,0,0,0,0.0,0.0,0.0
1787615005.675198,08:43:25.675,669,71.049,28.74,1011.41,15.33,0.0,0.0,0.0,-0.26,-0.02,0.0,-0.26,0.54,1.13,9.72,0.12,6.62,3.18,0,0,0,0.0,0.0,0.0
1787615005.776472,08:43:25.776,670,71.149,28.74,1011.41,15.33,0.0,0.0,0.0,-0.26,-0.02,0.01,-0.26,0.54,1.13,9.72,0.12,6.62,3.18,0,0,0,0.0,0.0,0.0
1787615005.879001,08:43:25.879,671,71.249,28.75,1011.41,15.33,0.0,0.0,0.0,-0.25,-0.04,0.0,-0.25,0.54,1.13,9.72,0.12,6.62,3.18,0,0,0,0.0,0.0,0.0
1787615005.981110,08:43:25.981,672,71.349,28.75,1011.41,15.33,0.0,0.0,0.0,-0.28,-0.04,0.0,-0.28,0.54,1.13,9.72,0.12,6.62,3.18,0,0,0,0.0,0.0,0.0
1787615006.082972,08:43:26.082,673,71.449,28.74,1011.4,15.412,0.0,0.0,0.0,-0.25,-0.03,0.0,-0.25,0.54,1.13,9.72,0.12,6.62,3.18,0,0,0,0.0,0.0,0.0
1787615006.185296,08:43:26.185,674,71.549,28.74,1011.4,15.412,0.0,0.0,0.0,-0.24,-0.03,0.0,-0.24,0.54,1.13,9.72,0.12,6.62,3.18,0,0,0,0.0,0.0,0.0
1787615006.288056,08:43:26.288,675,71.649,28.75,1011.42,15.245,0.0,0.0,0.0,-0.24,-0.02,0.0,-0.24,0.54,1.13,9.72,0.12,6.62,3.18,0,0,0,0.0,0.0,0.0
1787615006.391249,08:43:26.391,676,71.749,28.75,1011.42,15.245,0.0,0.0,0.0,-0.25,-0.02,0.0,-0.25,0.54,1.13,9.72,0.12,6.62,3.18,0,0,0,0.0,0.0,0.0
1787615006.493605,08:43:26.493,677,71.849,28.74,1011.41,15.33,0.0,0.0,0.0,-0.24,-0.03,0.0,-0.24,0.54,1.13,9.72,0.12,6.62,3.18,0,0,0,0.0,0.0,0.0
1787615006.596202,08:43:26.596,678,71.949,28.74,1011.41,15.33,0.0,0.0,0.0,-0.25,-0.03,0.0,-0.25,0.54,1.13,9.72,0.12,6.62,3.18,0,0,0,0.0,0.0,0.0
1787615006.697863,08:43:26.697,679,72.049,28.75,1011.41,15.33,0.0,0.0,0.0,-0.24,0.0,0.0,-0.24,0.54,1.13,9.72,0.12,6.62,3.18,0,0,0,0.0,0.0,0.0
1787615006.698107,08:43:26.698,680,72.149,28.75,1011.41,15.33,0.0,0.0,0.0,-0.24,0.0,0.0,-0.24,0.54,1.13,9.72,0.12,6.62,3.18,0,0,0,0.0,0.0,0.0
1787615006.900631,08:43:26.900,681,72.249,28.74,1011.39,15.496,0.0,0.0,0.0,-0.22,-0.02,-0.03,-0.22,0.54,1.13,9.72,0.12,6.62,3.18,0,0,0,0.0,0.0,0.0
1787615007.003189,08:43:27.003,682,72.349,28.74,1011.39,15.496,0.0,0.0,0.0,-0.26,-0.04,0.0,-0.26,0.54,1.13,9.72,0.12,6.62,3.18,0,0,0,0.0,0.0,0.0
1787615007.104640,08:43:27.104,683,72.449,28.74,1011.41,15.33,0.0,0.0,0.0,-0.27,-0.02,0.0,-0.27,0.54,1.13,9.72,0.12,6.62,3.18,0,0,0,0.0,0.0,0.0
1787615007.104960,08:43:27.104,684,72.549,28.74,1011.41,15.33,0.0,0.0,0.0,-0.26,-0.02,-0.02,-0.26,0.54,1.13,9.72,0.12,6.62,3.18,0,0,0,0.0,0.0,0.0
1787615007.306356,08:43:27.306,685,72.649,28.74,1011.41,15.33,0.0,0.0,0.0,-0.24,-0.02,0.0,-0.24,0.54,1.13,9.72,0.12,6.62,3.18,0,0,0,0.0,0.0,0.0
1787615007.308219,08:43:27.308,686,72.749,28.74,1011.41,15.33,0.0,0.0,0.0,-0.25,-0.02,0.0,-0.25,0.54,1.13,9.72,0.12,6.62,3.18,0,0,0,0.0,0.0,0.0
1787615007.511331,08:43:27.511,687,72.849,28.74,1011.4,15.412,0.0,0.0,0.0,-0.27,-0.02,0.0,-0.27,0.54,1.13,9.72,0.12,6.62,3.18,0,0,0,0.0,0.0,0.0
1787615007.511743,08:43:27.511,688,72.949,28.74,1011.4,15.412,0.0,0.0,0.0,-0.26,-0.04,0.0,-0.26,0.54,1.13,9.72,0.12,6.62,3.18,0,0,0,0.0,0.0,0.0
1787615007.613125,08:43:27.613,689,73.049,28.74,1011.41,15.33,0.0,0.0,0.0,-0.23,-0.02,0.0,-0.23,0.54,1.13,9.72,0.12,6.62,3.18,0,0,0,0.0,0.0,0.0
1787615007.714846,08:43:27.714,690,73.149,28.74,1011.41,15.33,0.0,0.0,0.0,-0.27,-0.03,0.0,-0.27,0.54,1.13,9.72,0.12,6.62,3.18,0,0,0,0.0,0.0,0.0
1787615007.817624,08:43:27.817,691,73.249,28.74,1011.39,15.496,0.0,0.0,0.0,-0.25,-0.02,0.0,-0.25,0.54,1.13,9.72,0.12,6.62,3.18,0,0,0,0.0,0.0,0.0
1787615007.920365,08:43:27.920,692,73.349,28.74,1011.39,15.496,0.0,0.0,0.0,-0.24,-0.02,0.0,-0.24,0.54,1.13,9.72,0.12,6.62,3.18,0,0,0,0.0,0.0,0.0
1787615008.023598,08:43:28.023,693,73.449,28.74,1011.4,15.412,0.0,0.0,0.0,-0.25,-0.03,0.0,-0.25,0.54,1.13,9.72,0.12,6.62,3.18,0,0,0,0.0,0.0,0.0
1787615008.126221,08:43:28.126,694,73.549,28.74,1011.4,15.412,0.0,0.0,0.0,-0.26,-0.03,0.0,-0.26,0.54,1.13,9.72,0.12,6.62,3.18,0,0,0,0.0,0.0,0.0
1787615008.228829,08:43:28.228,695,73.649,28.74,1011.4,15.412,0.0,0.0,0.0,-0.25,-0.03,-0.02,-0.25,0.54,1.13,9.72,0.12,6.62,3.18,0,0,0,0.0,0.0,0.0
1787615008.331023,08:43:28.331,696,73.749,28.74,1011.4,15.412,0.0,0.0,0.0,-0.25,-0.04,0.0,-0.25,0.54,1.13,9.72,0.12,6.62,3.18,0,0,0,0.0,0.0,0.0
1787615008.432135,08:43:28.432,697,73.849,28.74,1011.4,15.412,0.0,0.0,0.0,-0.26,-0.02,0.0,-0.26,0.54,1.13,9.72,0.12,6.62,3.18,0,0,0,0.0,0.0,0.0
1787615008.533744,08:43:28.533,698,73.949,28.74,1011.4,15.412,0.0,0.0,0.0,-0.25,-0.02,0.0,-0.25,0.54,1.13,9.72,0.12,6.62,3.18,0,0,0,0.0,0.0,0.0
1787615008.635494,08:43:28.635,699,74.049,28.74,1011.37,15.663,0.0,0.0,0.0,-0.27,-0.02,0.0,-0.27,0.54,1.13,9.72,0.12,6.62,3.18,0,0,0,0.0,0.0,0.0
1787615008.738185,08:43:28.738,700,74.149,28.74,1011.37,15.663,0.0,0.0,0.0,-0.27,-0.03,-0.02,-0.27,0.54,1.13,9.72,0.12,6.62,3.18,0,0,0,0.0,0.0,0.0
1787615008.840786,08:43:28.840,701,74.249,28.75,1011.44,15.079,0.0,0.0,0.0,-0.25,0.0,-0.02,-0.25,0.54,1.13,9.72,0.12,6.62,3.18,0,0,0,0.0,0.0,0.0
1787615008.942397,08:43:28.942,702,74.349,28.75,1011.44,15.079,0.0,0.0,0.0,0.37,0.75,1.16,0.37,0.54,1.13,9.72,0.12,6.62,3.18,0,0,0,0.0,0.0,0.0
1787615009.043474,08:43:29.043,703,74.449,28.75,1011.43,15.164,0.0,0.0,0.0,-0.47,-0.24,0.64,-0.47,0.54,1.14,9.72,0.12,6.75,3.12,0,0,0,0.0,0.0,0.0
1787615009.144986,08:43:29.144,704,74.549,28.75,1011.43,15.164,0.0,0.0,0.0,-0.98,-0.2,0.18,-0.98,0.54,1.14,9.72,0.12,6.56,3.12,0,0,0,0.0,0.0,0.0
1787615009.245769,08:43:29.245,705,74.649,28.74,1011.42,15.245,0.0,0.0,0.0,-0.48,0.25,-0.96,-0.48,0.54,1.17,9.72,0.18,6.81,3.18,0,0,0,0.0,0.0,0.0
1787615009.347578,08:43:29.347,706,74.749,28.74,1011.42,15.245,0.0,0.0,0.0,-0.24,-0.19,-0.1,-0.24,0.54,1.13,9.72,0.25,6.62,3.12,0,0,0,0.0,0.0,0.0
1787615009.448406,08:43:29.448,707,74.849,28.74,1011.38,15.581,0.0,0.0,0.0,-0.45,0.62,1.1,-0.45,0.54,1.07,9.73,0.18,6.25,3.12,0,0,0,0.0,0.0,0.0
1787615009.549808,08:43:29.549,708,74.949,28.74,1011.38,15.581,0.0,0.0,0.0,-0.36,0.25,-0.73,-0.36,0.54,1.06,9.73,0.18,6.25,3.18,0,0,0,0.0,0.0,0.0
1787615009.651290,08:43:29.651,709,75.049,28.75,1011.39,15.496,0.0,0.0,0.0,0.11,-0.62,-0.1,0.11,0.54,1.07,9.73,0.18,6.25,3.12,0,0,0,0.0,0.0,0.0
1787615009.752822,08:43:29.752,710,75.149,28.75,1011.39,15.496,0.0,0.0,0.0,0.14,0.46,0.88,0.14,0.54,1.05,9.73,0.18,6.12,3.12,0,0,0,0.0,0.0,0.0
1787615009.854369,08:43:29.854,711,75.249,28.76,1011.41,15.33,0.0,0.0,0.0,-0.81,0.35,-0.14,-0.81,0.54,1.03,9.73,0.18,6.06,3.12,0,0,0,0.0,0.0,0.0
1787615009.955462,08:43:29.955,712,75.349,28.76,1011.41,15.33,0.0,0.0,0.0,-1.12,-1.14,1.19,-1.12,0.53,1.03,9.73,0.18,6.06,3.06,0,0,0,0.0,0.0,0.0
1787615010.056737,08:43:30.056,713,75.449,28.75,1011.39,15.496,0.0,0.0,0.0,0.12,0.83,-0.82,0.12,0.53,1.02,9.73,0.25,6.0,3.06,0,0,0,0.0,0.0,0.0
1787615010.157469,08:43:30.157,714,75.549,28.75,1011.39,15.496,0.0,0.0,0.0,0.36,0.72,1.83,0.36,0.52,0.98,9.74,0.25,5.75,3.06,0,0,0,0.0,0.0,0.0
1787615010.258983,08:43:30.258,715,75.649,28.75,1011.38,15.581,0.0,0.0,0.0,-0.48,0.01,-2.09,-0.48,0.52,0.97,9.74,0.18,5.68,3.0,0,0,0,0.0,0.0,0.0
1787615010.360125,08:43:30.360,716,75.749,28.75,1011.38,15.581,0.0,0.0,0.0,-1.37,0.95,-0.53,-1.37,0.52,1.02,9.73,0.18,6.0,3.06,0,0,0,0.0,0.0,0.0
1787615010.487195,08:43:30.487,717,75.849,28.76,1011.42,15.245,0.0,0.0,0.0,-0.04,-0.61,0.57,-0.04,0.52,1.05,9.73,0.18,6.18,3.06,0,0,0,0.0,0.0,0.0
1787615010.588694,08:43:30.588,718,75.949,28.76,1011.42,15.245,0.0,0.0,0.0,-0.39,-0.9,-3.77,-0.39,0.52,1.06,9.73,0.12,6.18,3.06,0,0,0,0.0,0.0,0.0
1787615010.690218,08:43:30.690,719,76.049,28.75,1011.4,15.412,0.0,0.0,0.0,-0.18,-1.18,0.76,-0.18,0.52,1.03,9.73,0.12,6.0,3.06,0,0,0,0.0,0.0,0.0
1787615010.790913,08:43:30.790,720,76.149,28.75,1011.4,15.412,0.0,0.0,0.0,-0.08,-0.4,1.77,-0.08,0.52,1.03,9.73,0.12,6.0,3.06,0,0,0,0.0,0.0,0.0
1787615010.892713,08:43:30.892,721,76.249,28.75,1011.44,15.079,0.0,0.0,0.0,-1.28,-2.38,-0.16,-1.28,0.52,1.04,9.73,0.12,6.12,3.06,0,0,0,0.0,0.0,0.0
1787615010.894704,08:43:30.894,722,76.349,28.75,1011.44,15.079,0.0,0.0,0.0,-0.36,1.27,-1.56,-0.36,0.52,1.04,9.73,0.12,6.12,3.06,0,0,0,0.0,0.0,0.0
1787615011.096822,08:43:31.096,723,76.449,28.74,1011.39,15.496,0.0,0.0,0.0,0.04,-0.42,0.18,0.04,0.53,1.03,9.73,0.12,6.0,3.06,0,0,0,0.0,0.0,0.0
1787615011.199117,08:43:31.199,724,76.549,28.74,1011.39,15.496,0.0,0.0,0.0,-0.6,-2.74,0.92,-0.6,0.53,1.01,9.73,0.12,6.0,3.06,0,0,0,0.0,0.0,0.0
1787615011.300684,08:43:31.300,725,76.649,28.75,1011.38,15.581,0.0,0.0,0.0,-0.99,1.45,-3.6,-0.99,0.52,1.01,9.73,0.12,5.93,3.06,0,0,0,0.0,0.0,0.0
1787615011.300977,08:43:31.300,726,76.749,28.75,1011.38,15.581,0.0,0.0,0.0,-0.77,2.62,1.87,-0.77,0.52,0.96,9.74,0.18,5.68,3.06,0,0,0,0.0,0.0,0.0
1787615011.502435,08:43:31.502,727,76.849,28.76,1011.39,15.496,0.0,0.0,0.0,1.51,3.36,-2.88,1.51,0.52,0.84,9.75,0.18,4.93,3.0,0,0,0,0.0,0.0,0.0
1787615011.502783,08:43:31.502,728,76.949,28.76,1011.39,15.496,0.0,0.0,0.0,-0.78,2.94,3.91,-0.78,0.51,0.68,9.76,0.25,4.0,2.93,0,0,0,0.0,0.0,0.0
1787615011.603344,08:43:31.603,729,77.049,28.76,1011.4,15.412,0.0,0.0,0.0,-1.78,-0.52,-1.06,-1.78,0.5,0.69,9.76,0.75,4.06,2.93,0,0,0,0.0,0.0,0.0
1787615011.705313,08:43:31.705,730,77.149,28.76,1011.4,15.412,0.0,0.0,0.0,0.57,1.4,-3.22,0.57,0.49,0.78,9.76,1.62,4.56,2.87,0,0,0,0.0,0.0,0.0
1787615011.908085,08:43:31.908,731,77.249,28.75,1011.37,15.663,0.0,0.0,0.0,0.05,7.4,1.75,0.05,0.5,0.8,9.76,3.18,4.68,2.93,0,0,0,0.0,0.0,0.0
1787615011.909314,08:43:31.909,732,77.349,28.75,1011.37,15.663,0.0,0.0,0.0,-1.02,1.92,0.69,-1.02,0.51,0.72,9.76,5.37,4.25,3.0,0,0,0,0.0,0.0,0.0
1787615012.011019,08:43:32.011,733,77.449,28.75,1011.41,15.33,0.0,0.0,0.0,-0.86,-1.82,-0.11,-0.86,0.55,0.68,9.76,7.93,3.93,3.18,0,0,0,0.0,0.0,0.0
1787615012.112347,08:43:32.112,734,77.549,28.75,1011.41,15.33,0.0,0.0,0.0,-0.69,0.62,-1.98,-0.69,0.58,0.66,9.76,10.37,3.87,3.37,0,0,0,0.0,0.0,0.0
1787615012.213424,08:43:32.213,735,77.649,28.73,1011.36,15.747,0.0,0.0,0.0,-0.41,3.26,-6.22,-0.41,0.62,0.65,9.76,12.25,3.81,3.62,0,0,0,0.0,0.0,0.0
1787615012.314949,08:43:32.314,736,77.749,28.73,1011.36,15.747,0.0,0.0,0.0,-0.5,-0.2,-3.25,-0.5,0.65,0.72,9.75,13.75,4.25,3.75,0,0,0,0.0,0.0,0.0
1787615012.416748,08:43:32.416,737,77.849,28.71,1011.36,15.747,0.0,0.0,0.0,-0.38,0.88,-2.83,-0.38,0.67,0.93,9.73,15.12,5.43,3.93,0,0,0,0.0,0.0,0.0
1787615012.518099,08:43:32.518,738,77.949,28.71,1011.36,15.747,0.0,0.0,0.0,-0.05,0.39,-0.98,-0.05,0.68,1.24,9.7,16.12,7.31,4.0,0,0,0,0.0,0.0,0.0
1787615012.619998,08:43:32.619,739,78.049,28.7,1011.38,15.581,0.0,0.0,0.0,0.04,3.22,-0.36,0.04,0.72,1.51,9.66,16.12,8.81,4.12,0,0,0,0.0,0.0,0.0
1787615012.721303,08:43:32.721,740,78.149,28.7,1011.38,15.581,0.0,0.0,0.0,-1.17,0.44,-0.13,-1.17,0.76,1.6,9.64,15.31,9.37,4.43,0,0,0,0.0,0.0,0.0
1787615012.822851,08:43:32.822,741,78.249,28.68,1011.39,15.496,0.0,0.0,0.0,0.22,-1.48,3.34,0.22,0.77,1.57,9.64,13.93,9.31,4.56,0,0,0,0.0,0.0,0.0
1787615012.924308,08:43:32.924,742,78.349,28.68,1011.39,15.496,0.0,0.0,0.0,0.41,2.92,6.65,0.41,0.78,1.44,9.66,12.56,8.62,4.56,0,0,0,0.0,0.0,0.0
1787615013.025783,08:43:33.025,743,78.449,28.65,1011.38,15.581,0.0,0.0,0.0,-1.26,-1.32,3.81,-1.26,0.81,1.08,9.71,11.18,6.56,4.68,0,0,0,0.0,0.0,0.0
1787615013.127151,08:43:33.127,744,78.549,28.65,1011.38,15.581,0.0,0.0,0.0,0.86,-1.46,7.09,0.86,0.77,0.68,9.75,10.37,4.25,4.56,0,0,0,0.0,0.0,0.0
1787615013.227698,08:43:33.227,745,78.649,28.64,1011.41,15.33,0.0,0.0,0.0,0.3,-0.53,6.39,0.3,0.76,0.34,9.77,10.25,2.12,4.43,0,0,0,0.0,0.0,0.0
1787615013.329383,08:43:33.329,746,78.749,28.64,1011.41,15.33,0.0,0.0,0.0,-0.04,-7.18,2.39,-0.04,0.78,0.26,9.77,10.81,1.5,4.56,0,0,0,0.0,0.0,0.0
1787615013.431911,08:43:33.431,747,78.849,28.6,1011.37,15.663,0.0,0.0,0.0,-0.84,-2.5,0.64,-0.84,0.82,0.63,9.75,12.18,3.68,4.81,0,0,0,0.0,0.0,0.0
1787615013.533365,08:43:33.533,748,78.949,28.6,1011.37,15.663,0.0,0.0,0.0,-1.49,-2.46,-1.99,-1.49,0.94,1.4,9.65,13.62,8.25,5.5,0,0,0,0.0,0.0,0.0
1787615013.635242,08:43:33.635,749,79.049,28.56,1011.38,15.581,0.0,0.0,0.0,-1.55,-8.07,-2.96,-1.55,1.15,2.48,9.41,15.18,14.75,6.75,0,0,0,0.0,0.0,0.0
1787615013.736860,08:43:33.736,750,79.149,28.56,1011.38,15.581,0.0,0.0,0.0,0.99,-1.36,-3.01,0.99,1.33,3.62,9.01,16.0,21.87,7.81,0,0,0,0.0,0.0,0.0
1787615013.838416,08:43:33.838,751,79.249,28.54,1011.36,15.747,0.0,0.0,0.0,0.64,-3.51,-3.54,0.64,1.39,4.59,8.55,16.25,28.18,8.12,0,0,0,0.0,0.0,0.0
1787615013.940210,08:43:33.940,752,79.349,28.54,1011.36,15.747,0.0,0.0,0.0,0.41,-1.52,-2.64,0.41,1.32,5.02,8.31,16.62,31.06,7.75,0,0,0,0.0,0.0,0.0
1787615014.043103,08:43:34.043,753,79.449,28.51,1011.37,15.663,0.0,0.0,0.0,-0.14,-2.98,-4.17,-0.14,1.06,4.95,8.39,18.06,30.5,6.25,0,0,0,0.0,0.0,0.0
1787615014.145380,08:43:34.145,754,79.549,28.51,1011.37,15.663,0.0,0.0,0.0,1.08,-3.7,-7.61,1.08,0.68,4.57,8.64,20.62,27.87,3.93,0,0,0,0.0,0.0,0.0
1787615014.246844,08:43:34.246,755,79.649,28.49,1011.37,15.663,0.0,0.0,0.0,0.38,-2.55,-2.68,0.38,0.81,3.83,8.99,22.75,23.06,4.75,0,0,0,0.0,0.0,0.0
1787615014.348553,08:43:34.348,756,79.749,28.49,1011.37,15.663,0.0,0.0,0.0,-1.96,-1.53,-7.73,-1.96,0.74,3.18,9.24,24.93,19.37,4.31,0,0,0,0.0,0.0,0.0
1787615014.451181,08:43:34.451,757,79.849,28.46,1011.43,15.164,0.0,0.0,0.0,0.54,0.5,-1.16,0.54,0.79,2.88,9.33,26.93,17.31,4.56,0,0,0,0.0,0.0,0.0
1787615014.551802,08:43:34.551,758,79.949,28.46,1011.43,15.164,0.0,0.0,0.0,-0.67,3.47,0.24,-0.67,0.79,2.68,9.39,28.0,16.06,4.68,0,0,0,0.0,0.0,0.0
1787615014.653306,08:43:34.653,759,80.049,28.43,1011.41,15.33,0.0,0.0,0.0,-0.13,-3.34,-6.34,-0.13,0.76,2.62,9.41,28.56,15.56,4.43,0,0,0,0.0,0.0,0.0
1787615014.754836,08:43:34.754,760,80.149,28.43,1011.41,15.33,0.0,0.0,0.0,0.44,-1.23,-3.13,0.44,0.74,2.43,9.46,28.37,14.5,4.31,0,0,0,0.0,0.0,0.0
1787615014.856256,08:43:34.856,761,80.249,28.42,1011.45,14.997,0.0,0.0,0.0,-0.84,-4.23,5.9,-0.84,0.72,2.25,9.51,27.75,13.43,4.18,0,0,0,0.0,0.0,0.0
1787615014.957535,08:43:34.957,762,80.349,28.42,1011.45,14.997,0.0,0.0,0.0,-0.5,-4.69,-0.18,-0.5,0.72,2.03,9.56,26.56,12.0,4.18,0,0,0,0.0,0.0,0.0
1787615015.058962,08:43:35.058,763,80.449,28.39,1011.41,15.33,0.0,0.0,0.0,-0.51,-3.07,-1.08,-0.51,0.71,1.7,9.63,25.18,10.0,4.18,0,0,0,0.0,0.0,0.0
1787615015.160283,08:43:35.160,764,80.549,28.39,1011.41,15.33,0.0,0.0,0.0,-0.83,-4.48,-3.01,-0.83,0.71,1.29,9.69,23.75,7.56,4.12,0,0,0,0.0,0.0,0.0
1787615015.263041,08:43:35.263,765,80.649,28.37,1011.43,15.164,0.0,0.0,0.0,-0.22,-3.43,3.8,-0.22,0.68,0.94,9.73,22.25,5.5,4.0,0,0,0,0.0,0.0,0.0
1787615015.364669,08:43:35.364,766,80.749,28.37,1011.43,15.164,0.0,0.0,0.0,-0.91,2.5,-2.86,-0.91,0.68,0.53,9.76,20.68,3.12,4.0,0,0,0,0.0,0.0,0.0
1787615015.466188,08:43:35.466,767,80.849,28.36,1011.42,15.245,0.0,0.0,0.0,0.17,1.02,1.34,0.17,0.63,0.07,9.78,19.18,0.43,3.68,0,0,0,0.0,0.0,0.0
1787615015.567555,08:43:35.567,768,80.949,28.36,1011.42,15.245,0.0,0.0,0.0,1.23,3.4,0.33,1.23,0.62,-0.06,9.78,17.56,-0.31,3.62,0,0,0,0.0,0.0,0.0
1787615015.668455,08:43:35.668,769,81.049,28.36,1011.45,14.997,0.0,0.0,0.0,1.22,0.71,-0.34,1.22,0.62,0.04,9.78,16.18,0.25,3.62,0,0,0,0.0,0.0,0.0
1787615015.770001,08:43:35.770,770,81.149,28.36,1011.45,14.997,0.0,0.0,0.0,-1.12,-1.36,-0.55,-1.12,0.62,0.08,9.78,14.87,0.5,3.62,0,0,0,0.0,0.0,0.0
1787615015.871297,08:43:35.871,771,81.249,28.34,1011.43,15.164,0.0,0.0,0.0,-0.12,3.06,-0.84,-0.12,0.62,0.11,9.78,13.56,0.62,3.62,0,0,0,0.0,0.0,0.0
1787615015.972769,08:43:35.972,772,81.349,28.34,1011.43,15.164,0.0,0.0,0.0,0.47,-2.4,-0.96,0.47,0.61,0.15,9.78,12.37,0.87,3.56,0,0,0,0.0,0.0,0.0
1787615016.074105,08:43:36.074,773,81.449,28.32,1011.37,15.663,0.0,0.0,0.0,-1.76,-0.23,-1.17,-1.76,0.61,0.15,9.78,10.93,0.81,3.56,0,0,0,0.0,0.0,0.0
1787615016.175657,08:43:36.175,774,81.549,28.32,1011.37,15.663,0.0,0.0,0.0,-1.71,2.46,-1.09,-1.71,0.6,0.17,9.78,9.37,0.93,3.56,0,0,0,0.0,0.0,0.0
1787615016.276802,08:43:36.276,775,81.649,28.32,1011.44,15.079,0.0,0.0,0.0,-1.12,-2.65,0.91,-1.12,0.63,0.14,9.78,7.56,0.87,3.62,0,0,0,0.0,0.0,0.0
1787615016.378309,08:43:36.378,776,81.749,28.32,1011.44,15.079,0.0,0.0,0.0,0.3,1.16,2.87,0.3,0.62,0.14,9.78,5.62,0.87,3.62,0,0,0,0.0,0.0,0.0
1787615016.479714,08:43:36.479,777,81.849,28.29,1011.41,15.33,0.0,0.0,0.0,-0.25,-1.94,2.23,-0.25,0.59,-0.09,9.78,3.75,-0.56,3.43,0,0,0,0.0,0.0,0.0
1787615016.581236,08:43:36.581,778,81.949,28.29,1011.41,15.33,0.0,0.0,0.0,0.97,0.8,2.38,0.97,0.56,-0.04,9.78,1.87,-0.25,3.31,0,0,0,0.0,0.0,0.0
1787615016.682721,08:43:36.682,779,82.049,28.28,1011.41,15.33,0.0,0.0,0.0,0.66,0.78,2.69,0.66,0.54,0.02,9.79,359.87,0.12,3.12,0,0,0,0.0,0.0,0.0
1787615016.784280,08:43:36.784,780,82.149,28.28,1011.41,15.33,0.0,0.0,0.0,-0.06,-1.48,1.43,-0.06,0.53,0.05,9.79,357.68,0.31,3.06,0,0,0,0.0,0.0,0.0
1787615016.885144,08:43:36.885,781,82.249,28.26,1011.44,15.079,0.0,0.0,0.0,-0.18,-2.14,0.68,-0.18,0.49,0.13,9.79,355.43,0.75,2.87,0,0,0,0.0,0.0,0.0
1787615016.986772,08:43:36.986,782,82.349,28.26,1011.44,15.079,0.0,0.0,0.0,-0.56,-2.0,3.66,-0.56,0.5,0.09,9.79,353.06,0.5,2.87,0,0,0,0.0,0.0,0.0
1787615017.089008,08:43:37.089,783,82.449,28.24,1011.47,14.831,0.0,0.0,0.0,-0.03,1.68,1.62,-0.03,0.49,0.12,9.79,350.68,0.68,2.87,0,0,0,0.0,0.0,0.0
1787615017.191339,08:43:37.191,784,82.549,28.24,1011.47,14.831,0.0,0.0,0.0,1.13,2.99,2.1,1.13,0.47,0.16,9.79,348.12,0.93,2.75,0,0,0,0.0,0.0,0.0
1787615017.293169,08:43:37.293,785,82.649,28.23,1011.46,14.912,0.0,0.0,0.0,0.96,0.64,2.95,0.96,0.45,0.21,9.79,345.68,1.18,2.62,0,0,0,0.0,0.0,0.0
1787615017.394872,08:43:37.394,786,82.749,28.23,1011.46,14.912,0.0,0.0,0.0,-0.1,0.24,4.3,-0.1,0.45,0.25,9.79,343.31,1.43,2.62,0,0,0,0.0,0.0,0.0
1787615017.495998,08:43:37.495,787,82.849,28.2,1011.43,15.164,0.0,0.0,0.0,-0.82,0.74,2.97,-0.82,0.45,0.26,9.79,340.87,1.5,2.62,0,0,0,0.0,0.0,0.0
1787615017.496264,08:43:37.496,788,82.949,28.2,1011.43,15.164,0.0,0.0,0.0,-1.26,-2.04,2.7,-1.26,0.44,0.27,9.79,338.0,1.62,2.56,0,0,0,0.0,0.0,0.0
1787615017.698847,08:43:37.698,789,83.049,28.18,1011.43,15.164,0.0,0.0,0.0,-1.53,-0.64,1.25,-1.53,0.44,0.2,9.79,335.25,1.18,2.62,0,0,0,0.0,0.0,0.0
1787615017.801033,08:43:37.801,790,83.149,28.18,1011.43,15.164,0.0,0.0,0.0,0.41,0.19,2.67,0.41,0.43,0.16,9.79,332.18,0.93,2.56,0,0,0,0.0,0.0,0.0
1787615017.904040,08:43:37.904,791,83.249,28.18,1011.46,14.912,0.0,0.0,0.0,1.23,2.98,2.1,1.23,0.41,0.15,9.79,329.5,0.87,2.43,0,0,0,0.0,0.0,0.0
1787615017.904464,08:43:37.904,792,83.349,28.18,1011.46,14.912,0.0,0.0,0.0,-0.24,3.89,3.13,-0.24,0.41,0.2,9.79,327.18,1.18,2.43,0,0,0,0.0,0.0,0.0
1787615018.005892,08:43:38.005,793,83.449,28.17,1011.46,14.912,0.0,0.0,0.0,-0.37,-0.85,0.74,-0.37,0.4,0.32,9.79,325.25,1.87,2.31,0,0,0,0.0,0.0,0.0
1787615018.107385,08:43:38.107,794,83.549,28.17,1011.46,14.912,0.0,0.0,0.0,-1.31,-1.14,-1.06,-1.31,0.37,0.41,9.79,323.43,2.37,2.18,0,0,0,0.0,0.0,0.0
1787615018.310183,08:43:38.310,795,83.649,28.16,1011.46,14.912,0.0,0.0,0.0,-1.98,-3.13,-0.38,-1.98,0.37,0.51,9.78,321.56,3.0,2.12,0,0,0,0.0,0.0,0.0
1787615018.312088,08:43:38.312,796,83.749,28.16,1011.46,14.912,0.0,0.0,0.0,-0.71,-1.05,-0.83,-0.71,0.34,0.54,9.78,319.37,3.18,2.0,0,0,0,0.0,0.0,0.0
1787615018.414216,08:43:38.414,797,83.849,28.15,1011.49,14.661,0.0,0.0,0.0,-0.09,2.19,-3.02,-0.09,0.34,0.56,9.78,317.12,3.25,2.0,0,0,0,0.0,0.0,0.0
1787615018.516565,08:43:38.516,798,83.949,28.15,1011.49,14.661,0.0,0.0,0.0,0.67,3.05,-0.38,0.67,0.32,0.51,9.78,314.68,3.0,1.87,0,0,0,0.0,0.0,0.0
1787615018.618202,08:43:38.618,799,84.049,28.13,1011.48,14.746,0.0,0.0,0.0,1.29,1.55,-0.1,1.29,0.31,0.58,9.78,312.25,3.37,1.81,0,0,0,0.0,0.0,0.0
1787615018.718926,08:43:38.718,800,84.149,28.13,1011.48,14.746,0.0,0.0,0.0,1.46,2.78,-1.2,1.46,0.31,0.6,9.78,309.81,3.5,1.81,0,0,0,0.0,0.0,0.0
1787615018.821092,08:43:38.821,801,84.249,28.11,1011.47,14.831,0.0,0.0,0.0,0.2,1.99,-3.62,0.2,0.3,0.6,9.78,307.25,3.5,1.75,0,0,0,0.0,0.0,0.0
1787615018.924302,08:43:38.924,802,84.349,28.11,1011.47,14.831,0.0,0.0,0.0,0.58,1.43,-0.52,0.58,0.32,0.66,9.77,304.68,3.81,1.87,0,0,0,0.0,0.0,0.0
1787615019.026875,08:43:39.026,803,84.449,28.1,1011.47,14.831,0.0,0.0,0.0,1.13,1.96,1.36,1.13,0.32,0.61,9.78,302.0,3.56,1.87,0,0,0,0.0,0.0,0.0
1787615019.128871,08:43:39.128,804,84.549,28.1,1011.47,14.831,0.0,0.0,0.0,0.61,2.46,-1.45,0.61,0.31,0.56,9.78,299.37,3.25,1.81,0,0,0,0.0,0.0,0.0
1787615019.230190,08:43:39.230,805,84.649,28.08,1011.46,14.912,0.0,0.0,0.0,0.35,2.68,-2.5,0.35,0.31,0.58,9.78,296.81,3.37,1.81,0,0,0,0.0,0.0,0.0
1787615019.331942,08:43:39.331,806,84.749,28.08,1011.46,14.912,0.0,0.0,0.0,-0.22,1.74,-1.11,-0.22,0.31,0.61,9.78,294.56,3.5,1.75,0,0,0,0.0,0.0,0.0
1787615019.435115,08:43:39.435,807,84.849,28.06,1011.47,14.831,0.0,0.0,0.0,0.1,1.88,-2.7,0.1,0.31,0.68,9.77,292.25,3.93,1.87,0,0,0,0.0,0.0,0.0
1787615019.536504,08:43:39.536,808,84.949,28.06,1011.47,14.831,0.0,0.0,0.0,1.5,3.65,-0.05,1.5,0.31,0.73,9.77,290.12,4.18,1.87,0,0,0,0.0,0.0,0.0
1787615019.638128,08:43:39.638,809,85.049,28.04,1011.45,14.997,0.0,0.0,0.0,1.03,2.28,-0.8,1.03,0.31,0.75,9.77,288.0,4.37,1.87,0,0,0,0.0,0.0,0.0
1787615019.740729,08:43:39.740,810,85.149,28.04,1011.45,14.997,0.0,0.0,0.0,-0.47,-1.88,-0.65,-0.47,0.31,0.75,9.77,286.0,4.37,1.81,0,0,0,0.0,0.0,0.0
1787615019.843358,08:43:39.843,811,85.249,28.03,1011.47,14.831,0.0,0.0,0.0,0.37,0.51,-1.83,0.37,0.32,0.73,9.77,283.93,4.31,1.87,0,0,0,0.0,0.0,0.0
1787615019.944761,08:43:39.944,812,85.349,28.03,1011.47,14.831,0.0,0.0,0.0,0.72,3.5,-2.86,0.72,0.32,0.73,9.77,282.0,4.25,1.87,0,0,0,0.0,0.0,0.0
1787615020.046461,08:43:40.046,813,85.449,28.01,1011.47,14.831,0.0,0.0,0.0,-0.16,0.18,-3.04,-0.16,0.33,0.79,9.76,280.18,4.62,1.93,0,0,0,0.0,0.0,0.0
1787615020.149082,08:43:40.149,814,85.549,28.01,1011.47,14.831,0.0,0.0,0.0,-0.09,-1.0,-1.76,-0.09,0.33,0.83,9.76,278.43,4.87,1.93,0,0,0,0.0,0.0,0.0
1787615020.250576,08:43:40.250,815,85.649,28.0,1011.48,14.746,0.0,0.0,0.0,-1.49,0.3,-1.88,-1.49,0.35,0.82,9.76,276.93,4.81,2.06,0,0,0,0.0,0.0,0.0
1787615020.351767,08:43:40.351,816,85.749,28.0,1011.48,14.746,0.0,0.0,0.0,-0.91,-0.97,-2.67,-0.91,0.36,0.81,9.76,275.5,4.68,2.06,0,0,0,0.0,0.0,0.0
1787615020.453391,08:43:40.453,817,85.849,27.99,1011.48,14.746,0.0,0.0,0.0,-0.68,-1.85,-0.12,-0.68,0.36,0.84,9.76,274.31,4.87,2.06,0,0,0,0.0,0.0,0.0
1787615020.554944,08:43:40.554,818,85.949,27.99,1011.48,14.746,0.0,0.0,0.0,-1.46,0.17,-0.52,-1.46,0.35,0.88,9.76,273.25,5.12,2.06,0,0,0,0.0,0.0,0.0
1787615020.656329,08:43:40.656,819,86.049,27.97,1011.46,14.912,0.0,0.0,0.0,-1.07,-0.59,-1.64,-1.07,0.36,0.89,9.75,272.25,5.18,2.12,0,0,0,0.0,0.0,0.0
1787615020.757917,08:43:40.757,820,86.149,27.97,1011.46,14.912,0.0,0.0,0.0,0.7,-0.47,-1.95,0.7,0.35,0.87,9.76,271.31,5.12,2.06,0,0,0,0.0,0.0,0.0
1787615020.858507,08:43:40.858,821,86.249,27.95,1011.47,14.831,0.0,0.0,0.0,0.27,-0.17,-1.62,0.27,0.36,0.91,9.75,270.37,5.37,2.12,0,0,0,0.0,0.0,0.0
1787615020.960211,08:43:40.960,822,86.349,27.95,1011.47,14.831,0.0,0.0,0.0,-0.47,-0.04,-2.64,-0.47,0.36,0.92,9.75,269.5,5.37,2.06,0,0,0,0.0,0.0,0.0
1787615021.062062,08:43:41.062,823,86.449,27.95,1011.48,14.746,0.0,0.0,0.0,1.13,1.68,1.33,1.13,0.34,0.79,9.76,268.87,4.68,2.0,0,0,0,0.0,0.0,0.0
1787615021.163555,08:43:41.163,824,86.549,27.95,1011.48,14.746,0.0,0.0,0.0,-0.65,4.37,-2.29,-0.65,0.35,0.74,9.77,268.12,4.31,2.0,0,0,0,0.0,0.0,0.0
1787615021.265124,08:43:41.265,825,86.649,27.9,1011.4,15.412,0.0,0.0,0.0,-0.5,2.35,-2.82,-0.5,0.35,0.72,9.77,267.43,4.25,2.0,0,0,0,0.0,0.0,0.0
1787615021.366723,08:43:41.366,826,86.749,27.9,1011.4,15.412,0.0,0.0,0.0,0.17,2.75,2.63,0.17,0.36,0.7,9.77,266.87,4.12,2.06,0,0,0,0.0,0.0,0.0
1787615021.468433,08:43:41.468,827,86.849,27.93,1011.47,14.831,0.0,0.0,0.0,-1.38,0.12,-2.8,-1.38,0.37,0.65,9.77,266.31,3.87,2.18,0,0,0,0.0,0.0,0.0
1787615021.570004,08:43:41.570,828,86.949,27.93,1011.47,14.831,0.0,0.0,0.0,-0.51,-1.97,1.08,-0.51,0.4,0.61,9.77,265.93,3.56,2.31,0,0,0,0.0,0.0,0.0
1787615021.671521,08:43:41.671,829,87.049,27.89,1011.46,14.912,0.0,0.0,0.0,0.55,7.47,-1.72,0.55,0.41,0.67,9.77,265.68,3.81,2.37,0,0,0,0.0,0.0,0.0
1787615021.772381,08:43:41.772,830,87.149,27.89,1011.46,14.912,0.0,0.0,0.0,-0.59,2.42,1.76,-0.59,0.45,0.59,9.77,265.37,3.43,2.62,0,0,0,0.0,0.0,0.0
1787615021.873890,08:43:41.873,831,87.249,27.88,1011.42,15.245,0.0,0.0,0.0,0.21,0.36,-1.61,0.21,0.47,0.47,9.78,265.06,2.75,2.68,0,0,0,0.0,0.0,0.0
1787615021.975355,08:43:41.975,832,87.349,27.88,1011.42,15.245,0.0,0.0,0.0,-0.37,2.02,-0.32,-0.37,0.47,0.32,9.78,264.62,1.87,2.75,0,0,0,0.0,0.0,0.0
1787615022.076791,08:43:42.076,833,87.449,27.85,1011.42,15.245,0.0,0.0,0.0,-0.06,0.68,-0.56,-0.06,0.49,0.25,9.79,264.0,1.43,2.87,0,0,0,0.0,0.0,0.0
1787615022.178018,08:43:42.178,834,87.549,27.85,1011.42,15.245,0.0,0.0,0.0,1.4,-2.81,1.88,1.4,0.48,0.33,9.78,263.0,1.93,2.81,0,0,0,0.0,0.0,0.0
1787615022.280085,08:43:42.280,835,87.649,27.84,1011.44,15.079,0.0,0.0,0.0,1.89,-1.5,-0.88,1.89,0.47,0.42,9.78,261.81,2.5,2.75,0,0,0,0.0,0.0,0.0
1787615022.381324,08:43:42.381,836,87.749,27.84,1011.44,15.079,0.0,0.0,0.0,0.47,1.26,-0.79,0.47,0.48,0.49,9.78,260.5,2.87,2.75,0,0,0,0.0,0.0,0.0
1787615022.483020,08:43:42.483,837,87.849,27.82,1011.43,15.164,0.0,0.0,0.0,-0.56,-1.3,-2.36,-0.56,0.47,0.49,9.78,258.87,2.87,2.75,0,0,0,0.0,0.0,0.0
1787615022.584659,08:43:42.584,838,87.949,27.82,1011.43,15.164,0.0,0.0,0.0,-0.81,-1.29,1.39,-0.81,0.51,0.33,9.78,257.25,1.93,2.93,0,0,0,0.0,0.0,0.0
1787615022.686173,08:43:42.686,839,88.049,27.81,1011.47,14.831,0.0,0.0,0.0,-0.03,-2.13,0.08,-0.03,0.5,0.02,9.79,255.5,0.12,2.93,0,0,0,0.0,0.0,0.0
1787615022.787629,08:43:42.787,840,88.149,27.81,1011.47,14.831,0.0,0.0,0.0,-0.66,0.34,3.4,-0.66,0.46,-0.38,9.78,254.18,-2.0,2.68,0,0,0,0.0,0.0,0.0
1787615022.889272,08:43:42.889,841,88.249,27.77,1011.44,15.079,0.0,0.0,0.0,-0.36,3.19,1.61,-0.36,0.5,-0.75,9.76,252.81,-4.18,2.81,0,0,0,0.0,0.0,0.0
1787615022.991048,08:43:42.991,842,88.349,27.77,1011.44,15.079,0.0,0.0,0.0,-1.01,-0.04,3.18,-1.01,0.56,-0.95,9.74,251.56,-5.5,3.25,0,0,0,0.0,0.0,0.0
1787615023.093522,08:43:43.093,843,88.449,27.75,1011.45,14.997,0.0,0.0,0.0,0.95,5.87,4.63,0.95,0.53,-0.92,9.74,250.43,-5.5,3.18,0,0,0,0.0,0.0,0.0
1787615023.195241,08:43:43.195,844,88.549,27.75,1011.45,14.997,0.0,0.0,0.0,0.81,-0.12,-2.33,0.81,0.53,-0.6,9.77,249.5,-3.68,3.0,0,0,0,0.0,0.0,0.0
1787615023.296339,08:43:43.296,845,88.649,27.73,1011.43,15.164,0.0,0.0,0.0,-1.76,-0.35,-2.45,-1.76,0.58,-0.28,9.78,248.5,-1.68,3.37,0,0,0,0.0,0.0,0.0
1787615023.397365,08:43:43.397,846,88.749,27.73,1011.43,15.164,0.0,0.0,0.0,-2.64,-0.69,1.83,-2.64,0.57,0.21,9.78,247.37,1.25,3.31,0,0,0,0.0,0.0,0.0
1787615023.498909,08:43:43.498,847,88.849,27.7,1011.45,14.997,0.0,0.0,0.0,1.93,-4.45,1.09,1.93,0.54,0.76,9.76,245.75,4.43,3.12,0,0,0,0.0,0.0,0.0
1787615023.499272,08:43:43.499,848,88.949,27.7,1011.45,14.997,0.0,0.0,0.0,1.0,-1.0,-0.02,1.0,0.6,1.03,9.73,243.93,6.06,3.5,0,0,0,0.0,0.0,0.0
1787615023.600647,08:43:43.600,849,89.049,27.67,1011.42,15.245,0.0,0.0,0.0,0.31,-1.51,-1.83,0.31,0.61,1.08,9.72,242.0,6.37,3.56,0,0,0,0.0,0.0,0.0
1787615023.803199,08:43:43.803,850,89.149,27.67,1011.42,15.245,0.0,0.0,0.0,0.39,-1.95,-0.4,0.39,0.61,0.85,9.74,240.0,5.0,3.56,0,0,0,0.0,0.0,0.0
1787615023.906081,08:43:43.906,851,89.249,27.65,1011.44,15.079,0.0,0.0,0.0,0.23,-1.84,1.29,0.23,0.63,0.44,9.77,238.31,2.56,3.68,0,0,0,0.0,0.0,0.0
1787615024.008080,08:43:44.008,852,89.349,27.65,1011.44,15.079,0.0,0.0,0.0,-0.26,-0.05,-0.94,-0.26,0.61,0.11,9.78,236.68,0.62,3.56,0,0,0,0.0,0.0,0.0
1787615024.008723,08:43:44.008,853,89.449,27.63,1011.42,15.245,0.0,0.0,0.0,-0.42,2.3,-1.37,-0.42,0.59,0.12,9.78,235.12,0.68,3.5,0,0,0,0.0,0.0,0.0
1787615024.110251,08:43:44.110,854,89.549,27.63,1011.42,15.245,0.0,0.0,0.0,0.43,-0.37,0.08,0.43,0.61,0.14,9.78,233.31,0.81,3.56,0,0,0,0.0,0.0,0.0
1787615024.211323,08:43:44.211,855,89.649,27.61,1011.42,15.245,0.0,0.0,0.0,0.05,-0.29,-0.22,0.05,0.62,0.13,9.78,231.56,0.75,3.62,0,0,0,0.0,0.0,0.0
1787615024.414098,08:43:44.414,856,89.749,27.61,1011.42,15.245,0.0,0.0,0.0,-1.56,-1.12,1.85,-1.56,0.59,0.21,9.78,229.43,1.25,3.43,0,0,0,0.0,0.0,0.0
1787615024.415946,08:43:44.415,857,89.849,27.59,1011.46,14.912,0.0,0.0,0.0,-0.42,-2.43,2.2,-0.42,0.56,0.42,9.78,227.75,2.37,3.25,0,0,0,0.0,0.0,0.0
1787615024.517754,08:43:44.517,858,89.949,27.59,1011.46,14.912,0.0,0.0,0.0,-0.03,-1.97,-0.32,-0.03,0.6,0.46,9.77,226.0,2.68,3.5,0,0,0,0.0,0.0,0.0
1787615024.619209,08:43:44.619,859,90.049,27.56,1011.44,15.079,0.0,0.0,0.0,1.24,-0.97,0.62,1.24,0.57,0.4,9.78,224.43,2.37,3.31,0,0,0,0.0,0.0,0.0
1787615024.720777,08:43:44.720,860,90.149,27.56,1011.44,15.079,0.0,0.0,0.0,-0.29,-2.88,-0.91,-0.29,0.55,0.35,9.78,223.18,2.06,3.25,0,0,0,0.0,0.0,0.0
1787615074.872195,08:44:34.872,432,47.349,27.55,1011.45,14.997,0.0,0.0,0.0,-0.27,0.0,0.05,-0.27,0.52,0.99,9.74,359.06,5.81,3.0,0,0,0,0.0,0.0,0.0
1787615074.873574,08:44:34.873,433,47.449,27.54,1011.44,15.079,0.0,0.0,0.0,-0.26,0.0,0.03,-0.26,0.52,0.99,9.74,359.06,5.81,3.0,0,0,0,0.0,0.0,0.0
1787615074.873952,08:44:34.873,435,47.649,27.54,1011.45,14.997,0.0,0.0,0.0,-0.25,0.0,0.05,-0.25,0.52,0.99,9.74,359.06,5.81,3.0,0,0,0,0.0,0.0,0.0
1787615074.975434,08:44:34.975,436,47.749,27.54,1011.45,14.997,0.0,0.0,0.0,-0.26,0.01,0.02,-0.26,0.52,0.99,9.74,359.06,5.81,3.0,0,0,0,0.0,0.0,0.0
1787615074.975923,08:44:34.975,438,47.949,27.54,1011.45,14.997,0.0,0.0,0.0,-0.25,0.0,0.04,-0.25,0.52,0.99,9.74,359.06,5.81,3.0,0,0,0,0.0,0.0,0.0
1787615074.976170,08:44:34.976,439,48.049,27.55,1011.44,15.079,0.0,0.0,0.0,-0.24,0.0,0.03,-0.24,0.52,0.99,9.74,359.06,5.81,3.0,0,0,0,0.0,0.0,0.0
1787615074.976402,08:44:34.976,441,48.249,27.54,1011.41,15.33,0.0,0.0,0.0,-0.27,0.02,0.02,-0.27,0.52,0.99,9.74,359.06,5.81,3.0,0,0,0,0.0,0.0,0.0
1787615074.976584,08:44:34.976,442,48.349,27.54,1011.41,15.33,0.0,0.0,0.0,-0.26,0.0,0.03,-0.26,0.52,0.99,9.74,359.06,5.81,3.0,0,0,0,0.0,0.0,0.0
1787615074.979631,08:44:34.979,444,48.549,27.55,1011.44,15.079,0.0,0.0,0.0,-0.27,0.01,0.04,-0.27,0.52,0.99,9.74,359.06,5.81,3.0,0,0,0,0.0,0.0,0.0
1787615074.979875,08:44:34.979,446,48.749,27.55,1011.43,15.164,0.0,0.0,0.0,-0.27,0.0,0.05,-0.27,0.52,0.99,9.74,359.06,5.81,3.0,0,0,0,0.0,0.0,0.0
1787615075.081342,08:44:35.081,447,48.849,27.56,1011.45,14.997,0.0,0.0,0.0,-0.28,0.0,0.04,-0.28,0.52,0.99,9.74,359.06,5.81,3.0,0,0,0,0.0,0.0,0.0
1787615075.082228,08:44:35.082,449,49.049,27.56,1011.43,15.164,0.0,0.0,0.0,-0.26,0.0,0.03,-0.26,0.52,0.99,9.74,359.06,5.81,3.0,0,0,0,0.0,0.0,0.0
1787615075.082539,08:44:35.082,450,49.149,27.56,1011.43,15.164,0.0,0.0,0.0,-0.27,0.0,0.05,-0.27,0.52,0.99,9.74,359.06,5.81,3.0,0,0,0,0.0,0.0,0.0
1787615075.082835,08:44:35.082,452,49.349,27.55,1011.41,15.33,0.0,0.0,0.0,-0.24,0.0,0.04,-0.24,0.52,0.99,9.74,359.06,5.81,3.0,0,0,0,0.0,0.0,0.0
1787615075.083139,08:44:35.083,453,49.449,27.57,1011.43,15.164,0.0,0.0,0.0,-0.25,0.01,0.05,-0.25,0.52,0.99,9.74,359.06,5.81,3.0,0,0,0,0.0,0.0,0.0
1787615075.083430,08:44:35.083,455,49.649,27.57,1011.44,15.079,0.0,0.0,0.0,-0.27,0.0,0.02,-0.27,0.52,0.99,9.74,359.06,5.81,3.0,0,0,0,0.0,0.0,0.0
1787615075.083723,08:44:35.083,456,49.749,27.57,1011.44,15.079,0.0,0.0,0.0,-0.25,0.0,0.05,-0.25,0.52,0.99,9.74,359.06,5.81,3.0,0,0,0,0.0,0.0,0.0
1787615075.084018,08:44:35.084,458,49.949,27.57,1011.44,15.079,0.0,0.0,0.0,-0.27,0.0,0.05,-0.27,0.52,0.99,9.74,359.06,5.81,3.0,0,0,0,0.0,0.0,0.0
1787615075.084314,08:44:35.084,459,50.049,27.57,1011.45,14.997,0.0,0.0,0.0,-0.26,0.0,0.05,-0.26,0.52,0.99,9.74,359.06,5.81,3.0,0,0,0,0.0,0.0,0.0
1787615075.084604,08:44:35.084,461,50.249,27.58,1011.45,14.997,0.0,0.0,0.0,-0.27,0.0,0.04,-0.27,0.52,0.99,9.74,359.06,5.81,3.0,0,0,0,0.0,0.0,0.0
1787615075.185693,08:44:35.185,462,50.349,27.58,1011.45,14.997,0.0,0.0,0.0,-0.24,0.0,0.03,-0.24,0.52,0.99,9.74,359.06,5.81,3.0,0,0,0,0.0,0.0,0.0
1787615075.287841,08:44:35.287,463,50.449,27.57,1011.45,14.997,0.0,0.0,0.0,-0.25,0.0,0.05,-0.25,0.52,0.99,9.74,359.06,5.81,3.0,0,0,0,0.0,0.0,0.0
1787615075.390438,08:44:35.390,464,50.549,27.57,1011.45,14.997,0.0,0.0,0.0,-0.26,0.0,0.04,-0.26,0.52,0.99,9.74,359.06,5.81,3.0,0,0,0,0.0,0.0,0.0
1787615075.493101,08:44:35.493,465,50.649,27.58,1011.44,15.079,0.0,0.0,0.0,-0.25,0.0,0.05,-0.25,0.52,0.99,9.74,359.06,5.81,3.0,0,0,0,0.0,0.0,0.0
1787615075.594771,08:44:35.594,466,50.749,27.58,1011.44,15.079,0.0,0.0,0.0,-0.26,0.0,0.02,-0.26,0.52,0.99,9.74,359.06,5.81,3.0,0,0,0,0.0,0.0,0.0
1787615075.697671,08:44:35.697,467,50.849,27.58,1011.45,14.997,0.0,0.0,0.0,-0.25,0.0,0.06,-0.25,0.52,0.99,9.74,359.06,5.81,3.0,0,0,0,0.0,0.0,0.0
1787615075.800194,08:44:35.800,468,50.949,27.58,1011.45,14.997,0.0,0.0,0.0,-0.25,0.0,0.05,-0.25,0.52,0.99,9.74,359.06,5.81,3.0,0,0,0,0.0,0.0,0.0
1787615075.903127,08:44:35.903,469,51.049,27.58,1011.46,14.912,0.0,0.0,0.0,-0.27,0.0,0.04,-0.27,0.52,0.99,9.74,359.06,5.81,3.0,0,0,0,0.0,0.0,0.0
1787615076.006348,08:44:36.006,470,51.149,27.58,1011.46,14.912,0.0,0.0,0.0,-0.27,0.0,0.05,-0.27,0.52,0.99,9.74,359.06,5.81,3.0,0,0,0,0.0,0.0,0.0
1787615076.107718,08:44:36.107,471,51.249,27.59,1011.45,14.997,0.0,0.0,0.0,-0.25,0.0,0.06,-0.25,0.52,0.99,9.74,359.06,5.81,3.0,0,0,0,0.0,0.0,0.0
1787615076.210481,08:44:36.210,472,51.349,27.59,1011.45,14.997,0.0,0.0,0.0,-0.28,0.0,0.05,-0.28,0.52,0.99,9.74,359.06,5.81,3.0,0,0,0,0.0,0.0,0.0
1787615076.313243,08:44:36.313,473,51.449,27.59,1011.47,14.831,0.0,0.0,0.0,-0.26,0.0,0.06,-0.26,0.52,0.99,9.74,359.06,5.81,3.0,0,0,0,0.0,0.0,0.0
1787615076.415515,08:44:36.415,474,51.549,27.59,1011.47,14.831,0.0,0.0,0.0,-0.26,0.01,0.06,-0.26,0.52,0.99,9.74,359.06,5.81,3.0,0,0,0,0.0,0.0,0.0
1787615076.517977,08:44:36.517,475,51.649,27.59,1011.45,14.997,0.0,0.0,0.0,-0.27,0.01,0.04,-0.27,0.52,0.99,9.74,359.06,5.81,3.0,0,0,0,0.0,0.0,0.0
1787615076.623247,08:44:36.623,476,51.749,27.59,1011.45,14.997,0.0,0.0,0.0,-0.27,0.0,0.04,-0.27,0.52,0.99,9.74,359.06,5.81,3.0,0,0,0,0.0,0.0,0.0
1787615076.724913,08:44:36.724,477,51.849,27.59,1011.43,15.164,0.0,0.0,0.0,-0.25,0.0,0.04,-0.25,0.52,0.99,9.74,359.06,5.81,3.0,0,0,0,0.0,0.0,0.0
1787615076.827735,08:44:36.827,478,51.949,27.59,1011.43,15.164,0.0,0.0,0.0,-0.25,0.01,0.05,-0.25,0.52,0.99,9.74,359.06,5.81,3.0,0,0,0,0.0,0.0,0.0
1787615076.930115,08:44:36.930,479,52.049,27.59,1011.46,14.912,0.0,0.0,0.0,-0.27,0.0,0.05,-0.27,0.52,0.99,9.74,359.06,5.81,3.0,0,0,0,0.0,0.0,0.0
1787615077.032125,08:44:37.032,480,52.149,27.59,1011.46,14.912,0.0,0.0,0.0,-0.26,0.01,0.04,-0.26,0.52,0.99,9.74,359.06,5.81,3.0,0,0,0,0.0,0.0,0.0
1787615077.133580,08:44:37.133,481,52.249,27.6,1011.43,15.164,0.0,0.0,0.0,-0.24,0.0,0.05,-0.24,0.52,0.99,9.74,359.06,5.81,3.0,0,0,0,0.0,0.0,0.0
1787615077.236259,08:44:37.236,482,52.349,27.6,1011.43,15.164,0.0,0.0,0.0,-0.25,0.0,0.05,-0.25,0.52,0.99,9.74,359.06,5.81,3.0,0,0,0,0.0,0.0,0.0
1787615077.339016,08:44:37.339,483,52.449,27.6,1011.48,14.746,0.0,0.0,0.0,-0.26,0.0,0.04,-0.26,0.52,0.99,9.74,359.06,5.81,3.0,0,0,0,0.0,0.0,0.0
1787615077.442328,08:44:37.442,484,52.549,27.6,1011.48,14.746,0.0,0.0,0.0,-0.27,0.0,0.05,-0.27,0.52,0.99,9.74,359.06,5.81,3.0,0,0,0,0.0,0.0,0.0
1787615077.544911,08:44:37.544,485,52.649,27.6,1011.46,14.912,0.0,0.0,0.0,-0.25,0.01,0.06,-0.25,0.52,0.99,9.74,359.06,5.81,3.0,0,0,0,0.0,0.0,0.0
1787615077.647546,08:44:37.647,486,52.749,27.6,1011.46,14.912,0.0,0.0,0.0,-0.28,0.0,0.04,-0.28,0.52,0.99,9.74,359.06,5.81,3.0,0,0,0,0.0,0.0,0.0
1787615077.749556,08:44:37.749,487,52.849,27.58,1011.42,15.245,0.0,0.0,0.0,-0.26,-0.02,0.04,-0.26,0.52,0.99,9.74,359.06,5.81,3.0,0,0,0,0.0,0.0,0.0
1787615077.750989,08:44:37.750,488,52.949,27.58,1011.42,15.245,0.0,0.0,0.0,-0.25,0.0,0.06,-0.25,0.52,0.99,9.74,359.06,5.81,3.0,0,0,0,0.0,0.0,0.0
1787615077.965856,08:44:37.965,489,53.049,27.6,1011.44,15.079,0.0,0.0,0.0,-0.25,0.0,0.07,-0.25,0.52,0.99,9.74,359.06,5.81,3.0,0,0,0,0.0,0.0,0.0
1787615077.966245,08:44:37.966,490,53.149,27.6,1011.44,15.079,0.0,0.0,0.0,-0.3,0.01,0.05,-0.3,0.52,0.99,9.74,359.06,5.81,3.0,0,0,0,0.0,0.0,0.0
1787615078.067737,08:44:38.067,491,53.249,27.59,1011.44,15.079,0.0,0.0,0.0,-0.29,0.0,0.05,-0.29,0.52,0.99,9.74,359.06,5.81,3.0,0,0,0,0.0,0.0,0.0
1787615078.169980,08:44:38.169,492,53.349,27.59,1011.44,15.079,0.0,0.0,0.0,-0.27,0.0,0.08,-0.27,0.52,0.99,9.74,359.06,5.81,3.0,0,0,0,0.0,0.0,0.0
1787615078.373996,08:44:38.373,493,53.449,27.6,1011.45,14.997,0.0,0.0,0.0,-0.29,0.0,0.04,-0.29,0.52,0.99,9.74,359.06,5.81,3.0,0,0,0,0.0,0.0,0.0
1787615078.375328,08:44:38.375,494,53.549,27.6,1011.45,14.997,0.0,0.0,0.0,-0.26,0.0,0.05,-0.26,0.52,0.99,9.74,359.06,5.81,3.0,0,0,0,0.0,0.0,0.0
1787615078.476765,08:44:38.476,495,53.649,27.6,1011.47,14.831,0.0,0.0,0.0,-0.25,0.0,0.04,-0.25,0.52,0.99,9.74,359.06,5.81,3.0,0,0,0,0.0,0.0,0.0
1787615078.579299,08:44:38.579,496,53.749,27.6,1011.47,14.831,0.0,0.0,0.0,-0.27,0.0,0.03,-0.27,0.52,0.99,9.74,359.06,5.81,3.0,0,0,0,0.0,0.0,0.0
1787615078.682049,08:44:38.682,497,53.849,27.6,1011.42,15.245,0.0,0.0,0.0,-0.26,0.0,0.05,-0.26,0.52,0.99,9.74,359.06,5.81,3.0,0,0,0,0.0,0.0,0.0
1787615078.784717,08:44:38.784,498,53.949,27.6,1011.42,15.245,0.0,0.0,0.0,-0.25,0.0,0.07,-0.25,0.52,0.99,9.74,359.06,5.81,3.0,0,0,0,0.0,0.0,0.0
1787615078.886597,08:44:38.886,499,54.049,27.6,1011.42,15.245,0.0,0.0,0.0,-0.29,0.01,0.05,-0.29,0.52,0.99,9.74,359.06,5.81,3.0,0,0,0,0.0,0.0,0.0
1787615078.999714,08:44:38.999,500,54.149,27.6,1011.42,15.245,0.0,0.0,0.0,-0.28,0.0,0.07,-0.28,0.52,0.99,9.74,359.06,5.81,3.0,0,0,0,0.0,0.0,0.0
1787615079.107781,08:44:39.107,501,54.249,27.61,1011.44,15.079,0.0,0.0,0.0,-0.26,0.0,0.05,-0.26,0.52,0.99,9.74,359.06,5.81,3.0,0,0,0,0.0,0.0,0.0
1787615079.209377,08:44:39.209,502,54.349,27.61,1011.44,15.079,0.0,0.0,0.0,-0.28,0.0,0.05,-0.28,0.52,0.99,9.74,359.06,5.81,3.0,0,0,0,0.0,0.0,0.0
1787615079.311664,08:44:39.311,503,54.449,27.61,1011.43,15.164,0.0,0.0,0.0,-0.27,0.01,0.05,-0.27,0.52,0.99,9.74,359.06,5.81,3.0,0,0,0,0.0,0.0,0.0
1787615079.413391,08:44:39.413,504,54.549,27.61,1011.43,15.164,0.0,0.0,0.0,-0.28,0.0,0.06,-0.28,0.52,0.99,9.74,359.06,5.81,3.0,0,0,0,0.0,0.0,0.0
1787615079.516090,08:44:39.516,505,54.649,27.61,1011.42,15.245,0.0,0.0,0.0,-0.29,0.01,0.04,-0.29,0.52,0.99,9.74,359.06,5.81,3.0,0,0,0,0.0,0.0,0.0
1787615079.618770,08:44:39.618,506,54.749,27.61,1011.42,15.245,0.0,0.0,0.0,-0.27,0.0,0.06,-0.27,0.52,0.99,9.74,359.06,5.81,3.0,0,0,0,0.0,0.0,0.0
1787615079.721439,08:44:39.721,507,54.849,27.62,1011.47,14.831,0.0,0.0,0.0,-0.27,0.0,0.05,-0.27,0.52,0.99,9.74,359.06,5.81,3.0,0,0,0,0.0,0.0,0.0
1787615079.824606,08:44:39.824,508,54.949,27.62,1011.47,14.831,0.0,0.0,0.0,-0.27,0.0,0.06,-0.27,0.52,0.99,9.74,359.06,5.81,3.0,0,0,0,0.0,0.0,0.0
1787615079.926785,08:44:39.926,509,55.049,27.61,1011.43,15.164,0.0,0.0,0.0,-0.27,0.0,0.06,-0.27,0.52,0.99,9.74,359.06,5.81,3.0,0,0,0,0.0,0.0,0.0
1787615080.029550,08:44:40.029,510,55.149,27.61,1011.43,15.164,0.0,0.0,0.0,-0.27,0.0,0.05,-0.27,0.52,0.99,9.74,359.06,5.81,3.0,0,0,0,0.0,0.0,0.0
1787615080.132627,08:44:40.132,511,55.249,27.62,1011.44,15.079,0.0,0.0,0.0,-0.25,0.0,0.03,-0.25,0.52,0.99,9.74,359.06,5.81,3.0,0,0,0,0.0,0.0,0.0
1787615080.234819,08:44:40.234,512,55.349,27.62,1011.44,15.079,0.0,0.0,0.0,-0.26,0.0,0.06,-0.26,0.52,0.99,9.74,359.06,5.81,3.0,0,0,0,0.0,0.0,0.0
1787615080.337018,08:44:40.337,513,55.449,27.62,1011.43,15.164,0.0,0.0,0.0,-0.27,0.0,0.06,-0.27,0.52,0.99,9.74,359.06,5.81,3.0,0,0,0,0.0,0.0,0.0
1787615080.439660,08:44:40.439,514,55.549,27.62,1011.43,15.164,0.0,0.0,0.0,-0.25,0.0,0.06,-0.25,0.52,0.99,9.74,359.06,5.81,3.0,0,0,0,0.0,0.0,0.0
1787615080.542221,08:44:40.542,515,55.649,27.62,1011.44,15.079,0.0,0.0,0.0,-0.29,0.0,0.06,-0.29,0.52,0.99,9.74,359.06,5.81,3.0,0,0,0,0.0,0.0,0.0
1787615080.644881,08:44:40.644,516,55.749,27.62,1011.44,15.079,0.0,0.0,0.0,-0.27,0.01,0.06,-0.27,0.52,0.99,9.74,359.06,5.81,3.0,0,0,0,0.0,0.0,0.0
1787615080.747702,08:44:40.747,517,55.849,27.62,1011.41,15.33,0.0,0.0,0.0,-0.26,0.0,0.05,-0.26,0.52,0.99,9.74,359.06,5.81,3.0,0,0,0,0.0,0.0,0.0
1787615080.749587,08:44:40.749,518,55.949,27.62,1011.41,15.33,0.0,0.0,0.0,-0.25,0.0,0.05,-0.25,0.52,0.99,9.74,359.06,5.81,3.0,0,0,0,0.0,0.0,0.0
1787615080.978684,08:44:40.978,519,56.049,27.62,1011.43,15.164,0.0,0.0,0.0,-0.24,0.0,0.04,-0.24,0.52,0.99,9.74,359.06,5.81,3.0,0,0,0,0.0,0.0,0.0
1787615080.979008,08:44:40.979,520,56.149,27.62,1011.43,15.164,0.0,0.0,0.0,-0.27,-0.02,0.05,-0.27,0.52,0.99,9.74,359.06,5.81,3.0,0,0,0,0.0,0.0,0.0
1787615081.080430,08:44:41.080,521,56.249,27.62,1011.42,15.245,0.0,0.0,0.0,-0.26,0.01,0.06,-0.26,0.52,0.99,9.74,359.06,5.81,3.0,0,0,0,0.0,0.0,0.0
1787615081.181967,08:44:41.181,522,56.349,27.62,1011.42,15.245,0.0,0.0,0.0,-0.26,0.01,0.06,-0.26,0.52,0.99,9.74,359.06,5.81,3.0,0,0,0,0.0,0.0,0.0
1787615081.283627,08:44:41.283,523,56.449,27.63,1011.43,15.164,0.0,0.0,0.0,-0.25,0.0,0.02,-0.25,0.52,0.99,9.74,359.06,5.81,3.0,0,0,0,0.0,0.0,0.0
1787615081.386316,08:44:41.386,524,56.549,27.63,1011.43,15.164,0.0,0.0,0.0,-0.27,0.0,0.04,-0.27,0.52,0.99,9.74,359.06,5.81,3.0,0,0,0,0.0,0.0,0.0
1787615081.489030,08:44:41.489,525,56.649,27.63,1011.43,15.164,0.0,0.0,0.0,-0.25,0.0,0.05,-0.25,0.52,0.99,9.74,359.06,5.81,3.0,0,0,0,0.0,0.0,0.0
1787615081.590800,08:44:41.590,526,56.749,27.63,1011.43,15.164,0.0,0.0,0.0,-0.28,0.0,0.05,-0.28,0.52,0.99,9.74,359.06,5.81,3.0,0,0,0,0.0,0.0,0.0
1787615081.693435,08:44:41.693,527,56.849,27.64,1011.46,14.912,0.0,0.0,0.0,-0.27,0.01,0.04,-0.27,0.52,0.99,9.74,359.06,5.81,3.0,0,0,0,0.0,0.0,0.0
1787615081.796155,08:44:41.796,528,56.949,27.64,1011.46,14.912,0.0,0.0,0.0,-0.28,0.0,0.04,-0.28,0.52,0.99,9.74,359.06,5.81,3.0,0,0,0,0.0,0.0,0.0
1787615081.899686,08:44:41.899,529,57.049,27.64,1011.43,15.164,0.0,0.0,0.0,-0.25,0.0,0.05,-0.25,0.52,0.99,9.74,359.06,5.81,3.0,0,0,0,0.0,0.0,0.0
1787615082.001439,08:44:42.001,530,57.149,27.64,1011.43,15.164,0.0,0.0,0.0,-0.26,0.0,0.04,-0.26,0.52,0.99,9.74,359.06,5.81,3.0,0,0,0,0.0,0.0,0.0
1787615082.103167,08:44:42.103,531,57.249,27.64,1011.44,15.079,0.0,0.0,0.0,-0.27,0.0,0.04,-0.27,0.52,0.99,9.74,359.06,5.81,3.0,0,0,0,0.0,0.0,0.0
1787615082.206095,08:44:42.206,532,57.349,27.64,1011.44,15.079,0.0,0.0,0.0,-0.24,0.0,0.05,-0.24,0.52,0.99,9.74,359.06,5.81,3.0,0,0,0,0.0,0.0,0.0
1787615082.308779,08:44:42.308,533,57.449,27.64,1011.43,15.164,0.0,0.0,0.0,-0.24,0.0,0.05,-0.24,0.52,0.99,9.74,359.06,5.81,3.0,0,0,0,0.0,0.0,0.0
1787615082.410928,08:44:42.410,534,57.549,27.64,1011.43,15.164,0.0,0.0,0.0,-0.25,0.0,0.05,-0.25,0.52,0.99,9.74,359.06,5.81,3.0,0,0,0,0.0,0.0,0.0
1787615082.512505,08:44:42.512,535,57.649,27.64,1011.42,15.245,0.0,0.0,0.0,-0.26,0.0,0.06,-0.26,0.52,0.99,9.74,359.06,5.81,3.0,0,0,0,0.0,0.0,0.0
1787615082.613362,08:44:42.613,536,57.749,27.64,1011.42,15.245,0.0,0.0,0.0,-0.25,0.0,0.05,-0.25,0.52,0.99,9.74,359.06,5.81,3.0,0,0,0,0.0,0.0,0.0
1787615082.715700,08:44:42.715,537,57.849,27.64,1011.42,15.245,0.0,0.0,0.0,-0.27,0.0,0.05,-0.27,0.52,0.99,9.74,359.06,5.81,3.0,0,0,0,0.0,0.0,0.0
1787615082.817701,08:44:42.817,538,57.949,27.64,1011.42,15.245,0.0,0.0,0.0,-0.26,0.0,0.05,-0.26,0.52,0.99,9.74,359.06,5.81,3.0,0,0,0,0.0,0.0,0.0
1787615082.919436,08:44:42.919,539,58.049,27.65,1011.47,14.831,0.0,0.0,0.0,-0.27,0.0,0.05,-0.27,0.52,0.99,9.74,359.06,5.81,3.0,0,0,0,0.0,0.0,0.0
1787615083.020979,08:44:43.020,540,58.149,27.65,1011.47,14.831,0.0,0.0,0.0,-0.25,0.0,0.03,-0.25,0.52,0.99,9.74,359.06,5.81,3.0,0,0,0,0.0,0.0,0.0
1787615083.125644,08:44:43.125,541,58.249,27.65,1011.45,14.997,0.0,0.0,0.0,-0.27,0.0,0.06,-0.27,0.52,0.99,9.74,359.06,5.81,3.0,0,0,0,0.0,0.0,0.0
1787615083.227241,08:44:43.227,542,58.349,27.65,1011.45,14.997,0.0,0.0,0.0,-0.28,0.0,0.04,-0.28,0.52,0.99,9.74,359.06,5.81,3.0,0,0,0,0.0,0.0,0.0
1787615083.328636,08:44:43.328,543,58.449,27.65,1011.45,14.997,0.0,0.0,0.0,-0.27,0.0,0.05,-0.27,0.52,0.99,9.74,359.06,5.81,3.0,0,0,0,0.0,0.0,0.0
1787615083.429943,08:44:43.429,544,58.549,27.65,1011.45,14.997,0.0,0.0,0.0,-0.26,0.01,0.05,-0.26,0.52,0.99,9.74,359.06,5.81,3.0,0,0,0,0.0,0.0,0.0
1787615083.530725,08:44:43.530,545,58.649,27.65,1011.43,15.164,0.0,0.0,0.0,-0.27,0.0,0.05,-0.27,0.52,0.99,9.74,359.06,5.81,3.0,0,0,0,0.0,0.0,0.0
1787615083.631957,08:44:43.631,546,58.749,27.65,1011.43,15.164,0.0,0.0,0.0,-0.27,0.0,0.04,-0.27,0.52,0.99,9.74,359.06,5.81,3.0,0,0,0,0.0,0.0,0.0
1787615083.732667,08:44:43.732,547,58.849,27.64,1011.44,15.079,0.0,0.0,0.0,-0.3,0.0,0.02,-0.3,0.52,0.99,9.74,359.06,5.81,3.0,0,0,0,0.0,0.0,0.0
1787615083.833842,08:44:43.833,548,58.949,27.64,1011.44,15.079,0.0,0.0,0.0,-0.23,0.0,0.1,-0.23,0.52,0.99,9.74,359.06,5.81,3.0,0,0,0,0.0,0.0,0.0
1787615083.934677,08:44:43.934,549,59.049,27.65,1011.44,15.079,0.0,0.0,0.0,-0.23,0.03,0.04,-0.23,0.52,0.99,9.74,359.06,5.81,3.0,0,0,0,0.0,0.0,0.0
1787615084.035656,08:44:44.035,550,59.149,27.65,1011.44,15.079,0.0,0.0,0.0,-0.25,0.0,0.05,-0.25,0.52,0.99,9.74,359.06,5.81,3.0,0,0,0,0.0,0.0,0.0
1787615084.137595,08:44:44.137,551,59.249,27.66,1011.42,15.245,0.0,0.0,0.0,-0.27,0.01,0.04,-0.27,0.52,0.99,9.74,359.06,5.81,3.0,0,0,0,0.0,0.0,0.0
1787615084.244644,08:44:44.244,552,59.349,27.66,1011.42,15.245,0.0,0.0,0.0,-0.25,0.0,0.05,-0.25,0.52,0.99,9.74,359.06,5.81,3.0,0,0,0,0.0,0.0,0.0
1787615084.245006,08:44:44.245,553,59.359,27.66,1011.42,15.245,0.0,0.0,0.0,-0.25,0.0,0.05,-0.25,0.52,0.99,9.74,359.06,5.81,3.0,0,0,0,0.0,0.0,0.0
1787615084.245211,08:44:44.245,554,59.369,27.66,1011.44,15.079,0.0,0.0,0.0,-0.25,0.0,0.05,-0.25,0.52,0.99,9.74,359.06,5.81,3.0,0,0,0,0.0,0.0,0.0
1787615084.245408,08:44:44.245,555,59.379,27.66,1011.44,15.079,0.0,0.0,0.0,-0.25,0.0,0.05,-0.25,0.52,0.99,9.74,359.06,5.81,3.0,0,0,0,0.0,0.0,0.0
1787615084.245602,08:44:44.245,556,59.389,27.66,1011.44,15.079,0.0,0.0,0.0,-0.25,0.0,0.05,-0.25,0.52,0.99,9.74,359.06,5.81,3.0,0,0,0,0.0,0.0,0.0
1787615084.245795,08:44:44.245,557,59.399,27.66,1011.44,15.079,0.0,0.0,0.0,-0.25,0.0,0.05,-0.25,0.52,0.99,9.74,359.06,5.81,3.0,0,0,0,0.0,0.0,0.0
1787615084.245987,08:44:44.245,558,59.409,27.66,1011.44,15.079,0.0,0.0,0.0,-0.25,0.0,0.05,-0.25,0.52,0.99,9.74,359.06,5.81,3.0,0,0,0,0.0,0.0,0.0
1787615084.246180,08:44:44.246,559,59.419,27.66,1011.44,15.079,0.0,0.0,0.0,-0.25,0.0,0.05,-0.25,0.52,0.99,9.74,359.06,5.81,3.0,0,0,0,0.0,0.0,0.0
1787615084.246368,08:44:44.246,560,59.429,27.66,1011.44,15.079,0.0,0.0,0.0,-0.25,0.0,0.05,-0.25,0.52,0.99,9.74,359.06,5.81,3.0,0,0,0,0.0,0.0,0.0
1787615084.347399,08:44:44.347,561,59.439,27.66,1011.44,15.079,0.0,0.0,0.0,-0.25,0.0,0.05,-0.25,0.52,0.99,9.74,359.06,5.81,3.0,0,0,0,0.0,0.0,0.0
1787615084.347882,08:44:44.347,562,59.449,27.66,1011.44,15.079,0.0,0.0,0.0,-0.25,0.0,0.05,-0.25,0.52,0.99,9.74,359.06,5.81,3.0,0,0,0,0.0,0.0,0.0
1787615084.348093,08:44:44.348,563,59.459,27.66,1011.44,15.079,0.0,0.0,0.0,-0.25,0.0,0.05,-0.25,0.52,0.99,9.74,359.06,5.81,3.0,0,0,0,0.0,0.0,0.0
1787615084.348299,08:44:44.348,564,59.469,27.66,1011.44,15.079,0.0,0.0,0.0,-0.25,0.0,0.05,-0.25,0.52,0.99,9.74,359.06,5.81,3.0,0,0,0,0.0,0.0,0.0
1787615084.348497,08:44:44.348,565,59.479,27.66,1011.44,15.079,0.0,0.0,0.0,-0.25,0.0,0.05,-0.25,0.52,0.99,9.74,359.06,5.81,3.0,0,0,0,0.0,0.0,0.0
1787615084.348694,08:44:44.348,566,59.489,27.66,1011.44,15.079,0.0,0.0,0.0,-0.25,0.0,0.05,-0.25,0.52,0.99,9.74,359.06,5.81,3.0,0,0,0,0.0,0.0,0.0
1787615084.348892,08:44:44.348,567,59.499,27.66,1011.44,15.079,0.0,0.0,0.0,-0.25,0.0,0.05,-0.25,0.52,0.99,9.74,359.06,5.81,3.0,0,0,0,0.0,0.0,0.0
1787615084.349098,08:44:44.349,568,59.509,27.66,1011.44,15.079,0.0,0.0,0.0,-0.25,0.0,0.05,-0.25,0.52,0.99,9.74,359.06,5.81,3.0,0,0,0,0.0,0.0,0.0
1787615084.349386,08:44:44.349,569,59.519,27.66,1011.44,15.079,0.0,0.0,0.0,-0.25,0.0,0.05,-0.25,0.52,0.99,9.74,359.06,5.81,3.0,0,0,0,0.0,0.0,0.0
1787615084.349621,08:44:44.349,570,59.529,27.66,1011.44,15.079,0.0,0.0,0.0,-0.27,0.03,0.03,-0.27,0.52,0.99,9.74,359.06,5.81,3.0,0,0,0,0.0,0.0,0.0
1787615084.349953,08:44:44.349,571,59.539,27.66,1011.44,15.079,0.0,0.0,0.0,-0.27,0.03,0.03,-0.27,0.52,0.99,9.74,359.06,5.81,3.0,0,0,0,0.0,0.0,0.0
1787615084.350166,08:44:44.350,572,59.549,27.66,1011.44,15.079,0.0,0.0,0.0,-0.27,0.03,0.03,-0.27,0.52,0.99,9.74,359.06,5.81,3.0,0,0,0,0.0,0.0,0.0
1787615084.450946,08:44:44.450,573,59.559,27.66,1011.44,15.079,0.0,0.0,0.0,-0.27,0.03,0.03,-0.27,0.52,0.99,9.74,359.06,5.81,3.0,0,0,0,0.0,0.0,0.0
1787615084.451419,08:44:44.451,574,59.569,27.66,1011.43,15.164,0.0,0.0,0.0,-0.27,0.03,0.03,-0.27,0.52,0.99,9.74,359.06,5.81,3.0,0,0,0,0.0,0.0,0.0
1787615084.451643,08:44:44.451,575,59.579,27.66,1011.43,15.164,0.0,0.0,0.0,-0.27,0.03,0.03,-0.27,0.52,0.99,9.74,359.06,5.81,3.0,0,0,0,0.0,0.0,0.0
1787615084.451851,08:44:44.451,576,59.589,27.66,1011.43,15.164,0.0,0.0,0.0,-0.27,0.03,0.03,-0.27,0.52,0.99,9.74,359.06,5.81,3.0,0,0,0,0.0,0.0,0.0
1787615084.452044,08:44:44.452,577,59.599,27.66,1011.43,15.164,0.0,0.0,0.0,-0.27,0.03,0.03,-0.27,0.52,0.99,9.74,359.06,5.81,3.0,0,0,0,0.0,0.0,0.0
1787615084.452239,08:44:44.452,578,59.609,27.66,1011.43,15.164,0.0,0.0,0.0,-0.27,0.03,0.03,-0.27,0.52,0.99,9.74,359.06,5.81,3.0,0,0,0,0.0,0.0,0.0
1787615084.452433,08:44:44.452,579,59.619,27.66,1011.43,15.164,0.0,0.0,0.0,-0.27,0.03,0.03,-0.27,0.52,0.99,9.74,359.06,5.81,3.0,0,0,0,0.0,0.0,0.0
1787615084.452628,08:44:44.452,580,59.629,27.66,1011.43,15.164,0.0,0.0,0.0,-0.3,0.0,0.08,-0.3,0.52,0.99,9.74,359.06,5.81,3.0,0,0,0,0.0,0.0,0.0
1787615084.452817,08:44:44.452,581,59.639,27.66,1011.43,15.164,0.0,0.0,0.0,-0.3,0.0,0.08,-0.3,0.52,0.99,9.74,359.06,5.81,3.0,0,0,0,0.0,0.0,0.0
1787615084.554312,08:44:44.554,582,59.649,27.66,1011.43,15.164,0.0,0.0,0.0,-0.3,0.0,0.08,-0.3,0.52,0.99,9.74,359.06,5.81,3.0,0,0,0,0.0,0.0,0.0
1787615084.555723,08:44:44.555,583,59.659,27.66,1011.43,15.164,0.0,0.0,0.0,-0.3,0.0,0.08,-0.3,0.52,0.99,9.74,359.06,5.81,3.0,0,0,0,0.0,0.0,0.0
1787615084.556389,08:44:44.556,584,59.669,27.66,1011.43,15.164,0.0,0.0,0.0,-0.3,0.0,0.08,-0.3,0.52,0.99,9.74,359.06,5.81,3.0,0,0,0,0.0,0.0,0.0
1787615084.556799,08:44:44.556,585,59.679,27.66,1011.43,15.164,0.0,0.0,0.0,-0.3,0.0,0.08,-0.3,0.52,0.99,9.74,359.06,5.81,3.0,0,0,0,0.0,0.0,0.0
1787615084.557203,08:44:44.557,586,59.689,27.66,1011.43,15.164,0.0,0.0,0.0,-0.3,0.0,0.08,-0.3,0.52,0.99,9.74,359.06,5.81,3.0,0,0,0,0.0,0.0,0.0
1787615084.557631,08:44:44.557,587,59.699,27.66,1011.43,15.164,0.0,0.0,0.0,-0.3,0.0,0.08,-0.3,0.52,0.99,9.74,359.06,5.81,3.0,0,0,0,0.0,0.0,0.0
1787615084.558028,08:44:44.558,588,59.709,27.66,1011.43,15.164,0.0,0.0,0.0,-0.3,0.0,0.08,-0.3,0.52,0.99,9.74,359.06,5.81,3.0,0,0,0,0.0,0.0,0.0
1787615084.558385,08:44:44.558,589,59.719,27.66,1011.43,15.164,0.0,0.0,0.0,-0.3,0.0,0.08,-0.3,0.52,0.99,9.74,359.06,5.81,3.0,0,0,0,0.0,0.0,0.0
1787615084.558726,08:44:44.558,590,59.729,27.66,1011.43,15.164,0.0,0.0,0.0,-0.23,0.0,0.03,-0.23,0.52,0.99,9.74,359.06,5.81,3.0,0,0,0,0.0,0.0,0.0
1787615084.559083,08:44:44.559,591,59.739,27.66,1011.43,15.164,0.0,0.0,0.0,-0.23,0.0,0.03,-0.23,0.52,0.99,9.74,359.06,5.81,3.0,0,0,0,0.0,0.0,0.0
1787615084.660761,08:44:44.660,592,59.749,27.66,1011.43,15.164,0.0,0.0,0.0,-0.23,0.0,0.03,-0.23,0.52,0.99,9.74,359.06,5.81,3.0,0,0,0,0.0,0.0,0.0
1787615084.662031,08:44:44.662,593,59.759,27.66,1011.43,15.164,0.0,0.0,0.0,-0.23,0.0,0.03,-0.23,0.52,0.99,9.74,359.06,5.81,3.0,0,0,0,0.0,0.0,0.0
1787615084.662768,08:44:44.662,594,59.769,27.66,1011.42,15.245,0.0,0.0,0.0,-0.23,0.0,0.03,-0.23,0.52,0.99,9.74,359.06,5.81,3.0,0,0,0,0.0,0.0,0.0
1787615084.663454,08:44:44.663,595,59.779,27.66,1011.42,15.245,0.0,0.0,0.0,-0.23,0.0,0.03,-0.23,0.52,0.99,9.74,359.06,5.81,3.0,0,0,0,0.0,0.0,0.0
1787615084.664008,08:44:44.664,596,59.789,27.66,1011.42,15.245,0.0,0.0,0.0,-0.23,0.0,0.03,-0.23,0.52,0.99,9.74,359.06,5.81,3.0,0,0,0,0.0,0.0,0.0
1787615084.664399,08:44:44.664,597,59.799,27.66,1011.42,15.245,0.0,0.0,0.0,-0.23,0.0,0.03,-0.23,0.52,0.99,9.74,359.06,5.81,3.0,0,0,0,0.0,0.0,0.0
1787615084.664793,08:44:44.664,598,59.809,27.66,1011.42,15.245,0.0,0.0,0.0,-0.23,0.0,0.03,-0.23,0.52,0.99,9.74,359.06,5.81,3.0,0,0,0,0.0,0.0,0.0
1787615084.665516,08:44:44.665,599,59.819,27.66,1011.42,15.245,0.0,0.0,0.0,-0.23,0.0,0.03,-0.23,0.52,0.99,9.74,359.06,5.81,3.0,0,0,0,0.0,0.0,0.0
1787615084.665925,08:44:44.665,600,59.829,27.66,1011.42,15.245,0.0,0.0,0.0,-0.24,0.0,0.06,-0.24,0.52,0.99,9.74,359.06,5.81,3.0,0,0,0,0.0,0.0,0.0
1787615084.666284,08:44:44.666,601,59.839,27.66,1011.42,15.245,0.0,0.0,0.0,-0.24,0.0,0.06,-0.24,0.52,0.99,9.74,359.06,5.81,3.0,0,0,0,0.0,0.0,0.0
1787615084.666623,08:44:44.666,602,59.849,27.66,1011.42,15.245,0.0,0.0,0.0,-0.24,0.0,0.06,-0.24,0.52,0.99,9.74,359.06,5.81,3.0,0,0,0,0.0,0.0,0.0
1787615084.666960,08:44:44.666,603,59.859,27.66,1011.42,15.245,0.0,0.0,0.0,-0.24,0.0,0.06,-0.24,0.52,0.99,9.74,359.06,5.81,3.0,0,0,0,0.0,0.0,0.0
1787615084.667295,08:44:44.667,604,59.869,27.66,1011.42,15.245,0.0,0.0,0.0,-0.24,0.0,0.06,-0.24,0.52,0.99,9.74,359.06,5.81,3.0,0,0,0,0.0,0.0,0.0
1787615084.768055,08:44:44.768,605,59.879,27.66,1011.42,15.245,0.0,0.0,0.0,-0.24,0.0,0.06,-0.24,0.52,0.99,9.74,359.06,5.81,3.0,0,0,0,0.0,0.0,0.0
1787615084.768465,08:44:44.768,606,59.889,27.66,1011.42,15.245,0.0,0.0,0.0,-0.24,0.0,0.06,-0.24,0.52,0.99,9.74,359.06,5.81,3.0,0,0,0,0.0,0.0,0.0
1787615084.768678,08:44:44.768,607,59.899,27.66,1011.42,15.245,0.0,0.0,0.0,-0.24,0.0,0.06,-0.24,0.52,0.99,9.74,359.06,5.81,3.0,0,0,0,0.0,0.0,0.0
1787615084.768877,08:44:44.768,608,59.909,27.66,1011.42,15.245,0.0,0.0,0.0,-0.24,0.0,0.06,-0.24,0.52,0.99,9.74,359.06,5.81,3.0,0,0,0,0.0,0.0,0.0
1787615084.769076,08:44:44.769,609,59.919,27.66,1011.42,15.245,0.0,0.0,0.0,-0.24,0.0,0.06,-0.24,0.52,0.99,9.74,359.06,5.81,3.0,0,0,0,0.0,0.0,0.0
1787615084.769271,08:44:44.769,610,59.929,27.66,1011.42,15.245,0.0,0.0,0.0,-0.27,0.0,-0.05,-0.27,0.52,0.99,9.74,359.06,5.81,3.0,0,0,0,0.0,0.0,0.0
1787615084.769466,08:44:44.769,611,59.939,27.66,1011.42,15.245,0.0,0.0,0.0,-0.27,0.0,-0.05,-0.27,0.52,0.99,9.74,359.06,5.81,3.0,0,0,0,0.0,0.0,0.0
1787615084.769660,08:44:44.769,612,59.949,27.66,1011.42,15.245,0.0,0.0,0.0,-0.27,0.0,-0.05,-0.27,0.52,0.99,9.74,359.06,5.81,3.0,0,0,0,0.0,0.0,0.0
1787615084.870035,08:44:44.870,613,59.959,27.66,1011.42,15.245,0.0,0.0,0.0,-0.27,0.0,-0.05,-0.27,0.52,0.99,9.74,359.06,5.81,3.0,0,0,0,0.0,0.0,0.0
1787615084.870415,08:44:44.870,614,59.969,27.67,1011.43,15.164,0.0,0.0,0.0,-0.27,0.0,-0.05,-0.27,0.52,0.99,9.74,359.06,5.81,3.0,0,0,0,0.0,0.0,0.0
1787615084.870601,08:44:44.870,615,59.979,27.67,1011.43,15.164,0.0,0.0,0.0,-0.27,0.0,-0.05,-0.27,0.52,0.99,9.74,359.06,5.81,3.0,0,0,0,0.0,0.0,0.0
1787615084.870781,08:44:44.870,616,59.989,27.67,1011.43,15.164,0.0,0.0,0.0,-0.27,0.0,-0.05,-0.27,0.52,0.99,9.74,359.06,5.81,3.0,0,0,0,0.0,0.0,0.0
1787615084.870953,08:44:44.870,617,59.999,27.67,1011.43,15.164,0.0,0.0,0.0,-0.27,0.0,-0.05,-0.27,0.52,0.99,9.74,359.06,5.81,3.0,0,0,0,0.0,0.0,0.0
1787615084.871124,08:44:44.871,618,60.009,27.67,1011.43,15.164,0.0,0.0,0.0,-0.27,0.0,-0.05,-0.27,0.52,0.99,9.74,359.06,5.81,3.0,0,0,0,0.0,0.0,0.0
1787615084.871295,08:44:44.871,619,60.019,27.67,1011.43,15.164,0.0,0.0,0.0,-0.27,0.0,-0.05,-0.27,0.52,0.99,9.74,359.06,5.81,3.0,0,0,0,0.0,0.0,0.0
1787615084.871465,08:44:44.871,620,60.029,27.67,1011.43,15.164,0.0,0.0,0.0,-0.27,0.02,0.06,-0.27,0.52,0.99,9.74,359.06,5.81,3.0,0,0,0,0.0,0.0,0.0
1787615084.871633,08:44:44.871,621,60.039,27.67,1011.43,15.164,0.0,0.0,0.0,-0.27,0.02,0.06,-0.27,0.52,0.99,9.74,359.06,5.81,3.0,0,0,0,0.0,0.0,0.0
1787615084.871802,08:44:44.871,622,60.049,27.67,1011.43,15.164,0.0,0.0,0.0,-0.27,0.02,0.06,-0.27,0.52,0.99,9.74,359.06,5.81,3.0,0,0,0,0.0,0.0,0.0
1787615084.871972,08:44:44.871,623,60.059,27.67,1011.43,15.164,0.0,0.0,0.0,-0.27,0.02,0.06,-0.27,0.52,0.99,9.74,359.06,5.81,3.0,0,0,0,0.0,0.0,0.0
1787615084.972881,08:44:44.972,624,60.069,27.67,1011.43,15.164,0.0,0.0,0.0,-0.27,0.02,0.06,-0.27,0.52,0.99,9.74,359.06,5.81,3.0,0,0,0,0.0,0.0,0.0
1787615084.973191,08:44:44.973,625,60.079,27.67,1011.43,15.164,0.0,0.0,0.0,-0.27,0.02,0.06,-0.27,0.52,0.99,9.74,359.06,5.81,3.0,0,0,0,0.0,0.0,0.0
1787615084.973375,08:44:44.973,626,60.089,27.67,1011.43,15.164,0.0,0.0,0.0,-0.27,0.02,0.06,-0.27,0.52,0.99,9.74,359.06,5.81,3.0,0,0,0,0.0,0.0,0.0
1787615084.973547,08:44:44.973,627,60.099,27.67,1011.43,15.164,0.0,0.0,0.0,-0.27,0.02,0.06,-0.27,0.52,0.99,9.74,359.06,5.81,3.0,0,0,0,0.0,0.0,0.0
1787615084.973721,08:44:44.973,628,60.109,27.67,1011.43,15.164,0.0,0.0,0.0,-0.27,0.02,0.06,-0.27,0.52,0.99,9.74,359.06,5.81,3.0,0,0,0,0.0,0.0,0.0
1787615084.973890,08:44:44.973,629,60.119,27.67,1011.43,15.164,0.0,0.0,0.0,-0.27,0.02,0.06,-0.27,0.52,0.99,9.74,359.06,5.81,3.0,0,0,0,0.0,0.0,0.0
1787615084.974059,08:44:44.974,630,60.13,27.67,1011.43,15.164,0.0,0.0,0.0,-0.28,0.02,0.06,-0.28,0.52,0.99,9.74,359.06,5.81,3.0,0,0,0,0.0,0.0,0.0
1787615084.974230,08:44:44.974,631,60.139,27.67,1011.43,15.164,0.0,0.0,0.0,-0.28,0.02,0.06,-0.28,0.52,0.99,9.74,359.06,5.81,3.0,0,0,0,0.0,0.0,0.0
1787615084.974397,08:44:44.974,632,60.149,27.67,1011.43,15.164,0.0,0.0,0.0,-0.28,0.02,0.06,-0.28,0.52,0.99,9.74,359.06,5.81,3.0,0,0,0,0.0,0.0,0.0
1787615084.974566,08:44:44.974,633,60.159,27.67,1011.43,15.164,0.0,0.0,0.0,-0.28,0.02,0.06,-0.28,0.52,0.99,9.74,359.06,5.81,3.0,0,0,0,0.0,0.0,0.0
1787615085.076064,08:44:45.076,634,60.169,27.66,1011.4,15.412,0.0,0.0,0.0,-0.28,0.02,0.06,-0.28,0.52,0.99,9.74,359.06,5.81,3.0,0,0,0,0.0,0.0,0.0
1787615085.077011,08:44:45.077,635,60.179,27.66,1011.4,15.412,0.0,0.0,0.0,-0.28,0.02,0.06,-0.28,0.52,0.99,9.74,359.06,5.81,3.0,0,0,0,0.0,0.0,0.0
1787615085.077364,08:44:45.077,636,60.189,27.66,1011.4,15.412,0.0,0.0,0.0,-0.28,0.02,0.06,-0.28,0.52,0.99,9.74,359.06,5.81,3.0,0,0,0,0.0,0.0,0.0
1787615085.077696,08:44:45.077,637,60.199,27.66,1011.4,15.412,0.0,0.0,0.0,-0.28,0.02,0.06,-0.28,0.52,0.99,9.74,359.06,5.81,3.0,0,0,0,0.0,0.0,0.0
1787615085.078421,08:44:45.078,638,60.209,27.66,1011.4,15.412,0.0,0.0,0.0,-0.28,0.02,0.06,-0.28,0.52,0.99,9.74,359.06,5.81,3.0,0,0,0,0.0,0.0,0.0
1787615085.078839,08:44:45.078,639,60.219,27.66,1011.4,15.412,0.0,0.0,0.0,-0.28,0.02,0.06,-0.28,0.52,0.99,9.74,359.06,5.81,3.0,0,0,0,0.0,0.0,0.0
1787615085.079174,08:44:45.079,640,60.229,27.66,1011.4,15.412,0.0,0.0,0.0,-0.24,-0.03,0.05,-0.24,0.52,0.99,9.74,359.06,5.81,3.0,0,0,0,0.0,0.0,0.0
1787615085.079517,08:44:45.079,641,60.239,27.66,1011.4,15.412,0.0,0.0,0.0,-0.24,-0.03,0.05,-0.24,0.52,0.99,9.74,359.06,5.81,3.0,0,0,0,0.0,0.0,0.0
1787615085.079866,08:44:45.079,642,60.249,27.66,1011.4,15.412,0.0,0.0,0.0,-0.24,-0.03,0.05,-0.24,0.52,0.99,9.74,359.06,5.81,3.0,0,0,0,0.0,0.0,0.0
1787615085.080201,08:44:45.080,643,60.259,27.66,1011.4,15.412,0.0,0.0,0.0,-0.24,-0.03,0.05,-0.24,0.52,0.99,9.74,359.06,5.81,3.0,0,0,0,0.0,0.0,0.0
1787615085.080521,08:44:45.080,644,60.269,27.66,1011.4,15.412,0.0,0.0,0.0,-0.24,-0.03,0.05,-0.24,0.52,0.99,9.74,359.06,5.81,3.0,0,0,0,0.0,0.0,0.0
1787615085.182076,08:44:45.182,645,60.279,27.66,1011.4,15.412,0.0,0.0,0.0,-0.24,-0.03,0.05,-0.24,0.52,0.99,9.74,359.06,5.81,3.0,0,0,0,0.0,0.0,0.0
1787615085.182435,08:44:45.182,646,60.289,27.66,1011.4,15.412,0.0,0.0,0.0,-0.24,-0.03,0.05,-0.24,0.52,0.99,9.74,359.06,5.81,3.0,0,0,0,0.0,0.0,0.0
1787615085.182598,08:44:45.182,647,60.299,27.66,1011.4,15.412,0.0,0.0,0.0,-0.24,-0.03,0.05,-0.24,0.52,0.99,9.74,359.06,5.81,3.0,0,0,0,0.0,0.0,0.0
1787615085.182743,08:44:45.182,648,60.309,27.66,1011.4,15.412,0.0,0.0,0.0,-0.24,-0.03,0.05,-0.24,0.52,0.99,9.74,359.06,5.81,3.0,0,0,0,0.0,0.0,0.0
1787615085.182884,08:44:45.182,649,60.319,27.66,1011.4,15.412,0.0,0.0,0.0,-0.24,-0.03,0.05,-0.24,0.52,0.99,9.74,359.06,5.81,3.0,0,0,0,0.0,0.0,0.0
1787615085.183022,08:44:45.183,650,60.329,27.66,1011.4,15.412,0.0,0.0,0.0,-0.24,-0.03,0.05,-0.24,0.52,0.99,9.74,359.06,5.81,3.0,0,0,0,0.0,0.0,0.0
1787615085.183165,08:44:45.183,651,60.339,27.66,1011.4,15.412,0.0,0.0,0.0,-0.23,-0.05,0.0,-0.23,0.52,0.99,9.74,359.06,5.81,3.0,0,0,0,0.0,0.0,0.0
1787615085.183305,08:44:45.183,652,60.349,27.66,1011.4,15.412,0.0,0.0,0.0,-0.23,-0.05,0.0,-0.23,0.52,0.99,9.74,359.06,5.81,3.0,0,0,0,0.0,0.0,0.0
1787615085.183442,08:44:45.183,653,60.359,27.66,1011.4,15.412,0.0,0.0,0.0,-0.23,-0.05,0.0,-0.23,0.52,0.99,9.74,359.06,5.81,3.0,0,0,0,0.0,0.0,0.0
1787615085.183581,08:44:45.183,654,60.369,27.67,1011.47,14.831,0.0,0.0,0.0,-0.23,-0.05,0.0,-0.23,0.52,0.99,9.74,359.06,5.81,3.0,0,0,0,0.0,0.0,0.0
1787615085.284682,08:44:45.284,655,60.379,27.67,1011.47,14.831,0.0,0.0,0.0,-0.23,-0.05,0.0,-0.23,0.52,0.99,9.74,359.06,5.81,3.0,0,0,0,0.0,0.0,0.0
1787615085.285063,08:44:45.285,656,60.389,27.67,1011.47,14.831,0.0,0.0,0.0,-0.23,-0.05,0.0,-0.23,0.52,0.99,9.74,359.06,5.81,3.0,0,0,0,0.0,0.0,0.0
1787615085.285272,08:44:45.285,657,60.399,27.67,1011.47,14.831,0.0,0.0,0.0,-0.23,-0.05,0.0,-0.23,0.52,0.99,9.74,359.06,5.81,3.0,0,0,0,0.0,0.0,0.0
1787615085.285470,08:44:45.285,658,60.409,27.67,1011.47,14.831,0.0,0.0,0.0,-0.23,-0.05,0.0,-0.23,0.52,0.99,9.74,359.06,5.81,3.0,0,0,0,0.0,0.0,0.0
1787615085.285668,08:44:45.285,659,60.419,27.67,1011.47,14.831,0.0,0.0,0.0,-0.23,-0.05,0.0,-0.23,0.52,0.99,9.74,359.06,5.81,3.0,0,0,0,0.0,0.0,0.0
1787615085.285862,08:44:45.285,660,60.43,27.67,1011.47,14.831,0.0,0.0,0.0,-0.24,0.02,0.06,-0.24,0.52,0.99,9.74,359.06,5.81,3.0,0,0,0,0.0,0.0,0.0
1787615085.286058,08:44:45.286,661,60.439,27.67,1011.47,14.831,0.0,0.0,0.0,-0.24,0.02,0.06,-0.24,0.52,0.99,9.74,359.06,5.81,3.0,0,0,0,0.0,0.0,0.0
1787615085.286251,08:44:45.286,662,60.449,27.67,1011.47,14.831,0.0,0.0,0.0,-0.24,0.02,0.06,-0.24,0.52,0.99,9.74,359.06,5.81,3.0,0,0,0,0.0,0.0,0.0
1787615085.286442,08:44:45.286,663,60.459,27.67,1011.47,14.831,0.0,0.0,0.0,-0.24,0.02,0.06,-0.24,0.52,0.99,9.74,359.06,5.81,3.0,0,0,0,0.0,0.0,0.0
1787615085.286637,08:44:45.286,664,60.469,27.67,1011.47,14.831,0.0,0.0,0.0,-0.24,0.02,0.06,-0.24,0.52,0.99,9.74,359.06,5.81,3.0,0,0,0,0.0,0.0,0.0
1787615085.286830,08:44:45.286,665,60.479,27.67,1011.47,14.831,0.0,0.0,0.0,-0.24,0.02,0.06,-0.24,0.52,0.99,9.74,359.06,5.81,3.0,0,0,0,0.0,0.0,0.0
1787615085.387860,08:44:45.387,666,60.489,27.67,1011.47,14.831,0.0,0.0,0.0,-0.24,0.02,0.06,-0.24,0.52,0.99,9.74,359.06,5.81,3.0,0,0,0,0.0,0.0,0.0
1787615085.388256,08:44:45.388,667,60.499,27.67,1011.47,14.831,0.0,0.0,0.0,-0.24,0.02,0.06,-0.24,0.52,0.99,9.74,359.06,5.81,3.0,0,0,0,0.0,0.0,0.0
1787615085.388496,08:44:45.388,668,60.509,27.67,1011.47,14.831,0.0,0.0,0.0,-0.24,0.02,0.06,-0.24,0.52,0.99,9.74,359.06,5.81,3.0,0,0,0,0.0,0.0,0.0
1787615085.388723,08:44:45.388,669,60.519,27.67,1011.47,14.831,0.0,0.0,0.0,-0.24,0.02,0.06,-0.24,0.52,0.99,9.74,359.06,5.81,3.0,0,0,0,0.0,0.0,0.0
1787615085.388946,08:44:45.388,670,60.529,27.67,1011.47,14.831,0.0,0.0,0.0,-0.27,0.0,0.01,-0.27,0.52,0.99,9.74,359.06,5.81,3.0,0,0,0,0.0,0.0,0.0
1787615085.389167,08:44:45.389,671,60.539,27.67,1011.47,14.831,0.0,0.0,0.0,-0.27,0.0,0.01,-0.27,0.52,0.99,9.74,359.06,5.81,3.0,0,0,0,0.0,0.0,0.0
1787615085.389387,08:44:45.389,672,60.549,27.67,1011.47,14.831,0.0,0.0,0.0,-0.27,0.0,0.01,-0.27,0.52,0.99,9.74,359.06,5.81,3.0,0,0,0,0.0,0.0,0.0
1787615085.389624,08:44:45.389,673,60.559,27.67,1011.47,14.831,0.0,0.0,0.0,-0.27,0.0,0.01,-0.27,0.52,0.99,9.74,359.06,5.81,3.0,0,0,0,0.0,0.0,0.0
1787615085.389846,08:44:45.389,674,60.569,27.67,1011.44,15.079,0.0,0.0,0.0,-0.27,0.0,0.01,-0.27,0.52,0.99,9.74,359.06,5.81,3.0,0,0,0,0.0,0.0,0.0
1787615085.491206,08:44:45.491,675,60.579,27.67,1011.44,15.079,0.0,0.0,0.0,-0.27,0.0,0.01,-0.27,0.52,0.99,9.74,359.06,5.81,3.0,0,0,0,0.0,0.0,0.0
1787615085.492622,08:44:45.492,676,60.589,27.67,1011.44,15.079,0.0,0.0,0.0,-0.27,0.0,0.01,-0.27,0.52,0.99,9.74,359.06,5.81,3.0,0,0,0,0.0,0.0,0.0
1787615085.493228,08:44:45.493,677,60.599,27.67,1011.44,15.079,0.0,0.0,0.0,-0.27,0.0,0.01,-0.27,0.52,0.99,9.74,359.06,5.81,3.0,0,0,0,0.0,0.0,0.0
1787615085.493664,08:44:45.493,678,60.609,27.67,1011.44,15.079,0.0,0.0,0.0,-0.27,0.0,0.01,-0.27,0.52,0.99,9.74,359.06,5.81,3.0,0,0,0,0.0,0.0,0.0
1787615085.494069,08:44:45.494,679,60.619,27.67,1011.44,15.079,0.0,0.0,0.0,-0.27,0.0,0.01,-0.27,0.52,0.99,9.74,359.06,5.81,3.0,0,0,0,0.0,0.0,0.0
1787615085.494468,08:44:45.494,680,60.629,27.67,1011.44,15.079,0.0,0.0,0.0,-0.27,0.0,0.05,-0.27,0.52,0.99,9.74,359.06,5.81,3.0,0,0,0,0.0,0.0,0.0
1787615085.494865,08:44:45.494,681,60.639,27.67,1011.44,15.079,0.0,0.0,0.0,-0.27,0.0,0.05,-0.27,0.52,0.99,9.74,359.06,5.81,3.0,0,0,0,0.0,0.0,0.0
1787615085.495234,08:44:45.495,682,60.649,27.67,1011.44,15.079,0.0,0.0,0.0,-0.27,0.0,0.05,-0.27,0.52,0.99,9.74,359.06,5.81,3.0,0,0,0,0.0,0.0,0.0
1787615085.495575,08:44:45.495,683,60.659,27.67,1011.44,15.079,0.0,0.0,0.0,-0.27,0.0,0.05,-0.27,0.52,0.99,9.74,359.06,5.81,3.0,0,0,0,0.0,0.0,0.0
1787615085.496051,08:44:45.496,684,60.669,27.67,1011.44,15.079,0.0,0.0,0.0,-0.27,0.0,0.05,-0.27,0.52,0.99,9.74,359.06,5.81,3.0,0,0,0,0.0,0.0,0.0
1787615085.496405,08:44:45.496,685,60.679,27.67,1011.44,15.079,0.0,0.0,0.0,-0.27,0.0,0.05,-0.27,0.52,0.99,9.74,359.06,5.81,3.0,0,0,0,0.0,0.0,0.0
1787615085.597345,08:44:45.597,686,60.689,27.67,1011.44,15.079,0.0,0.0,0.0,-0.27,0.0,0.05,-0.27,0.52,0.99,9.74,359.06,5.81,3.0,0,0,0,0.0,0.0,0.0
1787615085.598713,08:44:45.598,687,60.699,27.67,1011.44,15.079,0.0,0.0,0.0,-0.27,0.0,0.05,-0.27,0.52,0.99,9.74,359.06,5.81,3.0,0,0,0,0.0,0.0,0.0
1787615085.599411,08:44:45.599,688,60.709,27.67,1011.44,15.079,0.0,0.0,0.0,-0.27,0.0,0.05,-0.27,0.52,0.99,9.74,359.06,5.81,3.0,0,0,0,0.0,0.0,0.0
1787615085.600082,08:44:45.600,689,60.719,27.67,1011.44,15.079,0.0,0.0,0.0,-0.27,0.0,0.05,-0.27,0.52,0.99,9.74,359.06,5.81,3.0,0,0,0,0.0,0.0,0.0
1787615085.600744,08:44:45.600,690,60.729,27.67,1011.44,15.079,0.0,0.0,0.0,-0.24,0.0,0.14,-0.24,0.52,0.99,9.74,359.06,5.81,3.0,0,0,0,0.0,0.0,0.0
1787615085.601414,08:44:45.601,691,60.739,27.67,1011.44,15.079,0.0,0.0,0.0,-0.24,0.0,0.14,-0.24,0.52,0.99,9.74,359.06,5.81,3.0,0,0,0,0.0,0.0,0.0
1787615085.602062,08:44:45.602,692,60.749,27.67,1011.44,15.079,0.0,0.0,0.0,-0.24,0.0,0.14,-0.24,0.52,0.99,9.74,359.06,5.81,3.0,0,0,0,0.0,0.0,0.0
1787615085.602434,08:44:45.602,693,60.759,27.67,1011.44,15.079,0.0,0.0,0.0,-0.24,0.0,0.14,-0.24,0.52,0.99,9.74,359.06,5.81,3.0,0,0,0,0.0,0.0,0.0
1787615085.602700,08:44:45.602,694,60.769,27.66,1011.41,15.33,0.0,0.0,0.0,-0.24,0.0,0.14,-0.24,0.52,0.99,9.74,359.06,5.81,3.0,0,0,0,0.0,0.0,0.0
1787615085.602950,08:44:45.602,695,60.779,27.66,1011.41,15.33,0.0,0.0,0.0,-0.24,0.0,0.14,-0.24,0.52,0.99,9.74,359.06,5.81,3.0,0,0,0,0.0,0.0,0.0
1787615085.603208,08:44:45.603,696,60.789,27.66,1011.41,15.33,0.0,0.0,0.0,-0.24,0.0,0.14,-0.24,0.52,0.99,9.74,359.06,5.81,3.0,0,0,0,0.0,0.0,0.0
1787615085.704778,08:44:45.704,697,60.799,27.66,1011.41,15.33,0.0,0.0,0.0,-0.24,0.0,0.14,-0.24,0.52,0.99,9.74,359.06,5.81,3.0,0,0,0,0.0,0.0,0.0
1787615085.706209,08:44:45.706,698,60.809,27.66,1011.41,15.33,0.0,0.0,0.0,-0.24,0.0,0.14,-0.24,0.52,0.99,9.74,359.06,5.81,3.0,0,0,0,0.0,0.0,0.0
1787615085.706789,08:44:45.706,699,60.819,27.66,1011.41,15.33,0.0,0.0,0.0,-0.24,0.0,0.14,-0.24,0.52,0.99,9.74,359.06,5.81,3.0,0,0,0,0.0,0.0,0.0
1787615085.707204,08:44:45.707,700,60.829,27.66,1011.41,15.33,0.0,0.0,0.0,-0.27,0.0,0.0,-0.27,0.52,0.99,9.74,359.06,5.81,3.0,0,0,0,0.0,0.0,0.0
1787615085.707602,08:44:45.707,701,60.839,27.66,1011.41,15.33,0.0,0.0,0.0,-0.27,0.0,0.0,-0.27,0.52,0.99,9.74,359.06,5.81,3.0,0,0,0,0.0,0.0,0.0
1787615085.707993,08:44:45.707,702,60.849,27.66,1011.41,15.33,0.0,0.0,0.0,-0.27,0.0,0.0,-0.27,0.52,0.99,9.74,359.06,5.81,3.0,0,0,0,0.0,0.0,0.0
1787615085.708402,08:44:45.708,703,60.859,27.66,1011.41,15.33,0.0,0.0,0.0,-0.27,0.0,0.0,-0.27,0.52,0.99,9.74,359.06,5.81,3.0,0,0,0,0.0,0.0,0.0
1787615085.708756,08:44:45.708,704,60.869,27.66,1011.41,15.33,0.0,0.0,0.0,-0.27,0.0,0.0,-0.27,0.52,0.99,9.74,359.06,5.81,3.0,0,0,0,0.0,0.0,0.0
1787615085.709092,08:44:45.709,705,60.879,27.66,1011.41,15.33,0.0,0.0,0.0,-0.27,0.0,0.0,-0.27,0.52,0.99,9.74,359.06,5.81,3.0,0,0,0,0.0,0.0,0.0
1787615085.709467,08:44:45.709,706,60.889,27.66,1011.41,15.33,0.0,0.0,0.0,-0.27,0.0,0.0,-0.27,0.52,0.99,9.74,359.06,5.81,3.0,0,0,0,0.0,0.0,0.0
1787615085.709821,08:44:45.709,707,60.899,27.66,1011.41,15.33,0.0,0.0,0.0,-0.27,0.0,0.0,-0.27,0.52,0.99,9.74,359.06,5.81,3.0,0,0,0,0.0,0.0,0.0
1787615085.811464,08:44:45.811,708,60.909,27.66,1011.41,15.33,0.0,0.0,0.0,-0.27,0.0,0.0,-0.27,0.52,0.99,9.74,359.06,5.81,3.0,0,0,0,0.0,0.0,0.0
1787615085.812789,08:44:45.812,709,60.919,27.66,1011.41,15.33,0.0,0.0,0.0,-0.27,0.0,0.0,-0.27,0.52,0.99,9.74,359.06,5.81,3.0,0,0,0,0.0,0.0,0.0
1787615085.813478,08:44:45.813,710,60.929,27.66,1011.41,15.33,0.0,0.0,0.0,-0.27,0.01,0.03,-0.27,0.52,0.99,9.74,359.06,5.81,3.0,0,0,0,0.0,0.0,0.0
1787615085.814137,08:44:45.814,711,60.939,27.66,1011.41,15.33,0.0,0.0,0.0,-0.27,0.01,0.03,-0.27,0.52,0.99,9.74,359.06,5.81,3.0,0,0,0,0.0,0.0,0.0
1787615085.814785,08:44:45.814,712,60.949,27.66,1011.41,15.33,0.0,0.0,0.0,-0.27,0.01,0.03,-0.27,0.52,0.99,9.74,359.06,5.81,3.0,0,0,0,0.0,0.0,0.0
1787615085.815455,08:44:45.815,713,60.959,27.66,1011.41,15.33,0.0,0.0,0.0,-0.27,0.01,0.03,-0.27,0.52,0.99,9.74,359.06,5.81,3.0,0,0,0,0.0,0.0,0.0
1787615085.816112,08:44:45.816,714,60.969,27.69,1011.45,14.997,0.0,0.0,0.0,-0.27,0.01,0.03,-0.27,0.52,0.99,9.74,359.06,5.81,3.0,0,0,0,0.0,0.0,0.0
1787615085.816773,08:44:45.816,715,60.979,27.69,1011.45,14.997,0.0,0.0,0.0,-0.27,0.01,0.03,-0.27,0.52,0.99,9.74,359.06,5.81,3.0,0,0,0,0.0,0.0,0.0
1787615085.817431,08:44:45.817,716,60.989,27.69,1011.45,14.997,0.0,0.0,0.0,-0.27,0.01,0.03,-0.27,0.52,0.99,9.74,359.06,5.81,3.0,0,0,0,0.0,0.0,0.0
1787615085.817852,08:44:45.817,717,60.999,27.69,1011.45,14.997,0.0,0.0,0.0,-0.27,0.01,0.03,-0.27,0.52,0.99,9.74,359.06,5.81,3.0,0,0,0,0.0,0.0,0.0
1787615085.818177,08:44:45.818,718,61.009,27.69,1011.45,14.997,0.0,0.0,0.0,-0.27,0.01,0.03,-0.27,0.52,0.99,9.74,359.06,5.81,3.0,0,0,0,0.0,0.0,0.0
1787615085.919751,08:44:45.919,719,61.019,27.69,1011.45,14.997,0.0,0.0,0.0,-0.27,0.01,0.03,-0.27,0.52,0.99,9.74,359.06,5.81,3.0,0,0,0,0.0,0.0,0.0
1787615085.920155,08:44:45.920,720,61.029,27.69,1011.45,14.997,0.0,0.0,0.0,-0.3,0.04,0.05,-0.3,0.52,0.99,9.74,359.06,5.81,3.0,0,0,0,0.0,0.0,0.0
1787615085.920370,08:44:45.920,721,61.039,27.69,1011.45,14.997,0.0,0.0,0.0,-0.3,0.04,0.05,-0.3,0.52,0.99,9.74,359.06,5.81,3.0,0,0,0,0.0,0.0,0.0
1787615085.920569,08:44:45.920,722,61.049,27.69,1011.45,14.997,0.0,0.0,0.0,-0.3,0.04,0.05,-0.3,0.52,0.99,9.74,359.06,5.81,3.0,0,0,0,0.0,0.0,0.0
1787615085.920763,08:44:45.920,723,61.059,27.69,1011.45,14.997,0.0,0.0,0.0,-0.3,0.04,0.05,-0.3,0.52,0.99,9.74,359.06,5.81,3.0,0,0,0,0.0,0.0,0.0
1787615085.920956,08:44:45.920,724,61.069,27.69,1011.45,14.997,0.0,0.0,0.0,-0.3,0.04,0.05,-0.3,0.52,0.99,9.74,359.06,5.81,3.0,0,0,0,0.0,0.0,0.0
1787615085.921146,08:44:45.921,725,61.079,27.69,1011.45,14.997,0.0,0.0,0.0,-0.3,0.04,0.05,-0.3,0.52,0.99,9.74,359.06,5.81,3.0,0,0,0,0.0,0.0,0.0
1787615085.921336,08:44:45.921,726,61.089,27.69,1011.45,14.997,0.0,0.0,0.0,-0.3,0.04,0.05,-0.3,0.52,0.99,9.74,359.06,5.81,3.0,0,0,0,0.0,0.0,0.0
1787615085.921525,08:44:45.921,727,61.099,27.69,1011.45,14.997,0.0,0.0,0.0,-0.3,0.04,0.05,-0.3,0.52,0.99,9.74,359.06,5.81,3.0,0,0,0,0.0,0.0,0.0
1787615085.921693,08:44:45.921,728,61.109,27.69,1011.45,14.997,0.0,0.0,0.0,-0.3,0.04,0.05,-0.3,0.52,0.99,9.74,359.06,5.81,3.0,0,0,0,0.0,0.0,0.0
1787615086.023126,08:44:46.023,729,61.119,27.69,1011.45,14.997,0.0,0.0,0.0,-0.3,0.04,0.05,-0.3,0.52,0.99,9.74,359.06,5.81,3.0,0,0,0,0.0,0.0,0.0
1787615086.023477,08:44:46.023,730,61.129,27.69,1011.45,14.997,0.0,0.0,0.0,-0.26,0.0,0.03,-0.26,0.52,0.99,9.74,359.06,5.81,3.0,0,0,0,0.0,0.0,0.0
1787615086.023664,08:44:46.023,731,61.139,27.69,1011.45,14.997,0.0,0.0,0.0,-0.26,0.0,0.03,-0.26,0.52,0.99,9.74,359.06,5.81,3.0,0,0,0,0.0,0.0,0.0
1787615086.023839,08:44:46.023,732,61.149,27.69,1011.45,14.997,0.0,0.0,0.0,-0.26,0.0,0.03,-0.26,0.52,0.99,9.74,359.06,5.81,3.0,0,0,0,0.0,0.0,0.0
1787615086.024009,08:44:46.024,733,61.159,27.69,1011.45,14.997,0.0,0.0,0.0,-0.26,0.0,0.03,-0.26,0.52,0.99,9.74,359.06,5.81,3.0,0,0,0,0.0,0.0,0.0
1787615086.024233,08:44:46.024,734,61.169,27.7,1011.46,14.912,0.0,0.0,0.0,-0.26,0.0,0.03,-0.26,0.52,0.99,9.74,359.06,5.81,3.0,0,0,0,0.0,0.0,0.0
1787615086.024403,08:44:46.024,735,61.179,27.7,1011.46,14.912,0.0,0.0,0.0,-0.26,0.0,0.03,-0.26,0.52,0.99,9.74,359.06,5.81,3.0,0,0,0,0.0,0.0,0.0
1787615086.024569,08:44:46.024,736,61.189,27.7,1011.46,14.912,0.0,0.0,0.0,-0.26,0.0,0.03,-0.26,0.52,0.99,9.74,359.06,5.81,3.0,0,0,0,0.0,0.0,0.0
1787615086.024735,08:44:46.024,737,61.199,27.7,1011.46,14.912,0.0,0.0,0.0,-0.26,0.0,0.03,-0.26,0.52,0.99,9.74,359.06,5.81,3.0,0,0,0,0.0,0.0,0.0
1787615086.126163,08:44:46.126,738,61.209,27.7,1011.46,14.912,0.0,0.0,0.0,-0.26,0.0,0.03,-0.26,0.52,0.99,9.74,359.06,5.81,3.0,0,0,0,0.0,0.0,0.0
1787615086.126980,08:44:46.126,739,61.219,27.7,1011.46,14.912,0.0,0.0,0.0,-0.26,0.0,0.03,-0.26,0.52,0.99,9.74,359.06,5.81,3.0,0,0,0,0.0,0.0,0.0
1787615086.127324,08:44:46.127,740,61.229,27.7,1011.46,14.912,0.0,0.0,0.0,-0.29,0.0,0.03,-0.29,0.52,0.99,9.74,359.06,5.81,3.0,0,0,0,0.0,0.0,0.0
1787615086.127671,08:44:46.127,741,61.239,27.7,1011.46,14.912,0.0,0.0,0.0,-0.29,0.0,0.03,-0.29,0.52,0.99,9.74,359.06,5.81,3.0,0,0,0,0.0,0.0,0.0
1787615086.128313,08:44:46.128,742,61.249,27.7,1011.46,14.912,0.0,0.0,0.0,-0.29,0.0,0.03,-0.29,0.52,0.99,9.74,359.06,5.81,3.0,0,0,0,0.0,0.0,0.0
1787615086.128699,08:44:46.128,743,61.259,27.7,1011.46,14.912,0.0,0.0,0.0,-0.29,0.0,0.03,-0.29,0.52,0.99,9.74,359.06,5.81,3.0,0,0,0,0.0,0.0,0.0
1787615086.129048,08:44:46.129,744,61.269,27.7,1011.46,14.912,0.0,0.0,0.0,-0.29,0.0,0.03,-0.29,0.52,0.99,9.74,359.06,5.81,3.0,0,0,0,0.0,0.0,0.0
1787615086.129392,08:44:46.129,745,61.279,27.7,1011.46,14.912,0.0,0.0,0.0,-0.29,0.0,0.03,-0.29,0.52,0.99,9.74,359.06,5.81,3.0,0,0,0,0.0,0.0,0.0
1787615086.129726,08:44:46.129,746,61.289,27.7,1011.46,14.912,0.0,0.0,0.0,-0.29,0.0,0.03,-0.29,0.52,0.99,9.74,359.06,5.81,3.0,0,0,0,0.0,0.0,0.0
1787615086.130055,08:44:46.130,747,61.299,27.7,1011.46,14.912,0.0,0.0,0.0,-0.29,0.0,0.03,-0.29,0.52,0.99,9.74,359.06,5.81,3.0,0,0,0,0.0,0.0,0.0
1787615086.130375,08:44:46.130,748,61.309,27.7,1011.46,14.912,0.0,0.0,0.0,-0.29,0.0,0.03,-0.29,0.52,0.99,9.74,359.06,5.81,3.0,0,0,0,0.0,0.0,0.0
1787615086.130700,08:44:46.130,749,61.319,27.7,1011.46,14.912,0.0,0.0,0.0,-0.29,0.0,0.03,-0.29,0.52,0.99,9.74,359.06,5.81,3.0,0,0,0,0.0,0.0,0.0
1787615086.239686,08:44:46.239,750,61.329,27.7,1011.46,14.912,0.0,0.0,0.0,-0.25,0.0,0.06,-0.25,0.52,0.99,9.74,359.06,5.81,3.0,0,0,0,0.0,0.0,0.0
1787615086.240333,08:44:46.240,751,61.339,27.7,1011.46,14.912,0.0,0.0,0.0,-0.25,0.0,0.06,-0.25,0.52,0.99,9.74,359.06,5.81,3.0,0,0,0,0.0,0.0,0.0
1787615086.240650,08:44:46.240,752,61.349,27.7,1011.46,14.912,0.0,0.0,0.0,-0.25,0.0,0.06,-0.25,0.52,0.99,9.74,359.06,5.81,3.0,0,0,0,0.0,0.0,0.0
1787615086.240917,08:44:46.240,753,61.359,27.7,1011.46,14.912,0.0,0.0,0.0,-0.25,0.0,0.06,-0.25,0.52,0.99,9.74,359.06,5.81,3.0,0,0,0,0.0,0.0,0.0
1787615086.241182,08:44:46.241,754,61.369,27.68,1011.42,15.245,0.0,0.0,0.0,-0.25,0.0,0.06,-0.25,0.52,0.99,9.74,359.06,5.81,3.0,0,0,0,0.0,0.0,0.0
1787615086.241446,08:44:46.241,755,61.379,27.68,1011.42,15.245,0.0,0.0,0.0,-0.25,0.0,0.06,-0.25,0.52,0.99,9.74,359.06,5.81,3.0,0,0,0,0.0,0.0,0.0
1787615086.241705,08:44:46.241,756,61.389,27.68,1011.42,15.245,0.0,0.0,0.0,-0.25,0.0,0.06,-0.25,0.52,0.99,9.74,359.06,5.81,3.0,0,0,0,0.0,0.0,0.0
1787615086.242201,08:44:46.242,757,61.399,27.68,1011.42,15.245,0.0,0.0,0.0,-0.25,0.0,0.06,-0.25,0.52,0.99,9.74,359.06,5.81,3.0,0,0,0,0.0,0.0,0.0
1787615086.242638,08:44:46.242,758,61.409,27.68,1011.42,15.245,0.0,0.0,0.0,-0.25,0.0,0.06,-0.25,0.52,0.99,9.74,359.06,5.81,3.0,0,0,0,0.0,0.0,0.0
1787615086.242940,08:44:46.242,759,61.419,27.68,1011.42,15.245,0.0,0.0,0.0,-0.25,0.0,0.06,-0.25,0.52,0.99,9.74,359.06,5.81,3.0,0,0,0,0.0,0.0,0.0
1787615086.243218,08:44:46.243,760,61.429,27.68,1011.42,15.245,0.0,0.0,0.0,-0.24,0.07,0.01,-0.24,0.52,0.99,9.74,359.06,5.81,3.0,0,0,0,0.0,0.0,0.0
1787615086.243490,08:44:46.243,761,61.439,27.68,1011.42,15.245,0.0,0.0,0.0,-0.24,0.07,0.01,-0.24,0.52,0.99,9.74,359.06,5.81,3.0,0,0,0,0.0,0.0,0.0
1787615086.345067,08:44:46.345,762,61.449,27.68,1011.42,15.245,0.0,0.0,0.0,-0.24,0.07,0.01,-0.24,0.52,0.99,9.74,359.06,5.81,3.0,0,0,0,0.0,0.0,0.0
1787615086.346510,08:44:46.346,763,61.459,27.68,1011.42,15.245,0.0,0.0,0.0,-0.24,0.07,0.01,-0.24,0.52,0.99,9.74,359.06,5.81,3.0,0,0,0,0.0,0.0,0.0
1787615086.347425,08:44:46.347,764,61.469,27.68,1011.42,15.245,0.0,0.0,0.0,-0.24,0.07,0.01,-0.24,0.52,0.99,9.74,359.06,5.81,3.0,0,0,0,0.0,0.0,0.0
1787615086.347888,08:44:46.347,765,61.479,27.68,1011.42,15.245,0.0,0.0,0.0,-0.24,0.07,0.01,-0.24,0.52,0.99,9.74,359.06,5.81,3.0,0,0,0,0.0,0.0,0.0
1787615086.348315,08:44:46.348,766,61.489,27.68,1011.42,15.245,0.0,0.0,0.0,-0.24,0.07,0.01,-0.24,0.52,0.99,9.74,359.06,5.81,3.0,0,0,0,0.0,0.0,0.0
1787615086.348743,08:44:46.348,767,61.499,27.68,1011.42,15.245,0.0,0.0,0.0,-0.24,0.07,0.01,-0.24,0.52,0.99,9.74,359.06,5.81,3.0,0,0,0,0.0,0.0,0.0
1787615086.349129,08:44:46.349,768,61.509,27.68,1011.42,15.245,0.0,0.0,0.0,-0.24,0.07,0.01,-0.24,0.52,0.99,9.74,359.06,5.81,3.0,0,0,0,0.0,0.0,0.0
1787615086.349474,08:44:46.349,769,61.519,27.68,1011.42,15.245,0.0,0.0,0.0,-0.24,0.07,0.01,-0.24,0.52,0.99,9.74,359.06,5.81,3.0,0,0,0,0.0,0.0,0.0
1787615086.349807,08:44:46.349,770,61.529,27.68,1011.42,15.245,0.0,0.0,0.0,-0.25,0.01,0.16,-0.25,0.52,0.99,9.74,359.06,5.81,3.0,0,0,0,0.0,0.0,0.0
1787615086.350158,08:44:46.350,771,61.539,27.68,1011.42,15.245,0.0,0.0,0.0,-0.25,0.01,0.16,-0.25,0.52,0.99,9.74,359.06,5.81,3.0,0,0,0,0.0,0.0,0.0
1787615086.451042,08:44:46.451,772,61.549,27.68,1011.42,15.245,0.0,0.0,0.0,-0.25,0.01,0.16,-0.25,0.52,0.99,9.74,359.06,5.81,3.0,0,0,0,0.0,0.0,0.0
1787615086.452712,08:44:46.452,773,61.559,27.68,1011.42,15.245,0.0,0.0,0.0,-0.25,0.01,0.16,-0.25,0.52,0.99,9.74,359.06,5.81,3.0,0,0,0,0.0,0.0,0.0
1787615086.453404,08:44:46.453,774,61.57,27.69,1011.42,15.245,0.0,0.0,0.0,-0.25,0.01,0.16,-0.25,0.52,0.99,9.74,359.06,5.81,3.0,0,0,0,0.0,0.0,0.0
1787615086.453899,08:44:46.453,775,61.579,27.69,1011.42,15.245,0.0,0.0,0.0,-0.25,0.01,0.16,-0.25,0.52,0.99,9.74,359.06,5.81,3.0,0,0,0,0.0,0.0,0.0
1787615086.454240,08:44:46.454,776,61.589,27.69,1011.42,15.245,0.0,0.0,0.0,-0.25,0.01,0.16,-0.25,0.52,0.99,9.74,359.06,5.81,3.0,0,0,0,0.0,0.0,0.0
1787615086.454586,08:44:46.454,777,61.599,27.69,1011.42,15.245,0.0,0.0,0.0,-0.25,0.01,0.16,-0.25,0.52,0.99,9.74,359.06,5.81,3.0,0,0,0,0.0,0.0,0.0
1787615086.454932,08:44:46.454,778,61.609,27.69,1011.42,15.245,0.0,0.0,0.0,-0.25,0.01,0.16,-0.25,0.52,0.99,9.74,359.06,5.81,3.0,0,0,0,0.0,0.0,0.0
1787615086.455279,08:44:46.455,779,61.619,27.69,1011.42,15.245,0.0,0.0,0.0,-0.25,0.01,0.16,-0.25,0.52,0.99,9.74,359.06,5.81,3.0,0,0,0,0.0,0.0,0.0
1787615086.455627,08:44:46.455,780,61.629,27.69,1011.42,15.245,0.0,0.0,0.0,-0.27,0.06,0.09,-0.27,0.52,0.99,9.74,359.06,5.81,3.0,0,0,0,0.0,0.0,0.0
1787615086.455961,08:44:46.455,781,61.639,27.69,1011.42,15.245,0.0,0.0,0.0,-0.27,0.06,0.09,-0.27,0.52,0.99,9.74,359.06,5.81,3.0,0,0,0,0.0,0.0,0.0
1787615086.456314,08:44:46.456,782,61.649,27.69,1011.42,15.245,0.0,0.0,0.0,-0.27,0.06,0.09,-0.27,0.52,0.99,9.74,359.06,5.81,3.0,0,0,0,0.0,0.0,0.0
1787615086.557184,08:44:46.557,783,61.659,27.69,1011.42,15.245,0.0,0.0,0.0,-0.27,0.06,0.09,-0.27,0.52,0.99,9.74,359.06,5.81,3.0,0,0,0,0.0,0.0,0.0
1787615086.558066,08:44:46.558,784,61.669,27.69,1011.42,15.245,0.0,0.0,0.0,-0.27,0.06,0.09,-0.27,0.52,0.99,9.74,359.06,5.81,3.0,0,0,0,0.0,0.0,0.0
1787615086.558421,08:44:46.558,785,61.679,27.69,1011.42,15.245,0.0,0.0,0.0,-0.27,0.06,0.09,-0.27,0.52,0.99,9.74,359.06,5.81,3.0,0,0,0,0.0,0.0,0.0
1787615086.558760,08:44:46.558,786,61.689,27.69,1011.42,15.245,0.0,0.0,0.0,-0.27,0.06,0.09,-0.27,0.52,0.99,9.74,359.06,5.81,3.0,0,0,0,0.0,0.0,0.0
1787615086.559096,08:44:46.559,787,61.699,27.69,1011.42,15.245,0.0,0.0,0.0,-0.27,0.06,0.09,-0.27,0.52,0.99,9.74,359.06,5.81,3.0,0,0,0,0.0,0.0,0.0
1787615086.559404,08:44:46.559,788,61.709,27.69,1011.42,15.245,0.0,0.0,0.0,-0.27,0.06,0.09,-0.27,0.52,0.99,9.74,359.06,5.81,3.0,0,0,0,0.0,0.0,0.0
1787615086.559690,08:44:46.559,789,61.719,27.69,1011.42,15.245,0.0,0.0,0.0,-0.27,0.06,0.09,-0.27,0.52,0.99,9.74,359.06,5.81,3.0,0,0,0,0.0,0.0,0.0
1787615086.559985,08:44:46.559,790,61.729,27.69,1011.42,15.245,0.0,0.0,0.0,-0.28,0.06,0.02,-0.28,0.52,1.0,9.74,359.06,5.81,3.0,0,0,0,0.0,0.0,0.0
1787615086.560278,08:44:46.560,791,61.739,27.69,1011.42,15.245,0.0,0.0,0.0,-0.28,0.06,0.02,-0.28,0.52,1.0,9.74,359.06,5.81,3.0,0,0,0,0.0,0.0,0.0
1787615086.560575,08:44:46.560,792,61.749,27.69,1011.42,15.245,0.0,0.0,0.0,-0.28,0.06,0.02,-0.28,0.52,1.0,9.74,359.06,5.81,3.0,0,0,0,0.0,0.0,0.0
1787615086.662290,08:44:46.662,793,61.759,27.69,1011.42,15.245,0.0,0.0,0.0,-0.28,0.06,0.02,-0.28,0.52,1.0,9.74,359.06,5.81,3.0,0,0,0,0.0,0.0,0.0
1787615086.663738,08:44:46.663,794,61.769,27.7,1011.48,14.746,0.0,0.0,0.0,-0.28,0.06,0.02,-0.28,0.52,1.0,9.74,359.06,5.81,3.0,0,0,0,0.0,0.0,0.0
1787615086.664410,08:44:46.664,795,61.779,27.7,1011.48,14.746,0.0,0.0,0.0,-0.28,0.06,0.02,-0.28,0.52,1.0,9.74,359.06,5.81,3.0,0,0,0,0.0,0.0,0.0
1787615086.664817,08:44:46.664,796,61.789,27.7,1011.48,14.746,0.0,0.0,0.0,-0.28,0.06,0.02,-0.28,0.52,1.0,9.74,359.06,5.81,3.0,0,0,0,0.0,0.0,0.0
1787615086.665208,08:44:46.665,797,61.799,27.7,1011.48,14.746,0.0,0.0,0.0,-0.28,0.06,0.02,-0.28,0.52,1.0,9.74,359.06,5.81,3.0,0,0,0,0.0,0.0,0.0
1787615086.665592,08:44:46.665,798,61.809,27.7,1011.48,14.746,0.0,0.0,0.0,-0.28,0.06,0.02,-0.28,0.52,1.0,9.74,359.06,5.81,3.0,0,0,0,0.0,0.0,0.0
1787615086.665974,08:44:46.665,799,61.819,27.7,1011.48,14.746,0.0,0.0,0.0,-0.28,0.06,0.02,-0.28,0.52,1.0,9.74,359.06,5.81,3.0,0,0,0,0.0,0.0,0.0
1787615086.666346,08:44:46.666,800,61.829,27.7,1011.48,14.746,0.0,0.0,0.0,-0.27,0.05,0.08,-0.27,0.52,0.99,9.74,359.06,5.81,3.0,0,0,0,0.0,0.0,0.0
1787615086.666672,08:44:46.666,801,61.839,27.7,1011.48,14.746,0.0,0.0,0.0,-0.27,0.05,0.08,-0.27,0.52,0.99,9.74,359.06,5.81,3.0,0,0,0,0.0,0.0,0.0
1787615086.666999,08:44:46.666,802,61.849,27.7,1011.48,14.746,0.0,0.0,0.0,-0.27,0.05,0.08,-0.27,0.52,0.99,9.74,359.06,5.81,3.0,0,0,0,0.0,0.0,0.0
1787615086.667328,08:44:46.667,803,61.859,27.7,1011.48,14.746,0.0,0.0,0.0,-0.27,0.05,0.08,-0.27,0.52,0.99,9.74,359.06,5.81,3.0,0,0,0,0.0,0.0,0.0
1787615086.768931,08:44:46.768,804,61.869,27.7,1011.48,14.746,0.0,0.0,0.0,-0.27,0.05,0.08,-0.27,0.52,0.99,9.74,359.06,5.81,3.0,0,0,0,0.0,0.0,0.0
1787615086.770271,08:44:46.770,805,61.879,27.7,1011.48,14.746,0.0,0.0,0.0,-0.27,0.05,0.08,-0.27,0.52,0.99,9.74,359.06,5.81,3.0,0,0,0,0.0,0.0,0.0
1787615086.770973,08:44:46.770,806,61.889,27.7,1011.48,14.746,0.0,0.0,0.0,-0.27,0.05,0.08,-0.27,0.52,0.99,9.74,359.06,5.81,3.0,0,0,0,0.0,0.0,0.0
1787615086.771649,08:44:46.771,807,61.899,27.7,1011.48,14.746,0.0,0.0,0.0,-0.27,0.05,0.08,-0.27,0.52,0.99,9.74,359.06,5.81,3.0,0,0,0,0.0,0.0,0.0
1787615086.772310,08:44:46.772,808,61.909,27.7,1011.48,14.746,0.0,0.0,0.0,-0.27,0.05,0.08,-0.27,0.52,0.99,9.74,359.06,5.81,3.0,0,0,0,0.0,0.0,0.0
1787615086.772961,08:44:46.772,809,61.919,27.7,1011.48,14.746,0.0,0.0,0.0,-0.27,0.05,0.08,-0.27,0.52,0.99,9.74,359.06,5.81,3.0,0,0,0,0.0,0.0,0.0
1787615086.773610,08:44:46.773,810,61.929,27.7,1011.48,14.746,0.0,0.0,0.0,-0.33,-0.05,0.04,-0.33,0.52,0.99,9.74,359.06,5.81,3.0,0,0,0,0.0,0.0,0.0
1787615086.774271,08:44:46.774,811,61.939,27.7,1011.48,14.746,0.0,0.0,0.0,-0.33,-0.05,0.04,-0.33,0.52,0.99,9.74,359.06,5.81,3.0,0,0,0,0.0,0.0,0.0
1787615086.774918,08:44:46.774,812,61.949,27.7,1011.48,14.746,0.0,0.0,0.0,-0.33,-0.05,0.04,-0.33,0.52,0.99,9.74,359.06,5.81,3.0,0,0,0,0.0,0.0,0.0
1787615086.775574,08:44:46.775,813,61.959,27.7,1011.48,14.746,0.0,0.0,0.0,-0.33,-0.05,0.04,-0.33,0.52,0.99,9.74,359.06,5.81,3.0,0,0,0,0.0,0.0,0.0
1787615086.876876,08:44:46.876,814,61.969,27.69,1011.44,15.079,0.0,0.0,0.0,-0.33,-0.05,0.04,-0.33,0.52,0.99,9.74,359.06,5.81,3.0,0,0,0,0.0,0.0,0.0
1787615086.877167,08:44:46.877,815,61.979,27.69,1011.44,15.079,0.0,0.0,0.0,-0.33,-0.05,0.04,-0.33,0.52,0.99,9.74,359.06,5.81,3.0,0,0,0,0.0,0.0,0.0
1787615086.877321,08:44:46.877,816,61.989,27.69,1011.44,15.079,0.0,0.0,0.0,-0.33,-0.05,0.04,-0.33,0.52,0.99,9.74,359.06,5.81,3.0,0,0,0,0.0,0.0,0.0
1787615086.877465,08:44:46.877,817,61.999,27.69,1011.44,15.079,0.0,0.0,0.0,-0.33,-0.05,0.04,-0.33,0.52,0.99,9.74,359.06,5.81,3.0,0,0,0,0.0,0.0,0.0
1787615086.877603,08:44:46.877,818,62.009,27.69,1011.44,15.079,0.0,0.0,0.0,-0.33,-0.05,0.04,-0.33,0.52,0.99,9.74,359.06,5.81,3.0,0,0,0,0.0,0.0,0.0
1787615086.877742,08:44:46.877,819,62.019,27.69,1011.44,15.079,0.0,0.0,0.0,-0.33,-0.05,0.04,-0.33,0.52,0.99,9.74,359.06,5.81,3.0,0,0,0,0.0,0.0,0.0
1787615086.877879,08:44:46.877,820,62.029,27.69,1011.44,15.079,0.0,0.0,0.0,-0.28,0.0,0.1,-0.28,0.52,0.99,9.74,359.06,5.81,3.0,0,0,0,0.0,0.0,0.0
1787615086.878028,08:44:46.878,821,62.039,27.69,1011.44,15.079,0.0,0.0,0.0,-0.28,0.0,0.1,-0.28,0.52,0.99,9.74,359.06,5.81,3.0,0,0,0,0.0,0.0,0.0
1787615086.878165,08:44:46.878,822,62.049,27.69,1011.44,15.079,0.0,0.0,0.0,-0.28,0.0,0.1,-0.28,0.52,0.99,9.74,359.06,5.81,3.0,0,0,0,0.0,0.0,0.0
1787615086.878310,08:44:46.878,823,62.059,27.69,1011.44,15.079,0.0,0.0,0.0,-0.28,0.0,0.1,-0.28,0.52,0.99,9.74,359.06,5.81,3.0,0,0,0,0.0,0.0,0.0
1787615086.878445,08:44:46.878,824,62.069,27.69,1011.44,15.079,0.0,0.0,0.0,-0.28,0.0,0.1,-0.28,0.52,0.99,9.74,359.06,5.81,3.0,0,0,0,0.0,0.0,0.0
1787615086.984732,08:44:46.984,825,62.079,27.69,1011.44,15.079,0.0,0.0,0.0,-0.28,0.0,0.1,-0.28,0.52,0.99,9.74,359.06,5.81,3.0,0,0,0,0.0,0.0,0.0
1787615086.984966,08:44:46.984,826,62.089,27.69,1011.44,15.079,0.0,0.0,0.0,-0.28,0.0,0.1,-0.28,0.52,0.99,9.74,359.06,5.81,3.0,0,0,0,0.0,0.0,0.0
1787615086.985107,08:44:46.985,827,62.099,27.69,1011.44,15.079,0.0,0.0,0.0,-0.28,0.0,0.1,-0.28,0.52,0.99,9.74,359.06,5.81,3.0,0,0,0,0.0,0.0,0.0
1787615086.985241,08:44:46.985,828,62.109,27.69,1011.44,15.079,0.0,0.0,0.0,-0.28,0.0,0.1,-0.28,0.52,0.99,9.74,359.06,5.81,3.0,0,0,0,0.0,0.0,0.0
1787615086.985363,08:44:46.985,829,62.119,27.69,1011.44,15.079,0.0,0.0,0.0,-0.28,0.0,0.1,-0.28,0.52,0.99,9.74,359.06,5.81,3.0,0,0,0,0.0,0.0,0.0
1787615086.985485,08:44:46.985,830,62.129,27.69,1011.44,15.079,0.0,0.0,0.0,-0.28,0.0,0.1,-0.28,0.52,0.99,9.74,359.06,5.81,3.0,0,0,0,0.0,0.0,0.0
1787615086.985605,08:44:46.985,831,62.139,27.69,1011.44,15.079,0.0,0.0,0.0,-0.34,0.05,0.05,-0.34,0.52,0.99,9.74,359.06,5.81,3.0,0,0,0,0.0,0.0,0.0
1787615086.985726,08:44:46.985,832,62.149,27.69,1011.44,15.079,0.0,0.0,0.0,-0.34,0.05,0.05,-0.34,0.52,0.99,9.74,359.06,5.81,3.0,0,0,0,0.0,0.0,0.0
1787615086.985847,08:44:46.985,833,62.159,27.69,1011.44,15.079,0.0,0.0,0.0,-0.34,0.05,0.05,-0.34,0.52,0.99,9.74,359.06,5.81,3.0,0,0,0,0.0,0.0,0.0
1787615086.986013,08:44:46.986,834,62.169,27.68,1011.44,15.079,0.0,0.0,0.0,-0.34,0.05,0.05,-0.34,0.52,0.99,9.74,359.06,5.81,3.0,0,0,0,0.0,0.0,0.0
1787615087.091700,08:44:47.091,835,62.179,27.68,1011.44,15.079,0.0,0.0,0.0,-0.34,0.05,0.05,-0.34,0.52,0.99,9.74,359.06,5.81,3.0,0,0,0,0.0,0.0,0.0
1787615087.092053,08:44:47.092,836,62.189,27.68,1011.44,15.079,0.0,0.0,0.0,-0.34,0.05,0.05,-0.34,0.52,0.99,9.74,359.06,5.81,3.0,0,0,0,0.0,0.0,0.0
1787615087.092292,08:44:47.092,837,62.199,27.68,1011.44,15.079,0.0,0.0,0.0,-0.34,0.05,0.05,-0.34,0.52,0.99,9.74,359.06,5.81,3.0,0,0,0,0.0,0.0,0.0
1787615087.092516,08:44:47.092,838,62.209,27.68,1011.44,15.079,0.0,0.0,0.0,-0.34,0.05,0.05,-0.34,0.52,0.99,9.74,359.06,5.81,3.0,0,0,0,0.0,0.0,0.0
1787615087.092737,08:44:47.092,839,62.219,27.68,1011.44,15.079,0.0,0.0,0.0,-0.34,0.05,0.05,-0.34,0.52,0.99,9.74,359.06,5.81,3.0,0,0,0,0.0,0.0,0.0
1787615087.092955,08:44:47.092,840,62.229,27.68,1011.44,15.079,0.0,0.0,0.0,-0.34,0.05,0.05,-0.34,0.52,0.99,9.74,359.06,5.81,3.0,0,0,0,0.0,0.0,0.0
1787615087.093173,08:44:47.093,841,62.239,27.68,1011.44,15.079,0.0,0.0,0.0,-0.29,0.0,0.02,-0.29,0.52,0.99,9.74,359.06,5.81,3.0,0,0,0,0.0,0.0,0.0
1787615087.093394,08:44:47.093,842,62.249,27.68,1011.44,15.079,0.0,0.0,0.0,-0.29,0.0,0.02,-0.29,0.52,0.99,9.74,359.06,5.81,3.0,0,0,0,0.0,0.0,0.0
1787615087.093611,08:44:47.093,843,62.259,27.68,1011.44,15.079,0.0,0.0,0.0,-0.29,0.0,0.02,-0.29,0.52,0.99,9.74,359.06,5.81,3.0,0,0,0,0.0,0.0,0.0
1787615087.093827,08:44:47.093,844,62.269,27.68,1011.44,15.079,0.0,0.0,0.0,-0.29,0.0,0.02,-0.29,0.52,0.99,9.74,359.06,5.81,3.0,0,0,0,0.0,0.0,0.0
1787615087.094044,08:44:47.094,845,62.279,27.68,1011.44,15.079,0.0,0.0,0.0,-0.29,0.0,0.02,-0.29,0.52,0.99,9.74,359.06,5.81,3.0,0,0,0,0.0,0.0,0.0
1787615087.195612,08:44:47.195,846,62.289,27.68,1011.44,15.079,0.0,0.0,0.0,-0.29,0.0,0.02,-0.29,0.52,0.99,9.74,359.06,5.81,3.0,0,0,0,0.0,0.0,0.0
1787615087.197327,08:44:47.197,847,62.299,27.68,1011.44,15.079,0.0,0.0,0.0,-0.29,0.0,0.02,-0.29,0.52,0.99,9.74,359.06,5.81,3.0,0,0,0,0.0,0.0,0.0
1787615087.197794,08:44:47.197,848,62.309,27.68,1011.44,15.079,0.0,0.0,0.0,-0.29,0.0,0.02,-0.29,0.52,0.99,9.74,359.06,5.81,3.0,0,0,0,0.0,0.0,0.0
1787615087.198190,08:44:47.198,849,62.319,27.68,1011.44,15.079,0.0,0.0,0.0,-0.29,0.0,0.02,-0.29,0.52,0.99,9.74,359.06,5.81,3.0,0,0,0,0.0,0.0,0.0
1787615087.198577,08:44:47.198,850,62.329,27.68,1011.44,15.079,0.0,0.0,0.0,-0.29,-0.05,-0.05,-0.29,0.52,0.99,9.74,359.06,5.81,3.0,0,0,0,0.0,0.0,0.0
1787615087.198966,08:44:47.198,851,62.339,27.68,1011.44,15.079,0.0,0.0,0.0,-0.29,-0.05,-0.05,-0.29,0.52,0.99,9.74,359.06,5.81,3.0,0,0,0,0.0,0.0,0.0
1787615087.199336,08:44:47.199,852,62.349,27.68,1011.44,15.079,0.0,0.0,0.0,-0.29,-0.05,-0.05,-0.29,0.52,0.99,9.74,359.06,5.81,3.0,0,0,0,0.0,0.0,0.0
1787615087.199683,08:44:47.199,853,62.359,27.68,1011.44,15.079,0.0,0.0,0.0,-0.29,-0.05,-0.05,-0.29,0.52,0.99,9.74,359.06,5.81,3.0,0,0,0,0.0,0.0,0.0
1787615087.200013,08:44:47.200,854,62.369,27.68,1011.42,15.245,0.0,0.0,0.0,-0.29,-0.05,-0.05,-0.29,0.52,0.99,9.74,359.06,5.81,3.0,0,0,0,0.0,0.0,0.0
1787615087.200336,08:44:47.200,855,62.379,27.68,1011.42,15.245,0.0,0.0,0.0,-0.29,-0.05,-0.05,-0.29,0.52,0.99,9.74,359.06,5.81,3.0,0,0,0,0.0,0.0,0.0
1787615087.321633,08:44:47.321,856,62.389,27.68,1011.42,15.245,0.0,0.0,0.0,-0.29,-0.05,-0.05,-0.29,0.52,0.99,9.74,359.06,5.81,3.0,0,0,0,0.0,0.0,0.0
1787615087.322068,08:44:47.322,857,62.399,27.68,1011.42,15.245,0.0,0.0,0.0,-0.29,-0.05,-0.05,-0.29,0.52,0.99,9.74,359.06,5.81,3.0,0,0,0,0.0,0.0,0.0
1787615087.322281,08:44:47.322,858,62.409,27.68,1011.42,15.245,0.0,0.0,0.0,-0.29,-0.05,-0.05,-0.29,0.52,0.99,9.74,359.06,5.81,3.0,0,0,0,0.0,0.0,0.0
1787615087.322461,08:44:47.322,859,62.419,27.68,1011.42,15.245,0.0,0.0,0.0,-0.29,-0.05,-0.05,-0.29,0.52,0.99,9.74,359.06,5.81,3.0,0,0,0,0.0,0.0,0.0
1787615087.322636,08:44:47.322,860,62.429,27.68,1011.42,15.245,0.0,0.0,0.0,-0.24,-0.15,-0.05,-0.24,0.52,0.99,9.74,359.06,5.81,3.0,0,0,0,0.0,0.0,0.0
1787615087.322813,08:44:47.322,861,62.439,27.68,1011.42,15.245,0.0,0.0,0.0,-0.24,-0.15,-0.05,-0.24,0.52,0.99,9.74,359.06,5.81,3.0,0,0,0,0.0,0.0,0.0
1787615087.322986,08:44:47.322,862,62.449,27.68,1011.42,15.245,0.0,0.0,0.0,-0.24,-0.15,-0.05,-0.24,0.52,0.99,9.74,359.06,5.81,3.0,0,0,0,0.0,0.0,0.0
1787615087.323156,08:44:47.323,863,62.459,27.68,1011.42,15.245,0.0,0.0,0.0,-0.24,-0.15,-0.05,-0.24,0.52,0.99,9.74,359.06,5.81,3.0,0,0,0,0.0,0.0,0.0
1787615087.323328,08:44:47.323,864,62.469,27.68,1011.42,15.245,0.0,0.0,0.0,-0.24,-0.15,-0.05,-0.24,0.52,0.99,9.74,359.06,5.81,3.0,0,0,0,0.0,0.0,0.0
1787615087.323497,08:44:47.323,865,62.479,27.68,1011.42,15.245,0.0,0.0,0.0,-0.24,-0.15,-0.05,-0.24,0.52,0.99,9.74,359.06,5.81,3.0,0,0,0,0.0,0.0,0.0
1787615087.323669,08:44:47.323,866,62.489,27.68,1011.42,15.245,0.0,0.0,0.0,-0.24,-0.15,-0.05,-0.24,0.52,0.99,9.74,359.06,5.81,3.0,0,0,0,0.0,0.0,0.0
1787615087.323839,08:44:47.323,867,62.499,27.68,1011.42,15.245,0.0,0.0,0.0,-0.24,-0.15,-0.05,-0.24,0.52,0.99,9.74,359.06,5.81,3.0,0,0,0,0.0,0.0,0.0
1787615087.324007,08:44:47.324,868,62.509,27.68,1011.42,15.245,0.0,0.0,0.0,-0.24,-0.15,-0.05,-0.24,0.52,0.99,9.74,359.06,5.81,3.0,0,0,0,0.0,0.0,0.0
1787615087.324179,08:44:47.324,869,62.519,27.68,1011.42,15.245,0.0,0.0,0.0,-0.24,-0.15,-0.05,-0.24,0.52,0.99,9.74,359.06,5.81,3.0,0,0,0,0.0,0.0,0.0
1787615087.425614,08:44:47.425,870,62.529,27.68,1011.42,15.245,0.0,0.0,0.0,-0.24,0.02,0.03,-0.24,0.52,0.99,9.74,359.06,5.81,3.0,0,0,0,0.0,0.0,0.0
1787615087.426460,08:44:47.426,871,62.539,27.68,1011.42,15.245,0.0,0.0,0.0,-0.24,0.02,0.03,-0.24,0.52,0.99,9.74,359.06,5.81,3.0,0,0,0,0.0,0.0,0.0
1787615087.426816,08:44:47.426,872,62.549,27.68,1011.42,15.245,0.0,0.0,0.0,-0.24,0.02,0.03,-0.24,0.52,0.99,9.74,359.06,5.81,3.0,0,0,0,0.0,0.0,0.0
1787615087.427154,08:44:47.427,873,62.559,27.68,1011.42,15.245,0.0,0.0,0.0,-0.24,0.02,0.03,-0.24,0.52,0.99,9.74,359.06,5.81,3.0,0,0,0,0.0,0.0,0.0
1787615087.427483,08:44:47.427,874,62.569,27.7,1011.47,14.831,0.0,0.0,0.0,-0.24,0.02,0.03,-0.24,0.52,0.99,9.74,359.06,5.81,3.0,0,0,0,0.0,0.0,0.0
1787615087.427807,08:44:47.427,875,62.579,27.7,1011.47,14.831,0.0,0.0,0.0,-0.24,0.02,0.03,-0.24,0.52,0.99,9.74,359.06,5.81,3.0,0,0,0,0.0,0.0,0.0
1787615087.428130,08:44:47.428,876,62.589,27.7,1011.47,14.831,0.0,0.0,0.0,-0.24,0.02,0.03,-0.24,0.52,0.99,9.74,359.06,5.81,3.0,0,0,0,0.0,0.0,0.0
1787615087.428452,08:44:47.428,877,62.599,27.7,1011.47,14.831,0.0,0.0,0.0,-0.24,0.02,0.03,-0.24,0.52,0.99,9.74,359.06,5.81,3.0,0,0,0,0.0,0.0,0.0
1787615087.428773,08:44:47.428,878,62.609,27.7,1011.47,14.831,0.0,0.0,0.0,-0.24,0.02,0.03,-0.24,0.52,0.99,9.74,359.06,5.81,3.0,0,0,0,0.0,0.0,0.0
1787615087.530254,08:44:47.530,879,62.619,27.7,1011.47,14.831,0.0,0.0,0.0,-0.24,0.02,0.03,-0.24,0.52,0.99,9.74,359.06,5.81,3.0,0,0,0,0.0,0.0,0.0
1787615087.530682,08:44:47.530,880,62.629,27.7,1011.47,14.831,0.0,0.0,0.0,-0.25,0.02,0.05,-0.25,0.52,0.99,9.74,359.06,5.81,3.0,0,0,0,0.0,0.0,0.0
1787615087.530920,08:44:47.530,881,62.639,27.7,1011.47,14.831,0.0,0.0,0.0,-0.25,0.02,0.05,-0.25,0.52,0.99,9.74,359.06,5.81,3.0,0,0,0,0.0,0.0,0.0
1787615087.531147,08:44:47.531,882,62.649,27.7,1011.47,14.831,0.0,0.0,0.0,-0.25,0.02,0.05,-0.25,0.52,0.99,9.74,359.06,5.81,3.0,0,0,0,0.0,0.0,0.0
1787615087.531369,08:44:47.531,883,62.659,27.7,1011.47,14.831,0.0,0.0,0.0,-0.25,0.02,0.05,-0.25,0.52,0.99,9.74,359.06,5.81,3.0,0,0,0,0.0,0.0,0.0
1787615087.531676,08:44:47.531,884,62.669,27.7,1011.47,14.831,0.0,0.0,0.0,-0.25,0.02,0.05,-0.25,0.52,0.99,9.74,359.06,5.81,3.0,0,0,0,0.0,0.0,0.0
1787615087.531900,08:44:47.531,885,62.679,27.7,1011.47,14.831,0.0,0.0,0.0,-0.25,0.02,0.05,-0.25,0.52,0.99,9.74,359.06,5.81,3.0,0,0,0,0.0,0.0,0.0
1787615087.532125,08:44:47.532,886,62.689,27.7,1011.47,14.831,0.0,0.0,0.0,-0.25,0.02,0.05,-0.25,0.52,0.99,9.74,359.06,5.81,3.0,0,0,0,0.0,0.0,0.0
1787615087.532348,08:44:47.532,887,62.699,27.7,1011.47,14.831,0.0,0.0,0.0,-0.25,0.02,0.05,-0.25,0.52,0.99,9.74,359.06,5.81,3.0,0,0,0,0.0,0.0,0.0
1787615087.532572,08:44:47.532,888,62.709,27.7,1011.47,14.831,0.0,0.0,0.0,-0.25,0.02,0.05,-0.25,0.52,0.99,9.74,359.06,5.81,3.0,0,0,0,0.0,0.0,0.0
1787615087.532794,08:44:47.532,889,62.719,27.7,1011.47,14.831,0.0,0.0,0.0,-0.25,0.02,0.05,-0.25,0.52,0.99,9.74,359.06,5.81,3.0,0,0,0,0.0,0.0,0.0
1787615087.533013,08:44:47.533,890,62.729,27.7,1011.47,14.831,0.0,0.0,0.0,-0.28,0.0,0.03,-0.28,0.52,0.99,9.74,359.06,5.81,3.0,0,0,0,0.0,0.0,0.0
1787615087.634531,08:44:47.634,891,62.739,27.7,1011.47,14.831,0.0,0.0,0.0,-0.28,0.0,0.03,-0.28,0.52,0.99,9.74,359.06,5.81,3.0,0,0,0,0.0,0.0,0.0
1787615087.635816,08:44:47.635,892,62.749,27.7,1011.47,14.831,0.0,0.0,0.0,-0.28,0.0,0.03,-0.28,0.52,0.99,9.74,359.06,5.81,3.0,0,0,0,0.0,0.0,0.0
1787615087.636272,08:44:47.636,893,62.759,27.7,1011.47,14.831,0.0,0.0,0.0,-0.28,0.0,0.03,-0.28,0.52,0.99,9.74,359.06,5.81,3.0,0,0,0,0.0,0.0,0.0
1787615087.636631,08:44:47.636,894,62.769,27.67,1011.42,15.245,0.0,0.0,0.0,-0.28,0.0,0.03,-0.28,0.52,0.99,9.74,359.06,5.81,3.0,0,0,0,0.0,0.0,0.0
1787615087.636969,08:44:47.636,895,62.779,27.67,1011.42,15.245,0.0,0.0,0.0,-0.28,0.0,0.03,-0.28,0.52,0.99,9.74,359.06,5.81,3.0,0,0,0,0.0,0.0,0.0
1787615087.637301,08:44:47.637,896,62.789,27.67,1011.42,15.245,0.0,0.0,0.0,-0.28,0.0,0.03,-0.28,0.52,0.99,9.74,359.06,5.81,3.0,0,0,0,0.0,0.0,0.0
1787615087.637655,08:44:47.637,897,62.799,27.67,1011.42,15.245,0.0,0.0,0.0,-0.28,0.0,0.03,-0.28,0.52,0.99,9.74,359.06,5.81,3.0,0,0,0,0.0,0.0,0.0
1787615087.637992,08:44:47.637,898,62.809,27.67,1011.42,15.245,0.0,0.0,0.0,-0.28,0.0,0.03,-0.28,0.52,0.99,9.74,359.06,5.81,3.0,0,0,0,0.0,0.0,0.0
1787615087.638320,08:44:47.638,899,62.819,27.67,1011.42,15.245,0.0,0.0,0.0,-0.28,0.0,0.03,-0.28,0.52,0.99,9.74,359.06,5.81,3.0,0,0,0,0.0,0.0,0.0
1787615087.638669,08:44:47.638,900,62.829,27.67,1011.42,15.245,0.0,0.0,0.0,-0.32,0.01,0.03,-0.32,0.52,0.99,9.74,359.06,5.81,3.0,0,0,0,0.0,0.0,0.0
1787615087.639012,08:44:47.639,901,62.839,27.67,1011.42,15.245,0.0,0.0,0.0,-0.32,0.01,0.03,-0.32,0.52,0.99,9.74,359.06,5.81,3.0,0,0,0,0.0,0.0,0.0
1787615087.740672,08:44:47.740,902,62.849,27.67,1011.42,15.245,0.0,0.0,0.0,-0.32,0.01,0.03,-0.32,0.52,0.99,9.74,359.06,5.81,3.0,0,0,0,0.0,0.0,0.0
1787615087.742073,08:44:47.742,903,62.859,27.67,1011.42,15.245,0.0,0.0,0.0,-0.32,0.01,0.03,-0.32,0.52,0.99,9.74,359.06,5.81,3.0,0,0,0,0.0,0.0,0.0
1787615087.742798,08:44:47.742,904,62.869,27.67,1011.42,15.245,0.0,0.0,0.0,-0.32,0.01,0.03,-0.32,0.52,0.99,9.74,359.06,5.81,3.0,0,0,0,0.0,0.0,0.0
1787615087.743762,08:44:47.743,905,62.879,27.67,1011.42,15.245,0.0,0.0,0.0,-0.32,0.01,0.03,-0.32,0.52,0.99,9.74,359.06,5.81,3.0,0,0,0,0.0,0.0,0.0
1787615087.744505,08:44:47.744,906,62.889,27.67,1011.42,15.245,0.0,0.0,0.0,-0.32,0.01,0.03,-0.32,0.52,0.99,9.74,359.06,5.81,3.0,0,0,0,0.0,0.0,0.0
1787615087.745220,08:44:47.745,907,62.899,27.67,1011.42,15.245,0.0,0.0,0.0,-0.32,0.01,0.03,-0.32,0.52,0.99,9.74,359.06,5.81,3.0,0,0,0,0.0,0.0,0.0
1787615087.745930,08:44:47.745,908,62.909,27.67,1011.42,15.245,0.0,0.0,0.0,-0.32,0.01,0.03,-0.32,0.52,0.99,9.74,359.06,5.81,3.0,0,0,0,0.0,0.0,0.0
1787615087.746495,08:44:47.746,909,62.919,27.67,1011.42,15.245,0.0,0.0,0.0,-0.32,0.01,0.03,-0.32,0.52,0.99,9.74,359.06,5.81,3.0,0,0,0,0.0,0.0,0.0
1787615087.746810,08:44:47.746,910,62.929,27.67,1011.42,15.245,0.0,0.0,0.0,-0.27,0.0,0.01,-0.27,0.52,1.0,9.74,359.06,5.81,3.0,0,0,0,0.0,0.0,0.0
1787615087.747128,08:44:47.747,911,62.939,27.67,1011.42,15.245,0.0,0.0,0.0,-0.27,0.0,0.01,-0.27,0.52,1.0,9.74,359.06,5.81,3.0,0,0,0,0.0,0.0,0.0
1787615087.847777,08:44:47.847,912,62.949,27.67,1011.42,15.245,0.0,0.0,0.0,-0.27,0.0,0.01,-0.27,0.52,1.0,9.74,359.06,5.81,3.0,0,0,0,0.0,0.0,0.0
1787615087.848698,08:44:47.848,913,62.959,27.67,1011.42,15.245,0.0,0.0,0.0,-0.27,0.0,0.01,-0.27,0.52,1.0,9.74,359.06,5.81,3.0,0,0,0,0.0,0.0,0.0
1787615087.849051,08:44:47.849,914,62.969,27.69,1011.47,14.831,0.0,0.0,0.0,-0.27,0.0,0.01,-0.27,0.52,1.0,9.74,359.06,5.81,3.0,0,0,0,0.0,0.0,0.0
1787615087.849391,08:44:47.849,915,62.979,27.69,1011.47,14.831,0.0,0.0,0.0,-0.27,0.0,0.01,-0.27,0.52,1.0,9.74,359.06,5.81,3.0,0,0,0,0.0,0.0,0.0
1787615087.849712,08:44:47.849,916,62.989,27.69,1011.47,14.831,0.0,0.0,0.0,-0.27,0.0,0.01,-0.27,0.52,1.0,9.74,359.06,5.81,3.0,0,0,0,0.0,0.0,0.0
1787615087.850001,08:44:47.850,917,62.999,27.69,1011.47,14.831,0.0,0.0,0.0,-0.27,0.0,0.01,-0.27,0.52,1.0,9.74,359.06,5.81,3.0,0,0,0,0.0,0.0,0.0
1787615087.850289,08:44:47.850,918,63.009,27.69,1011.47,14.831,0.0,0.0,0.0,-0.27,0.0,0.01,-0.27,0.52,1.0,9.74,359.06,5.81,3.0,0,0,0,0.0,0.0,0.0
1787615087.850573,08:44:47.850,919,63.019,27.69,1011.47,14.831,0.0,0.0,0.0,-0.27,0.0,0.01,-0.27,0.52,1.0,9.74,359.06,5.81,3.0,0,0,0,0.0,0.0,0.0
1787615087.850864,08:44:47.850,920,63.029,27.69,1011.47,14.831,0.0,0.0,0.0,-0.33,0.01,0.07,-0.33,0.52,1.01,9.74,359.06,5.87,3.0,0,0,0,0.0,0.0,0.0
1787615087.851164,08:44:47.851,921,63.039,27.69,1011.47,14.831,0.0,0.0,0.0,-0.33,0.01,0.07,-0.33,0.52,1.01,9.74,359.06,5.87,3.0,0,0,0,0.0,0.0,0.0
1787615087.952745,08:44:47.952,922,63.049,27.69,1011.47,14.831,0.0,0.0,0.0,-0.33,0.01,0.07,-0.33,0.52,1.01,9.74,359.06,5.87,3.0,0,0,0,0.0,0.0,0.0
1787615087.953499,08:44:47.953,923,63.059,27.69,1011.47,14.831,0.0,0.0,0.0,-0.33,0.01,0.07,-0.33,0.52,1.01,9.74,359.06,5.87,3.0,0,0,0,0.0,0.0,0.0
1787615087.953787,08:44:47.953,924,63.069,27.69,1011.47,14.831,0.0,0.0,0.0,-0.33,0.01,0.07,-0.33,0.52,1.01,9.74,359.06,5.87,3.0,0,0,0,0.0,0.0,0.0
1787615087.954062,08:44:47.954,925,63.079,27.69,1011.47,14.831,0.0,0.0,0.0,-0.33,0.01,0.07,-0.33,0.52,1.01,9.74,359.06,5.87,3.0,0,0,0,0.0,0.0,0.0
1787615087.954320,08:44:47.954,926,63.089,27.69,1011.47,14.831,0.0,0.0,0.0,-0.33,0.01,0.07,-0.33,0.52,1.01,9.74,359.06,5.87,3.0,0,0,0,0.0,0.0,0.0
1787615087.954572,08:44:47.954,927,63.099,27.69,1011.47,14.831,0.0,0.0,0.0,-0.33,0.01,0.07,-0.33,0.52,1.01,9.74,359.06,5.87,3.0,0,0,0,0.0,0.0,0.0
1787615087.954823,08:44:47.954,928,63.109,27.69,1011.47,14.831,0.0,0.0,0.0,-0.33,0.01,0.07,-0.33,0.52,1.01,9.74,359.06,5.87,3.0,0,0,0,0.0,0.0,0.0
1787615087.955073,08:44:47.955,929,63.119,27.69,1011.47,14.831,0.0,0.0,0.0,-0.33,0.01,0.07,-0.33,0.52,1.01,9.74,359.06,5.87,3.0,0,0,0,0.0,0.0,0.0
1787615087.955326,08:44:47.955,930,63.129,27.69,1011.47,14.831,0.0,0.0,0.0,-0.26,0.0,0.0,-0.26,0.52,1.0,9.74,359.06,5.87,3.0,0,0,0,0.0,0.0,0.0
1787615087.955574,08:44:47.955,931,63.139,27.69,1011.47,14.831,0.0,0.0,0.0,-0.26,0.0,0.0,-0.26,0.52,1.0,9.74,359.06,5.87,3.0,0,0,0,0.0,0.0,0.0
1787615087.955962,08:44:47.955,932,63.149,27.69,1011.47,14.831,0.0,0.0,0.0,-0.26,0.0,0.0,-0.26,0.52,1.0,9.74,359.06,5.87,3.0,0,0,0,0.0,0.0,0.0
1787615088.056532,08:44:48.056,933,63.159,27.69,1011.47,14.831,0.0,0.0,0.0,-0.26,0.0,0.0,-0.26,0.52,1.0,9.74,359.06,5.87,3.0,0,0,0,0.0,0.0,0.0
1787615088.057020,08:44:48.057,934,63.169,27.69,1011.42,15.245,0.0,0.0,0.0,-0.26,0.0,0.0,-0.26,0.52,1.0,9.74,359.06,5.87,3.0,0,0,0,0.0,0.0,0.0
1787615088.057270,08:44:48.057,935,63.179,27.69,1011.42,15.245,0.0,0.0,0.0,-0.26,0.0,0.0,-0.26,0.52,1.0,9.74,359.06,5.87,3.0,0,0,0,0.0,0.0,0.0
1787615088.057503,08:44:48.057,936,63.189,27.69,1011.42,15.245,0.0,0.0,0.0,-0.26,0.0,0.0,-0.26,0.52,1.0,9.74,359.06,5.87,3.0,0,0,0,0.0,0.0,0.0
1787615088.057728,08:44:48.057,937,63.199,27.69,1011.42,15.245,0.0,0.0,0.0,-0.26,0.0,0.0,-0.26,0.52,1.0,9.74,359.06,5.87,3.0,0,0,0,0.0,0.0,0.0
1787615088.057951,08:44:48.057,938,63.209,27.69,1011.42,15.245,0.0,0.0,0.0,-0.26,0.0,0.0,-0.26,0.52,1.0,9.74,359.06,5.87,3.0,0,0,0,0.0,0.0,0.0
1787615088.058172,08:44:48.058,939,63.219,27.69,1011.42,15.245,0.0,0.0,0.0,-0.26,0.0,0.0,-0.26,0.52,1.0,9.74,359.06,5.87,3.0,0,0,0,0.0,0.0,0.0
1787615088.058394,08:44:48.058,940,63.229,27.69,1011.42,15.245,0.0,0.0,0.0,-0.29,0.01,0.01,-0.29,0.52,0.99,9.74,359.06,5.81,3.0,0,0,0,0.0,0.0,0.0
1787615088.058616,08:44:48.058,941,63.239,27.69,1011.42,15.245,0.0,0.0,0.0,-0.29,0.01,0.01,-0.29,0.52,0.99,9.74,359.06,5.81,3.0,0,0,0,0.0,0.0,0.0
1787615088.058814,08:44:48.058,942,63.249,27.69,1011.42,15.245,0.0,0.0,0.0,-0.29,0.01,0.01,-0.29,0.52,0.99,9.74,359.06,5.81,3.0,0,0,0,0.0,0.0,0.0
1787615088.059002,08:44:48.059,943,63.259,27.69,1011.42,15.245,0.0,0.0,0.0,-0.29,0.01,0.01,-0.29,0.52,0.99,9.74,359.06,5.81,3.0,0,0,0,0.0,0.0,0.0
1787615088.159799,08:44:48.159,944,63.269,27.69,1011.42,15.245,0.0,0.0,0.0,-0.29,0.01,0.01,-0.29,0.52,0.99,9.74,359.06,5.81,3.0,0,0,0,0.0,0.0,0.0
1787615088.161091,08:44:48.161,945,63.279,27.69,1011.42,15.245,0.0,0.0,0.0,-0.29,0.01,0.01,-0.29,0.52,0.99,9.74,359.06,5.81,3.0,0,0,0,0.0,0.0,0.0
1787615088.161485,08:44:48.161,946,63.289,27.69,1011.42,15.245,0.0,0.0,0.0,-0.29,0.01,0.01,-0.29,0.52,0.99,9.74,359.06,5.81,3.0,0,0,0,0.0,0.0,0.0
1787615088.161842,08:44:48.161,947,63.299,27.69,1011.42,15.245,0.0,0.0,0.0,-0.29,0.01,0.01,-0.29,0.52,0.99,9.74,359.06,5.81,3.0,0,0,0,0.0,0.0,0.0
1787615088.162186,08:44:48.162,948,63.309,27.69,1011.42,15.245,0.0,0.0,0.0,-0.29,0.01,0.01,-0.29,0.52,0.99,9.74,359.06,5.81,3.0,0,0,0,0.0,0.0,0.0
1787615088.162536,08:44:48.162,949,63.319,27.69,1011.42,15.245,0.0,0.0,0.0,-0.29,0.01,0.01,-0.29,0.52,0.99,9.74,359.06,5.81,3.0,0,0,0,0.0,0.0,0.0
1787615088.162882,08:44:48.162,950,63.329,27.69,1011.42,15.245,0.0,0.0,0.0,-0.27,0.01,0.04,-0.27,0.52,0.99,9.74,359.06,5.81,3.0,0,0,0,0.0,0.0,0.0
1787615088.163237,08:44:48.163,951,63.339,27.69,1011.42,15.245,0.0,0.0,0.0,-0.27,0.01,0.04,-0.27,0.52,0.99,9.74,359.06,5.81,3.0,0,0,0,0.0,0.0,0.0
1787615088.163935,08:44:48.163,952,63.349,27.69,1011.42,15.245,0.0,0.0,0.0,-0.27,0.01,0.04,-0.27,0.52,0.99,9.74,359.06,5.81,3.0,0,0,0,0.0,0.0,0.0
1787615088.164352,08:44:48.164,953,63.359,27.69,1011.42,15.245,0.0,0.0,0.0,-0.27,0.01,0.04,-0.27,0.52,0.99,9.74,359.06,5.81,3.0,0,0,0,0.0,0.0,0.0
1787615088.265018,08:44:48.265,954,63.369,27.69,1011.4,15.412,0.0,0.0,0.0,-0.27,0.01,0.04,-0.27,0.52,0.99,9.74,359.06,5.81,3.0,0,0,0,0.0,0.0,0.0
1787615088.265522,08:44:48.265,955,63.379,27.69,1011.4,15.412,0.0,0.0,0.0,-0.27,0.01,0.04,-0.27,0.52,0.99,9.74,359.06,5.81,3.0,0,0,0,0.0,0.0,0.0
1787615088.265767,08:44:48.265,956,63.389,27.69,1011.4,15.412,0.0,0.0,0.0,-0.27,0.01,0.04,-0.27,0.52,0.99,9.74,359.06,5.81,3.0,0,0,0,0.0,0.0,0.0
1787615088.265996,08:44:48.265,957,63.399,27.69,1011.4,15.412,0.0,0.0,0.0,-0.27,0.01,0.04,-0.27,0.52,0.99,9.74,359.06,5.81,3.0,0,0,0,0.0,0.0,0.0
1787615088.266218,08:44:48.266,958,63.409,27.69,1011.4,15.412,0.0,0.0,0.0,-0.27,0.01,0.04,-0.27,0.52,0.99,9.74,359.06,5.81,3.0,0,0,0,0.0,0.0,0.0
1787615088.266440,08:44:48.266,959,63.419,27.69,1011.4,15.412,0.0,0.0,0.0,-0.27,0.01,0.04,-0.27,0.52,0.99,9.74,359.06,5.81,3.0,0,0,0,0.0,0.0,0.0
1787615088.266670,08:44:48.266,960,63.429,27.69,1011.4,15.412,0.0,0.0,0.0,-0.29,0.0,0.04,-0.29,0.52,1.0,9.74,359.06,5.87,3.0,0,0,0,0.0,0.0,0.0
1787615088.266893,08:44:48.266,961,63.439,27.69,1011.4,15.412,0.0,0.0,0.0,-0.29,0.0,0.04,-0.29,0.52,1.0,9.74,359.06,5.87,3.0,0,0,0,0.0,0.0,0.0
1787615088.267303,08:44:48.267,962,63.449,27.69,1011.4,15.412,0.0,0.0,0.0,-0.29,0.0,0.04,-0.29,0.52,1.0,9.74,359.06,5.87,3.0,0,0,0,0.0,0.0,0.0
1787615088.267575,08:44:48.267,963,63.459,27.69,1011.4,15.412,0.0,0.0,0.0,-0.29,0.0,0.04,-0.29,0.52,1.0,9.74,359.06,5.87,3.0,0,0,0,0.0,0.0,0.0
1787615088.368066,08:44:48.368,964,63.469,27.69,1011.4,15.412,0.0,0.0,0.0,-0.29,0.0,0.04,-0.29,0.52,1.0,9.74,359.06,5.87,3.0,0,0,0,0.0,0.0,0.0
1787615088.368743,08:44:48.368,965,63.479,27.69,1011.4,15.412,0.0,0.0,0.0,-0.29,0.0,0.04,-0.29,0.52,1.0,9.74,359.06,5.87,3.0,0,0,0,0.0,0.0,0.0
1787615088.368990,08:44:48.368,966,63.489,27.69,1011.4,15.412,0.0,0.0,0.0,-0.29,0.0,0.04,-0.29,0.52,1.0,9.74,359.06,5.87,3.0,0,0,0,0.0,0.0,0.0
1787615088.369187,08:44:48.369,967,63.499,27.69,1011.4,15.412,0.0,0.0,0.0,-0.29,0.0,0.04,-0.29,0.52,1.0,9.74,359.06,5.87,3.0,0,0,0,0.0,0.0,0.0
1787615088.369381,08:44:48.369,968,63.509,27.69,1011.4,15.412,0.0,0.0,0.0,-0.29,0.0,0.04,-0.29,0.52,1.0,9.74,359.06,5.87,3.0,0,0,0,0.0,0.0,0.0
1787615088.369571,08:44:48.369,969,63.519,27.69,1011.4,15.412,0.0,0.0,0.0,-0.29,0.0,0.04,-0.29,0.52,1.0,9.74,359.06,5.87,3.0,0,0,0,0.0,0.0,0.0
1787615088.369762,08:44:48.369,970,63.529,27.69,1011.4,15.412,0.0,0.0,0.0,-0.29,0.01,0.04,-0.29,0.52,1.0,9.74,359.06,5.87,3.0,0,0,0,0.0,0.0,0.0
1787615088.369960,08:44:48.369,971,63.539,27.69,1011.4,15.412,0.0,0.0,0.0,-0.29,0.01,0.04,-0.29,0.52,1.0,9.74,359.06,5.87,3.0,0,0,0,0.0,0.0,0.0
1787615088.370419,08:44:48.370,972,63.549,27.69,1011.4,15.412,0.0,0.0,0.0,-0.29,0.01,0.04,-0.29,0.52,1.0,9.74,359.06,5.87,3.0,0,0,0,0.0,0.0,0.0
1787615088.370638,08:44:48.370,973,63.559,27.69,1011.4,15.412,0.0,0.0,0.0,-0.29,0.01,0.04,-0.29,0.52,1.0,9.74,359.06,5.87,3.0,0,0,0,0.0,0.0,0.0
1787615088.370835,08:44:48.370,974,63.569,27.7,1011.43,15.164,0.0,0.0,0.0,-0.29,0.01,0.04,-0.29,0.52,1.0,9.74,359.06,5.87,3.0,0,0,0,0.0,0.0,0.0
1787615088.471373,08:44:48.471,975,63.579,27.7,1011.43,15.164,0.0,0.0,0.0,-0.29,0.01,0.04,-0.29,0.52,1.0,9.74,359.06,5.87,3.0,0,0,0,0.0,0.0,0.0
1787615088.471697,08:44:48.471,976,63.589,27.7,1011.43,15.164,0.0,0.0,0.0,-0.29,0.01,0.04,-0.29,0.52,1.0,9.74,359.06,5.87,3.0,0,0,0,0.0,0.0,0.0
1787615088.471876,08:44:48.471,977,63.599,27.7,1011.43,15.164,0.0,0.0,0.0,-0.29,0.01,0.04,-0.29,0.52,1.0,9.74,359.06,5.87,3.0,0,0,0,0.0,0.0,0.0
1787615088.472051,08:44:48.472,978,63.609,27.7,1011.43,15.164,0.0,0.0,0.0,-0.29,0.01,0.04,-0.29,0.52,1.0,9.74,359.06,5.87,3.0,0,0,0,0.0,0.0,0.0
1787615088.472221,08:44:48.472,979,63.619,27.7,1011.43,15.164,0.0,0.0,0.0,-0.29,0.01,0.04,-0.29,0.52,1.0,9.74,359.06,5.87,3.0,0,0,0,0.0,0.0,0.0
1787615088.472391,08:44:48.472,980,63.629,27.7,1011.43,15.164,0.0,0.0,0.0,-0.28,0.0,0.01,-0.28,0.52,1.0,9.74,359.06,5.87,3.0,0,0,0,0.0,0.0,0.0
1787615088.472560,08:44:48.472,981,63.639,27.7,1011.43,15.164,0.0,0.0,0.0,-0.28,0.0,0.01,-0.28,0.52,1.0,9.74,359.06,5.87,3.0,0,0,0,0.0,0.0,0.0
1787615088.472729,08:44:48.472,982,63.649,27.7,1011.43,15.164,0.0,0.0,0.0,-0.28,0.0,0.01,-0.28,0.52,1.0,9.74,359.06,5.87,3.0,0,0,0,0.0,0.0,0.0
1787615088.573429,08:44:48.573,983,63.659,27.7,1011.43,15.164,0.0,0.0,0.0,-0.28,0.0,0.01,-0.28,0.52,1.0,9.74,359.06,5.87,3.0,0,0,0,0.0,0.0,0.0
1787615088.573951,08:44:48.573,984,63.669,27.7,1011.43,15.164,0.0,0.0,0.0,-0.28,0.0,0.01,-0.28,0.52,1.0,9.74,359.06,5.87,3.0,0,0,0,0.0,0.0,0.0
1787615088.574144,08:44:48.574,985,63.679,27.7,1011.43,15.164,0.0,0.0,0.0,-0.28,0.0,0.01,-0.28,0.52,1.0,9.74,359.06,5.87,3.0,0,0,0,0.0,0.0,0.0
1787615088.574325,08:44:48.574,986,63.689,27.7,1011.43,15.164,0.0,0.0,0.0,-0.28,0.0,0.01,-0.28,0.52,1.0,9.74,359.06,5.87,3.0,0,0,0,0.0,0.0,0.0
1787615088.574502,08:44:48.574,987,63.699,27.7,1011.43,15.164,0.0,0.0,0.0,-0.28,0.0,0.01,-0.28,0.52,1.0,9.74,359.06,5.87,3.0,0,0,0,0.0,0.0,0.0
1787615088.574676,08:44:48.574,988,63.709,27.7,1011.43,15.164,0.0,0.0,0.0,-0.28,0.0,0.01,-0.28,0.52,1.0,9.74,359.06,5.87,3.0,0,0,0,0.0,0.0,0.0
1787615088.574856,08:44:48.574,989,63.719,27.7,1011.43,15.164,0.0,0.0,0.0,-0.28,0.0,0.01,-0.28,0.52,1.0,9.74,359.06,5.87,3.0,0,0,0,0.0,0.0,0.0
1787615088.575038,08:44:48.575,990,63.729,27.7,1011.43,15.164,0.0,0.0,0.0,-0.29,0.01,0.05,-0.29,0.52,1.0,9.74,359.06,5.87,3.0,0,0,0,0.0,0.0,0.0
1787615088.575216,08:44:48.575,991,63.739,27.7,1011.43,15.164,0.0,0.0,0.0,-0.29,0.01,0.05,-0.29,0.52,1.0,9.74,359.06,5.87,3.0,0,0,0,0.0,0.0,0.0
1787615088.575388,08:44:48.575,992,63.749,27.7,1011.43,15.164,0.0,0.0,0.0,-0.29,0.01,0.05,-0.29,0.52,1.0,9.74,359.06,5.87,3.0,0,0,0,0.0,0.0,0.0
1787615088.575560,08:44:48.575,993,63.759,27.7,1011.43,15.164,0.0,0.0,0.0,-0.29,0.01,0.05,-0.29,0.52,1.0,9.74,359.06,5.87,3.0,0,0,0,0.0,0.0,0.0
1787615088.676941,08:44:48.676,994,63.769,27.7,1011.44,15.079,0.0,0.0,0.0,-0.29,0.01,0.05,-0.29,0.52,1.0,9.74,359.06,5.87,3.0,0,0,0,0.0,0.0,0.0
1787615088.678161,08:44:48.678,995,63.779,27.7,1011.44,15.079,0.0,0.0,0.0,-0.29,0.01,0.05,-0.29,0.52,1.0,9.74,359.06,5.87,3.0,0,0,0,0.0,0.0,0.0
1787615088.678889,08:44:48.678,996,63.789,27.7,1011.44,15.079,0.0,0.0,0.0,-0.29,0.01,0.05,-0.29,0.52,1.0,9.74,359.06,5.87,3.0,0,0,0,0.0,0.0,0.0
1787615088.679580,08:44:48.679,997,63.799,27.7,1011.44,15.079,0.0,0.0,0.0,-0.29,0.01,0.05,-0.29,0.52,1.0,9.74,359.06,5.87,3.0,0,0,0,0.0,0.0,0.0
1787615088.680015,08:44:48.680,998,63.809,27.7,1011.44,15.079,0.0,0.0,0.0,-0.29,0.01,0.05,-0.29,0.52,1.0,9.74,359.06,5.87,3.0,0,0,0,0.0,0.0,0.0
1787615088.680351,08:44:48.680,999,63.819,27.7,1011.44,15.079,0.0,0.0,0.0,-0.29,0.01,0.05,-0.29,0.52,1.0,9.74,359.06,5.87,3.0,0,0,0,0.0,0.0,0.0
1787615088.680689,08:44:48.680,1000,63.829,27.7,1011.44,15.079,0.0,0.0,0.0,-0.29,0.01,0.05,-0.29,0.52,1.0,9.74,359.06,5.87,3.0,0,0,0,0.0,0.0,0.0
1787615088.681021,08:44:48.681,1001,63.839,27.7,1011.44,15.079,0.0,0.0,0.0,-0.25,0.0,0.03,-0.25,0.52,1.0,9.74,359.06,5.87,3.0,0,0,0,0.0,0.0,0.0
1787615088.681349,08:44:48.681,1002,63.849,27.7,1011.44,15.079,0.0,0.0,0.0,-0.25,0.0,0.03,-0.25,0.52,1.0,9.74,359.06,5.87,3.0,0,0,0,0.0,0.0,0.0
1787615088.681679,08:44:48.681,1003,63.859,27.7,1011.44,15.079,0.0,0.0,0.0,-0.25,0.0,0.03,-0.25,0.52,1.0,9.74,359.06,5.87,3.0,0,0,0,0.0,0.0,0.0
1787615088.681964,08:44:48.681,1004,63.869,27.7,1011.44,15.079,0.0,0.0,0.0,-0.25,0.0,0.03,-0.25,0.52,1.0,9.74,359.06,5.87,3.0,0,0,0,0.0,0.0,0.0
1787615088.782637,08:44:48.782,1005,63.879,27.7,1011.44,15.079,0.0,0.0,0.0,-0.25,0.0,0.03,-0.25,0.52,1.0,9.74,359.06,5.87,3.0,0,0,0,0.0,0.0,0.0
1787615088.783061,08:44:48.783,1006,63.889,27.7,1011.44,15.079,0.0,0.0,0.0,-0.25,0.0,0.03,-0.25,0.52,1.0,9.74,359.06,5.87,3.0,0,0,0,0.0,0.0,0.0
1787615088.783306,08:44:48.783,1007,63.899,27.7,1011.44,15.079,0.0,0.0,0.0,-0.25,0.0,0.03,-0.25,0.52,1.0,9.74,359.06,5.87,3.0,0,0,0,0.0,0.0,0.0
1787615088.783537,08:44:48.783,1008,63.909,27.7,1011.44,15.079,0.0,0.0,0.0,-0.25,0.0,0.03,-0.25,0.52,1.0,9.74,359.06,5.87,3.0,0,0,0,0.0,0.0,0.0
1787615088.783765,08:44:48.783,1009,63.919,27.7,1011.44,15.079,0.0,0.0,0.0,-0.25,0.0,0.03,-0.25,0.52,1.0,9.74,359.06,5.87,3.0,0,0,0,0.0,0.0,0.0
1787615088.783987,08:44:48.783,1010,63.929,27.7,1011.44,15.079,0.0,0.0,0.0,-0.25,0.0,0.03,-0.25,0.52,1.0,9.74,359.06,5.87,3.0,0,0,0,0.0,0.0,0.0
1787615088.784213,08:44:48.784,1011,63.939,27.7,1011.44,15.079,0.0,0.0,0.0,-0.23,0.0,0.06,-0.23,0.52,1.0,9.74,359.06,5.87,3.0,0,0,0,0.0,0.0,0.0
1787615088.784437,08:44:48.784,1012,63.949,27.7,1011.44,15.079,0.0,0.0,0.0,-0.23,0.0,0.06,-0.23,0.52,1.0,9.74,359.06,5.87,3.0,0,0,0,0.0,0.0,0.0
1787615088.784647,08:44:48.784,1013,63.959,27.7,1011.44,15.079,0.0,0.0,0.0,-0.23,0.0,0.06,-0.23,0.52,1.0,9.74,359.06,5.87,3.0,0,0,0,0.0,0.0,0.0
1787615088.784814,08:44:48.784,1014,63.969,27.71,1011.44,15.079,0.0,0.0,0.0,-0.23,0.0,0.06,-0.23,0.52,1.0,9.74,359.06,5.87,3.0,0,0,0,0.0,0.0,0.0
1787615088.886320,08:44:48.886,1015,63.979,27.71,1011.44,15.079,0.0,0.0,0.0,-0.23,0.0,0.06,-0.23,0.52,1.0,9.74,359.06,5.87,3.0,0,0,0,0.0,0.0,0.0
1787615088.887081,08:44:48.887,1016,63.989,27.71,1011.44,15.079,0.0,0.0,0.0,-0.23,0.0,0.06,-0.23,0.52,1.0,9.74,359.06,5.87,3.0,0,0,0,0.0,0.0,0.0
1787615088.887379,08:44:48.887,1017,63.999,27.71,1011.44,15.079,0.0,0.0,0.0,-0.23,0.0,0.06,-0.23,0.52,1.0,9.74,359.06,5.87,3.0,0,0,0,0.0,0.0,0.0
1787615088.887653,08:44:48.887,1018,64.009,27.71,1011.44,15.079,0.0,0.0,0.0,-0.23,0.0,0.06,-0.23,0.52,1.0,9.74,359.06,5.87,3.0,0,0,0,0.0,0.0,0.0
1787615088.887905,08:44:48.887,1019,64.019,27.71,1011.44,15.079,0.0,0.0,0.0,-0.23,0.0,0.06,-0.23,0.52,1.0,9.74,359.06,5.87,3.0,0,0,0,0.0,0.0,0.0
1787615088.888171,08:44:48.888,1020,64.029,27.71,1011.44,15.079,0.0,0.0,0.0,-0.26,-0.02,0.04,-0.26,0.52,1.0,9.74,359.06,5.87,3.0,0,0,0,0.0,0.0,0.0
1787615088.888536,08:44:48.888,1021,64.039,27.71,1011.44,15.079,0.0,0.0,0.0,-0.26,-0.02,0.04,-0.26,0.52,1.0,9.74,359.06,5.87,3.0,0,0,0,0.0,0.0,0.0
1787615088.888746,08:44:48.888,1022,64.049,27.71,1011.44,15.079,0.0,0.0,0.0,-0.26,-0.02,0.04,-0.26,0.52,1.0,9.74,359.06,5.87,3.0,0,0,0,0.0,0.0,0.0
1787615088.888929,08:44:48.888,1023,64.059,27.71,1011.44,15.079,0.0,0.0,0.0,-0.26,-0.02,0.04,-0.26,0.52,1.0,9.74,359.06,5.87,3.0,0,0,0,0.0,0.0,0.0
1787615088.889102,08:44:48.889,1024,64.069,27.71,1011.44,15.079,0.0,0.0,0.0,-0.26,-0.02,0.04,-0.26,0.52,1.0,9.74,359.06,5.87,3.0,0,0,0,0.0,0.0,0.0
1787615088.889285,08:44:48.889,1025,64.079,27.71,1011.44,15.079,0.0,0.0,0.0,-0.26,-0.02,0.04,-0.26,0.52,1.0,9.74,359.06,5.87,3.0,0,0,0,0.0,0.0,0.0
1787615088.990207,08:44:48.990,1026,64.089,27.71,1011.44,15.079,0.0,0.0,0.0,-0.26,-0.02,0.04,-0.26,0.52,1.0,9.74,359.06,5.87,3.0,0,0,0,0.0,0.0,0.0
1787615088.990413,08:44:48.990,1027,64.099,27.71,1011.44,15.079,0.0,0.0,0.0,-0.26,-0.02,0.04,-0.26,0.52,1.0,9.74,359.06,5.87,3.0,0,0,0,0.0,0.0,0.0
1787615088.990535,08:44:48.990,1028,64.109,27.71,1011.44,15.079,0.0,0.0,0.0,-0.26,-0.02,0.04,-0.26,0.52,1.0,9.74,359.06,5.87,3.0,0,0,0,0.0,0.0,0.0
1787615088.990649,08:44:48.990,1029,64.119,27.71,1011.44,15.079,0.0,0.0,0.0,-0.26,-0.02,0.04,-0.26,0.52,1.0,9.74,359.06,5.87,3.0,0,0,0,0.0,0.0,0.0
1787615088.990763,08:44:48.990,1030,64.129,27.71,1011.44,15.079,0.0,0.0,0.0,-0.28,0.0,0.04,-0.28,0.52,1.0,9.74,359.06,5.87,3.0,0,0,0,0.0,0.0,0.0
1787615088.990877,08:44:48.990,1031,64.139,27.71,1011.44,15.079,0.0,0.0,0.0,-0.28,0.0,0.04,-0.28,0.52,1.0,9.74,359.06,5.87,3.0,0,0,0,0.0,0.0,0.0
1787615088.990989,08:44:48.990,1032,64.149,27.71,1011.44,15.079,0.0,0.0,0.0,-0.28,0.0,0.04,-0.28,0.52,1.0,9.74,359.06,5.87,3.0,0,0,0,0.0,0.0,0.0
1787615088.991100,08:44:48.991,1033,64.159,27.71,1011.44,15.079,0.0,0.0,0.0,-0.28,0.0,0.04,-0.28,0.52,1.0,9.74,359.06,5.87,3.0,0,0,0,0.0,0.0,0.0
1787615088.991261,08:44:48.991,1034,64.169,27.7,1011.44,15.079,0.0,0.0,0.0,-0.28,0.0,0.04,-0.28,0.52,1.0,9.74,359.06,5.87,3.0,0,0,0,0.0,0.0,0.0
1787615088.991378,08:44:48.991,1035,64.179,27.7,1011.44,15.079,0.0,0.0,0.0,-0.28,0.0,0.04,-0.28,0.52,1.0,9.74,359.06,5.87,3.0,0,0,0,0.0,0.0,0.0
1787615088.991490,08:44:48.991,1036,64.189,27.7,1011.44,15.079,0.0,0.0,0.0,-0.28,0.0,0.04,-0.28,0.52,1.0,9.74,359.06,5.87,3.0,0,0,0,0.0,0.0,0.0
1787615089.091917,08:44:49.091,1037,64.199,27.7,1011.44,15.079,0.0,0.0,0.0,-0.28,0.0,0.04,-0.28,0.52,1.0,9.74,359.06,5.87,3.0,0,0,0,0.0,0.0,0.0
1787615089.092273,08:44:49.092,1038,64.209,27.7,1011.44,15.079,0.0,0.0,0.0,-0.28,0.0,0.04,-0.28,0.52,1.0,9.74,359.06,5.87,3.0,0,0,0,0.0,0.0,0.0
1787615089.092422,08:44:49.092,1039,64.219,27.7,1011.44,15.079,0.0,0.0,0.0,-0.28,0.0,0.04,-0.28,0.52,1.0,9.74,359.06,5.87,3.0,0,0,0,0.0,0.0,0.0
1787615089.092565,08:44:49.092,1040,64.229,27.7,1011.44,15.079,0.0,0.0,0.0,-0.24,0.0,0.03,-0.24,0.52,1.0,9.74,359.06,5.87,3.0,0,0,0,0.0,0.0,0.0
1787615089.092705,08:44:49.092,1041,64.239,27.7,1011.44,15.079,0.0,0.0,0.0,-0.24,0.0,0.03,-0.24,0.52,1.0,9.74,359.06,5.87,3.0,0,0,0,0.0,0.0,0.0
1787615089.092843,08:44:49.092,1042,64.249,27.7,1011.44,15.079,0.0,0.0,0.0,-0.24,0.0,0.03,-0.24,0.52,1.0,9.74,359.06,5.87,3.0,0,0,0,0.0,0.0,0.0
1787615089.092995,08:44:49.092,1043,64.259,27.7,1011.44,15.079,0.0,0.0,0.0,-0.24,0.0,0.03,-0.24,0.52,1.0,9.74,359.06,5.87,3.0,0,0,0,0.0,0.0,0.0
1787615089.093136,08:44:49.093,1044,64.269,27.7,1011.44,15.079,0.0,0.0,0.0,-0.24,0.0,0.03,-0.24,0.52,1.0,9.74,359.06,5.87,3.0,0,0,0,0.0,0.0,0.0
1787615089.093273,08:44:49.093,1045,64.279,27.7,1011.44,15.079,0.0,0.0,0.0,-0.24,0.0,0.03,-0.24,0.52,1.0,9.74,359.06,5.87,3.0,0,0,0,0.0,0.0,0.0
1787615089.093417,08:44:49.093,1046,64.289,27.7,1011.44,15.079,0.0,0.0,0.0,-0.24,0.0,0.03,-0.24,0.52,1.0,9.74,359.06,5.87,3.0,0,0,0,0.0,0.0,0.0
1787615089.194419,08:44:49.194,1047,64.299,27.7,1011.44,15.079,0.0,0.0,0.0,-0.24,0.0,0.03,-0.24,0.52,1.0,9.74,359.06,5.87,3.0,0,0,0,0.0,0.0,0.0
1787615089.194870,08:44:49.194,1048,64.309,27.7,1011.44,15.079,0.0,0.0,0.0,-0.24,0.0,0.03,-0.24,0.52,1.0,9.74,359.06,5.87,3.0,0,0,0,0.0,0.0,0.0
1787615089.195079,08:44:49.195,1049,64.319,27.7,1011.44,15.079,0.0,0.0,0.0,-0.24,0.0,0.03,-0.24,0.52,1.0,9.74,359.06,5.87,3.0,0,0,0,0.0,0.0,0.0
1787615089.195280,08:44:49.195,1050,64.329,27.7,1011.44,15.079,0.0,0.0,0.0,-0.26,0.0,0.03,-0.26,0.52,1.0,9.74,359.06,5.87,3.0,0,0,0,0.0,0.0,0.0
1787615089.195479,08:44:49.195,1051,64.339,27.7,1011.44,15.079,0.0,0.0,0.0,-0.26,0.0,0.03,-0.26,0.52,1.0,9.74,359.06,5.87,3.0,0,0,0,0.0,0.0,0.0
1787615089.195693,08:44:49.195,1052,64.349,27.7,1011.44,15.079,0.0,0.0,0.0,-0.26,0.0,0.03,-0.26,0.52,1.0,9.74,359.06,5.87,3.0,0,0,0,0.0,0.0,0.0
1787615089.195891,08:44:49.195,1053,64.359,27.7,1011.44,15.079,0.0,0.0,0.0,-0.26,0.0,0.03,-0.26,0.52,1.0,9.74,359.06,5.87,3.0,0,0,0,0.0,0.0,0.0
1787615089.196084,08:44:49.196,1054,64.369,27.72,1011.45,14.997,0.0,0.0,0.0,-0.26,0.0,0.03,-0.26,0.52,1.0,9.74,359.06,5.87,3.0,0,0,0,0.0,0.0,0.0
1787615089.196279,08:44:49.196,1055,64.379,27.72,1011.45,14.997,0.0,0.0,0.0,-0.26,0.0,0.03,-0.26,0.52,1.0,9.74,359.06,5.87,3.0,0,0,0,0.0,0.0,0.0
1787615089.296967,08:44:49.296,1056,64.389,27.72,1011.45,14.997,0.0,0.0,0.0,-0.26,0.0,0.03,-0.26,0.52,1.0,9.74,359.06,5.87,3.0,0,0,0,0.0,0.0,0.0
1787615089.297651,08:44:49.297,1057,64.399,27.72,1011.45,14.997,0.0,0.0,0.0,-0.26,0.0,0.03,-0.26,0.52,1.0,9.74,359.06,5.87,3.0,0,0,0,0.0,0.0,0.0
1787615089.297887,08:44:49.297,1058,64.409,27.72,1011.45,14.997,0.0,0.0,0.0,-0.26,0.0,0.03,-0.26,0.52,1.0,9.74,359.06,5.87,3.0,0,0,0,0.0,0.0,0.0
1787615089.298090,08:44:49.298,1059,64.419,27.72,1011.45,14.997,0.0,0.0,0.0,-0.26,0.0,0.03,-0.26,0.52,1.0,9.74,359.06,5.87,3.0,0,0,0,0.0,0.0,0.0
1787615089.298291,08:44:49.298,1060,64.429,27.72,1011.45,14.997,0.0,0.0,0.0,-0.26,0.0,0.05,-0.26,0.52,1.0,9.74,359.06,5.87,3.0,0,0,0,0.0,0.0,0.0
1787615089.298489,08:44:49.298,1061,64.439,27.72,1011.45,14.997,0.0,0.0,0.0,-0.26,0.0,0.05,-0.26,0.52,1.0,9.74,359.06,5.87,3.0,0,0,0,0.0,0.0,0.0
1787615089.298682,08:44:49.298,1062,64.449,27.72,1011.45,14.997,0.0,0.0,0.0,-0.26,0.0,0.05,-0.26,0.52,1.0,9.74,359.06,5.87,3.0,0,0,0,0.0,0.0,0.0
1787615089.298874,08:44:49.298,1063,64.459,27.72,1011.45,14.997,0.0,0.0,0.0,-0.26,0.0,0.05,-0.26,0.52,1.0,9.74,359.06,5.87,3.0,0,0,0,0.0,0.0,0.0
1787615089.299064,08:44:49.299,1064,64.469,27.72,1011.45,14.997,0.0,0.0,0.0,-0.26,0.0,0.05,-0.26,0.52,1.0,9.74,359.06,5.87,3.0,0,0,0,0.0,0.0,0.0
1787615089.299255,08:44:49.299,1065,64.479,27.72,1011.45,14.997,0.0,0.0,0.0,-0.26,0.0,0.05,-0.26,0.52,1.0,9.74,359.06,5.87,3.0,0,0,0,0.0,0.0,0.0
1787615089.299449,08:44:49.299,1066,64.489,27.72,1011.45,14.997,0.0,0.0,0.0,-0.26,0.0,0.05,-0.26,0.52,1.0,9.74,359.06,5.87,3.0,0,0,0,0.0,0.0,0.0
1787615089.399900,08:44:49.399,1067,64.499,27.72,1011.45,14.997,0.0,0.0,0.0,-0.26,0.0,0.05,-0.26,0.52,1.0,9.74,359.06,5.87,3.0,0,0,0,0.0,0.0,0.0
1787615089.400534,08:44:49.400,1068,64.509,27.72,1011.45,14.997,0.0,0.0,0.0,-0.26,0.0,0.05,-0.26,0.52,1.0,9.74,359.06,5.87,3.0,0,0,0,0.0,0.0,0.0
1787615089.400749,08:44:49.400,1069,64.519,27.72,1011.45,14.997,0.0,0.0,0.0,-0.26,0.0,0.05,-0.26,0.52,1.0,9.74,359.06,5.87,3.0,0,0,0,0.0,0.0,0.0
1787615089.400927,08:44:49.400,1070,64.529,27.72,1011.45,14.997,0.0,0.0,0.0,-0.24,-0.03,0.0,-0.24,0.52,1.0,9.74,359.06,5.87,3.0,0,0,0,0.0,0.0,0.0
1787615089.401105,08:44:49.401,1071,64.539,27.72,1011.45,14.997,0.0,0.0,0.0,-0.24,-0.03,0.0,-0.24,0.52,1.0,9.74,359.06,5.87,3.0,0,0,0,0.0,0.0,0.0
1787615089.401276,08:44:49.401,1072,64.549,27.72,1011.45,14.997,0.0,0.0,0.0,-0.24,-0.03,0.0,-0.24,0.52,1.0,9.74,359.06,5.87,3.0,0,0,0,0.0,0.0,0.0
1787615089.401454,08:44:49.401,1073,64.559,27.72,1011.45,14.997,0.0,0.0,0.0,-0.24,-0.03,0.0,-0.24,0.52,1.0,9.74,359.06,5.87,3.0,0,0,0,0.0,0.0,0.0
1787615089.401621,08:44:49.401,1074,64.569,27.71,1011.43,15.164,0.0,0.0,0.0,-0.24,-0.03,0.0,-0.24,0.52,1.0,9.74,359.06,5.87,3.0,0,0,0,0.0,0.0,0.0
1787615089.401794,08:44:49.401,1075,64.579,27.71,1011.43,15.164,0.0,0.0,0.0,-0.24,-0.03,0.0,-0.24,0.52,1.0,9.74,359.06,5.87,3.0,0,0,0,0.0,0.0,0.0
1787615089.401963,08:44:49.401,1076,64.589,27.71,1011.43,15.164,0.0,0.0,0.0,-0.24,-0.03,0.0,-0.24,0.52,1.0,9.74,359.06,5.87,3.0,0,0,0,0.0,0.0,0.0
1787615089.502730,08:44:49.502,1077,64.599,27.71,1011.43,15.164,0.0,0.0,0.0,-0.24,-0.03,0.0,-0.24,0.52,1.0,9.74,359.06,5.87,3.0,0,0,0,0.0,0.0,0.0
1787615089.502978,08:44:49.502,1078,64.609,27.71,1011.43,15.164,0.0,0.0,0.0,-0.24,-0.03,0.0,-0.24,0.52,1.0,9.74,359.06,5.87,3.0,0,0,0,0.0,0.0,0.0
1787615089.503106,08:44:49.503,1079,64.619,27.71,1011.43,15.164,0.0,0.0,0.0,-0.24,-0.03,0.0,-0.24,0.52,1.0,9.74,359.06,5.87,3.0,0,0,0,0.0,0.0,0.0
1787615089.503231,08:44:49.503,1080,64.629,27.71,1011.43,15.164,0.0,0.0,0.0,-0.23,0.0,0.06,-0.23,0.52,1.0,9.74,359.06,5.87,3.0,0,0,0,0.0,0.0,0.0
1787615089.503354,08:44:49.503,1081,64.639,27.71,1011.43,15.164,0.0,0.0,0.0,-0.23,0.0,0.06,-0.23,0.52,1.0,9.74,359.06,5.87,3.0,0,0,0,0.0,0.0,0.0
1787615089.503475,08:44:49.503,1082,64.649,27.71,1011.43,15.164,0.0,0.0,0.0,-0.23,0.0,0.06,-0.23,0.52,1.0,9.74,359.06,5.87,3.0,0,0,0,0.0,0.0,0.0
1787615089.503597,08:44:49.503,1083,64.659,27.71,1011.43,15.164,0.0,0.0,0.0,-0.23,0.0,0.06,-0.23,0.52,1.0,9.74,359.06,5.87,3.0,0,0,0,0.0,0.0,0.0
1787615089.503756,08:44:49.503,1084,64.669,27.71,1011.43,15.164,0.0,0.0,0.0,-0.23,0.0,0.06,-0.23,0.52,1.0,9.74,359.06,5.87,3.0,0,0,0,0.0,0.0,0.0
1787615089.503876,08:44:49.503,1085,64.679,27.71,1011.43,15.164,0.0,0.0,0.0,-0.23,0.0,0.06,-0.23,0.52,1.0,9.74,359.06,5.87,3.0,0,0,0,0.0,0.0,0.0
1787615089.503996,08:44:49.503,1086,64.689,27.71,1011.43,15.164,0.0,0.0,0.0,-0.23,0.0,0.06,-0.23,0.52,1.0,9.74,359.06,5.87,3.0,0,0,0,0.0,0.0,0.0
1787615089.604497,08:44:49.604,1087,64.699,27.71,1011.43,15.164,0.0,0.0,0.0,-0.23,0.0,0.06,-0.23,0.52,1.0,9.74,359.06,5.87,3.0,0,0,0,0.0,0.0,0.0
1787615089.604798,08:44:49.604,1088,64.709,27.71,1011.43,15.164,0.0,0.0,0.0,-0.23,0.0,0.06,-0.23,0.52,1.0,9.74,359.06,5.87,3.0,0,0,0,0.0,0.0,0.0
1787615089.604958,08:44:49.604,1089,64.719,27.71,1011.43,15.164,0.0,0.0,0.0,-0.23,0.0,0.06,-0.23,0.52,1.0,9.74,359.06,5.87,3.0,0,0,0,0.0,0.0,0.0
1787615089.605113,08:44:49.605,1090,64.729,27.71,1011.43,15.164,0.0,0.0,0.0,-0.28,0.02,0.08,-0.28,0.52,1.0,9.74,359.06,5.87,3.0,0,0,0,0.0,0.0,0.0
1787615089.605266,08:44:49.605,1091,64.739,27.71,1011.43,15.164,0.0,0.0,0.0,-0.28,0.02,0.08,-0.28,0.52,1.0,9.74,359.06,5.87,3.0,0,0,0,0.0,0.0,0.0
1787615089.605417,08:44:49.605,1092,64.749,27.71,1011.43,15.164,0.0,0.0,0.0,-0.28,0.02,0.08,-0.28,0.52,1.0,9.74,359.06,5.87,3.0,0,0,0,0.0,0.0,0.0
1787615089.605572,08:44:49.605,1093,64.759,27.71,1011.43,15.164,0.0,0.0,0.0,-0.28,0.02,0.08,-0.28,0.52,1.0,9.74,359.06,5.87,3.0,0,0,0,0.0,0.0,0.0
1787615089.605726,08:44:49.605,1094,64.769,27.71,1011.4,15.412,0.0,0.0,0.0,-0.28,0.02,0.08,-0.28,0.52,1.0,9.74,359.06,5.87,3.0,0,0,0,0.0,0.0,0.0
1787615089.605878,08:44:49.605,1095,64.779,27.71,1011.4,15.412,0.0,0.0,0.0,-0.28,0.02,0.08,-0.28,0.52,1.0,9.74,359.06,5.87,3.0,0,0,0,0.0,0.0,0.0
1787615089.606030,08:44:49.606,1096,64.789,27.71,1011.4,15.412,0.0,0.0,0.0,-0.28,0.02,0.08,-0.28,0.52,1.0,9.74,359.06,5.87,3.0,0,0,0,0.0,0.0,0.0
1787615089.606180,08:44:49.606,1097,64.799,27.71,1011.4,15.412,0.0,0.0,0.0,-0.28,0.02,0.08,-0.28,0.52,1.0,9.74,359.06,5.87,3.0,0,0,0,0.0,0.0,0.0
1787615089.707551,08:44:49.707,1098,64.809,27.71,1011.4,15.412,0.0,0.0,0.0,-0.28,0.02,0.08,-0.28,0.52,1.0,9.74,359.06,5.87,3.0,0,0,0,0.0,0.0,0.0
1787615089.708473,08:44:49.708,1099,64.819,27.71,1011.4,15.412,0.0,0.0,0.0,-0.28,0.02,0.08,-0.28,0.52,1.0,9.74,359.06,5.87,3.0,0,0,0,0.0,0.0,0.0
1787615089.708816,08:44:49.708,1100,64.829,27.71,1011.4,15.412,0.0,0.0,0.0,-0.3,0.01,0.04,-0.3,0.52,1.0,9.74,359.06,5.87,3.0,0,0,0,0.0,0.0,0.0
1787615089.709156,08:44:49.709,1101,64.839,27.71,1011.4,15.412,0.0,0.0,0.0,-0.3,0.01,0.04,-0.3,0.52,1.0,9.74,359.06,5.87,3.0,0,0,0,0.0,0.0,0.0
1787615089.709494,08:44:49.709,1102,64.849,27.71,1011.4,15.412,0.0,0.0,0.0,-0.3,0.01,0.04,-0.3,0.52,1.0,9.74,359.06,5.87,3.0,0,0,0,0.0,0.0,0.0
1787615089.709819,08:44:49.709,1103,64.859,27.71,1011.4,15.412,0.0,0.0,0.0,-0.3,0.01,0.04,-0.3,0.52,1.0,9.74,359.06,5.87,3.0,0,0,0,0.0,0.0,0.0
1787615089.710155,08:44:49.710,1104,64.869,27.71,1011.4,15.412,0.0,0.0,0.0,-0.3,0.01,0.04,-0.3,0.52,1.0,9.74,359.06,5.87,3.0,0,0,0,0.0,0.0,0.0
1787615089.710474,08:44:49.710,1105,64.879,27.71,1011.4,15.412,0.0,0.0,0.0,-0.3,0.01,0.04,-0.3,0.52,1.0,9.74,359.06,5.87,3.0,0,0,0,0.0,0.0,0.0
1787615089.710808,08:44:49.710,1106,64.889,27.71,1011.4,15.412,0.0,0.0,0.0,-0.3,0.01,0.04,-0.3,0.52,1.0,9.74,359.06,5.87,3.0,0,0,0,0.0,0.0,0.0
1787615089.711144,08:44:49.711,1107,64.899,27.71,1011.4,15.412,0.0,0.0,0.0,-0.3,0.01,0.04,-0.3,0.52,1.0,9.74,359.06,5.87,3.0,0,0,0,0.0,0.0,0.0
1787615089.711434,08:44:49.711,1108,64.909,27.71,1011.4,15.412,0.0,0.0,0.0,-0.3,0.01,0.04,-0.3,0.52,1.0,9.74,359.06,5.87,3.0,0,0,0,0.0,0.0,0.0
1787615089.813026,08:44:49.813,1109,64.919,27.71,1011.4,15.412,0.0,0.0,0.0,-0.3,0.01,0.04,-0.3,0.52,1.0,9.74,359.06,5.87,3.0,0,0,0,0.0,0.0,0.0
1787615089.814404,08:44:49.814,1110,64.929,27.71,1011.4,15.412,0.0,0.0,0.0,-0.37,-0.1,0.22,-0.37,0.52,1.0,9.74,359.06,5.87,3.0,0,0,0,0.0,0.0,0.0
1787615089.815098,08:44:49.815,1111,64.939,27.71,1011.4,15.412,0.0,0.0,0.0,-0.37,-0.1,0.22,-0.37,0.52,1.0,9.74,359.06,5.87,3.0,0,0,0,0.0,0.0,0.0
1787615089.815784,08:44:49.815,1112,64.949,27.71,1011.4,15.412,0.0,0.0,0.0,-0.37,-0.1,0.22,-0.37,0.52,1.0,9.74,359.06,5.87,3.0,0,0,0,0.0,0.0,0.0
1787615089.816452,08:44:49.816,1113,64.959,27.71,1011.4,15.412,0.0,0.0,0.0,-0.37,-0.1,0.22,-0.37,0.52,1.0,9.74,359.06,5.87,3.0,0,0,0,0.0,0.0,0.0
1787615089.817108,08:44:49.817,1114,64.969,27.71,1011.43,15.164,0.0,0.0,0.0,-0.37,-0.1,0.22,-0.37,0.52,1.0,9.74,359.06,5.87,3.0,0,0,0,0.0,0.0,0.0
1787615089.817762,08:44:49.817,1115,64.979,27.71,1011.43,15.164,0.0,0.0,0.0,-0.37,-0.1,0.22,-0.37,0.52,1.0,9.74,359.06,5.87,3.0,0,0,0,0.0,0.0,0.0
1787615089.818426,08:44:49.818,1116,64.989,27.71,1011.43,15.164,0.0,0.0,0.0,-0.37,-0.1,0.22,-0.37,0.52,1.0,9.74,359.06,5.87,3.0,0,0,0,0.0,0.0,0.0
1787615089.819094,08:44:49.819,1117,64.999,27.71,1011.43,15.164,0.0,0.0,0.0,-0.37,-0.1,0.22,-0.37,0.52,1.0,9.74,359.06,5.87,3.0,0,0,0,0.0,0.0,0.0
1787615089.819753,08:44:49.819,1118,65.009,27.71,1011.43,15.164,0.0,0.0,0.0,-0.37,-0.1,0.22,-0.37,0.52,1.0,9.74,359.06,5.87,3.0,0,0,0,0.0,0.0,0.0
1787615089.921612,08:44:49.921,1119,65.019,27.71,1011.43,15.164,0.0,0.0,0.0,-0.37,-0.1,0.22,-0.37,0.52,1.0,9.74,359.06,5.87,3.0,0,0,0,0.0,0.0,0.0
1787615089.921907,08:44:49.921,1120,65.029,27.71,1011.43,15.164,0.0,0.0,0.0,-0.43,-0.1,0.11,-0.43,0.52,1.0,9.74,359.06,5.87,3.0,0,0,0,0.0,0.0,0.0
1787615089.922061,08:44:49.922,1121,65.039,27.71,1011.43,15.164,0.0,0.0,0.0,-0.43,-0.1,0.11,-0.43,0.52,1.0,9.74,359.06,5.87,3.0,0,0,0,0.0,0.0,0.0
1787615089.922217,08:44:49.922,1122,65.049,27.71,1011.43,15.164,0.0,0.0,0.0,-0.43,-0.1,0.11,-0.43,0.52,1.0,9.74,359.06,5.87,3.0,0,0,0,0.0,0.0,0.0
1787615089.922362,08:44:49.922,1123,65.059,27.71,1011.43,15.164,0.0,0.0,0.0,-0.43,-0.1,0.11,-0.43,0.52,1.0,9.74,359.06,5.87,3.0,0,0,0,0.0,0.0,0.0
1787615089.922516,08:44:49.922,1124,65.069,27.71,1011.43,15.164,0.0,0.0,0.0,-0.43,-0.1,0.11,-0.43,0.52,1.0,9.74,359.06,5.87,3.0,0,0,0,0.0,0.0,0.0
1787615089.922660,08:44:49.922,1125,65.079,27.71,1011.43,15.164,0.0,0.0,0.0,-0.43,-0.1,0.11,-0.43,0.52,1.0,9.74,359.06,5.87,3.0,0,0,0,0.0,0.0,0.0
1787615089.922800,08:44:49.922,1126,65.089,27.71,1011.43,15.164,0.0,0.0,0.0,-0.43,-0.1,0.11,-0.43,0.52,1.0,9.74,359.06,5.87,3.0,0,0,0,0.0,0.0,0.0
1787615089.922942,08:44:49.922,1127,65.099,27.71,1011.43,15.164,0.0,0.0,0.0,-0.43,-0.1,0.11,-0.43,0.52,1.0,9.74,359.06,5.87,3.0,0,0,0,0.0,0.0,0.0
1787615089.923083,08:44:49.923,1128,65.109,27.71,1011.43,15.164,0.0,0.0,0.0,-0.43,-0.1,0.11,-0.43,0.52,1.0,9.74,359.06,5.87,3.0,0,0,0,0.0,0.0,0.0
1787615090.024435,08:44:50.024,1129,65.119,27.71,1011.43,15.164,0.0,0.0,0.0,-0.43,-0.1,0.11,-0.43,0.52,1.0,9.74,359.06,5.87,3.0,0,0,0,0.0,0.0,0.0
1787615090.024752,08:44:50.024,1130,65.129,27.71,1011.43,15.164,0.0,0.0,0.0,-0.42,-0.09,-0.08,-0.42,0.52,1.0,9.74,359.06,5.87,3.0,0,0,0,0.0,0.0,0.0
1787615090.024918,08:44:50.024,1131,65.139,27.71,1011.43,15.164,0.0,0.0,0.0,-0.42,-0.09,-0.08,-0.42,0.52,1.0,9.74,359.06,5.87,3.0,0,0,0,0.0,0.0,0.0
1787615090.025075,08:44:50.025,1132,65.149,27.71,1011.43,15.164,0.0,0.0,0.0,-0.42,-0.09,-0.08,-0.42,0.52,1.0,9.74,359.06,5.87,3.0,0,0,0,0.0,0.0,0.0
1787615090.025230,08:44:50.025,1133,65.159,27.71,1011.43,15.164,0.0,0.0,0.0,-0.42,-0.09,-0.08,-0.42,0.52,1.0,9.74,359.06,5.87,3.0,0,0,0,0.0,0.0,0.0
1787615090.025450,08:44:50.025,1134,65.169,27.72,1011.45,14.997,0.0,0.0,0.0,-0.42,-0.09,-0.08,-0.42,0.52,1.0,9.74,359.06,5.87,3.0,0,0,0,0.0,0.0,0.0
1787615090.025604,08:44:50.025,1135,65.179,27.72,1011.45,14.997,0.0,0.0,0.0,-0.42,-0.09,-0.08,-0.42,0.52,1.0,9.74,359.06,5.87,3.0,0,0,0,0.0,0.0,0.0
1787615090.025758,08:44:50.025,1136,65.189,27.72,1011.45,14.997,0.0,0.0,0.0,-0.42,-0.09,-0.08,-0.42,0.52,1.0,9.74,359.06,5.87,3.0,0,0,0,0.0,0.0,0.0
1787615090.025910,08:44:50.025,1137,65.199,27.72,1011.45,14.997,0.0,0.0,0.0,-0.42,-0.09,-0.08,-0.42,0.52,1.0,9.74,359.06,5.87,3.0,0,0,0,0.0,0.0,0.0
1787615090.026061,08:44:50.026,1138,65.209,27.72,1011.45,14.997,0.0,0.0,0.0,-0.42,-0.09,-0.08,-0.42,0.52,1.0,9.74,359.06,5.87,3.0,0,0,0,0.0,0.0,0.0
1787615090.026214,08:44:50.026,1139,65.219,27.72,1011.45,14.997,0.0,0.0,0.0,-0.42,-0.09,-0.08,-0.42,0.52,1.0,9.74,359.06,5.87,3.0,0,0,0,0.0,0.0,0.0
1787615090.126912,08:44:50.126,1140,65.229,27.72,1011.45,14.997,0.0,0.0,0.0,0.63,-0.05,-0.04,0.63,0.51,0.98,9.74,359.0,5.75,2.93,0,0,0,0.0,0.0,0.0
1787615090.127380,08:44:50.127,1141,65.239,27.72,1011.45,14.997,0.0,0.0,0.0,0.63,-0.05,-0.04,0.63,0.51,0.98,9.74,359.0,5.75,2.93,0,0,0,0.0,0.0,0.0
1787615090.127606,08:44:50.127,1142,65.249,27.72,1011.45,14.997,0.0,0.0,0.0,0.63,-0.05,-0.04,0.63,0.51,0.98,9.74,359.0,5.75,2.93,0,0,0,0.0,0.0,0.0
1787615090.127811,08:44:50.127,1143,65.259,27.72,1011.45,14.997,0.0,0.0,0.0,0.63,-0.05,-0.04,0.63,0.51,0.98,9.74,359.0,5.75,2.93,0,0,0,0.0,0.0,0.0
1787615090.128008,08:44:50.128,1144,65.269,27.72,1011.45,14.997,0.0,0.0,0.0,0.63,-0.05,-0.04,0.63,0.51,0.98,9.74,359.0,5.75,2.93,0,0,0,0.0,0.0,0.0
1787615090.128207,08:44:50.128,1145,65.279,27.72,1011.45,14.997,0.0,0.0,0.0,0.63,-0.05,-0.04,0.63,0.51,0.98,9.74,359.0,5.75,2.93,0,0,0,0.0,0.0,0.0
1787615090.128403,08:44:50.128,1146,65.289,27.72,1011.45,14.997,0.0,0.0,0.0,0.63,-0.05,-0.04,0.63,0.51,0.98,9.74,359.0,5.75,2.93,0,0,0,0.0,0.0,0.0
1787615090.128598,08:44:50.128,1147,65.299,27.72,1011.45,14.997,0.0,0.0,0.0,0.63,-0.05,-0.04,0.63,0.51,0.98,9.74,359.0,5.75,2.93,0,0,0,0.0,0.0,0.0
1787615090.229913,08:44:50.229,1148,65.309,27.72,1011.45,14.997,0.0,0.0,0.0,0.63,-0.05,-0.04,0.63,0.51,0.98,9.74,359.0,5.75,2.93,0,0,0,0.0,0.0,0.0
1787615090.230158,08:44:50.230,1149,65.319,27.72,1011.45,14.997,0.0,0.0,0.0,0.63,-0.05,-0.04,0.63,0.51,0.98,9.74,359.0,5.75,2.93,0,0,0,0.0,0.0,0.0
1787615090.230288,08:44:50.230,1150,65.329,27.72,1011.45,14.997,0.0,0.0,0.0,-0.36,0.05,0.31,-0.36,0.52,1.01,9.74,359.06,5.87,3.06,0,0,0,0.0,0.0,0.0
1787615090.230395,08:44:50.230,1151,65.339,27.72,1011.45,14.997,0.0,0.0,0.0,-0.36,0.05,0.31,-0.36,0.52,1.01,9.74,359.06,5.87,3.06,0,0,0,0.0,0.0,0.0
1787615090.230496,08:44:50.230,1152,65.349,27.72,1011.45,14.997,0.0,0.0,0.0,-0.36,0.05,0.31,-0.36,0.52,1.01,9.74,359.06,5.87,3.06,0,0,0,0.0,0.0,0.0
1787615090.230595,08:44:50.230,1153,65.359,27.72,1011.45,14.997,0.0,0.0,0.0,-0.36,0.05,0.31,-0.36,0.52,1.01,9.74,359.06,5.87,3.06,0,0,0,0.0,0.0,0.0
1787615090.230708,08:44:50.230,1154,65.369,27.72,1011.44,15.079,0.0,0.0,0.0,-0.36,0.05,0.31,-0.36,0.52,1.01,9.74,359.06,5.87,3.06,0,0,0,0.0,0.0,0.0
1787615090.230810,08:44:50.230,1155,65.379,27.72,1011.44,15.079,0.0,0.0,0.0,-0.36,0.05,0.31,-0.36,0.52,1.01,9.74,359.06,5.87,3.06,0,0,0,0.0,0.0,0.0
1787615090.230898,08:44:50.230,1156,65.389,27.72,1011.44,15.079,0.0,0.0,0.0,-0.36,0.05,0.31,-0.36,0.52,1.01,9.74,359.06,5.87,3.06,0,0,0,0.0,0.0,0.0
1787615090.230986,08:44:50.230,1157,65.399,27.72,1011.44,15.079,0.0,0.0,0.0,-0.36,0.05,0.31,-0.36,0.52,1.01,9.74,359.06,5.87,3.06,0,0,0,0.0,0.0,0.0
1787615090.231075,08:44:50.231,1158,65.409,27.72,1011.44,15.079,0.0,0.0,0.0,-0.36,0.05,0.31,-0.36,0.52,1.01,9.74,359.06,5.87,3.06,0,0,0,0.0,0.0,0.0
1787615090.331433,08:44:50.331,1159,65.419,27.72,1011.44,15.079,0.0,0.0,0.0,-0.36,0.05,0.31,-0.36,0.52,1.01,9.74,359.06,5.87,3.06,0,0,0,0.0,0.0,0.0
1787615090.331698,08:44:50.331,1160,65.429,27.72,1011.44,15.079,0.0,0.0,0.0,0.17,-0.16,-0.25,0.17,0.51,0.99,9.74,359.06,5.81,3.0,0,0,0,0.0,0.0,0.0
1787615090.331817,08:44:50.331,1161,65.439,27.72,1011.44,15.079,0.0,0.0,0.0,0.17,-0.16,-0.25,0.17,0.51,0.99,9.74,359.06,5.81,3.0,0,0,0,0.0,0.0,0.0
1787615090.331926,08:44:50.331,1162,65.449,27.72,1011.44,15.079,0.0,0.0,0.0,0.17,-0.16,-0.25,0.17,0.51,0.99,9.74,359.06,5.81,3.0,0,0,0,0.0,0.0,0.0
1787615090.332140,08:44:50.332,1163,65.459,27.72,1011.44,15.079,0.0,0.0,0.0,0.17,-0.16,-0.25,0.17,0.51,0.99,9.74,359.06,5.81,3.0,0,0,0,0.0,0.0,0.0
1787615090.332264,08:44:50.332,1164,65.469,27.72,1011.44,15.079,0.0,0.0,0.0,0.17,-0.16,-0.25,0.17,0.51,0.99,9.74,359.06,5.81,3.0,0,0,0,0.0,0.0,0.0
1787615090.332371,08:44:50.332,1165,65.479,27.72,1011.44,15.079,0.0,0.0,0.0,0.17,-0.16,-0.25,0.17,0.51,0.99,9.74,359.06,5.81,3.0,0,0,0,0.0,0.0,0.0
1787615090.332476,08:44:50.332,1166,65.489,27.72,1011.44,15.079,0.0,0.0,0.0,0.17,-0.16,-0.25,0.17,0.51,0.99,9.74,359.06,5.81,3.0,0,0,0,0.0,0.0,0.0
1787615090.332582,08:44:50.332,1167,65.499,27.72,1011.44,15.079,0.0,0.0,0.0,0.17,-0.16,-0.25,0.17,0.51,0.99,9.74,359.06,5.81,3.0,0,0,0,0.0,0.0,0.0
1787615090.332687,08:44:50.332,1168,65.509,27.72,1011.44,15.079,0.0,0.0,0.0,0.17,-0.16,-0.25,0.17,0.51,0.99,9.74,359.06,5.81,3.0,0,0,0,0.0,0.0,0.0
1787615090.332791,08:44:50.332,1169,65.519,27.72,1011.44,15.079,0.0,0.0,0.0,0.17,-0.16,-0.25,0.17,0.51,0.99,9.74,359.06,5.81,3.0,0,0,0,0.0,0.0,0.0
1787615090.434073,08:44:50.434,1170,65.529,27.72,1011.44,15.079,0.0,0.0,0.0,-0.51,-0.16,0.06,-0.51,0.52,0.99,9.74,359.06,5.81,3.06,0,0,0,0.0,0.0,0.0
1787615090.434443,08:44:50.434,1171,65.539,27.72,1011.44,15.079,0.0,0.0,0.0,-0.51,-0.16,0.06,-0.51,0.52,0.99,9.74,359.06,5.81,3.06,0,0,0,0.0,0.0,0.0
1787615090.434622,08:44:50.434,1172,65.549,27.72,1011.44,15.079,0.0,0.0,0.0,-0.51,-0.16,0.06,-0.51,0.52,0.99,9.74,359.06,5.81,3.06,0,0,0,0.0,0.0,0.0
1787615090.434777,08:44:50.434,1173,65.559,27.72,1011.44,15.079,0.0,0.0,0.0,-0.51,-0.16,0.06,-0.51,0.52,0.99,9.74,359.06,5.81,3.06,0,0,0,0.0,0.0,0.0
1787615090.434928,08:44:50.434,1174,65.569,27.72,1011.42,15.245,0.0,0.0,0.0,-0.51,-0.16,0.06,-0.51,0.52,0.99,9.74,359.06,5.81,3.06,0,0,0,0.0,0.0,0.0
1787615090.435079,08:44:50.435,1175,65.579,27.72,1011.42,15.245,0.0,0.0,0.0,-0.51,-0.16,0.06,-0.51,0.52,0.99,9.74,359.06,5.81,3.06,0,0,0,0.0,0.0,0.0
1787615090.435230,08:44:50.435,1176,65.589,27.72,1011.42,15.245,0.0,0.0,0.0,-0.51,-0.16,0.06,-0.51,0.52,0.99,9.74,359.06,5.81,3.06,0,0,0,0.0,0.0,0.0
1787615090.435381,08:44:50.435,1177,65.599,27.72,1011.42,15.245,0.0,0.0,0.0,-0.51,-0.16,0.06,-0.51,0.52,0.99,9.74,359.06,5.81,3.06,0,0,0,0.0,0.0,0.0
1787615090.435529,08:44:50.435,1178,65.609,27.72,1011.42,15.245,0.0,0.0,0.0,-0.51,-0.16,0.06,-0.51,0.52,0.99,9.74,359.06,5.81,3.06,0,0,0,0.0,0.0,0.0
1787615090.435678,08:44:50.435,1179,65.619,27.72,1011.42,15.245,0.0,0.0,0.0,-0.51,-0.16,0.06,-0.51,0.52,0.99,9.74,359.06,5.81,3.06,0,0,0,0.0,0.0,0.0
1787615090.536999,08:44:50.536,1180,65.629,27.72,1011.42,15.245,0.0,0.0,0.0,0.0,-0.1,-0.09,0.0,0.52,1.0,9.74,359.06,5.87,3.0,0,0,0,0.0,0.0,0.0
1787615090.537263,08:44:50.537,1181,65.639,27.72,1011.42,15.245,0.0,0.0,0.0,0.0,-0.1,-0.09,0.0,0.52,1.0,9.74,359.06,5.87,3.0,0,0,0,0.0,0.0,0.0
1787615090.537421,08:44:50.537,1182,65.649,27.72,1011.42,15.245,0.0,0.0,0.0,0.0,-0.1,-0.09,0.0,0.52,1.0,9.74,359.06,5.87,3.0,0,0,0,0.0,0.0,0.0
1787615090.537572,08:44:50.537,1183,65.659,27.72,1011.42,15.245,0.0,0.0,0.0,0.0,-0.1,-0.09,0.0,0.52,1.0,9.74,359.06,5.87,3.0,0,0,0,0.0,0.0,0.0
1787615090.537766,08:44:50.537,1184,65.669,27.72,1011.42,15.245,0.0,0.0,0.0,0.0,-0.1,-0.09,0.0,0.52,1.0,9.74,359.06,5.87,3.0,0,0,0,0.0,0.0,0.0
1787615090.537917,08:44:50.537,1185,65.679,27.72,1011.42,15.245,0.0,0.0,0.0,0.0,-0.1,-0.09,0.0,0.52,1.0,9.74,359.06,5.87,3.0,0,0,0,0.0,0.0,0.0
1787615090.538066,08:44:50.538,1186,65.689,27.72,1011.42,15.245,0.0,0.0,0.0,0.0,-0.1,-0.09,0.0,0.52,1.0,9.74,359.06,5.87,3.0,0,0,0,0.0,0.0,0.0
1787615090.538216,08:44:50.538,1187,65.699,27.72,1011.42,15.245,0.0,0.0,0.0,0.0,-0.1,-0.09,0.0,0.52,1.0,9.74,359.06,5.87,3.0,0,0,0,0.0,0.0,0.0
1787615090.538363,08:44:50.538,1188,65.709,27.72,1011.42,15.245,0.0,0.0,0.0,0.0,-0.1,-0.09,0.0,0.52,1.0,9.74,359.06,5.87,3.0,0,0,0,0.0,0.0,0.0
1787615090.538511,08:44:50.538,1189,65.719,27.72,1011.42,15.245,0.0,0.0,0.0,0.0,-0.1,-0.09,0.0,0.52,1.0,9.74,359.06,5.87,3.0,0,0,0,0.0,0.0,0.0
1787615090.538660,08:44:50.538,1190,65.729,27.72,1011.42,15.245,0.0,0.0,0.0,-0.19,-0.06,0.03,-0.19,0.52,1.04,9.73,359.06,6.06,3.0,0,0,0,0.0,0.0,0.0
1787615090.639445,08:44:50.639,1191,65.739,27.72,1011.42,15.245,0.0,0.0,0.0,-0.19,-0.06,0.03,-0.19,0.52,1.04,9.73,359.06,6.06,3.0,0,0,0,0.0,0.0,0.0
1787615090.639845,08:44:50.639,1192,65.749,27.72,1011.42,15.245,0.0,0.0,0.0,-0.19,-0.06,0.03,-0.19,0.52,1.04,9.73,359.06,6.06,3.0,0,0,0,0.0,0.0,0.0
1787615090.640081,08:44:50.640,1193,65.759,27.72,1011.42,15.245,0.0,0.0,0.0,-0.19,-0.06,0.03,-0.19,0.52,1.04,9.73,359.06,6.06,3.0,0,0,0,0.0,0.0,0.0
1787615090.640307,08:44:50.640,1194,65.769,27.73,1011.4,15.412,0.0,0.0,0.0,-0.19,-0.06,0.03,-0.19,0.52,1.04,9.73,359.06,6.06,3.0,0,0,0,0.0,0.0,0.0
1787615090.640533,08:44:50.640,1195,65.779,27.73,1011.4,15.412,0.0,0.0,0.0,-0.19,-0.06,0.03,-0.19,0.52,1.04,9.73,359.06,6.06,3.0,0,0,0,0.0,0.0,0.0
1787615090.640753,08:44:50.640,1196,65.789,27.73,1011.4,15.412,0.0,0.0,0.0,-0.19,-0.06,0.03,-0.19,0.52,1.04,9.73,359.06,6.06,3.0,0,0,0,0.0,0.0,0.0
1787615090.640973,08:44:50.640,1197,65.799,27.73,1011.4,15.412,0.0,0.0,0.0,-0.19,-0.06,0.03,-0.19,0.52,1.04,9.73,359.06,6.06,3.0,0,0,0,0.0,0.0,0.0
1787615090.641200,08:44:50.641,1198,65.809,27.73,1011.4,15.412,0.0,0.0,0.0,-0.19,-0.06,0.03,-0.19,0.52,1.04,9.73,359.06,6.06,3.0,0,0,0,0.0,0.0,0.0
1787615090.641421,08:44:50.641,1199,65.819,27.73,1011.4,15.412,0.0,0.0,0.0,-0.19,-0.06,0.03,-0.19,0.52,1.04,9.73,359.06,6.06,3.0,0,0,0,0.0,0.0,0.0
1787615090.742354,08:44:50.742,1200,65.829,27.73,1011.4,15.412,0.0,0.0,0.0,0.3,-0.35,0.3,0.3,0.51,1.04,9.73,359.06,6.12,3.0,0,0,0,0.0,0.0,0.0
1787615090.743290,08:44:50.743,1201,65.839,27.73,1011.4,15.412,0.0,0.0,0.0,0.3,-0.35,0.3,0.3,0.51,1.04,9.73,359.06,6.12,3.0,0,0,0,0.0,0.0,0.0
1787615090.743790,08:44:50.743,1202,65.849,27.73,1011.4,15.412,0.0,0.0,0.0,0.3,-0.35,0.3,0.3,0.51,1.04,9.73,359.06,6.12,3.0,0,0,0,0.0,0.0,0.0
1787615090.744279,08:44:50.744,1203,65.859,27.73,1011.4,15.412,0.0,0.0,0.0,0.3,-0.35,0.3,0.3,0.51,1.04,9.73,359.06,6.12,3.0,0,0,0,0.0,0.0,0.0
1787615090.744710,08:44:50.744,1204,65.869,27.73,1011.4,15.412,0.0,0.0,0.0,0.3,-0.35,0.3,0.3,0.51,1.04,9.73,359.06,6.12,3.0,0,0,0,0.0,0.0,0.0
1787615090.745051,08:44:50.745,1205,65.879,27.73,1011.4,15.412,0.0,0.0,0.0,0.3,-0.35,0.3,0.3,0.51,1.04,9.73,359.06,6.12,3.0,0,0,0,0.0,0.0,0.0
1787615090.745387,08:44:50.745,1206,65.889,27.73,1011.4,15.412,0.0,0.0,0.0,0.3,-0.35,0.3,0.3,0.51,1.04,9.73,359.06,6.12,3.0,0,0,0,0.0,0.0,0.0
1787615090.745716,08:44:50.745,1207,65.899,27.73,1011.4,15.412,0.0,0.0,0.0,0.3,-0.35,0.3,0.3,0.51,1.04,9.73,359.06,6.12,3.0,0,0,0,0.0,0.0,0.0
1787615090.746043,08:44:50.746,1208,65.909,27.73,1011.4,15.412,0.0,0.0,0.0,0.3,-0.35,0.3,0.3,0.51,1.04,9.73,359.06,6.12,3.0,0,0,0,0.0,0.0,0.0
1787615090.746379,08:44:50.746,1209,65.919,27.73,1011.4,15.412,0.0,0.0,0.0,0.3,-0.35,0.3,0.3,0.51,1.04,9.73,359.06,6.12,3.0,0,0,0,0.0,0.0,0.0
1787615090.847953,08:44:50.847,1210,65.929,27.73,1011.4,15.412,0.0,0.0,0.0,0.03,-0.03,0.17,0.03,0.51,1.01,9.74,359.06,5.87,3.0,0,0,0,0.0,0.0,0.0
1787615090.848315,08:44:50.848,1211,65.939,27.73,1011.4,15.412,0.0,0.0,0.0,0.03,-0.03,0.17,0.03,0.51,1.01,9.74,359.06,5.87,3.0,0,0,0,0.0,0.0,0.0
1787615090.848523,08:44:50.848,1212,65.949,27.73,1011.4,15.412,0.0,0.0,0.0,0.03,-0.03,0.17,0.03,0.51,1.01,9.74,359.06,5.87,3.0,0,0,0,0.0,0.0,0.0
1787615090.848719,08:44:50.848,1213,65.959,27.73,1011.4,15.412,0.0,0.0,0.0,0.03,-0.03,0.17,0.03,0.51,1.01,9.74,359.06,5.87,3.0,0,0,0,0.0,0.0,0.0
1787615090.848911,08:44:50.848,1214,65.969,27.73,1011.44,15.079,0.0,0.0,0.0,0.03,-0.03,0.17,0.03,0.51,1.01,9.74,359.06,5.87,3.0,0,0,0,0.0,0.0,0.0
1787615090.849102,08:44:50.849,1215,65.979,27.73,1011.44,15.079,0.0,0.0,0.0,0.03,-0.03,0.17,0.03,0.51,1.01,9.74,359.06,5.87,3.0,0,0,0,0.0,0.0,0.0
1787615090.849291,08:44:50.849,1216,65.989,27.73,1011.44,15.079,0.0,0.0,0.0,0.03,-0.03,0.17,0.03,0.51,1.01,9.74,359.06,5.87,3.0,0,0,0,0.0,0.0,0.0
1787615090.849480,08:44:50.849,1217,65.999,27.73,1011.44,15.079,0.0,0.0,0.0,0.03,-0.03,0.17,0.03,0.51,1.01,9.74,359.06,5.87,3.0,0,0,0,0.0,0.0,0.0
1787615090.849666,08:44:50.849,1218,66.009,27.73,1011.44,15.079,0.0,0.0,0.0,0.03,-0.03,0.17,0.03,0.51,1.01,9.74,359.06,5.87,3.0,0,0,0,0.0,0.0,0.0
1787615090.849854,08:44:50.849,1219,66.019,27.73,1011.44,15.079,0.0,0.0,0.0,0.03,-0.03,0.17,0.03,0.51,1.01,9.74,359.06,5.87,3.0,0,0,0,0.0,0.0,0.0
1787615090.850040,08:44:50.850,1220,66.029,27.73,1011.44,15.079,0.0,0.0,0.0,-0.62,-0.03,-0.13,-0.62,0.51,0.98,9.74,359.0,5.75,3.0,0,0,0,0.0,0.0,0.0
1787615090.850232,08:44:50.850,1221,66.039,27.73,1011.44,15.079,0.0,0.0,0.0,-0.62,-0.03,-0.13,-0.62,0.51,0.98,9.74,359.0,5.75,3.0,0,0,0,0.0,0.0,0.0
1787615090.951335,08:44:50.951,1222,66.049,27.73,1011.44,15.079,0.0,0.0,0.0,-0.62,-0.03,-0.13,-0.62,0.51,0.98,9.74,359.0,5.75,3.0,0,0,0,0.0,0.0,0.0
1787615090.951637,08:44:50.951,1223,66.059,27.73,1011.44,15.079,0.0,0.0,0.0,-0.62,-0.03,-0.13,-0.62,0.51,0.98,9.74,359.0,5.75,3.0,0,0,0,0.0,0.0,0.0
1787615090.951822,08:44:50.951,1224,66.07,27.73,1011.44,15.079,0.0,0.0,0.0,-0.62,-0.03,-0.13,-0.62,0.51,0.98,9.74,359.0,5.75,3.0,0,0,0,0.0,0.0,0.0
1787615090.951979,08:44:50.951,1225,66.079,27.73,1011.44,15.079,0.0,0.0,0.0,-0.62,-0.03,-0.13,-0.62,0.51,0.98,9.74,359.0,5.75,3.0,0,0,0,0.0,0.0,0.0
1787615090.952131,08:44:50.952,1226,66.089,27.73,1011.44,15.079,0.0,0.0,0.0,-0.62,-0.03,-0.13,-0.62,0.51,0.98,9.74,359.0,5.75,3.0,0,0,0,0.0,0.0,0.0
1787615090.952283,08:44:50.952,1227,66.099,27.73,1011.44,15.079,0.0,0.0,0.0,-0.62,-0.03,-0.13,-0.62,0.51,0.98,9.74,359.0,5.75,3.0,0,0,0,0.0,0.0,0.0
1787615090.952435,08:44:50.952,1228,66.109,27.73,1011.44,15.079,0.0,0.0,0.0,-0.62,-0.03,-0.13,-0.62,0.51,0.98,9.74,359.0,5.75,3.0,0,0,0,0.0,0.0,0.0
1787615090.952585,08:44:50.952,1229,66.119,27.73,1011.44,15.079,0.0,0.0,0.0,-0.62,-0.03,-0.13,-0.62,0.51,0.98,9.74,359.0,5.75,3.0,0,0,0,0.0,0.0,0.0
1787615090.952736,08:44:50.952,1230,66.129,27.73,1011.44,15.079,0.0,0.0,0.0,0.15,0.04,0.4,0.15,0.49,1.0,9.74,358.93,5.87,2.87,0,0,0,0.0,0.0,0.0
1787615090.952890,08:44:50.952,1231,66.139,27.73,1011.44,15.079,0.0,0.0,0.0,0.15,0.04,0.4,0.15,0.49,1.0,9.74,358.93,5.87,2.87,0,0,0,0.0,0.0,0.0
1787615090.953040,08:44:50.953,1232,66.149,27.73,1011.44,15.079,0.0,0.0,0.0,0.15,0.04,0.4,0.15,0.49,1.0,9.74,358.93,5.87,2.87,0,0,0,0.0,0.0,0.0
1787615091.054378,08:44:51.054,1233,66.159,27.73,1011.44,15.079,0.0,0.0,0.0,0.15,0.04,0.4,0.15,0.49,1.0,9.74,358.93,5.87,2.87,0,0,0,0.0,0.0,0.0
1787615091.054761,08:44:51.054,1234,66.169,27.71,1011.42,15.245,0.0,0.0,0.0,0.15,0.04,0.4,0.15,0.49,1.0,9.74,358.93,5.87,2.87,0,0,0,0.0,0.0,0.0
1787615091.054918,08:44:51.054,1235,66.179,27.71,1011.42,15.245,0.0,0.0,0.0,0.15,0.04,0.4,0.15,0.49,1.0,9.74,358.93,5.87,2.87,0,0,0,0.0,0.0,0.0
1787615091.055137,08:44:51.055,1236,66.189,27.71,1011.42,15.245,0.0,0.0,0.0,0.15,0.04,0.4,0.15,0.49,1.0,9.74,358.93,5.87,2.87,0,0,0,0.0,0.0,0.0
1787615091.055283,08:44:51.055,1237,66.199,27.71,1011.42,15.245,0.0,0.0,0.0,0.15,0.04,0.4,0.15,0.49,1.0,9.74,358.93,5.87,2.87,0,0,0,0.0,0.0,0.0
1787615091.055426,08:44:51.055,1238,66.209,27.71,1011.42,15.245,0.0,0.0,0.0,0.15,0.04,0.4,0.15,0.49,1.0,9.74,358.93,5.87,2.87,0,0,0,0.0,0.0,0.0
1787615091.055569,08:44:51.055,1239,66.219,27.71,1011.42,15.245,0.0,0.0,0.0,0.15,0.04,0.4,0.15,0.49,1.0,9.74,358.93,5.87,2.87,0,0,0,0.0,0.0,0.0
1787615091.055710,08:44:51.055,1240,66.229,27.71,1011.42,15.245,0.0,0.0,0.0,0.15,0.22,0.21,0.15,0.48,1.02,9.74,358.93,6.0,2.81,0,0,0,0.0,0.0,0.0
1787615091.055851,08:44:51.055,1241,66.239,27.71,1011.42,15.245,0.0,0.0,0.0,0.15,0.22,0.21,0.15,0.48,1.02,9.74,358.93,6.0,2.81,0,0,0,0.0,0.0,0.0
1787615091.055992,08:44:51.055,1242,66.249,27.71,1011.42,15.245,0.0,0.0,0.0,0.15,0.22,0.21,0.15,0.48,1.02,9.74,358.93,6.0,2.81,0,0,0,0.0,0.0,0.0
1787615091.156408,08:44:51.156,1243,66.259,27.71,1011.42,15.245,0.0,0.0,0.0,0.15,0.22,0.21,0.15,0.48,1.02,9.74,358.93,6.0,2.81,0,0,0,0.0,0.0,0.0
1787615091.156877,08:44:51.156,1244,66.269,27.71,1011.42,15.245,0.0,0.0,0.0,0.15,0.22,0.21,0.15,0.48,1.02,9.74,358.93,6.0,2.81,0,0,0,0.0,0.0,0.0
1787615091.157151,08:44:51.157,1245,66.279,27.71,1011.42,15.245,0.0,0.0,0.0,0.15,0.22,0.21,0.15,0.48,1.02,9.74,358.93,6.0,2.81,0,0,0,0.0,0.0,0.0
1787615091.157419,08:44:51.157,1246,66.289,27.71,1011.42,15.245,0.0,0.0,0.0,0.15,0.22,0.21,0.15,0.48,1.02,9.74,358.93,6.0,2.81,0,0,0,0.0,0.0,0.0
1787615091.157681,08:44:51.157,1247,66.299,27.71,1011.42,15.245,0.0,0.0,0.0,0.15,0.22,0.21,0.15,0.48,1.02,9.74,358.93,6.0,2.81,0,0,0,0.0,0.0,0.0
1787615091.157946,08:44:51.157,1248,66.309,27.71,1011.42,15.245,0.0,0.0,0.0,0.15,0.22,0.21,0.15,0.48,1.02,9.74,358.93,6.0,2.81,0,0,0,0.0,0.0,0.0
1787615091.158211,08:44:51.158,1249,66.319,27.71,1011.42,15.245,0.0,0.0,0.0,0.15,0.22,0.21,0.15,0.48,1.02,9.74,358.93,6.0,2.81,0,0,0,0.0,0.0,0.0
1787615091.158484,08:44:51.158,1250,66.329,27.71,1011.42,15.245,0.0,0.0,0.0,-0.3,-0.42,0.04,-0.3,0.48,0.96,9.74,359.0,5.62,2.81,0,0,0,0.0,0.0,0.0
1787615091.158753,08:44:51.158,1251,66.339,27.71,1011.42,15.245,0.0,0.0,0.0,-0.3,-0.42,0.04,-0.3,0.48,0.96,9.74,359.0,5.62,2.81,0,0,0,0.0,0.0,0.0
1787615091.159023,08:44:51.159,1252,66.349,27.71,1011.42,15.245,0.0,0.0,0.0,-0.3,-0.42,0.04,-0.3,0.48,0.96,9.74,359.0,5.62,2.81,0,0,0,0.0,0.0,0.0
1787615091.259682,08:44:51.259,1253,66.359,27.71,1011.42,15.245,0.0,0.0,0.0,-0.3,-0.42,0.04,-0.3,0.48,0.96,9.74,359.0,5.62,2.81,0,0,0,0.0,0.0,0.0
1787615091.259978,08:44:51.259,1254,66.369,27.72,1011.38,15.581,0.0,0.0,0.0,-0.3,-0.42,0.04,-0.3,0.48,0.96,9.74,359.0,5.62,2.81,0,0,0,0.0,0.0,0.0
1787615091.260129,08:44:51.260,1255,66.379,27.72,1011.38,15.581,0.0,0.0,0.0,-0.3,-0.42,0.04,-0.3,0.48,0.96,9.74,359.0,5.62,2.81,0,0,0,0.0,0.0,0.0
1787615091.260290,08:44:51.260,1256,66.389,27.72,1011.38,15.581,0.0,0.0,0.0,-0.3,-0.42,0.04,-0.3,0.48,0.96,9.74,359.0,5.62,2.81,0,0,0,0.0,0.0,0.0
1787615091.260431,08:44:51.260,1257,66.399,27.72,1011.38,15.581,0.0,0.0,0.0,-0.3,-0.42,0.04,-0.3,0.48,0.96,9.74,359.0,5.62,2.81,0,0,0,0.0,0.0,0.0
1787615091.260572,08:44:51.260,1258,66.409,27.72,1011.38,15.581,0.0,0.0,0.0,-0.3,-0.42,0.04,-0.3,0.48,0.96,9.74,359.0,5.62,2.81,0,0,0,0.0,0.0,0.0
1787615091.260710,08:44:51.260,1259,66.419,27.72,1011.38,15.581,0.0,0.0,0.0,-0.3,-0.42,0.04,-0.3,0.48,0.96,9.74,359.0,5.62,2.81,0,0,0,0.0,0.0,0.0
1787615091.260848,08:44:51.260,1260,66.429,27.72,1011.38,15.581,0.0,0.0,0.0,-0.3,0.01,0.0,-0.3,0.49,0.93,9.74,359.0,5.43,2.87,0,0,0,0.0,0.0,0.0
1787615091.260986,08:44:51.260,1261,66.439,27.72,1011.38,15.581,0.0,0.0,0.0,-0.3,0.01,0.0,-0.3,0.49,0.93,9.74,359.0,5.43,2.87,0,0,0,0.0,0.0,0.0
1787615091.261125,08:44:51.261,1262,66.449,27.72,1011.38,15.581,0.0,0.0,0.0,-0.3,0.01,0.0,-0.3,0.49,0.93,9.74,359.0,5.43,2.87,0,0,0,0.0,0.0,0.0
1787615091.361810,08:44:51.361,1263,66.459,27.72,1011.38,15.581,0.0,0.0,0.0,-0.3,0.01,0.0,-0.3,0.49,0.93,9.74,359.0,5.43,2.87,0,0,0,0.0,0.0,0.0
1787615091.362083,08:44:51.362,1264,66.469,27.72,1011.38,15.581,0.0,0.0,0.0,-0.3,0.01,0.0,-0.3,0.49,0.93,9.74,359.0,5.43,2.87,0,0,0,0.0,0.0,0.0
1787615091.362260,08:44:51.362,1265,66.479,27.72,1011.38,15.581,0.0,0.0,0.0,-0.3,0.01,0.0,-0.3,0.49,0.93,9.74,359.0,5.43,2.87,0,0,0,0.0,0.0,0.0
1787615091.362431,08:44:51.362,1266,66.489,27.72,1011.38,15.581,0.0,0.0,0.0,-0.3,0.01,0.0,-0.3,0.49,0.93,9.74,359.0,5.43,2.87,0,0,0,0.0,0.0,0.0
1787615091.362698,08:44:51.362,1267,66.499,27.72,1011.38,15.581,0.0,0.0,0.0,-0.3,0.01,0.0,-0.3,0.49,0.93,9.74,359.0,5.43,2.87,0,0,0,0.0,0.0,0.0
1787615091.362886,08:44:51.362,1268,66.509,27.72,1011.38,15.581,0.0,0.0,0.0,-0.3,0.01,0.0,-0.3,0.49,0.93,9.74,359.0,5.43,2.87,0,0,0,0.0,0.0,0.0
1787615091.363056,08:44:51.363,1269,66.519,27.72,1011.38,15.581,0.0,0.0,0.0,-0.3,0.01,0.0,-0.3,0.49,0.93,9.74,359.0,5.43,2.87,0,0,0,0.0,0.0,0.0
1787615091.363224,08:44:51.363,1270,66.529,27.72,1011.38,15.581,0.0,0.0,0.0,-0.1,-0.22,0.07,-0.1,0.49,0.97,9.74,358.93,5.68,2.87,0,0,0,0.0,0.0,0.0
1787615091.363395,08:44:51.363,1271,66.539,27.72,1011.38,15.581,0.0,0.0,0.0,-0.1,-0.22,0.07,-0.1,0.49,0.97,9.74,358.93,5.68,2.87,0,0,0,0.0,0.0,0.0
1787615091.363563,08:44:51.363,1272,66.549,27.72,1011.38,15.581,0.0,0.0,0.0,-0.1,-0.22,0.07,-0.1,0.49,0.97,9.74,358.93,5.68,2.87,0,0,0,0.0,0.0,0.0
1787615091.464046,08:44:51.464,1273,66.559,27.72,1011.38,15.581,0.0,0.0,0.0,-0.1,-0.22,0.07,-0.1,0.49,0.97,9.74,358.93,5.68,2.87,0,0,0,0.0,0.0,0.0
1787615091.464396,08:44:51.464,1274,66.569,27.74,1011.42,15.245,0.0,0.0,0.0,-0.1,-0.22,0.07,-0.1,0.49,0.97,9.74,358.93,5.68,2.87,0,0,0,0.0,0.0,0.0
1787615091.464564,08:44:51.464,1275,66.579,27.74,1011.42,15.245,0.0,0.0,0.0,-0.1,-0.22,0.07,-0.1,0.49,0.97,9.74,358.93,5.68,2.87,0,0,0,0.0,0.0,0.0
1787615091.464708,08:44:51.464,1276,66.589,27.74,1011.42,15.245,0.0,0.0,0.0,-0.1,-0.22,0.07,-0.1,0.49,0.97,9.74,358.93,5.68,2.87,0,0,0,0.0,0.0,0.0
1787615091.464852,08:44:51.464,1277,66.599,27.74,1011.42,15.245,0.0,0.0,0.0,-0.1,-0.22,0.07,-0.1,0.49,0.97,9.74,358.93,5.68,2.87,0,0,0,0.0,0.0,0.0
1787615091.464991,08:44:51.464,1278,66.609,27.74,1011.42,15.245,0.0,0.0,0.0,-0.1,-0.22,0.07,-0.1,0.49,0.97,9.74,358.93,5.68,2.87,0,0,0,0.0,0.0,0.0
1787615091.465129,08:44:51.465,1279,66.619,27.74,1011.42,15.245,0.0,0.0,0.0,-0.1,-0.22,0.07,-0.1,0.49,0.97,9.74,358.93,5.68,2.87,0,0,0,0.0,0.0,0.0
1787615091.465267,08:44:51.465,1280,66.629,27.74,1011.42,15.245,0.0,0.0,0.0,-0.26,-0.02,0.02,-0.26,0.49,1.02,9.74,358.87,5.93,2.87,0,0,0,0.0,0.0,0.0
1787615091.465408,08:44:51.465,1281,66.639,27.74,1011.42,15.245,0.0,0.0,0.0,-0.26,-0.02,0.02,-0.26,0.49,1.02,9.74,358.87,5.93,2.87,0,0,0,0.0,0.0,0.0
1787615091.465546,08:44:51.465,1282,66.649,27.74,1011.42,15.245,0.0,0.0,0.0,-0.26,-0.02,0.02,-0.26,0.49,1.02,9.74,358.87,5.93,2.87,0,0,0,0.0,0.0,0.0
1787615091.465683,08:44:51.465,1283,66.659,27.74,1011.42,15.245,0.0,0.0,0.0,-0.26,-0.02,0.02,-0.26,0.49,1.02,9.74,358.87,5.93,2.87,0,0,0,0.0,0.0,0.0
1787615091.566227,08:44:51.566,1284,66.669,27.74,1011.42,15.245,0.0,0.0,0.0,-0.26,-0.02,0.02,-0.26,0.49,1.02,9.74,358.87,5.93,2.87,0,0,0,0.0,0.0,0.0
1787615091.566703,08:44:51.566,1285,66.679,27.74,1011.42,15.245,0.0,0.0,0.0,-0.26,-0.02,0.02,-0.26,0.49,1.02,9.74,358.87,5.93,2.87,0,0,0,0.0,0.0,0.0
1787615091.566950,08:44:51.566,1286,66.689,27.74,1011.42,15.245,0.0,0.0,0.0,-0.26,-0.02,0.02,-0.26,0.49,1.02,9.74,358.87,5.93,2.87,0,0,0,0.0,0.0,0.0
1787615091.567185,08:44:51.567,1287,66.699,27.74,1011.42,15.245,0.0,0.0,0.0,-0.26,-0.02,0.02,-0.26,0.49,1.02,9.74,358.87,5.93,2.87,0,0,0,0.0,0.0,0.0
1787615091.567420,08:44:51.567,1288,66.709,27.74,1011.42,15.245,0.0,0.0,0.0,-0.26,-0.02,0.02,-0.26,0.49,1.02,9.74,358.87,5.93,2.87,0,0,0,0.0,0.0,0.0
1787615091.567648,08:44:51.567,1289,66.719,27.74,1011.42,15.245,0.0,0.0,0.0,-0.26,-0.02,0.02,-0.26,0.49,1.02,9.74,358.87,5.93,2.87,0,0,0,0.0,0.0,0.0
1787615091.567877,08:44:51.567,1290,66.729,27.74,1011.42,15.245,0.0,0.0,0.0,-0.43,0.04,0.5,-0.43,0.49,1.0,9.74,358.87,5.87,2.87,0,0,0,0.0,0.0,0.0
1787615091.568107,08:44:51.568,1291,66.739,27.74,1011.42,15.245,0.0,0.0,0.0,-0.43,0.04,0.5,-0.43,0.49,1.0,9.74,358.87,5.87,2.87,0,0,0,0.0,0.0,0.0
1787615091.568333,08:44:51.568,1292,66.749,27.74,1011.42,15.245,0.0,0.0,0.0,-0.43,0.04,0.5,-0.43,0.49,1.0,9.74,358.87,5.87,2.87,0,0,0,0.0,0.0,0.0
1787615091.568556,08:44:51.568,1293,66.759,27.74,1011.42,15.245,0.0,0.0,0.0,-0.43,0.04,0.5,-0.43,0.49,1.0,9.74,358.87,5.87,2.87,0,0,0,0.0,0.0,0.0
1787615091.669939,08:44:51.669,1294,66.769,27.72,1011.43,15.164,0.0,0.0,0.0,-0.43,0.04,0.5,-0.43,0.49,1.0,9.74,358.87,5.87,2.87,0,0,0,0.0,0.0,0.0
1787615091.670421,08:44:51.670,1295,66.779,27.72,1011.43,15.164,0.0,0.0,0.0,-0.43,0.04,0.5,-0.43,0.49,1.0,9.74,358.87,5.87,2.87,0,0,0,0.0,0.0,0.0
1787615091.670634,08:44:51.670,1296,66.789,27.72,1011.43,15.164,0.0,0.0,0.0,-0.43,0.04,0.5,-0.43,0.49,1.0,9.74,358.87,5.87,2.87,0,0,0,0.0,0.0,0.0
1787615091.670832,08:44:51.670,1297,66.799,27.72,1011.43,15.164,0.0,0.0,0.0,-0.43,0.04,0.5,-0.43,0.49,1.0,9.74,358.87,5.87,2.87,0,0,0,0.0,0.0,0.0
1787615091.671027,08:44:51.671,1298,66.809,27.72,1011.43,15.164,0.0,0.0,0.0,-0.43,0.04,0.5,-0.43,0.49,1.0,9.74,358.87,5.87,2.87,0,0,0,0.0,0.0,0.0
1787615091.671220,08:44:51.671,1299,66.819,27.72,1011.43,15.164,0.0,0.0,0.0,-0.43,0.04,0.5,-0.43,0.49,1.0,9.74,358.87,5.87,2.87,0,0,0,0.0,0.0,0.0
1787615091.671412,08:44:51.671,1300,66.829,27.72,1011.43,15.164,0.0,0.0,0.0,0.11,-1.26,-0.13,0.11,0.5,0.99,9.74,358.87,5.81,2.87,0,0,0,0.0,0.0,0.0
1787615091.671604,08:44:51.671,1301,66.839,27.72,1011.43,15.164,0.0,0.0,0.0,0.11,-1.26,-0.13,0.11,0.5,0.99,9.74,358.87,5.81,2.87,0,0,0,0.0,0.0,0.0
1787615091.671796,08:44:51.671,1302,66.849,27.72,1011.43,15.164,0.0,0.0,0.0,0.11,-1.26,-0.13,0.11,0.5,0.99,9.74,358.87,5.81,2.87,0,0,0,0.0,0.0,0.0
1787615091.671986,08:44:51.671,1303,66.859,27.72,1011.43,15.164,0.0,0.0,0.0,0.11,-1.26,-0.13,0.11,0.5,0.99,9.74,358.87,5.81,2.87,0,0,0,0.0,0.0,0.0
1787615091.672175,08:44:51.672,1304,66.869,27.72,1011.43,15.164,0.0,0.0,0.0,0.11,-1.26,-0.13,0.11,0.5,0.99,9.74,358.87,5.81,2.87,0,0,0,0.0,0.0,0.0
1787615091.773542,08:44:51.773,1305,66.879,27.72,1011.43,15.164,0.0,0.0,0.0,0.11,-1.26,-0.13,0.11,0.5,0.99,9.74,358.87,5.81,2.87,0,0,0,0.0,0.0,0.0
1787615091.773895,08:44:51.773,1306,66.889,27.72,1011.43,15.164,0.0,0.0,0.0,0.11,-1.26,-0.13,0.11,0.5,0.99,9.74,358.87,5.81,2.87,0,0,0,0.0,0.0,0.0
1787615091.774125,08:44:51.774,1307,66.899,27.72,1011.43,15.164,0.0,0.0,0.0,0.11,-1.26,-0.13,0.11,0.5,0.99,9.74,358.87,5.81,2.87,0,0,0,0.0,0.0,0.0
1787615091.774347,08:44:51.774,1308,66.909,27.72,1011.43,15.164,0.0,0.0,0.0,0.11,-1.26,-0.13,0.11,0.5,0.99,9.74,358.87,5.81,2.87,0,0,0,0.0,0.0,0.0
1787615091.774569,08:44:51.774,1309,66.919,27.72,1011.43,15.164,0.0,0.0,0.0,0.11,-1.26,-0.13,0.11,0.5,0.99,9.74,358.87,5.81,2.87,0,0,0,0.0,0.0,0.0
1787615091.774818,08:44:51.774,1310,66.929,27.72,1011.43,15.164,0.0,0.0,0.0,-2.49,0.14,-0.7,-2.49,0.52,0.96,9.74,358.5,5.62,3.06,0,0,0,0.0,0.0,0.0
1787615091.775190,08:44:51.775,1311,66.939,27.72,1011.43,15.164,0.0,0.0,0.0,-2.49,0.14,-0.7,-2.49,0.52,0.96,9.74,358.5,5.62,3.06,0,0,0,0.0,0.0,0.0
1787615091.775433,08:44:51.775,1312,66.949,27.72,1011.43,15.164,0.0,0.0,0.0,-2.49,0.14,-0.7,-2.49,0.52,0.96,9.74,358.5,5.62,3.06,0,0,0,0.0,0.0,0.0
1787615091.775662,08:44:51.775,1313,66.959,27.72,1011.43,15.164,0.0,0.0,0.0,-2.49,0.14,-0.7,-2.49,0.52,0.96,9.74,358.5,5.62,3.06,0,0,0,0.0,0.0,0.0
1787615091.775890,08:44:51.775,1314,66.969,27.73,1011.42,15.245,0.0,0.0,0.0,-2.49,0.14,-0.7,-2.49,0.52,0.96,9.74,358.5,5.62,3.06,0,0,0,0.0,0.0,0.0
1787615091.776114,08:44:51.776,1315,66.979,27.73,1011.42,15.245,0.0,0.0,0.0,-2.49,0.14,-0.7,-2.49,0.52,0.96,9.74,358.5,5.62,3.06,0,0,0,0.0,0.0,0.0
1787615091.876877,08:44:51.876,1316,66.989,27.73,1011.42,15.245,0.0,0.0,0.0,-2.49,0.14,-0.7,-2.49,0.52,0.96,9.74,358.5,5.62,3.06,0,0,0,0.0,0.0,0.0
1787615091.877256,08:44:51.877,1317,66.999,27.73,1011.42,15.245,0.0,0.0,0.0,-2.49,0.14,-0.7,-2.49,0.52,0.96,9.74,358.5,5.62,3.06,0,0,0,0.0,0.0,0.0
1787615091.877488,08:44:51.877,1318,67.009,27.73,1011.42,15.245,0.0,0.0,0.0,-2.49,0.14,-0.7,-2.49,0.52,0.96,9.74,358.5,5.62,3.06,0,0,0,0.0,0.0,0.0
1787615091.877713,08:44:51.877,1319,67.019,27.73,1011.42,15.245,0.0,0.0,0.0,-2.49,0.14,-0.7,-2.49,0.52,0.96,9.74,358.5,5.62,3.06,0,0,0,0.0,0.0,0.0
1787615091.878030,08:44:51.878,1320,67.029,27.73,1011.42,15.245,0.0,0.0,0.0,0.0,-0.13,0.53,0.0,0.52,1.05,9.73,358.68,6.18,3.06,0,0,0,0.0,0.0,0.0
1787615091.878307,08:44:51.878,1321,67.039,27.73,1011.42,15.245,0.0,0.0,0.0,0.0,-0.13,0.53,0.0,0.52,1.05,9.73,358.68,6.18,3.06,0,0,0,0.0,0.0,0.0
1787615091.878684,08:44:51.878,1322,67.049,27.73,1011.42,15.245,0.0,0.0,0.0,0.0,-0.13,0.53,0.0,0.52,1.05,9.73,358.68,6.18,3.06,0,0,0,0.0,0.0,0.0
1787615091.878925,08:44:51.878,1323,67.059,27.73,1011.42,15.245,0.0,0.0,0.0,0.0,-0.13,0.53,0.0,0.52,1.05,9.73,358.68,6.18,3.06,0,0,0,0.0,0.0,0.0
1787615091.979612,08:44:51.979,1324,67.069,27.73,1011.42,15.245,0.0,0.0,0.0,0.0,-0.13,0.53,0.0,0.52,1.05,9.73,358.68,6.18,3.06,0,0,0,0.0,0.0,0.0
1787615091.979936,08:44:51.979,1325,67.079,27.73,1011.42,15.245,0.0,0.0,0.0,0.0,-0.13,0.53,0.0,0.52,1.05,9.73,358.68,6.18,3.06,0,0,0,0.0,0.0,0.0
1787615091.980167,08:44:51.980,1326,67.089,27.73,1011.42,15.245,0.0,0.0,0.0,0.0,-0.13,0.53,0.0,0.52,1.05,9.73,358.68,6.18,3.06,0,0,0,0.0,0.0,0.0
1787615091.980392,08:44:51.980,1327,67.099,27.73,1011.42,15.245,0.0,0.0,0.0,0.0,-0.13,0.53,0.0,0.52,1.05,9.73,358.68,6.18,3.06,0,0,0,0.0,0.0,0.0
1787615091.980614,08:44:51.980,1328,67.109,27.73,1011.42,15.245,0.0,0.0,0.0,0.0,-0.13,0.53,0.0,0.52,1.05,9.73,358.68,6.18,3.06,0,0,0,0.0,0.0,0.0
1787615091.980832,08:44:51.980,1329,67.119,27.73,1011.42,15.245,0.0,0.0,0.0,0.0,-0.13,0.53,0.0,0.52,1.05,9.73,358.68,6.18,3.06,0,0,0,0.0,0.0,0.0
1787615091.981053,08:44:51.981,1330,67.129,27.73,1011.42,15.245,0.0,0.0,0.0,-0.05,-0.02,-0.1,-0.05,0.5,1.1,9.73,358.5,6.5,2.87,0,0,0,0.0,0.0,0.0
1787615092.082450,08:44:52.082,1331,67.139,27.73,1011.42,15.245,0.0,0.0,0.0,-0.05,-0.02,-0.1,-0.05,0.5,1.1,9.73,358.5,6.5,2.87,0,0,0,0.0,0.0,0.0
1787615092.082670,08:44:52.082,1332,67.149,27.73,1011.42,15.245,0.0,0.0,0.0,-0.05,-0.02,-0.1,-0.05,0.5,1.1,9.73,358.5,6.5,2.87,0,0,0,0.0,0.0,0.0
1787615092.082798,08:44:52.082,1333,67.159,27.73,1011.42,15.245,0.0,0.0,0.0,-0.05,-0.02,-0.1,-0.05,0.5,1.1,9.73,358.5,6.5,2.87,0,0,0,0.0,0.0,0.0
1787615092.082971,08:44:52.082,1334,67.169,27.73,1011.43,15.164,0.0,0.0,0.0,-0.05,-0.02,-0.1,-0.05,0.5,1.1,9.73,358.5,6.5,2.87,0,0,0,0.0,0.0,0.0
1787615092.083092,08:44:52.083,1335,67.179,27.73,1011.43,15.164,0.0,0.0,0.0,-0.05,-0.02,-0.1,-0.05,0.5,1.1,9.73,358.5,6.5,2.87,0,0,0,0.0,0.0,0.0
1787615092.083213,08:44:52.083,1336,67.189,27.73,1011.43,15.164,0.0,0.0,0.0,-0.05,-0.02,-0.1,-0.05,0.5,1.1,9.73,358.5,6.5,2.87,0,0,0,0.0,0.0,0.0
1787615092.083334,08:44:52.083,1337,67.199,27.73,1011.43,15.164,0.0,0.0,0.0,-0.05,-0.02,-0.1,-0.05,0.5,1.1,9.73,358.5,6.5,2.87,0,0,0,0.0,0.0,0.0
1787615092.083455,08:44:52.083,1338,67.209,27.73,1011.43,15.164,0.0,0.0,0.0,-0.05,-0.02,-0.1,-0.05,0.5,1.1,9.73,358.5,6.5,2.87,0,0,0,0.0,0.0,0.0
1787615092.083589,08:44:52.083,1339,67.219,27.73,1011.43,15.164,0.0,0.0,0.0,-0.05,-0.02,-0.1,-0.05,0.5,1.1,9.73,358.5,6.5,2.87,0,0,0,0.0,0.0,0.0
1787615092.083715,08:44:52.083,1340,67.229,27.73,1011.43,15.164,0.0,0.0,0.0,0.28,-0.33,0.25,0.28,0.51,1.15,9.72,358.56,6.75,2.93,0,0,0,0.0,0.0,0.0
1787615092.083835,08:44:52.083,1341,67.239,27.73,1011.43,15.164,0.0,0.0,0.0,0.28,-0.33,0.25,0.28,0.51,1.15,9.72,358.56,6.75,2.93,0,0,0,0.0,0.0,0.0
1787615092.083954,08:44:52.083,1342,67.249,27.73,1011.43,15.164,0.0,0.0,0.0,0.28,-0.33,0.25,0.28,0.51,1.15,9.72,358.56,6.75,2.93,0,0,0,0.0,0.0,0.0
1787615092.084074,08:44:52.084,1343,67.259,27.73,1011.43,15.164,0.0,0.0,0.0,0.28,-0.33,0.25,0.28,0.51,1.15,9.72,358.56,6.75,2.93,0,0,0,0.0,0.0,0.0
1787615092.084192,08:44:52.084,1344,67.269,27.73,1011.43,15.164,0.0,0.0,0.0,0.28,-0.33,0.25,0.28,0.51,1.15,9.72,358.56,6.75,2.93,0,0,0,0.0,0.0,0.0
1787615092.185482,08:44:52.185,1345,67.279,27.73,1011.43,15.164,0.0,0.0,0.0,0.28,-0.33,0.25,0.28,0.51,1.15,9.72,358.56,6.75,2.93,0,0,0,0.0,0.0,0.0
1787615092.185813,08:44:52.185,1346,67.289,27.73,1011.43,15.164,0.0,0.0,0.0,0.28,-0.33,0.25,0.28,0.51,1.15,9.72,358.56,6.75,2.93,0,0,0,0.0,0.0,0.0
1787615092.185997,08:44:52.185,1347,67.299,27.73,1011.43,15.164,0.0,0.0,0.0,0.28,-0.33,0.25,0.28,0.51,1.15,9.72,358.56,6.75,2.93,0,0,0,0.0,0.0,0.0
1787615092.186171,08:44:52.186,1348,67.309,27.73,1011.43,15.164,0.0,0.0,0.0,0.28,-0.33,0.25,0.28,0.51,1.15,9.72,358.56,6.75,2.93,0,0,0,0.0,0.0,0.0
1787615092.186342,08:44:52.186,1349,67.319,27.73,1011.43,15.164,0.0,0.0,0.0,0.28,-0.33,0.25,0.28,0.51,1.15,9.72,358.56,6.75,2.93,0,0,0,0.0,0.0,0.0
1787615092.186511,08:44:52.186,1350,67.329,27.73,1011.43,15.164,0.0,0.0,0.0,0.36,-0.04,-0.06,0.36,0.5,1.18,9.72,358.43,6.93,2.93,0,0,0,0.0,0.0,0.0
1787615092.186685,08:44:52.186,1351,67.339,27.73,1011.43,15.164,0.0,0.0,0.0,0.36,-0.04,-0.06,0.36,0.5,1.18,9.72,358.43,6.93,2.93,0,0,0,0.0,0.0,0.0
1787615092.186857,08:44:52.186,1352,67.349,27.73,1011.43,15.164,0.0,0.0,0.0,0.36,-0.04,-0.06,0.36,0.5,1.18,9.72,358.43,6.93,2.93,0,0,0,0.0,0.0,0.0
1787615092.187024,08:44:52.187,1353,67.359,27.73,1011.43,15.164,0.0,0.0,0.0,0.36,-0.04,-0.06,0.36,0.5,1.18,9.72,358.43,6.93,2.93,0,0,0,0.0,0.0,0.0
1787615092.187193,08:44:52.187,1354,67.369,27.72,1011.43,15.164,0.0,0.0,0.0,0.36,-0.04,-0.06,0.36,0.5,1.18,9.72,358.43,6.93,2.93,0,0,0,0.0,0.0,0.0
1787615092.187362,08:44:52.187,1355,67.379,27.72,1011.43,15.164,0.0,0.0,0.0,0.36,-0.04,-0.06,0.36,0.5,1.18,9.72,358.43,6.93,2.93,0,0,0,0.0,0.0,0.0
1787615092.288720,08:44:52.288,1356,67.389,27.72,1011.43,15.164,0.0,0.0,0.0,0.36,-0.04,-0.06,0.36,0.5,1.18,9.72,358.43,6.93,2.93,0,0,0,0.0,0.0,0.0
1787615092.289058,08:44:52.289,1357,67.399,27.72,1011.43,15.164,0.0,0.0,0.0,0.36,-0.04,-0.06,0.36,0.5,1.18,9.72,358.43,6.93,2.93,0,0,0,0.0,0.0,0.0
1787615092.289285,08:44:52.289,1358,67.409,27.72,1011.43,15.164,0.0,0.0,0.0,0.36,-0.04,-0.06,0.36,0.5,1.18,9.72,358.43,6.93,2.93,0,0,0,0.0,0.0,0.0
1787615092.289505,08:44:52.289,1359,67.419,27.72,1011.43,15.164,0.0,0.0,0.0,0.36,-0.04,-0.06,0.36,0.5,1.18,9.72,358.43,6.93,2.93,0,0,0,0.0,0.0,0.0
1787615092.289726,08:44:52.289,1360,67.429,27.72,1011.43,15.164,0.0,0.0,0.0,-0.87,0.05,-0.16,-0.87,0.53,1.11,9.72,358.25,6.5,3.06,0,0,0,0.0,0.0,0.0
1787615092.289948,08:44:52.289,1361,67.439,27.72,1011.43,15.164,0.0,0.0,0.0,-0.87,0.05,-0.16,-0.87,0.53,1.11,9.72,358.25,6.5,3.06,0,0,0,0.0,0.0,0.0
1787615092.290172,08:44:52.290,1362,67.449,27.72,1011.43,15.164,0.0,0.0,0.0,-0.87,0.05,-0.16,-0.87,0.53,1.11,9.72,358.25,6.5,3.06,0,0,0,0.0,0.0,0.0
1787615092.290391,08:44:52.290,1363,67.459,27.72,1011.43,15.164,0.0,0.0,0.0,-0.87,0.05,-0.16,-0.87,0.53,1.11,9.72,358.25,6.5,3.06,0,0,0,0.0,0.0,0.0
1787615092.290608,08:44:52.290,1364,67.469,27.72,1011.43,15.164,0.0,0.0,0.0,-0.87,0.05,-0.16,-0.87,0.53,1.11,9.72,358.25,6.5,3.06,0,0,0,0.0,0.0,0.0
1787615092.391887,08:44:52.391,1365,67.479,27.72,1011.43,15.164,0.0,0.0,0.0,-0.87,0.05,-0.16,-0.87,0.53,1.11,9.72,358.25,6.5,3.06,0,0,0,0.0,0.0,0.0
1787615092.392258,08:44:52.392,1366,67.489,27.72,1011.43,15.164,0.0,0.0,0.0,-0.87,0.05,-0.16,-0.87,0.53,1.11,9.72,358.25,6.5,3.06,0,0,0,0.0,0.0,0.0
1787615092.392493,08:44:52.392,1367,67.499,27.72,1011.43,15.164,0.0,0.0,0.0,-0.87,0.05,-0.16,-0.87,0.53,1.11,9.72,358.25,6.5,3.06,0,0,0,0.0,0.0,0.0
1787615092.392719,08:44:52.392,1368,67.509,27.72,1011.43,15.164,0.0,0.0,0.0,-0.87,0.05,-0.16,-0.87,0.53,1.11,9.72,358.25,6.5,3.06,0,0,0,0.0,0.0,0.0
1787615092.392942,08:44:52.392,1369,67.519,27.72,1011.43,15.164,0.0,0.0,0.0,-0.87,0.05,-0.16,-0.87,0.53,1.11,9.72,358.25,6.5,3.06,0,0,0,0.0,0.0,0.0
1787615092.393163,08:44:52.393,1370,67.529,27.72,1011.43,15.164,0.0,0.0,0.0,-1.04,0.2,0.16,-1.04,0.53,1.08,9.73,358.31,6.37,3.12,0,0,0,0.0,0.0,0.0
1787615092.393385,08:44:52.393,1371,67.539,27.72,1011.43,15.164,0.0,0.0,0.0,-1.04,0.2,0.16,-1.04,0.53,1.08,9.73,358.31,6.37,3.12,0,0,0,0.0,0.0,0.0
1787615092.393733,08:44:52.393,1372,67.549,27.72,1011.43,15.164,0.0,0.0,0.0,-1.04,0.2,0.16,-1.04,0.53,1.08,9.73,358.31,6.37,3.12,0,0,0,0.0,0.0,0.0
1787615092.394004,08:44:52.394,1373,67.559,27.72,1011.43,15.164,0.0,0.0,0.0,-1.04,0.2,0.16,-1.04,0.53,1.08,9.73,358.31,6.37,3.12,0,0,0,0.0,0.0,0.0
1787615092.394237,08:44:52.394,1374,67.569,27.73,1011.44,15.079,0.0,0.0,0.0,-1.04,0.2,0.16,-1.04,0.53,1.08,9.73,358.31,6.37,3.12,0,0,0,0.0,0.0,0.0
1787615092.394459,08:44:52.394,1375,67.579,27.73,1011.44,15.079,0.0,0.0,0.0,-1.04,0.2,0.16,-1.04,0.53,1.08,9.73,358.31,6.37,3.12,0,0,0,0.0,0.0,0.0
1787615092.394681,08:44:52.394,1376,67.589,27.73,1011.44,15.079,0.0,0.0,0.0,-1.04,0.2,0.16,-1.04,0.53,1.08,9.73,358.31,6.37,3.12,0,0,0,0.0,0.0,0.0
1787615092.495229,08:44:52.495,1377,67.599,27.73,1011.44,15.079,0.0,0.0,0.0,-1.04,0.2,0.16,-1.04,0.53,1.08,9.73,358.31,6.37,3.12,0,0,0,0.0,0.0,0.0
1787615092.495692,08:44:52.495,1378,67.609,27.73,1011.44,15.079,0.0,0.0,0.0,-1.04,0.2,0.16,-1.04,0.53,1.08,9.73,358.31,6.37,3.12,0,0,0,0.0,0.0,0.0
1787615092.495952,08:44:52.495,1379,67.619,27.73,1011.44,15.079,0.0,0.0,0.0,-1.04,0.2,0.16,-1.04,0.53,1.08,9.73,358.31,6.37,3.12,0,0,0,0.0,0.0,0.0
1787615092.496178,08:44:52.496,1380,67.629,27.73,1011.44,15.079,0.0,0.0,0.0,-1.0,0.43,0.68,-1.0,0.5,1.03,9.73,358.18,6.06,2.87,0,0,0,0.0,0.0,0.0
1787615092.496401,08:44:52.496,1381,67.639,27.73,1011.44,15.079,0.0,0.0,0.0,-1.0,0.43,0.68,-1.0,0.5,1.03,9.73,358.18,6.06,2.87,0,0,0,0.0,0.0,0.0
1787615092.496620,08:44:52.496,1382,67.649,27.73,1011.44,15.079,0.0,0.0,0.0,-1.0,0.43,0.68,-1.0,0.5,1.03,9.73,358.18,6.06,2.87,0,0,0,0.0,0.0,0.0
1787615092.496839,08:44:52.496,1383,67.659,27.73,1011.44,15.079,0.0,0.0,0.0,-1.0,0.43,0.68,-1.0,0.5,1.03,9.73,358.18,6.06,2.87,0,0,0,0.0,0.0,0.0
1787615092.497112,08:44:52.497,1384,67.669,27.73,1011.44,15.079,0.0,0.0,0.0,-1.0,0.43,0.68,-1.0,0.5,1.03,9.73,358.18,6.06,2.87,0,0,0,0.0,0.0,0.0
1787615092.497331,08:44:52.497,1385,67.679,27.73,1011.44,15.079,0.0,0.0,0.0,-1.0,0.43,0.68,-1.0,0.5,1.03,9.73,358.18,6.06,2.87,0,0,0,0.0,0.0,0.0
1787615092.497547,08:44:52.497,1386,67.689,27.73,1011.44,15.079,0.0,0.0,0.0,-1.0,0.43,0.68,-1.0,0.5,1.03,9.73,358.18,6.06,2.87,0,0,0,0.0,0.0,0.0
1787615092.599073,08:44:52.599,1387,67.699,27.73,1011.44,15.079,0.0,0.0,0.0,-1.0,0.43,0.68,-1.0,0.5,1.03,9.73,358.18,6.06,2.87,0,0,0,0.0,0.0,0.0
1787615092.600914,08:44:52.600,1388,67.709,27.73,1011.44,15.079,0.0,0.0,0.0,-1.0,0.43,0.68,-1.0,0.5,1.03,9.73,358.18,6.06,2.87,0,0,0,0.0,0.0,0.0
1787615092.601588,08:44:52.601,1389,67.719,27.73,1011.44,15.079,0.0,0.0,0.0,-1.0,0.43,0.68,-1.0,0.5,1.03,9.73,358.18,6.06,2.87,0,0,0,0.0,0.0,0.0
1787615092.602056,08:44:52.602,1390,67.729,27.73,1011.44,15.079,0.0,0.0,0.0,-0.56,0.03,0.57,-0.56,0.5,1.07,9.73,358.31,6.25,2.93,0,0,0,0.0,0.0,0.0
1787615092.602409,08:44:52.602,1391,67.739,27.73,1011.44,15.079,0.0,0.0,0.0,-0.56,0.03,0.57,-0.56,0.5,1.07,9.73,358.31,6.25,2.93,0,0,0,0.0,0.0,0.0
1787615092.602748,08:44:52.602,1392,67.749,27.73,1011.44,15.079,0.0,0.0,0.0,-0.56,0.03,0.57,-0.56,0.5,1.07,9.73,358.31,6.25,2.93,0,0,0,0.0,0.0,0.0
1787615092.603091,08:44:52.603,1393,67.759,27.73,1011.44,15.079,0.0,0.0,0.0,-0.56,0.03,0.57,-0.56,0.5,1.07,9.73,358.31,6.25,2.93,0,0,0,0.0,0.0,0.0
1787615092.603445,08:44:52.603,1394,67.769,27.72,1011.44,15.079,0.0,0.0,0.0,-0.56,0.03,0.57,-0.56,0.5,1.07,9.73,358.31,6.25,2.93,0,0,0,0.0,0.0,0.0
1787615092.603809,08:44:52.603,1395,67.779,27.72,1011.44,15.079,0.0,0.0,0.0,-0.56,0.03,0.57,-0.56,0.5,1.07,9.73,358.31,6.25,2.93,0,0,0,0.0,0.0,0.0
1787615092.604142,08:44:52.604,1396,67.789,27.72,1011.44,15.079,0.0,0.0,0.0,-0.56,0.03,0.57,-0.56,0.5,1.07,9.73,358.31,6.25,2.93,0,0,0,0.0,0.0,0.0
1787615092.604488,08:44:52.604,1397,67.799,27.72,1011.44,15.079,0.0,0.0,0.0,-0.56,0.03,0.57,-0.56,0.5,1.07,9.73,358.31,6.25,2.93,0,0,0,0.0,0.0,0.0
1787615092.705197,08:44:52.705,1398,67.809,27.72,1011.44,15.079,0.0,0.0,0.0,-0.56,0.03,0.57,-0.56,0.5,1.07,9.73,358.31,6.25,2.93,0,0,0,0.0,0.0,0.0
1787615092.706618,08:44:52.706,1399,67.819,27.72,1011.44,15.079,0.0,0.0,0.0,-0.56,0.03,0.57,-0.56,0.5,1.07,9.73,358.31,6.25,2.93,0,0,0,0.0,0.0,0.0
1787615092.707074,08:44:52.707,1400,67.829,27.72,1011.44,15.079,0.0,0.0,0.0,0.41,-0.21,-0.07,0.41,0.49,1.08,9.73,358.31,6.31,2.87,0,0,0,0.0,0.0,0.0
1787615092.707498,08:44:52.707,1401,67.839,27.72,1011.44,15.079,0.0,0.0,0.0,0.41,-0.21,-0.07,0.41,0.49,1.08,9.73,358.31,6.31,2.87,0,0,0,0.0,0.0,0.0
1787615092.707897,08:44:52.707,1402,67.849,27.72,1011.44,15.079,0.0,0.0,0.0,0.41,-0.21,-0.07,0.41,0.49,1.08,9.73,358.31,6.31,2.87,0,0,0,0.0,0.0,0.0
1787615092.708311,08:44:52.708,1403,67.859,27.72,1011.44,15.079,0.0,0.0,0.0,0.41,-0.21,-0.07,0.41,0.49,1.08,9.73,358.31,6.31,2.87,0,0,0,0.0,0.0,0.0
1787615092.708696,08:44:52.708,1404,67.869,27.72,1011.44,15.079,0.0,0.0,0.0,0.41,-0.21,-0.07,0.41,0.49,1.08,9.73,358.31,6.31,2.87,0,0,0,0.0,0.0,0.0
1787615092.709072,08:44:52.709,1405,67.879,27.72,1011.44,15.079,0.0,0.0,0.0,0.41,-0.21,-0.07,0.41,0.49,1.08,9.73,358.31,6.31,2.87,0,0,0,0.0,0.0,0.0
1787615092.709453,08:44:52.709,1406,67.889,27.72,1011.44,15.079,0.0,0.0,0.0,0.41,-0.21,-0.07,0.41,0.49,1.08,9.73,358.31,6.31,2.87,0,0,0,0.0,0.0,0.0
1787615092.709790,08:44:52.709,1407,67.899,27.72,1011.44,15.079,0.0,0.0,0.0,0.41,-0.21,-0.07,0.41,0.49,1.08,9.73,358.31,6.31,2.87,0,0,0,0.0,0.0,0.0
1787615092.710159,08:44:52.710,1408,67.909,27.72,1011.44,15.079,0.0,0.0,0.0,0.41,-0.21,-0.07,0.41,0.49,1.08,9.73,358.31,6.31,2.87,0,0,0,0.0,0.0,0.0
1787615092.811716,08:44:52.811,1409,67.919,27.72,1011.44,15.079,0.0,0.0,0.0,0.41,-0.21,-0.07,0.41,0.49,1.08,9.73,358.31,6.31,2.87,0,0,0,0.0,0.0,0.0
1787615092.812093,08:44:52.812,1410,67.929,27.72,1011.44,15.079,0.0,0.0,0.0,0.04,-0.11,-0.07,0.04,0.49,1.02,9.73,358.31,6.0,2.87,0,0,0,0.0,0.0,0.0
1787615092.812329,08:44:52.812,1411,67.939,27.72,1011.44,15.079,0.0,0.0,0.0,0.04,-0.11,-0.07,0.04,0.49,1.02,9.73,358.31,6.0,2.87,0,0,0,0.0,0.0,0.0
1787615092.812556,08:44:52.812,1412,67.949,27.72,1011.44,15.079,0.0,0.0,0.0,0.04,-0.11,-0.07,0.04,0.49,1.02,9.73,358.31,6.0,2.87,0,0,0,0.0,0.0,0.0
1787615092.812780,08:44:52.812,1413,67.959,27.72,1011.44,15.079,0.0,0.0,0.0,0.04,-0.11,-0.07,0.04,0.49,1.02,9.73,358.31,6.0,2.87,0,0,0,0.0,0.0,0.0
1787615092.813004,08:44:52.813,1414,67.969,27.72,1011.42,15.245,0.0,0.0,0.0,0.04,-0.11,-0.07,0.04,0.49,1.02,9.73,358.31,6.0,2.87,0,0,0,0.0,0.0,0.0
1787615092.813229,08:44:52.813,1415,67.979,27.72,1011.42,15.245,0.0,0.0,0.0,0.04,-0.11,-0.07,0.04,0.49,1.02,9.73,358.31,6.0,2.87,0,0,0,0.0,0.0,0.0
1787615092.813452,08:44:52.813,1416,67.989,27.72,1011.42,15.245,0.0,0.0,0.0,0.04,-0.11,-0.07,0.04,0.49,1.02,9.73,358.31,6.0,2.87,0,0,0,0.0,0.0,0.0
1787615092.813673,08:44:52.813,1417,67.999,27.72,1011.42,15.245,0.0,0.0,0.0,0.04,-0.11,-0.07,0.04,0.49,1.02,9.73,358.31,6.0,2.87,0,0,0,0.0,0.0,0.0
1787615092.813893,08:44:52.813,1418,68.009,27.72,1011.42,15.245,0.0,0.0,0.0,0.04,-0.11,-0.07,0.04,0.49,1.02,9.73,358.31,6.0,2.87,0,0,0,0.0,0.0,0.0
1787615092.915323,08:44:52.915,1419,68.019,27.72,1011.42,15.245,0.0,0.0,0.0,0.04,-0.11,-0.07,0.04,0.49,1.02,9.73,358.31,6.0,2.87,0,0,0,0.0,0.0,0.0
1787615092.916275,08:44:52.916,1420,68.029,27.72,1011.42,15.245,0.0,0.0,0.0,-0.17,-0.04,-0.14,-0.17,0.49,0.99,9.74,358.31,5.75,2.87,0,0,0,0.0,0.0,0.0
1787615092.916559,08:44:52.916,1421,68.039,27.72,1011.42,15.245,0.0,0.0,0.0,-0.17,-0.04,-0.14,-0.17,0.49,0.99,9.74,358.31,5.75,2.87,0,0,0,0.0,0.0,0.0
1787615092.916921,08:44:52.916,1422,68.049,27.72,1011.42,15.245,0.0,0.0,0.0,-0.17,-0.04,-0.14,-0.17,0.49,0.99,9.74,358.31,5.75,2.87,0,0,0,0.0,0.0,0.0
1787615092.917211,08:44:52.917,1423,68.059,27.72,1011.42,15.245,0.0,0.0,0.0,-0.17,-0.04,-0.14,-0.17,0.49,0.99,9.74,358.31,5.75,2.87,0,0,0,0.0,0.0,0.0
1787615092.917480,08:44:52.917,1424,68.069,27.72,1011.42,15.245,0.0,0.0,0.0,-0.17,-0.04,-0.14,-0.17,0.49,0.99,9.74,358.31,5.75,2.87,0,0,0,0.0,0.0,0.0
1787615092.917742,08:44:52.917,1425,68.079,27.72,1011.42,15.245,0.0,0.0,0.0,-0.17,-0.04,-0.14,-0.17,0.49,0.99,9.74,358.31,5.75,2.87,0,0,0,0.0,0.0,0.0
1787615092.917999,08:44:52.917,1426,68.089,27.72,1011.42,15.245,0.0,0.0,0.0,-0.17,-0.04,-0.14,-0.17,0.49,0.99,9.74,358.31,5.75,2.87,0,0,0,0.0,0.0,0.0
1787615092.918320,08:44:52.918,1427,68.099,27.72,1011.42,15.245,0.0,0.0,0.0,-0.17,-0.04,-0.14,-0.17,0.49,0.99,9.74,358.31,5.75,2.87,0,0,0,0.0,0.0,0.0
1787615092.918579,08:44:52.918,1428,68.109,27.72,1011.42,15.245,0.0,0.0,0.0,-0.17,-0.04,-0.14,-0.17,0.49,0.99,9.74,358.31,5.75,2.87,0,0,0,0.0,0.0,0.0
1787615092.918837,08:44:52.918,1429,68.119,27.72,1011.42,15.245,0.0,0.0,0.0,-0.17,-0.04,-0.14,-0.17,0.49,0.99,9.74,358.31,5.75,2.87,0,0,0,0.0,0.0,0.0
1787615093.020296,08:44:53.020,1430,68.129,27.72,1011.42,15.245,0.0,0.0,0.0,0.04,-0.12,0.03,0.04,0.48,1.0,9.74,358.31,5.81,2.81,0,0,0,0.0,0.0,0.0
1787615093.020550,08:44:53.020,1431,68.139,27.72,1011.42,15.245,0.0,0.0,0.0,0.04,-0.12,0.03,0.04,0.48,1.0,9.74,358.31,5.81,2.81,0,0,0,0.0,0.0,0.0
1787615093.020673,08:44:53.020,1432,68.149,27.72,1011.42,15.245,0.0,0.0,0.0,0.04,-0.12,0.03,0.04,0.48,1.0,9.74,358.31,5.81,2.81,0,0,0,0.0,0.0,0.0
1787615093.020792,08:44:53.020,1433,68.159,27.72,1011.42,15.245,0.0,0.0,0.0,0.04,-0.12,0.03,0.04,0.48,1.0,9.74,358.31,5.81,2.81,0,0,0,0.0,0.0,0.0
1787615093.020951,08:44:53.020,1434,68.169,27.71,1011.42,15.245,0.0,0.0,0.0,0.04,-0.12,0.03,0.04,0.48,1.0,9.74,358.31,5.81,2.81,0,0,0,0.0,0.0,0.0
1787615093.021066,08:44:53.021,1435,68.179,27.71,1011.42,15.245,0.0,0.0,0.0,0.04,-0.12,0.03,0.04,0.48,1.0,9.74,358.31,5.81,2.81,0,0,0,0.0,0.0,0.0
1787615093.021179,08:44:53.021,1436,68.189,27.71,1011.42,15.245,0.0,0.0,0.0,0.04,-0.12,0.03,0.04,0.48,1.0,9.74,358.31,5.81,2.81,0,0,0,0.0,0.0,0.0
1787615093.021294,08:44:53.021,1437,68.199,27.71,1011.42,15.245,0.0,0.0,0.0,0.04,-0.12,0.03,0.04,0.48,1.0,9.74,358.31,5.81,2.81,0,0,0,0.0,0.0,0.0
1787615093.122589,08:44:53.122,1438,68.209,27.71,1011.42,15.245,0.0,0.0,0.0,0.04,-0.12,0.03,0.04,0.48,1.0,9.74,358.31,5.81,2.81,0,0,0,0.0,0.0,0.0
1787615093.122868,08:44:53.122,1439,68.219,27.71,1011.42,15.245,0.0,0.0,0.0,0.04,-0.12,0.03,0.04,0.48,1.0,9.74,358.31,5.81,2.81,0,0,0,0.0,0.0,0.0
1787615093.123044,08:44:53.123,1440,68.229,27.71,1011.42,15.245,0.0,0.0,0.0,0.37,0.12,0.48,0.37,0.49,1.01,9.74,358.25,5.87,2.87,0,0,0,0.0,0.0,0.0
1787615093.123215,08:44:53.123,1441,68.239,27.71,1011.42,15.245,0.0,0.0,0.0,0.37,0.12,0.48,0.37,0.49,1.01,9.74,358.25,5.87,2.87,0,0,0,0.0,0.0,0.0
1787615093.123383,08:44:53.123,1442,68.249,27.71,1011.42,15.245,0.0,0.0,0.0,0.37,0.12,0.48,0.37,0.49,1.01,9.74,358.25,5.87,2.87,0,0,0,0.0,0.0,0.0
1787615093.123550,08:44:53.123,1443,68.259,27.71,1011.42,15.245,0.0,0.0,0.0,0.37,0.12,0.48,0.37,0.49,1.01,9.74,358.25,5.87,2.87,0,0,0,0.0,0.0,0.0
1787615093.123718,08:44:53.123,1444,68.269,27.71,1011.42,15.245,0.0,0.0,0.0,0.37,0.12,0.48,0.37,0.49,1.01,9.74,358.25,5.87,2.87,0,0,0,0.0,0.0,0.0
1787615093.123886,08:44:53.123,1445,68.279,27.71,1011.42,15.245,0.0,0.0,0.0,0.37,0.12,0.48,0.37,0.49,1.01,9.74,358.25,5.87,2.87,0,0,0,0.0,0.0,0.0
1787615093.124053,08:44:53.124,1446,68.289,27.71,1011.42,15.245,0.0,0.0,0.0,0.37,0.12,0.48,0.37,0.49,1.01,9.74,358.25,5.87,2.87,0,0,0,0.0,0.0,0.0
1787615093.124219,08:44:53.124,1447,68.299,27.71,1011.42,15.245,0.0,0.0,0.0,0.37,0.12,0.48,0.37,0.49,1.01,9.74,358.25,5.87,2.87,0,0,0,0.0,0.0,0.0
1787615093.124387,08:44:53.124,1448,68.309,27.71,1011.42,15.245,0.0,0.0,0.0,0.37,0.12,0.48,0.37,0.49,1.01,9.74,358.25,5.87,2.87,0,0,0,0.0,0.0,0.0
1787615093.224990,08:44:53.224,1449,68.319,27.71,1011.42,15.245,0.0,0.0,0.0,0.37,0.12,0.48,0.37,0.49,1.01,9.74,358.25,5.87,2.87,0,0,0,0.0,0.0,0.0
1787615093.225312,08:44:53.225,1450,68.329,27.71,1011.42,15.245,0.0,0.0,0.0,-0.2,-0.06,0.14,-0.2,0.48,1.01,9.74,358.25,5.93,2.81,0,0,0,0.0,0.0,0.0
1787615093.225521,08:44:53.225,1451,68.339,27.71,1011.42,15.245,0.0,0.0,0.0,-0.2,-0.06,0.14,-0.2,0.48,1.01,9.74,358.25,5.93,2.81,0,0,0,0.0,0.0,0.0
1787615093.225716,08:44:53.225,1452,68.349,27.71,1011.42,15.245,0.0,0.0,0.0,-0.2,-0.06,0.14,-0.2,0.48,1.01,9.74,358.25,5.93,2.81,0,0,0,0.0,0.0,0.0
1787615093.225907,08:44:53.225,1453,68.359,27.71,1011.42,15.245,0.0,0.0,0.0,-0.2,-0.06,0.14,-0.2,0.48,1.01,9.74,358.25,5.93,2.81,0,0,0,0.0,0.0,0.0
1787615093.226097,08:44:53.226,1454,68.369,27.73,1011.45,14.997,0.0,0.0,0.0,-0.2,-0.06,0.14,-0.2,0.48,1.01,9.74,358.25,5.93,2.81,0,0,0,0.0,0.0,0.0
1787615093.226296,08:44:53.226,1455,68.379,27.73,1011.45,14.997,0.0,0.0,0.0,-0.2,-0.06,0.14,-0.2,0.48,1.01,9.74,358.25,5.93,2.81,0,0,0,0.0,0.0,0.0
1787615093.226492,08:44:53.226,1456,68.389,27.73,1011.45,14.997,0.0,0.0,0.0,-0.2,-0.06,0.14,-0.2,0.48,1.01,9.74,358.25,5.93,2.81,0,0,0,0.0,0.0,0.0
1787615093.226680,08:44:53.226,1457,68.399,27.73,1011.45,14.997,0.0,0.0,0.0,-0.2,-0.06,0.14,-0.2,0.48,1.01,9.74,358.25,5.93,2.81,0,0,0,0.0,0.0,0.0
1787615093.226878,08:44:53.226,1458,68.409,27.73,1011.45,14.997,0.0,0.0,0.0,-0.2,-0.06,0.14,-0.2,0.48,1.01,9.74,358.25,5.93,2.81,0,0,0,0.0,0.0,0.0
1787615093.328274,08:44:53.328,1459,68.419,27.73,1011.45,14.997,0.0,0.0,0.0,-0.2,-0.06,0.14,-0.2,0.48,1.01,9.74,358.25,5.93,2.81,0,0,0,0.0,0.0,0.0
1787615093.328576,08:44:53.328,1460,68.429,27.73,1011.45,14.997,0.0,0.0,0.0,-0.65,0.17,0.25,-0.65,0.49,1.04,9.73,358.25,6.12,2.87,0,0,0,0.0,0.0,0.0
1787615093.328727,08:44:53.328,1461,68.439,27.73,1011.45,14.997,0.0,0.0,0.0,-0.65,0.17,0.25,-0.65,0.49,1.04,9.73,358.25,6.12,2.87,0,0,0,0.0,0.0,0.0
1787615093.328875,08:44:53.328,1462,68.449,27.73,1011.45,14.997,0.0,0.0,0.0,-0.65,0.17,0.25,-0.65,0.49,1.04,9.73,358.25,6.12,2.87,0,0,0,0.0,0.0,0.0
1787615093.329015,08:44:53.329,1463,68.459,27.73,1011.45,14.997,0.0,0.0,0.0,-0.65,0.17,0.25,-0.65,0.49,1.04,9.73,358.25,6.12,2.87,0,0,0,0.0,0.0,0.0
1787615093.329151,08:44:53.329,1464,68.469,27.73,1011.45,14.997,0.0,0.0,0.0,-0.65,0.17,0.25,-0.65,0.49,1.04,9.73,358.25,6.12,2.87,0,0,0,0.0,0.0,0.0
1787615093.329291,08:44:53.329,1465,68.479,27.73,1011.45,14.997,0.0,0.0,0.0,-0.65,0.17,0.25,-0.65,0.49,1.04,9.73,358.25,6.12,2.87,0,0,0,0.0,0.0,0.0
1787615093.329429,08:44:53.329,1466,68.489,27.73,1011.45,14.997,0.0,0.0,0.0,-0.65,0.17,0.25,-0.65,0.49,1.04,9.73,358.25,6.12,2.87,0,0,0,0.0,0.0,0.0
1787615093.329566,08:44:53.329,1467,68.499,27.73,1011.45,14.997,0.0,0.0,0.0,-0.65,0.17,0.25,-0.65,0.49,1.04,9.73,358.25,6.12,2.87,0,0,0,0.0,0.0,0.0
1787615093.329703,08:44:53.329,1468,68.509,27.73,1011.45,14.997,0.0,0.0,0.0,-0.65,0.17,0.25,-0.65,0.49,1.04,9.73,358.25,6.12,2.87,0,0,0,0.0,0.0,0.0
1787615093.329841,08:44:53.329,1469,68.519,27.73,1011.45,14.997,0.0,0.0,0.0,-0.65,0.17,0.25,-0.65,0.49,1.04,9.73,358.25,6.12,2.87,0,0,0,0.0,0.0,0.0
1787615093.430973,08:44:53.430,1470,68.529,27.73,1011.45,14.997,0.0,0.0,0.0,-0.99,0.24,0.24,-0.99,0.51,1.07,9.73,358.31,6.25,2.93,0,0,0,0.0,0.0,0.0
1787615093.431340,08:44:53.431,1471,68.539,27.73,1011.45,14.997,0.0,0.0,0.0,-0.99,0.24,0.24,-0.99,0.51,1.07,9.73,358.31,6.25,2.93,0,0,0,0.0,0.0,0.0
1787615093.431557,08:44:53.431,1472,68.549,27.73,1011.45,14.997,0.0,0.0,0.0,-0.99,0.24,0.24,-0.99,0.51,1.07,9.73,358.31,6.25,2.93,0,0,0,0.0,0.0,0.0
1787615093.431757,08:44:53.431,1473,68.559,27.73,1011.45,14.997,0.0,0.0,0.0,-0.99,0.24,0.24,-0.99,0.51,1.07,9.73,358.31,6.25,2.93,0,0,0,0.0,0.0,0.0
1787615093.431953,08:44:53.431,1474,68.569,27.73,1011.44,15.079,0.0,0.0,0.0,-0.99,0.24,0.24,-0.99,0.51,1.07,9.73,358.31,6.25,2.93,0,0,0,0.0,0.0,0.0
1787615093.432147,08:44:53.432,1475,68.579,27.73,1011.44,15.079,0.0,0.0,0.0,-0.99,0.24,0.24,-0.99,0.51,1.07,9.73,358.31,6.25,2.93,0,0,0,0.0,0.0,0.0
1787615093.432338,08:44:53.432,1476,68.589,27.73,1011.44,15.079,0.0,0.0,0.0,-0.99,0.24,0.24,-0.99,0.51,1.07,9.73,358.31,6.25,2.93,0,0,0,0.0,0.0,0.0
1787615093.432626,08:44:53.432,1477,68.599,27.73,1011.44,15.079,0.0,0.0,0.0,-0.99,0.24,0.24,-0.99,0.51,1.07,9.73,358.31,6.25,2.93,0,0,0,0.0,0.0,0.0
1787615093.432842,08:44:53.432,1478,68.609,27.73,1011.44,15.079,0.0,0.0,0.0,-0.99,0.24,0.24,-0.99,0.51,1.07,9.73,358.31,6.25,2.93,0,0,0,0.0,0.0,0.0
1787615093.433036,08:44:53.433,1479,68.619,27.73,1011.44,15.079,0.0,0.0,0.0,-0.99,0.24,0.24,-0.99,0.51,1.07,9.73,358.31,6.25,2.93,0,0,0,0.0,0.0,0.0
1787615093.534498,08:44:53.534,1480,68.629,27.73,1011.44,15.079,0.0,0.0,0.0,-0.19,-0.02,0.12,-0.19,0.51,1.04,9.73,358.25,6.12,3.0,0,0,0,0.0,0.0,0.0
1787615093.536030,08:44:53.536,1481,68.639,27.73,1011.44,15.079,0.0,0.0,0.0,-0.19,-0.02,0.12,-0.19,0.51,1.04,9.73,358.25,6.12,3.0,0,0,0,0.0,0.0,0.0
1787615093.536630,08:44:53.536,1482,68.649,27.73,1011.44,15.079,0.0,0.0,0.0,-0.19,-0.02,0.12,-0.19,0.51,1.04,9.73,358.25,6.12,3.0,0,0,0,0.0,0.0,0.0
1787615093.537123,08:44:53.537,1483,68.659,27.73,1011.44,15.079,0.0,0.0,0.0,-0.19,-0.02,0.12,-0.19,0.51,1.04,9.73,358.25,6.12,3.0,0,0,0,0.0,0.0,0.0
1787615093.537738,08:44:53.537,1484,68.669,27.73,1011.44,15.079,0.0,0.0,0.0,-0.19,-0.02,0.12,-0.19,0.51,1.04,9.73,358.25,6.12,3.0,0,0,0,0.0,0.0,0.0
1787615093.538222,08:44:53.538,1485,68.679,27.73,1011.44,15.079,0.0,0.0,0.0,-0.19,-0.02,0.12,-0.19,0.51,1.04,9.73,358.25,6.12,3.0,0,0,0,0.0,0.0,0.0
1787615093.538696,08:44:53.538,1486,68.689,27.73,1011.44,15.079,0.0,0.0,0.0,-0.19,-0.02,0.12,-0.19,0.51,1.04,9.73,358.25,6.12,3.0,0,0,0,0.0,0.0,0.0
1787615093.539099,08:44:53.539,1487,68.699,27.73,1011.44,15.079,0.0,0.0,0.0,-0.19,-0.02,0.12,-0.19,0.51,1.04,9.73,358.25,6.12,3.0,0,0,0,0.0,0.0,0.0
1787615093.539480,08:44:53.539,1488,68.709,27.73,1011.44,15.079,0.0,0.0,0.0,-0.19,-0.02,0.12,-0.19,0.51,1.04,9.73,358.25,6.12,3.0,0,0,0,0.0,0.0,0.0
1787615093.539873,08:44:53.539,1489,68.719,27.73,1011.44,15.079,0.0,0.0,0.0,-0.19,-0.02,0.12,-0.19,0.51,1.04,9.73,358.25,6.12,3.0,0,0,0,0.0,0.0,0.0
1787615093.540252,08:44:53.540,1490,68.729,27.73,1011.44,15.079,0.0,0.0,0.0,0.0,-0.06,0.1,0.0,0.51,1.03,9.73,358.25,6.06,2.93,0,0,0,0.0,0.0,0.0
1787615093.641836,08:44:53.641,1491,68.739,27.73,1011.44,15.079,0.0,0.0,0.0,0.0,-0.06,0.1,0.0,0.51,1.03,9.73,358.25,6.06,2.93,0,0,0,0.0,0.0,0.0
1787615093.642293,08:44:53.642,1492,68.749,27.73,1011.44,15.079,0.0,0.0,0.0,0.0,-0.06,0.1,0.0,0.51,1.03,9.73,358.25,6.06,2.93,0,0,0,0.0,0.0,0.0
1787615093.642534,08:44:53.642,1493,68.759,27.73,1011.44,15.079,0.0,0.0,0.0,0.0,-0.06,0.1,0.0,0.51,1.03,9.73,358.25,6.06,2.93,0,0,0,0.0,0.0,0.0
1787615093.642757,08:44:53.642,1494,68.769,27.71,1011.4,15.412,0.0,0.0,0.0,0.0,-0.06,0.1,0.0,0.51,1.03,9.73,358.25,6.06,2.93,0,0,0,0.0,0.0,0.0
1787615093.642981,08:44:53.642,1495,68.779,27.71,1011.4,15.412,0.0,0.0,0.0,0.0,-0.06,0.1,0.0,0.51,1.03,9.73,358.25,6.06,2.93,0,0,0,0.0,0.0,0.0
1787615093.643199,08:44:53.643,1496,68.789,27.71,1011.4,15.412,0.0,0.0,0.0,0.0,-0.06,0.1,0.0,0.51,1.03,9.73,358.25,6.06,2.93,0,0,0,0.0,0.0,0.0
1787615093.643419,08:44:53.643,1497,68.799,27.71,1011.4,15.412,0.0,0.0,0.0,0.0,-0.06,0.1,0.0,0.51,1.03,9.73,358.25,6.06,2.93,0,0,0,0.0,0.0,0.0
1787615093.643635,08:44:53.643,1498,68.809,27.71,1011.4,15.412,0.0,0.0,0.0,0.0,-0.06,0.1,0.0,0.51,1.03,9.73,358.25,6.06,2.93,0,0,0,0.0,0.0,0.0
1787615093.643849,08:44:53.643,1499,68.819,27.71,1011.4,15.412,0.0,0.0,0.0,0.0,-0.06,0.1,0.0,0.51,1.03,9.73,358.25,6.06,2.93,0,0,0,0.0,0.0,0.0
1787615093.644064,08:44:53.644,1500,68.829,27.71,1011.4,15.412,0.0,0.0,0.0,-0.87,0.08,0.11,-0.87,0.53,1.06,9.73,358.25,6.18,3.06,0,0,0,0.0,0.0,0.0
1787615093.745466,08:44:53.745,1501,68.839,27.71,1011.4,15.412,0.0,0.0,0.0,-0.87,0.08,0.11,-0.87,0.53,1.06,9.73,358.25,6.18,3.06,0,0,0,0.0,0.0,0.0
1787615093.745814,08:44:53.745,1502,68.849,27.71,1011.4,15.412,0.0,0.0,0.0,-0.87,0.08,0.11,-0.87,0.53,1.06,9.73,358.25,6.18,3.06,0,0,0,0.0,0.0,0.0
1787615093.746042,08:44:53.746,1503,68.859,27.71,1011.4,15.412,0.0,0.0,0.0,-0.87,0.08,0.11,-0.87,0.53,1.06,9.73,358.25,6.18,3.06,0,0,0,0.0,0.0,0.0
1787615093.746265,08:44:53.746,1504,68.869,27.71,1011.4,15.412,0.0,0.0,0.0,-0.87,0.08,0.11,-0.87,0.53,1.06,9.73,358.25,6.18,3.06,0,0,0,0.0,0.0,0.0
1787615093.746485,08:44:53.746,1505,68.879,27.71,1011.4,15.412,0.0,0.0,0.0,-0.87,0.08,0.11,-0.87,0.53,1.06,9.73,358.25,6.18,3.06,0,0,0,0.0,0.0,0.0
1787615093.746702,08:44:53.746,1506,68.889,27.71,1011.4,15.412,0.0,0.0,0.0,-0.87,0.08,0.11,-0.87,0.53,1.06,9.73,358.25,6.18,3.06,0,0,0,0.0,0.0,0.0
1787615093.746917,08:44:53.746,1507,68.899,27.71,1011.4,15.412,0.0,0.0,0.0,-0.87,0.08,0.11,-0.87,0.53,1.06,9.73,358.25,6.18,3.06,0,0,0,0.0,0.0,0.0
1787615093.747132,08:44:53.747,1508,68.909,27.71,1011.4,15.412,0.0,0.0,0.0,-0.87,0.08,0.11,-0.87,0.53,1.06,9.73,358.25,6.18,3.06,0,0,0,0.0,0.0,0.0
1787615093.747349,08:44:53.747,1509,68.919,27.71,1011.4,15.412,0.0,0.0,0.0,-0.87,0.08,0.11,-0.87,0.53,1.06,9.73,358.25,6.18,3.06,0,0,0,0.0,0.0,0.0
1787615093.747564,08:44:53.747,1510,68.929,27.71,1011.4,15.412,0.0,0.0,0.0,-0.27,0.08,-0.2,-0.27,0.52,1.05,9.73,358.25,6.18,3.0,0,0,0,0.0,0.0,0.0
1787615093.747781,08:44:53.747,1511,68.939,27.71,1011.4,15.412,0.0,0.0,0.0,-0.27,0.08,-0.2,-0.27,0.52,1.05,9.73,358.25,6.18,3.0,0,0,0,0.0,0.0,0.0
1787615093.849196,08:44:53.849,1512,68.949,27.71,1011.4,15.412,0.0,0.0,0.0,-0.27,0.08,-0.2,-0.27,0.52,1.05,9.73,358.25,6.18,3.0,0,0,0,0.0,0.0,0.0
1787615093.849651,08:44:53.849,1513,68.959,27.71,1011.4,15.412,0.0,0.0,0.0,-0.27,0.08,-0.2,-0.27,0.52,1.05,9.73,358.25,6.18,3.0,0,0,0,0.0,0.0,0.0
1787615093.849937,08:44:53.849,1514,68.969,27.73,1011.44,15.079,0.0,0.0,0.0,-0.27,0.08,-0.2,-0.27,0.52,1.05,9.73,358.25,6.18,3.0,0,0,0,0.0,0.0,0.0
1787615093.850209,08:44:53.850,1515,68.979,27.73,1011.44,15.079,0.0,0.0,0.0,-0.27,0.08,-0.2,-0.27,0.52,1.05,9.73,358.25,6.18,3.0,0,0,0,0.0,0.0,0.0
1787615093.850477,08:44:53.850,1516,68.989,27.73,1011.44,15.079,0.0,0.0,0.0,-0.27,0.08,-0.2,-0.27,0.52,1.05,9.73,358.25,6.18,3.0,0,0,0,0.0,0.0,0.0
1787615093.850742,08:44:53.850,1517,68.999,27.73,1011.44,15.079,0.0,0.0,0.0,-0.27,0.08,-0.2,-0.27,0.52,1.05,9.73,358.25,6.18,3.0,0,0,0,0.0,0.0,0.0
1787615093.851005,08:44:53.851,1518,69.009,27.73,1011.44,15.079,0.0,0.0,0.0,-0.27,0.08,-0.2,-0.27,0.52,1.05,9.73,358.25,6.18,3.0,0,0,0,0.0,0.0,0.0
1787615093.851227,08:44:53.851,1519,69.019,27.73,1011.44,15.079,0.0,0.0,0.0,-0.27,0.08,-0.2,-0.27,0.52,1.05,9.73,358.25,6.18,3.0,0,0,0,0.0,0.0,0.0
1787615093.952786,08:44:53.952,1520,69.029,27.73,1011.44,15.079,0.0,0.0,0.0,-0.14,-0.05,-0.02,-0.14,0.52,1.05,9.73,358.25,6.18,3.06,0,0,0,0.0,0.0,0.0
1787615093.954224,08:44:53.954,1521,69.039,27.73,1011.44,15.079,0.0,0.0,0.0,-0.14,-0.05,-0.02,-0.14,0.52,1.05,9.73,358.25,6.18,3.06,0,0,0,0.0,0.0,0.0
1787615093.954917,08:44:53.954,1522,69.049,27.73,1011.44,15.079,0.0,0.0,0.0,-0.14,-0.05,-0.02,-0.14,0.52,1.05,9.73,358.25,6.18,3.06,0,0,0,0.0,0.0,0.0
1787615093.955584,08:44:53.955,1523,69.059,27.73,1011.44,15.079,0.0,0.0,0.0,-0.14,-0.05,-0.02,-0.14,0.52,1.05,9.73,358.25,6.18,3.06,0,0,0,0.0,0.0,0.0
1787615093.956241,08:44:53.956,1524,69.069,27.73,1011.44,15.079,0.0,0.0,0.0,-0.14,-0.05,-0.02,-0.14,0.52,1.05,9.73,358.25,6.18,3.06,0,0,0,0.0,0.0,0.0
1787615093.956859,08:44:53.956,1525,69.079,27.73,1011.44,15.079,0.0,0.0,0.0,-0.14,-0.05,-0.02,-0.14,0.52,1.05,9.73,358.25,6.18,3.06,0,0,0,0.0,0.0,0.0
1787615093.957239,08:44:53.957,1526,69.089,27.73,1011.44,15.079,0.0,0.0,0.0,-0.14,-0.05,-0.02,-0.14,0.52,1.05,9.73,358.25,6.18,3.06,0,0,0,0.0,0.0,0.0
1787615093.957614,08:44:53.957,1527,69.099,27.73,1011.44,15.079,0.0,0.0,0.0,-0.14,-0.05,-0.02,-0.14,0.52,1.05,9.73,358.25,6.18,3.06,0,0,0,0.0,0.0,0.0
1787615093.957988,08:44:53.957,1528,69.109,27.73,1011.44,15.079,0.0,0.0,0.0,-0.14,-0.05,-0.02,-0.14,0.52,1.05,9.73,358.25,6.18,3.06,0,0,0,0.0,0.0,0.0
1787615093.958381,08:44:53.958,1529,69.119,27.73,1011.44,15.079,0.0,0.0,0.0,-0.14,-0.05,-0.02,-0.14,0.52,1.05,9.73,358.25,6.18,3.06,0,0,0,0.0,0.0,0.0
1787615093.958753,08:44:53.958,1530,69.129,27.73,1011.44,15.079,0.0,0.0,0.0,-0.14,-0.05,-0.02,-0.14,0.52,1.05,9.73,358.25,6.18,3.06,0,0,0,0.0,0.0,0.0
1787615093.959077,08:44:53.959,1531,69.139,27.73,1011.44,15.079,0.0,0.0,0.0,-0.46,-0.02,0.08,-0.46,0.53,1.05,9.73,358.25,6.12,3.12,0,0,0,0.0,0.0,0.0
1787615093.959427,08:44:53.959,1532,69.149,27.73,1011.44,15.079,0.0,0.0,0.0,-0.46,-0.02,0.08,-0.46,0.53,1.05,9.73,358.25,6.12,3.12,0,0,0,0.0,0.0,0.0
1787615094.061002,08:44:54.061,1533,69.159,27.73,1011.44,15.079,0.0,0.0,0.0,-0.46,-0.02,0.08,-0.46,0.53,1.05,9.73,358.25,6.12,3.12,0,0,0,0.0,0.0,0.0
1787615094.061306,08:44:54.061,1534,69.169,27.74,1011.42,15.245,0.0,0.0,0.0,-0.46,-0.02,0.08,-0.46,0.53,1.05,9.73,358.25,6.12,3.12,0,0,0,0.0,0.0,0.0
1787615094.061453,08:44:54.061,1535,69.179,27.74,1011.42,15.245,0.0,0.0,0.0,-0.46,-0.02,0.08,-0.46,0.53,1.05,9.73,358.25,6.12,3.12,0,0,0,0.0,0.0,0.0
1787615094.061594,08:44:54.061,1536,69.189,27.74,1011.42,15.245,0.0,0.0,0.0,-0.46,-0.02,0.08,-0.46,0.53,1.05,9.73,358.25,6.12,3.12,0,0,0,0.0,0.0,0.0
1787615094.061732,08:44:54.061,1537,69.199,27.74,1011.42,15.245,0.0,0.0,0.0,-0.46,-0.02,0.08,-0.46,0.53,1.05,9.73,358.25,6.12,3.12,0,0,0,0.0,0.0,0.0
1787615094.061868,08:44:54.061,1538,69.209,27.74,1011.42,15.245,0.0,0.0,0.0,-0.46,-0.02,0.08,-0.46,0.53,1.05,9.73,358.25,6.12,3.12,0,0,0,0.0,0.0,0.0
1787615094.062003,08:44:54.062,1539,69.219,27.74,1011.42,15.245,0.0,0.0,0.0,-0.46,-0.02,0.08,-0.46,0.53,1.05,9.73,358.25,6.12,3.12,0,0,0,0.0,0.0,0.0
1787615094.062138,08:44:54.062,1540,69.229,27.74,1011.42,15.245,0.0,0.0,0.0,-0.46,-0.02,0.08,-0.46,0.53,1.05,9.73,358.25,6.12,3.12,0,0,0,0.0,0.0,0.0
1787615094.062273,08:44:54.062,1541,69.239,27.74,1011.42,15.245,0.0,0.0,0.0,-0.24,-0.02,-0.07,-0.24,0.53,1.05,9.73,358.25,6.12,3.06,0,0,0,0.0,0.0,0.0
1787615094.062411,08:44:54.062,1542,69.249,27.74,1011.42,15.245,0.0,0.0,0.0,-0.24,-0.02,-0.07,-0.24,0.53,1.05,9.73,358.25,6.12,3.06,0,0,0,0.0,0.0,0.0
1787615094.163741,08:44:54.163,1543,69.259,27.74,1011.42,15.245,0.0,0.0,0.0,-0.24,-0.02,-0.07,-0.24,0.53,1.05,9.73,358.25,6.12,3.06,0,0,0,0.0,0.0,0.0
1787615094.164071,08:44:54.164,1544,69.269,27.74,1011.42,15.245,0.0,0.0,0.0,-0.24,-0.02,-0.07,-0.24,0.53,1.05,9.73,358.25,6.12,3.06,0,0,0,0.0,0.0,0.0
1787615094.164276,08:44:54.164,1545,69.279,27.74,1011.42,15.245,0.0,0.0,0.0,-0.24,-0.02,-0.07,-0.24,0.53,1.05,9.73,358.25,6.12,3.06,0,0,0,0.0,0.0,0.0
1787615094.164469,08:44:54.164,1546,69.289,27.74,1011.42,15.245,0.0,0.0,0.0,-0.24,-0.02,-0.07,-0.24,0.53,1.05,9.73,358.25,6.12,3.06,0,0,0,0.0,0.0,0.0
1787615094.164664,08:44:54.164,1547,69.299,27.74,1011.42,15.245,0.0,0.0,0.0,-0.24,-0.02,-0.07,-0.24,0.53,1.05,9.73,358.25,6.12,3.06,0,0,0,0.0,0.0,0.0
1787615094.164856,08:44:54.164,1548,69.309,27.74,1011.42,15.245,0.0,0.0,0.0,-0.24,-0.02,-0.07,-0.24,0.53,1.05,9.73,358.25,6.12,3.06,0,0,0,0.0,0.0,0.0
1787615094.165047,08:44:54.165,1549,69.319,27.74,1011.42,15.245,0.0,0.0,0.0,-0.24,-0.02,-0.07,-0.24,0.53,1.05,9.73,358.25,6.12,3.06,0,0,0,0.0,0.0,0.0
1787615094.165240,08:44:54.165,1550,69.329,27.74,1011.42,15.245,0.0,0.0,0.0,-0.24,-0.02,-0.07,-0.24,0.53,1.05,9.73,358.25,6.12,3.06,0,0,0,0.0,0.0,0.0
1787615094.165430,08:44:54.165,1551,69.339,27.74,1011.42,15.245,0.0,0.0,0.0,-0.85,0.16,-0.02,-0.85,0.53,1.06,9.73,358.25,6.25,3.12,0,0,0,0.0,0.0,0.0
1787615094.165622,08:44:54.165,1552,69.349,27.74,1011.42,15.245,0.0,0.0,0.0,-0.85,0.16,-0.02,-0.85,0.53,1.06,9.73,358.25,6.25,3.12,0,0,0,0.0,0.0,0.0
1787615094.165813,08:44:54.165,1553,69.359,27.74,1011.42,15.245,0.0,0.0,0.0,-0.85,0.16,-0.02,-0.85,0.53,1.06,9.73,358.25,6.25,3.12,0,0,0,0.0,0.0,0.0
1787615094.266492,08:44:54.266,1554,69.369,27.73,1011.4,15.412,0.0,0.0,0.0,-0.85,0.16,-0.02,-0.85,0.53,1.06,9.73,358.25,6.25,3.12,0,0,0,0.0,0.0,0.0
1787615094.266860,08:44:54.266,1555,69.379,27.73,1011.4,15.412,0.0,0.0,0.0,-0.85,0.16,-0.02,-0.85,0.53,1.06,9.73,358.25,6.25,3.12,0,0,0,0.0,0.0,0.0
1787615094.267092,08:44:54.267,1556,69.389,27.73,1011.4,15.412,0.0,0.0,0.0,-0.85,0.16,-0.02,-0.85,0.53,1.06,9.73,358.25,6.25,3.12,0,0,0,0.0,0.0,0.0
1787615094.267314,08:44:54.267,1557,69.399,27.73,1011.4,15.412,0.0,0.0,0.0,-0.85,0.16,-0.02,-0.85,0.53,1.06,9.73,358.25,6.25,3.12,0,0,0,0.0,0.0,0.0
1787615094.267535,08:44:54.267,1558,69.409,27.73,1011.4,15.412,0.0,0.0,0.0,-0.85,0.16,-0.02,-0.85,0.53,1.06,9.73,358.25,6.25,3.12,0,0,0,0.0,0.0,0.0
1787615094.267754,08:44:54.267,1559,69.419,27.73,1011.4,15.412,0.0,0.0,0.0,-0.85,0.16,-0.02,-0.85,0.53,1.06,9.73,358.25,6.25,3.12,0,0,0,0.0,0.0,0.0
1787615094.267981,08:44:54.267,1560,69.429,27.73,1011.4,15.412,0.0,0.0,0.0,-0.85,0.16,-0.02,-0.85,0.53,1.06,9.73,358.25,6.25,3.12,0,0,0,0.0,0.0,0.0
1787615094.268305,08:44:54.268,1561,69.439,27.73,1011.4,15.412,0.0,0.0,0.0,-0.95,0.06,-0.03,-0.95,0.53,1.09,9.73,358.25,6.37,3.12,0,0,0,0.0,0.0,0.0
1787615094.268525,08:44:54.268,1562,69.449,27.73,1011.4,15.412,0.0,0.0,0.0,-0.95,0.06,-0.03,-0.95,0.53,1.09,9.73,358.25,6.37,3.12,0,0,0,0.0,0.0,0.0
1787615094.268743,08:44:54.268,1563,69.459,27.73,1011.4,15.412,0.0,0.0,0.0,-0.95,0.06,-0.03,-0.95,0.53,1.09,9.73,358.25,6.37,3.12,0,0,0,0.0,0.0,0.0
1787615094.370293,08:44:54.370,1564,69.469,27.73,1011.4,15.412,0.0,0.0,0.0,-0.95,0.06,-0.03,-0.95,0.53,1.09,9.73,358.25,6.37,3.12,0,0,0,0.0,0.0,0.0
1787615094.371685,08:44:54.371,1565,69.479,27.73,1011.4,15.412,0.0,0.0,0.0,-0.95,0.06,-0.03,-0.95,0.53,1.09,9.73,358.25,6.37,3.12,0,0,0,0.0,0.0,0.0
1787615094.372670,08:44:54.372,1566,69.489,27.73,1011.4,15.412,0.0,0.0,0.0,-0.95,0.06,-0.03,-0.95,0.53,1.09,9.73,358.25,6.37,3.12,0,0,0,0.0,0.0,0.0
1787615094.373090,08:44:54.373,1567,69.499,27.73,1011.4,15.412,0.0,0.0,0.0,-0.95,0.06,-0.03,-0.95,0.53,1.09,9.73,358.25,6.37,3.12,0,0,0,0.0,0.0,0.0
1787615094.373510,08:44:54.373,1568,69.509,27.73,1011.4,15.412,0.0,0.0,0.0,-0.95,0.06,-0.03,-0.95,0.53,1.09,9.73,358.25,6.37,3.12,0,0,0,0.0,0.0,0.0
1787615094.373930,08:44:54.373,1569,69.519,27.73,1011.4,15.412,0.0,0.0,0.0,-0.95,0.06,-0.03,-0.95,0.53,1.09,9.73,358.25,6.37,3.12,0,0,0,0.0,0.0,0.0
1787615094.374299,08:44:54.374,1570,69.529,27.73,1011.4,15.412,0.0,0.0,0.0,0.06,0.01,-0.02,0.06,0.51,1.1,9.73,358.25,6.43,3.0,0,0,0,0.0,0.0,0.0
1787615094.374694,08:44:54.374,1571,69.539,27.73,1011.4,15.412,0.0,0.0,0.0,0.06,0.01,-0.02,0.06,0.51,1.1,9.73,358.25,6.43,3.0,0,0,0,0.0,0.0,0.0
1787615094.375039,08:44:54.375,1572,69.549,27.73,1011.4,15.412,0.0,0.0,0.0,0.06,0.01,-0.02,0.06,0.51,1.1,9.73,358.25,6.43,3.0,0,0,0,0.0,0.0,0.0
1787615094.375372,08:44:54.375,1573,69.559,27.73,1011.4,15.412,0.0,0.0,0.0,0.06,0.01,-0.02,0.06,0.51,1.1,9.73,358.25,6.43,3.0,0,0,0,0.0,0.0,0.0
1787615094.375740,08:44:54.375,1574,69.569,27.73,1011.43,15.164,0.0,0.0,0.0,0.06,0.01,-0.02,0.06,0.51,1.1,9.73,358.25,6.43,3.0,0,0,0,0.0,0.0,0.0
1787615094.476321,08:44:54.476,1575,69.579,27.73,1011.43,15.164,0.0,0.0,0.0,0.06,0.01,-0.02,0.06,0.51,1.1,9.73,358.25,6.43,3.0,0,0,0,0.0,0.0,0.0
1787615094.476719,08:44:54.476,1576,69.589,27.73,1011.43,15.164,0.0,0.0,0.0,0.06,0.01,-0.02,0.06,0.51,1.1,9.73,358.25,6.43,3.0,0,0,0,0.0,0.0,0.0
1787615094.476961,08:44:54.476,1577,69.599,27.73,1011.43,15.164,0.0,0.0,0.0,0.06,0.01,-0.02,0.06,0.51,1.1,9.73,358.25,6.43,3.0,0,0,0,0.0,0.0,0.0
1787615094.477324,08:44:54.477,1578,69.609,27.73,1011.43,15.164,0.0,0.0,0.0,0.06,0.01,-0.02,0.06,0.51,1.1,9.73,358.25,6.43,3.0,0,0,0,0.0,0.0,0.0
1787615094.477589,08:44:54.477,1579,69.619,27.73,1011.43,15.164,0.0,0.0,0.0,0.06,0.01,-0.02,0.06,0.51,1.1,9.73,358.25,6.43,3.0,0,0,0,0.0,0.0,0.0
1787615094.477823,08:44:54.477,1580,69.629,27.73,1011.43,15.164,0.0,0.0,0.0,-0.46,0.03,0.5,-0.46,0.52,1.1,9.72,358.25,6.43,3.06,0,0,0,0.0,0.0,0.0
1787615094.478055,08:44:54.478,1581,69.639,27.73,1011.43,15.164,0.0,0.0,0.0,-0.46,0.03,0.5,-0.46,0.52,1.1,9.72,358.25,6.43,3.06,0,0,0,0.0,0.0,0.0
1787615094.478390,08:44:54.478,1582,69.649,27.73,1011.43,15.164,0.0,0.0,0.0,-0.46,0.03,0.5,-0.46,0.52,1.1,9.72,358.25,6.43,3.06,0,0,0,0.0,0.0,0.0
1787615094.478641,08:44:54.478,1583,69.659,27.73,1011.43,15.164,0.0,0.0,0.0,-0.46,0.03,0.5,-0.46,0.52,1.1,9.72,358.25,6.43,3.06,0,0,0,0.0,0.0,0.0
1787615094.478964,08:44:54.478,1584,69.669,27.73,1011.43,15.164,0.0,0.0,0.0,-0.46,0.03,0.5,-0.46,0.52,1.1,9.72,358.25,6.43,3.06,0,0,0,0.0,0.0,0.0
1787615094.580016,08:44:54.580,1585,69.679,27.73,1011.43,15.164,0.0,0.0,0.0,-0.46,0.03,0.5,-0.46,0.52,1.1,9.72,358.25,6.43,3.06,0,0,0,0.0,0.0,0.0
1787615094.580489,08:44:54.580,1586,69.689,27.73,1011.43,15.164,0.0,0.0,0.0,-0.46,0.03,0.5,-0.46,0.52,1.1,9.72,358.25,6.43,3.06,0,0,0,0.0,0.0,0.0
1787615094.580671,08:44:54.580,1587,69.699,27.73,1011.43,15.164,0.0,0.0,0.0,-0.46,0.03,0.5,-0.46,0.52,1.1,9.72,358.25,6.43,3.06,0,0,0,0.0,0.0,0.0
1787615094.580828,08:44:54.580,1588,69.709,27.73,1011.43,15.164,0.0,0.0,0.0,-0.46,0.03,0.5,-0.46,0.52,1.1,9.72,358.25,6.43,3.06,0,0,0,0.0,0.0,0.0
1787615094.580981,08:44:54.580,1589,69.719,27.73,1011.43,15.164,0.0,0.0,0.0,-0.46,0.03,0.5,-0.46,0.52,1.1,9.72,358.25,6.43,3.06,0,0,0,0.0,0.0,0.0
1787615094.581132,08:44:54.581,1590,69.729,27.73,1011.43,15.164,0.0,0.0,0.0,-0.67,0.11,-0.33,-0.67,0.54,1.1,9.72,358.18,6.43,3.12,0,0,0,0.0,0.0,0.0
1787615094.581284,08:44:54.581,1591,69.739,27.73,1011.43,15.164,0.0,0.0,0.0,-0.67,0.11,-0.33,-0.67,0.54,1.1,9.72,358.18,6.43,3.12,0,0,0,0.0,0.0,0.0
1787615094.581434,08:44:54.581,1592,69.749,27.73,1011.43,15.164,0.0,0.0,0.0,-0.67,0.11,-0.33,-0.67,0.54,1.1,9.72,358.18,6.43,3.12,0,0,0,0.0,0.0,0.0
1787615094.581582,08:44:54.581,1593,69.759,27.73,1011.43,15.164,0.0,0.0,0.0,-0.67,0.11,-0.33,-0.67,0.54,1.1,9.72,358.18,6.43,3.12,0,0,0,0.0,0.0,0.0
1787615094.581731,08:44:54.581,1594,69.769,27.73,1011.45,14.997,0.0,0.0,0.0,-0.67,0.11,-0.33,-0.67,0.54,1.1,9.72,358.18,6.43,3.12,0,0,0,0.0,0.0,0.0
1787615094.581879,08:44:54.581,1595,69.779,27.73,1011.45,14.997,0.0,0.0,0.0,-0.67,0.11,-0.33,-0.67,0.54,1.1,9.72,358.18,6.43,3.12,0,0,0,0.0,0.0,0.0
1787615094.683191,08:44:54.683,1596,69.789,27.73,1011.45,14.997,0.0,0.0,0.0,-0.67,0.11,-0.33,-0.67,0.54,1.1,9.72,358.18,6.43,3.12,0,0,0,0.0,0.0,0.0
1787615094.683523,08:44:54.683,1597,69.799,27.73,1011.45,14.997,0.0,0.0,0.0,-0.67,0.11,-0.33,-0.67,0.54,1.1,9.72,358.18,6.43,3.12,0,0,0,0.0,0.0,0.0
1787615094.683718,08:44:54.683,1598,69.809,27.73,1011.45,14.997,0.0,0.0,0.0,-0.67,0.11,-0.33,-0.67,0.54,1.1,9.72,358.18,6.43,3.12,0,0,0,0.0,0.0,0.0
1787615094.683908,08:44:54.683,1599,69.819,27.73,1011.45,14.997,0.0,0.0,0.0,-0.67,0.11,-0.33,-0.67,0.54,1.1,9.72,358.18,6.43,3.12,0,0,0,0.0,0.0,0.0
1787615094.684097,08:44:54.684,1600,69.829,27.73,1011.45,14.997,0.0,0.0,0.0,0.9,-0.65,0.36,0.9,0.51,1.1,9.73,358.18,6.43,3.0,0,0,0,0.0,0.0,0.0
1787615094.684288,08:44:54.684,1601,69.839,27.73,1011.45,14.997,0.0,0.0,0.0,0.9,-0.65,0.36,0.9,0.51,1.1,9.73,358.18,6.43,3.0,0,0,0,0.0,0.0,0.0
1787615094.684474,08:44:54.684,1602,69.849,27.73,1011.45,14.997,0.0,0.0,0.0,0.9,-0.65,0.36,0.9,0.51,1.1,9.73,358.18,6.43,3.0,0,0,0,0.0,0.0,0.0
1787615094.684662,08:44:54.684,1603,69.859,27.73,1011.45,14.997,0.0,0.0,0.0,0.9,-0.65,0.36,0.9,0.51,1.1,9.73,358.18,6.43,3.0,0,0,0,0.0,0.0,0.0
1787615094.786042,08:44:54.786,1604,69.869,27.73,1011.45,14.997,0.0,0.0,0.0,0.9,-0.65,0.36,0.9,0.51,1.1,9.73,358.18,6.43,3.0,0,0,0,0.0,0.0,0.0
1787615094.786395,08:44:54.786,1605,69.879,27.73,1011.45,14.997,0.0,0.0,0.0,0.9,-0.65,0.36,0.9,0.51,1.1,9.73,358.18,6.43,3.0,0,0,0,0.0,0.0,0.0
1787615094.786621,08:44:54.786,1606,69.889,27.73,1011.45,14.997,0.0,0.0,0.0,0.9,-0.65,0.36,0.9,0.51,1.1,9.73,358.18,6.43,3.0,0,0,0,0.0,0.0,0.0
1787615094.786843,08:44:54.786,1607,69.899,27.73,1011.45,14.997,0.0,0.0,0.0,0.9,-0.65,0.36,0.9,0.51,1.1,9.73,358.18,6.43,3.0,0,0,0,0.0,0.0,0.0
1787615094.787060,08:44:54.787,1608,69.909,27.73,1011.45,14.997,0.0,0.0,0.0,0.9,-0.65,0.36,0.9,0.51,1.1,9.73,358.18,6.43,3.0,0,0,0,0.0,0.0,0.0
1787615094.787278,08:44:54.787,1609,69.919,27.73,1011.45,14.997,0.0,0.0,0.0,0.9,-0.65,0.36,0.9,0.51,1.1,9.73,358.18,6.43,3.0,0,0,0,0.0,0.0,0.0
1787615094.787505,08:44:54.787,1610,69.929,27.73,1011.45,14.997,0.0,0.0,0.0,-0.18,0.09,0.01,-0.18,0.52,1.11,9.72,358.18,6.5,3.06,0,0,0,0.0,0.0,0.0
1787615094.787723,08:44:54.787,1611,69.939,27.73,1011.45,14.997,0.0,0.0,0.0,-0.18,0.09,0.01,-0.18,0.52,1.11,9.72,358.18,6.5,3.06,0,0,0,0.0,0.0,0.0
1787615094.787939,08:44:54.787,1612,69.949,27.73,1011.45,14.997,0.0,0.0,0.0,-0.18,0.09,0.01,-0.18,0.52,1.11,9.72,358.18,6.5,3.06,0,0,0,0.0,0.0,0.0
1787615094.788154,08:44:54.788,1613,69.959,27.73,1011.45,14.997,0.0,0.0,0.0,-0.18,0.09,0.01,-0.18,0.52,1.11,9.72,358.18,6.5,3.06,0,0,0,0.0,0.0,0.0
1787615094.788370,08:44:54.788,1614,69.969,27.73,1011.41,15.33,0.0,0.0,0.0,-0.18,0.09,0.01,-0.18,0.52,1.11,9.72,358.18,6.5,3.06,0,0,0,0.0,0.0,0.0
1787615094.788588,08:44:54.788,1615,69.979,27.73,1011.41,15.33,0.0,0.0,0.0,-0.18,0.09,0.01,-0.18,0.52,1.11,9.72,358.18,6.5,3.06,0,0,0,0.0,0.0,0.0
1787615094.890025,08:44:54.890,1616,69.989,27.73,1011.41,15.33,0.0,0.0,0.0,-0.18,0.09,0.01,-0.18,0.52,1.11,9.72,358.18,6.5,3.06,0,0,0,0.0,0.0,0.0
1787615094.890426,08:44:54.890,1617,69.999,27.73,1011.41,15.33,0.0,0.0,0.0,-0.18,0.09,0.01,-0.18,0.52,1.11,9.72,358.18,6.5,3.06,0,0,0,0.0,0.0,0.0
1787615094.890663,08:44:54.890,1618,70.009,27.73,1011.41,15.33,0.0,0.0,0.0,-0.18,0.09,0.01,-0.18,0.52,1.11,9.72,358.18,6.5,3.06,0,0,0,0.0,0.0,0.0
1787615094.890889,08:44:54.890,1619,70.019,27.73,1011.41,15.33,0.0,0.0,0.0,-0.18,0.09,0.01,-0.18,0.52,1.11,9.72,358.18,6.5,3.06,0,0,0,0.0,0.0,0.0
1787615094.891109,08:44:54.891,1620,70.029,27.73,1011.41,15.33,0.0,0.0,0.0,-0.5,0.04,0.06,-0.5,0.53,1.11,9.72,358.18,6.5,3.06,0,0,0,0.0,0.0,0.0
1787615094.891333,08:44:54.891,1621,70.039,27.73,1011.41,15.33,0.0,0.0,0.0,-0.5,0.04,0.06,-0.5,0.53,1.11,9.72,358.18,6.5,3.06,0,0,0,0.0,0.0,0.0
1787615094.891554,08:44:54.891,1622,70.049,27.73,1011.41,15.33,0.0,0.0,0.0,-0.5,0.04,0.06,-0.5,0.53,1.11,9.72,358.18,6.5,3.06,0,0,0,0.0,0.0,0.0
1787615094.993080,08:44:54.993,1623,70.059,27.73,1011.41,15.33,0.0,0.0,0.0,-0.5,0.04,0.06,-0.5,0.53,1.11,9.72,358.18,6.5,3.06,0,0,0,0.0,0.0,0.0
1787615094.994523,08:44:54.994,1624,70.069,27.73,1011.41,15.33,0.0,0.0,0.0,-0.5,0.04,0.06,-0.5,0.53,1.11,9.72,358.18,6.5,3.06,0,0,0,0.0,0.0,0.0
1787615094.995116,08:44:54.995,1625,70.079,27.73,1011.41,15.33,0.0,0.0,0.0,-0.5,0.04,0.06,-0.5,0.53,1.11,9.72,358.18,6.5,3.06,0,0,0,0.0,0.0,0.0
1787615094.995522,08:44:54.995,1626,70.089,27.73,1011.41,15.33,0.0,0.0,0.0,-0.5,0.04,0.06,-0.5,0.53,1.11,9.72,358.18,6.5,3.06,0,0,0,0.0,0.0,0.0
1787615094.995959,08:44:54.995,1627,70.099,27.73,1011.41,15.33,0.0,0.0,0.0,-0.5,0.04,0.06,-0.5,0.53,1.11,9.72,358.18,6.5,3.06,0,0,0,0.0,0.0,0.0
1787615094.996351,08:44:54.996,1628,70.109,27.73,1011.41,15.33,0.0,0.0,0.0,-0.5,0.04,0.06,-0.5,0.53,1.11,9.72,358.18,6.5,3.06,0,0,0,0.0,0.0,0.0
1787615094.996741,08:44:54.996,1629,70.119,27.73,1011.41,15.33,0.0,0.0,0.0,-0.5,0.04,0.06,-0.5,0.53,1.11,9.72,358.18,6.5,3.06,0,0,0,0.0,0.0,0.0
1787615094.997071,08:44:54.997,1630,70.129,27.73,1011.41,15.33,0.0,0.0,0.0,-0.1,-0.09,0.15,-0.1,0.51,1.11,9.72,358.18,6.5,3.0,0,0,0,0.0,0.0,0.0
1787615094.997405,08:44:54.997,1631,70.139,27.73,1011.41,15.33,0.0,0.0,0.0,-0.1,-0.09,0.15,-0.1,0.51,1.11,9.72,358.18,6.5,3.0,0,0,0,0.0,0.0,0.0
1787615094.997741,08:44:54.997,1632,70.149,27.73,1011.41,15.33,0.0,0.0,0.0,-0.1,-0.09,0.15,-0.1,0.51,1.11,9.72,358.18,6.5,3.0,0,0,0,0.0,0.0,0.0
1787615094.998067,08:44:54.998,1633,70.159,27.73,1011.41,15.33,0.0,0.0,0.0,-0.1,-0.09,0.15,-0.1,0.51,1.11,9.72,358.18,6.5,3.0,0,0,0,0.0,0.0,0.0
1787615094.998486,08:44:54.998,1634,70.169,27.72,1011.42,15.245,0.0,0.0,0.0,-0.1,-0.09,0.15,-0.1,0.51,1.11,9.72,358.18,6.5,3.0,0,0,0,0.0,0.0,0.0
1787615094.998819,08:44:54.998,1635,70.179,27.72,1011.42,15.245,0.0,0.0,0.0,-0.1,-0.09,0.15,-0.1,0.51,1.11,9.72,358.18,6.5,3.0,0,0,0,0.0,0.0,0.0
1787615094.999151,08:44:54.999,1636,70.189,27.72,1011.42,15.245,0.0,0.0,0.0,-0.1,-0.09,0.15,-0.1,0.51,1.11,9.72,358.18,6.5,3.0,0,0,0,0.0,0.0,0.0
1787615095.100657,08:44:55.100,1637,70.199,27.72,1011.42,15.245,0.0,0.0,0.0,-0.1,-0.09,0.15,-0.1,0.51,1.11,9.72,358.18,6.5,3.0,0,0,0,0.0,0.0,0.0
1787615095.100873,08:44:55.100,1638,70.209,27.72,1011.42,15.245,0.0,0.0,0.0,-0.1,-0.09,0.15,-0.1,0.51,1.11,9.72,358.18,6.5,3.0,0,0,0,0.0,0.0,0.0
1787615095.100994,08:44:55.100,1639,70.219,27.72,1011.42,15.245,0.0,0.0,0.0,-0.1,-0.09,0.15,-0.1,0.51,1.11,9.72,358.18,6.5,3.0,0,0,0,0.0,0.0,0.0
1787615095.101110,08:44:55.101,1640,70.229,27.72,1011.42,15.245,0.0,0.0,0.0,-0.24,-0.06,0.0,-0.24,0.52,1.11,9.72,358.18,6.5,3.06,0,0,0,0.0,0.0,0.0
1787615095.101225,08:44:55.101,1641,70.239,27.72,1011.42,15.245,0.0,0.0,0.0,-0.24,-0.06,0.0,-0.24,0.52,1.11,9.72,358.18,6.5,3.06,0,0,0,0.0,0.0,0.0
1787615095.101338,08:44:55.101,1642,70.249,27.72,1011.42,15.245,0.0,0.0,0.0,-0.24,-0.06,0.0,-0.24,0.52,1.11,9.72,358.18,6.5,3.06,0,0,0,0.0,0.0,0.0
1787615095.101451,08:44:55.101,1643,70.259,27.72,1011.42,15.245,0.0,0.0,0.0,-0.24,-0.06,0.0,-0.24,0.52,1.11,9.72,358.18,6.5,3.06,0,0,0,0.0,0.0,0.0
1787615095.101565,08:44:55.101,1644,70.269,27.72,1011.42,15.245,0.0,0.0,0.0,-0.24,-0.06,0.0,-0.24,0.52,1.11,9.72,358.18,6.5,3.06,0,0,0,0.0,0.0,0.0
1787615095.101677,08:44:55.101,1645,70.279,27.72,1011.42,15.245,0.0,0.0,0.0,-0.24,-0.06,0.0,-0.24,0.52,1.11,9.72,358.18,6.5,3.06,0,0,0,0.0,0.0,0.0
1787615095.101789,08:44:55.101,1646,70.289,27.72,1011.42,15.245,0.0,0.0,0.0,-0.24,-0.06,0.0,-0.24,0.52,1.11,9.72,358.18,6.5,3.06,0,0,0,0.0,0.0,0.0
1787615095.203108,08:44:55.203,1647,70.299,27.72,1011.42,15.245,0.0,0.0,0.0,-0.24,-0.06,0.0,-0.24,0.52,1.11,9.72,358.18,6.5,3.06,0,0,0,0.0,0.0,0.0
1787615095.203497,08:44:55.203,1648,70.309,27.72,1011.42,15.245,0.0,0.0,0.0,-0.24,-0.06,0.0,-0.24,0.52,1.11,9.72,358.18,6.5,3.06,0,0,0,0.0,0.0,0.0
1787615095.203733,08:44:55.203,1649,70.319,27.72,1011.42,15.245,0.0,0.0,0.0,-0.24,-0.06,0.0,-0.24,0.52,1.11,9.72,358.18,6.5,3.06,0,0,0,0.0,0.0,0.0
1787615095.203964,08:44:55.203,1650,70.329,27.72,1011.42,15.245,0.0,0.0,0.0,0.08,-0.06,0.04,0.08,0.52,1.13,9.72,358.18,6.62,3.06,0,0,0,0.0,0.0,0.0
1787615095.204186,08:44:55.204,1651,70.339,27.72,1011.42,15.245,0.0,0.0,0.0,0.08,-0.06,0.04,0.08,0.52,1.13,9.72,358.18,6.62,3.06,0,0,0,0.0,0.0,0.0
1787615095.204405,08:44:55.204,1652,70.349,27.72,1011.42,15.245,0.0,0.0,0.0,0.08,-0.06,0.04,0.08,0.52,1.13,9.72,358.18,6.62,3.06,0,0,0,0.0,0.0,0.0
1787615095.204625,08:44:55.204,1653,70.359,27.72,1011.42,15.245,0.0,0.0,0.0,0.08,-0.06,0.04,0.08,0.52,1.13,9.72,358.18,6.62,3.06,0,0,0,0.0,0.0,0.0
1787615095.204842,08:44:55.204,1654,70.369,27.72,1011.43,15.164,0.0,0.0,0.0,0.08,-0.06,0.04,0.08,0.52,1.13,9.72,358.18,6.62,3.06,0,0,0,0.0,0.0,0.0
1787615095.205057,08:44:55.205,1655,70.379,27.72,1011.43,15.164,0.0,0.0,0.0,0.08,-0.06,0.04,0.08,0.52,1.13,9.72,358.18,6.62,3.06,0,0,0,0.0,0.0,0.0
1787615095.205274,08:44:55.205,1656,70.389,27.72,1011.43,15.164,0.0,0.0,0.0,0.08,-0.06,0.04,0.08,0.52,1.13,9.72,358.18,6.62,3.06,0,0,0,0.0,0.0,0.0
1787615095.306673,08:44:55.306,1657,70.399,27.72,1011.43,15.164,0.0,0.0,0.0,0.08,-0.06,0.04,0.08,0.52,1.13,9.72,358.18,6.62,3.06,0,0,0,0.0,0.0,0.0
1787615095.307013,08:44:55.307,1658,70.409,27.72,1011.43,15.164,0.0,0.0,0.0,0.08,-0.06,0.04,0.08,0.52,1.13,9.72,358.18,6.62,3.06,0,0,0,0.0,0.0,0.0
1787615095.307251,08:44:55.307,1659,70.419,27.72,1011.43,15.164,0.0,0.0,0.0,0.08,-0.06,0.04,0.08,0.52,1.13,9.72,358.18,6.62,3.06,0,0,0,0.0,0.0,0.0
1787615095.307472,08:44:55.307,1660,70.429,27.72,1011.43,15.164,0.0,0.0,0.0,-0.14,-0.06,0.08,-0.14,0.52,1.16,9.72,358.18,6.75,3.06,0,0,0,0.0,0.0,0.0
1787615095.307716,08:44:55.307,1661,70.439,27.72,1011.43,15.164,0.0,0.0,0.0,-0.14,-0.06,0.08,-0.14,0.52,1.16,9.72,358.18,6.75,3.06,0,0,0,0.0,0.0,0.0
1787615095.307934,08:44:55.307,1662,70.449,27.72,1011.43,15.164,0.0,0.0,0.0,-0.14,-0.06,0.08,-0.14,0.52,1.16,9.72,358.18,6.75,3.06,0,0,0,0.0,0.0,0.0
1787615095.308151,08:44:55.308,1663,70.459,27.72,1011.43,15.164,0.0,0.0,0.0,-0.14,-0.06,0.08,-0.14,0.52,1.16,9.72,358.18,6.75,3.06,0,0,0,0.0,0.0,0.0
1787615095.308368,08:44:55.308,1664,70.469,27.72,1011.43,15.164,0.0,0.0,0.0,-0.14,-0.06,0.08,-0.14,0.52,1.16,9.72,358.18,6.75,3.06,0,0,0,0.0,0.0,0.0
1787615095.308583,08:44:55.308,1665,70.479,27.72,1011.43,15.164,0.0,0.0,0.0,-0.14,-0.06,0.08,-0.14,0.52,1.16,9.72,358.18,6.75,3.06,0,0,0,0.0,0.0,0.0
1787615095.308800,08:44:55.308,1666,70.489,27.72,1011.43,15.164,0.0,0.0,0.0,-0.14,-0.06,0.08,-0.14,0.52,1.16,9.72,358.18,6.75,3.06,0,0,0,0.0,0.0,0.0
1787615095.409646,08:44:55.409,1667,70.499,27.72,1011.43,15.164,0.0,0.0,0.0,-0.14,-0.06,0.08,-0.14,0.52,1.16,9.72,358.18,6.75,3.06,0,0,0,0.0,0.0,0.0
1787615095.409936,08:44:55.409,1668,70.509,27.72,1011.43,15.164,0.0,0.0,0.0,-0.14,-0.06,0.08,-0.14,0.52,1.16,9.72,358.18,6.75,3.06,0,0,0,0.0,0.0,0.0
1787615095.410117,08:44:55.410,1669,70.519,27.72,1011.43,15.164,0.0,0.0,0.0,-0.14,-0.06,0.08,-0.14,0.52,1.16,9.72,358.18,6.75,3.06,0,0,0,0.0,0.0,0.0
1787615095.410292,08:44:55.410,1670,70.529,27.72,1011.43,15.164,0.0,0.0,0.0,-0.41,0.0,0.08,-0.41,0.53,1.17,9.72,358.18,6.87,3.06,0,0,0,0.0,0.0,0.0
1787615095.410466,08:44:55.410,1671,70.539,27.72,1011.43,15.164,0.0,0.0,0.0,-0.41,0.0,0.08,-0.41,0.53,1.17,9.72,358.18,6.87,3.06,0,0,0,0.0,0.0,0.0
1787615095.410637,08:44:55.410,1672,70.549,27.72,1011.43,15.164,0.0,0.0,0.0,-0.41,0.0,0.08,-0.41,0.53,1.17,9.72,358.18,6.87,3.06,0,0,0,0.0,0.0,0.0
1787615095.410807,08:44:55.410,1673,70.559,27.72,1011.43,15.164,0.0,0.0,0.0,-0.41,0.0,0.08,-0.41,0.53,1.17,9.72,358.18,6.87,3.06,0,0,0,0.0,0.0,0.0
1787615095.410979,08:44:55.410,1674,70.569,27.73,1011.45,14.997,0.0,0.0,0.0,-0.41,0.0,0.08,-0.41,0.53,1.17,9.72,358.18,6.87,3.06,0,0,0,0.0,0.0,0.0
1787615095.411149,08:44:55.411,1675,70.579,27.73,1011.45,14.997,0.0,0.0,0.0,-0.41,0.0,0.08,-0.41,0.53,1.17,9.72,358.18,6.87,3.06,0,0,0,0.0,0.0,0.0
1787615095.411317,08:44:55.411,1676,70.589,27.73,1011.45,14.997,0.0,0.0,0.0,-0.41,0.0,0.08,-0.41,0.53,1.17,9.72,358.18,6.87,3.06,0,0,0,0.0,0.0,0.0
1787615095.411486,08:44:55.411,1677,70.599,27.73,1011.45,14.997,0.0,0.0,0.0,-0.41,0.0,0.08,-0.41,0.53,1.17,9.72,358.18,6.87,3.06,0,0,0,0.0,0.0,0.0
1787615095.411656,08:44:55.411,1678,70.609,27.73,1011.45,14.997,0.0,0.0,0.0,-0.41,0.0,0.08,-0.41,0.53,1.17,9.72,358.18,6.87,3.06,0,0,0,0.0,0.0,0.0
1787615095.512976,08:44:55.512,1679,70.619,27.73,1011.45,14.997,0.0,0.0,0.0,-0.41,0.0,0.08,-0.41,0.53,1.17,9.72,358.18,6.87,3.06,0,0,0,0.0,0.0,0.0
1787615095.513322,08:44:55.513,1680,70.629,27.73,1011.45,14.997,0.0,0.0,0.0,-0.22,-0.03,0.01,-0.22,0.53,1.19,9.71,358.18,6.93,3.06,0,0,0,0.0,0.0,0.0
1787615095.513550,08:44:55.513,1681,70.639,27.73,1011.45,14.997,0.0,0.0,0.0,-0.22,-0.03,0.01,-0.22,0.53,1.19,9.71,358.18,6.93,3.06,0,0,0,0.0,0.0,0.0
1787615095.513774,08:44:55.513,1682,70.649,27.73,1011.45,14.997,0.0,0.0,0.0,-0.22,-0.03,0.01,-0.22,0.53,1.19,9.71,358.18,6.93,3.06,0,0,0,0.0,0.0,0.0
1787615095.513993,08:44:55.513,1683,70.659,27.73,1011.45,14.997,0.0,0.0,0.0,-0.22,-0.03,0.01,-0.22,0.53,1.19,9.71,358.18,6.93,3.06,0,0,0,0.0,0.0,0.0
1787615095.514259,08:44:55.514,1684,70.669,27.73,1011.45,14.997,0.0,0.0,0.0,-0.22,-0.03,0.01,-0.22,0.53,1.19,9.71,358.18,6.93,3.06,0,0,0,0.0,0.0,0.0
1787615095.514476,08:44:55.514,1685,70.679,27.73,1011.45,14.997,0.0,0.0,0.0,-0.22,-0.03,0.01,-0.22,0.53,1.19,9.71,358.18,6.93,3.06,0,0,0,0.0,0.0,0.0
1787615095.514791,08:44:55.514,1686,70.689,27.73,1011.45,14.997,0.0,0.0,0.0,-0.22,-0.03,0.01,-0.22,0.53,1.19,9.71,358.18,6.93,3.06,0,0,0,0.0,0.0,0.0
1787615095.515013,08:44:55.515,1687,70.699,27.73,1011.45,14.997,0.0,0.0,0.0,-0.22,-0.03,0.01,-0.22,0.53,1.19,9.71,358.18,6.93,3.06,0,0,0,0.0,0.0,0.0
1787615095.515201,08:44:55.515,1688,70.709,27.73,1011.45,14.997,0.0,0.0,0.0,-0.22,-0.03,0.01,-0.22,0.53,1.19,9.71,358.18,6.93,3.06,0,0,0,0.0,0.0,0.0
1787615095.616576,08:44:55.616,1689,70.719,27.73,1011.45,14.997,0.0,0.0,0.0,-0.22,-0.03,0.01,-0.22,0.53,1.19,9.71,358.18,6.93,3.06,0,0,0,0.0,0.0,0.0
1787615095.617048,08:44:55.617,1690,70.729,27.73,1011.45,14.997,0.0,0.0,0.0,-0.26,0.0,0.06,-0.26,0.53,1.19,9.71,358.18,7.0,3.12,0,0,0,0.0,0.0,0.0
1787615095.617242,08:44:55.617,1691,70.739,27.73,1011.45,14.997,0.0,0.0,0.0,-0.26,0.0,0.06,-0.26,0.53,1.19,9.71,358.18,7.0,3.12,0,0,0,0.0,0.0,0.0
1787615095.617403,08:44:55.617,1692,70.749,27.73,1011.45,14.997,0.0,0.0,0.0,-0.26,0.0,0.06,-0.26,0.53,1.19,9.71,358.18,7.0,3.12,0,0,0,0.0,0.0,0.0
1787615095.617560,08:44:55.617,1693,70.759,27.73,1011.45,14.997,0.0,0.0,0.0,-0.26,0.0,0.06,-0.26,0.53,1.19,9.71,358.18,7.0,3.12,0,0,0,0.0,0.0,0.0
1787615095.617716,08:44:55.617,1694,70.769,27.73,1011.43,15.164,0.0,0.0,0.0,-0.26,0.0,0.06,-0.26,0.53,1.19,9.71,358.18,7.0,3.12,0,0,0,0.0,0.0,0.0
1787615095.617871,08:44:55.617,1695,70.779,27.73,1011.43,15.164,0.0,0.0,0.0,-0.26,0.0,0.06,-0.26,0.53,1.19,9.71,358.18,7.0,3.12,0,0,0,0.0,0.0,0.0
1787615095.618026,08:44:55.618,1696,70.789,27.73,1011.43,15.164,0.0,0.0,0.0,-0.26,0.0,0.06,-0.26,0.53,1.19,9.71,358.18,7.0,3.12,0,0,0,0.0,0.0,0.0
1787615095.618181,08:44:55.618,1697,70.799,27.73,1011.43,15.164,0.0,0.0,0.0,-0.26,0.0,0.06,-0.26,0.53,1.19,9.71,358.18,7.0,3.12,0,0,0,0.0,0.0,0.0
1787615095.618337,08:44:55.618,1698,70.809,27.73,1011.43,15.164,0.0,0.0,0.0,-0.26,0.0,0.06,-0.26,0.53,1.19,9.71,358.18,7.0,3.12,0,0,0,0.0,0.0,0.0
1787615095.618492,08:44:55.618,1699,70.819,27.73,1011.43,15.164,0.0,0.0,0.0,-0.26,0.0,0.06,-0.26,0.53,1.19,9.71,358.18,7.0,3.12,0,0,0,0.0,0.0,0.0
1787615095.719828,08:44:55.719,1700,70.829,27.73,1011.43,15.164,0.0,0.0,0.0,-0.19,-0.03,0.05,-0.19,0.53,1.19,9.71,358.18,7.0,3.06,0,0,0,0.0,0.0,0.0
1787615095.720140,08:44:55.720,1701,70.839,27.73,1011.43,15.164,0.0,0.0,0.0,-0.19,-0.03,0.05,-0.19,0.53,1.19,9.71,358.18,7.0,3.06,0,0,0,0.0,0.0,0.0
1787615095.720341,08:44:55.720,1702,70.849,27.73,1011.43,15.164,0.0,0.0,0.0,-0.19,-0.03,0.05,-0.19,0.53,1.19,9.71,358.18,7.0,3.06,0,0,0,0.0,0.0,0.0
1787615095.720537,08:44:55.720,1703,70.859,27.73,1011.43,15.164,0.0,0.0,0.0,-0.19,-0.03,0.05,-0.19,0.53,1.19,9.71,358.18,7.0,3.06,0,0,0,0.0,0.0,0.0
1787615095.720730,08:44:55.720,1704,70.869,27.73,1011.43,15.164,0.0,0.0,0.0,-0.19,-0.03,0.05,-0.19,0.53,1.19,9.71,358.18,7.0,3.06,0,0,0,0.0,0.0,0.0
1787615095.720923,08:44:55.720,1705,70.879,27.73,1011.43,15.164,0.0,0.0,0.0,-0.19,-0.03,0.05,-0.19,0.53,1.19,9.71,358.18,7.0,3.06,0,0,0,0.0,0.0,0.0
1787615095.721116,08:44:55.721,1706,70.889,27.73,1011.43,15.164,0.0,0.0,0.0,-0.19,-0.03,0.05,-0.19,0.53,1.19,9.71,358.18,7.0,3.06,0,0,0,0.0,0.0,0.0
1787615095.721307,08:44:55.721,1707,70.899,27.73,1011.43,15.164,0.0,0.0,0.0,-0.19,-0.03,0.05,-0.19,0.53,1.19,9.71,358.18,7.0,3.06,0,0,0,0.0,0.0,0.0
1787615095.822692,08:44:55.822,1708,70.909,27.73,1011.43,15.164,0.0,0.0,0.0,-0.19,-0.03,0.05,-0.19,0.53,1.19,9.71,358.18,7.0,3.06,0,0,0,0.0,0.0,0.0
1787615095.822994,08:44:55.822,1709,70.919,27.73,1011.43,15.164,0.0,0.0,0.0,-0.19,-0.03,0.05,-0.19,0.53,1.19,9.71,358.18,7.0,3.06,0,0,0,0.0,0.0,0.0
1787615095.823162,08:44:55.823,1710,70.929,27.73,1011.43,15.164,0.0,0.0,0.0,-0.34,-0.03,0.02,-0.34,0.53,1.18,9.72,358.18,6.87,3.06,0,0,0,0.0,0.0,0.0
1787615095.823327,08:44:55.823,1711,70.939,27.73,1011.43,15.164,0.0,0.0,0.0,-0.34,-0.03,0.02,-0.34,0.53,1.18,9.72,358.18,6.87,3.06,0,0,0,0.0,0.0,0.0
1787615095.823535,08:44:55.823,1712,70.949,27.73,1011.43,15.164,0.0,0.0,0.0,-0.34,-0.03,0.02,-0.34,0.53,1.18,9.72,358.18,6.87,3.06,0,0,0,0.0,0.0,0.0
1787615095.823689,08:44:55.823,1713,70.959,27.73,1011.43,15.164,0.0,0.0,0.0,-0.34,-0.03,0.02,-0.34,0.53,1.18,9.72,358.18,6.87,3.06,0,0,0,0.0,0.0,0.0
1787615095.823841,08:44:55.823,1714,70.969,27.73,1011.43,15.164,0.0,0.0,0.0,-0.34,-0.03,0.02,-0.34,0.53,1.18,9.72,358.18,6.87,3.06,0,0,0,0.0,0.0,0.0
1787615095.823993,08:44:55.823,1715,70.979,27.73,1011.43,15.164,0.0,0.0,0.0,-0.34,-0.03,0.02,-0.34,0.53,1.18,9.72,358.18,6.87,3.06,0,0,0,0.0,0.0,0.0
1787615095.824144,08:44:55.824,1716,70.989,27.73,1011.43,15.164,0.0,0.0,0.0,-0.34,-0.03,0.02,-0.34,0.53,1.18,9.72,358.18,6.87,3.06,0,0,0,0.0,0.0,0.0
1787615095.824296,08:44:55.824,1717,70.999,27.73,1011.43,15.164,0.0,0.0,0.0,-0.34,-0.03,0.02,-0.34,0.53,1.18,9.72,358.18,6.87,3.06,0,0,0,0.0,0.0,0.0
1787615095.925737,08:44:55.925,1718,71.009,27.73,1011.43,15.164,0.0,0.0,0.0,-0.34,-0.03,0.02,-0.34,0.53,1.18,9.72,358.18,6.87,3.06,0,0,0,0.0,0.0,0.0
1787615095.926559,08:44:55.926,1719,71.019,27.73,1011.43,15.164,0.0,0.0,0.0,-0.34,-0.03,0.02,-0.34,0.53,1.18,9.72,358.18,6.87,3.06,0,0,0,0.0,0.0,0.0
1787615095.926830,08:44:55.926,1720,71.029,27.73,1011.43,15.164,0.0,0.0,0.0,-0.34,-0.03,0.02,-0.34,0.53,1.18,9.72,358.18,6.87,3.06,0,0,0,0.0,0.0,0.0
1787615095.927104,08:44:55.927,1721,71.039,27.73,1011.43,15.164,0.0,0.0,0.0,-0.24,-0.03,-0.08,-0.24,0.53,1.17,9.72,358.18,6.87,3.06,0,0,0,0.0,0.0,0.0
1787615095.927437,08:44:55.927,1722,71.049,27.73,1011.43,15.164,0.0,0.0,0.0,-0.24,-0.03,-0.08,-0.24,0.53,1.17,9.72,358.18,6.87,3.06,0,0,0,0.0,0.0,0.0
1787615095.927779,08:44:55.927,1723,71.059,27.73,1011.43,15.164,0.0,0.0,0.0,-0.24,-0.03,-0.08,-0.24,0.53,1.17,9.72,358.18,6.87,3.06,0,0,0,0.0,0.0,0.0
1787615095.928076,08:44:55.928,1724,71.069,27.73,1011.43,15.164,0.0,0.0,0.0,-0.24,-0.03,-0.08,-0.24,0.53,1.17,9.72,358.18,6.87,3.06,0,0,0,0.0,0.0,0.0
1787615095.928318,08:44:55.928,1725,71.079,27.73,1011.43,15.164,0.0,0.0,0.0,-0.24,-0.03,-0.08,-0.24,0.53,1.17,9.72,358.18,6.87,3.06,0,0,0,0.0,0.0,0.0
1787615095.928564,08:44:55.928,1726,71.089,27.73,1011.43,15.164,0.0,0.0,0.0,-0.24,-0.03,-0.08,-0.24,0.53,1.17,9.72,358.18,6.87,3.06,0,0,0,0.0,0.0,0.0
1787615095.928809,08:44:55.928,1727,71.099,27.73,1011.43,15.164,0.0,0.0,0.0,-0.24,-0.03,-0.08,-0.24,0.53,1.17,9.72,358.18,6.87,3.06,0,0,0,0.0,0.0,0.0
1787615095.929063,08:44:55.929,1728,71.109,27.73,1011.43,15.164,0.0,0.0,0.0,-0.24,-0.03,-0.08,-0.24,0.53,1.17,9.72,358.18,6.87,3.06,0,0,0,0.0,0.0,0.0
1787615095.929322,08:44:55.929,1729,71.119,27.73,1011.43,15.164,0.0,0.0,0.0,-0.24,-0.03,-0.08,-0.24,0.53,1.17,9.72,358.18,6.87,3.06,0,0,0,0.0,0.0,0.0
1787615096.030837,08:44:56.030,1730,71.129,27.73,1011.43,15.164,0.0,0.0,0.0,-0.24,-0.03,-0.08,-0.24,0.53,1.17,9.72,358.18,6.87,3.06,0,0,0,0.0,0.0,0.0
1787615096.031355,08:44:56.031,1731,71.139,27.73,1011.43,15.164,0.0,0.0,0.0,0.02,-0.06,-0.05,0.02,0.53,1.18,9.72,358.18,6.87,3.06,0,0,0,0.0,0.0,0.0
1787615096.031653,08:44:56.031,1732,71.149,27.73,1011.43,15.164,0.0,0.0,0.0,0.02,-0.06,-0.05,0.02,0.53,1.18,9.72,358.18,6.87,3.06,0,0,0,0.0,0.0,0.0
1787615096.031932,08:44:56.031,1733,71.159,27.73,1011.43,15.164,0.0,0.0,0.0,0.02,-0.06,-0.05,0.02,0.53,1.18,9.72,358.18,6.87,3.06,0,0,0,0.0,0.0,0.0
1787615096.032289,08:44:56.032,1734,71.169,27.73,1011.43,15.164,0.0,0.0,0.0,0.02,-0.06,-0.05,0.02,0.53,1.18,9.72,358.18,6.87,3.06,0,0,0,0.0,0.0,0.0
1787615096.032562,08:44:56.032,1735,71.179,27.73,1011.43,15.164,0.0,0.0,0.0,0.02,-0.06,-0.05,0.02,0.53,1.18,9.72,358.18,6.87,3.06,0,0,0,0.0,0.0,0.0
1787615096.032829,08:44:56.032,1736,71.189,27.73,1011.43,15.164,0.0,0.0,0.0,0.02,-0.06,-0.05,0.02,0.53,1.18,9.72,358.18,6.87,3.06,0,0,0,0.0,0.0,0.0
1787615096.033099,08:44:56.033,1737,71.199,27.73,1011.43,15.164,0.0,0.0,0.0,0.02,-0.06,-0.05,0.02,0.53,1.18,9.72,358.18,6.87,3.06,0,0,0,0.0,0.0,0.0
1787615096.033368,08:44:56.033,1738,71.209,27.73,1011.43,15.164,0.0,0.0,0.0,0.02,-0.06,-0.05,0.02,0.53,1.18,9.72,358.18,6.87,3.06,0,0,0,0.0,0.0,0.0
1787615096.033644,08:44:56.033,1739,71.219,27.73,1011.43,15.164,0.0,0.0,0.0,0.02,-0.06,-0.05,0.02,0.53,1.18,9.72,358.18,6.87,3.06,0,0,0,0.0,0.0,0.0
1787615096.134656,08:44:56.134,1740,71.229,27.73,1011.43,15.164,0.0,0.0,0.0,-0.1,-0.02,0.12,-0.1,0.53,1.19,9.71,358.18,6.93,3.12,0,0,0,0.0,0.0,0.0
1787615096.134910,08:44:56.134,1741,71.239,27.73,1011.43,15.164,0.0,0.0,0.0,-0.1,-0.02,0.12,-0.1,0.53,1.19,9.71,358.18,6.93,3.12,0,0,0,0.0,0.0,0.0
1787615096.135056,08:44:56.135,1742,71.249,27.73,1011.43,15.164,0.0,0.0,0.0,-0.1,-0.02,0.12,-0.1,0.53,1.19,9.71,358.18,6.93,3.12,0,0,0,0.0,0.0,0.0
1787615096.135200,08:44:56.135,1743,71.259,27.73,1011.43,15.164,0.0,0.0,0.0,-0.1,-0.02,0.12,-0.1,0.53,1.19,9.71,358.18,6.93,3.12,0,0,0,0.0,0.0,0.0
1787615096.135339,08:44:56.135,1744,71.269,27.73,1011.43,15.164,0.0,0.0,0.0,-0.1,-0.02,0.12,-0.1,0.53,1.19,9.71,358.18,6.93,3.12,0,0,0,0.0,0.0,0.0
1787615096.135479,08:44:56.135,1745,71.279,27.73,1011.43,15.164,0.0,0.0,0.0,-0.1,-0.02,0.12,-0.1,0.53,1.19,9.71,358.18,6.93,3.12,0,0,0,0.0,0.0,0.0
1787615096.135620,08:44:56.135,1746,71.289,27.73,1011.43,15.164,0.0,0.0,0.0,-0.1,-0.02,0.12,-0.1,0.53,1.19,9.71,358.18,6.93,3.12,0,0,0,0.0,0.0,0.0
1787615096.135762,08:44:56.135,1747,71.299,27.73,1011.43,15.164,0.0,0.0,0.0,-0.1,-0.02,0.12,-0.1,0.53,1.19,9.71,358.18,6.93,3.12,0,0,0,0.0,0.0,0.0
1787615096.135900,08:44:56.135,1748,71.309,27.73,1011.43,15.164,0.0,0.0,0.0,-0.1,-0.02,0.12,-0.1,0.53,1.19,9.71,358.18,6.93,3.12,0,0,0,0.0,0.0,0.0
1787615096.136040,08:44:56.136,1749,71.319,27.73,1011.43,15.164,0.0,0.0,0.0,-0.1,-0.02,0.12,-0.1,0.53,1.19,9.71,358.18,6.93,3.12,0,0,0,0.0,0.0,0.0
1787615096.236831,08:44:56.236,1750,71.329,27.73,1011.43,15.164,0.0,0.0,0.0,-0.28,-0.03,0.0,-0.28,0.54,1.21,9.71,358.18,7.12,3.12,0,0,0,0.0,0.0,0.0
1787615096.237108,08:44:56.237,1751,71.339,27.73,1011.43,15.164,0.0,0.0,0.0,-0.28,-0.03,0.0,-0.28,0.54,1.21,9.71,358.18,7.12,3.12,0,0,0,0.0,0.0,0.0
1787615096.237273,08:44:56.237,1752,71.349,27.73,1011.43,15.164,0.0,0.0,0.0,-0.28,-0.03,0.0,-0.28,0.54,1.21,9.71,358.18,7.12,3.12,0,0,0,0.0,0.0,0.0
1787615096.237430,08:44:56.237,1753,71.359,27.73,1011.43,15.164,0.0,0.0,0.0,-0.28,-0.03,0.0,-0.28,0.54,1.21,9.71,358.18,7.12,3.12,0,0,0,0.0,0.0,0.0
1787615096.237584,08:44:56.237,1754,71.369,27.73,1011.43,15.164,0.0,0.0,0.0,-0.28,-0.03,0.0,-0.28,0.54,1.21,9.71,358.18,7.12,3.12,0,0,0,0.0,0.0,0.0
1787615096.237737,08:44:56.237,1755,71.379,27.73,1011.43,15.164,0.0,0.0,0.0,-0.28,-0.03,0.0,-0.28,0.54,1.21,9.71,358.18,7.12,3.12,0,0,0,0.0,0.0,0.0
1787615096.237890,08:44:56.237,1756,71.389,27.73,1011.43,15.164,0.0,0.0,0.0,-0.28,-0.03,0.0,-0.28,0.54,1.21,9.71,358.18,7.12,3.12,0,0,0,0.0,0.0,0.0
1787615096.238042,08:44:56.238,1757,71.399,27.73,1011.43,15.164,0.0,0.0,0.0,-0.28,-0.03,0.0,-0.28,0.54,1.21,9.71,358.18,7.12,3.12,0,0,0,0.0,0.0,0.0
1787615096.238192,08:44:56.238,1758,71.409,27.73,1011.43,15.164,0.0,0.0,0.0,-0.28,-0.03,0.0,-0.28,0.54,1.21,9.71,358.18,7.12,3.12,0,0,0,0.0,0.0,0.0
1787615096.238344,08:44:56.238,1759,71.419,27.73,1011.43,15.164,0.0,0.0,0.0,-0.28,-0.03,0.0,-0.28,0.54,1.21,9.71,358.18,7.12,3.12,0,0,0,0.0,0.0,0.0
1787615096.238495,08:44:56.238,1760,71.429,27.73,1011.43,15.164,0.0,0.0,0.0,-0.36,0.0,-0.09,-0.36,0.54,1.27,9.7,358.18,7.43,3.12,0,0,0,0.0,0.0,0.0
1787615096.339834,08:44:56.339,1761,71.439,27.73,1011.43,15.164,0.0,0.0,0.0,-0.36,0.0,-0.09,-0.36,0.54,1.27,9.7,358.18,7.43,3.12,0,0,0,0.0,0.0,0.0
1787615096.340105,08:44:56.340,1762,71.449,27.73,1011.43,15.164,0.0,0.0,0.0,-0.36,0.0,-0.09,-0.36,0.54,1.27,9.7,358.18,7.43,3.12,0,0,0,0.0,0.0,0.0
1787615096.340249,08:44:56.340,1763,71.459,27.73,1011.43,15.164,0.0,0.0,0.0,-0.36,0.0,-0.09,-0.36,0.54,1.27,9.7,358.18,7.43,3.12,0,0,0,0.0,0.0,0.0
1787615096.340389,08:44:56.340,1764,71.469,27.73,1011.43,15.164,0.0,0.0,0.0,-0.36,0.0,-0.09,-0.36,0.54,1.27,9.7,358.18,7.43,3.12,0,0,0,0.0,0.0,0.0
1787615096.340528,08:44:56.340,1765,71.479,27.73,1011.43,15.164,0.0,0.0,0.0,-0.36,0.0,-0.09,-0.36,0.54,1.27,9.7,358.18,7.43,3.12,0,0,0,0.0,0.0,0.0
1787615096.340666,08:44:56.340,1766,71.489,27.73,1011.43,15.164,0.0,0.0,0.0,-0.36,0.0,-0.09,-0.36,0.54,1.27,9.7,358.18,7.43,3.12,0,0,0,0.0,0.0,0.0
1787615096.340802,08:44:56.340,1767,71.499,27.73,1011.43,15.164,0.0,0.0,0.0,-0.36,0.0,-0.09,-0.36,0.54,1.27,9.7,358.18,7.43,3.12,0,0,0,0.0,0.0,0.0
1787615096.340951,08:44:56.340,1768,71.509,27.73,1011.43,15.164,0.0,0.0,0.0,-0.36,0.0,-0.09,-0.36,0.54,1.27,9.7,358.18,7.43,3.12,0,0,0,0.0,0.0,0.0
1787615096.341102,08:44:56.341,1769,71.519,27.73,1011.43,15.164,0.0,0.0,0.0,-0.36,0.0,-0.09,-0.36,0.54,1.27,9.7,358.18,7.43,3.12,0,0,0,0.0,0.0,0.0
1787615096.341254,08:44:56.341,1770,71.529,27.73,1011.43,15.164,0.0,0.0,0.0,-0.32,-0.1,0.03,-0.32,0.54,1.34,9.69,358.18,7.87,3.12,0,0,0,0.0,0.0,0.0
1787615096.341406,08:44:56.341,1771,71.539,27.73,1011.43,15.164,0.0,0.0,0.0,-0.32,-0.1,0.03,-0.32,0.54,1.34,9.69,358.18,7.87,3.12,0,0,0,0.0,0.0,0.0
1787615096.442733,08:44:56.442,1772,71.549,27.73,1011.43,15.164,0.0,0.0,0.0,-0.32,-0.1,0.03,-0.32,0.54,1.34,9.69,358.18,7.87,3.12,0,0,0,0.0,0.0,0.0
1787615096.443022,08:44:56.443,1773,71.559,27.73,1011.43,15.164,0.0,0.0,0.0,-0.32,-0.1,0.03,-0.32,0.54,1.34,9.69,358.18,7.87,3.12,0,0,0,0.0,0.0,0.0
1787615096.443187,08:44:56.443,1774,71.569,27.72,1011.41,15.33,0.0,0.0,0.0,-0.32,-0.1,0.03,-0.32,0.54,1.34,9.69,358.18,7.87,3.12,0,0,0,0.0,0.0,0.0
1787615096.443345,08:44:56.443,1775,71.579,27.72,1011.41,15.33,0.0,0.0,0.0,-0.32,-0.1,0.03,-0.32,0.54,1.34,9.69,358.18,7.87,3.12,0,0,0,0.0,0.0,0.0
1787615096.443498,08:44:56.443,1776,71.589,27.72,1011.41,15.33,0.0,0.0,0.0,-0.32,-0.1,0.03,-0.32,0.54,1.34,9.69,358.18,7.87,3.12,0,0,0,0.0,0.0,0.0
1787615096.443654,08:44:56.443,1777,71.599,27.72,1011.41,15.33,0.0,0.0,0.0,-0.32,-0.1,0.03,-0.32,0.54,1.34,9.69,358.18,7.87,3.12,0,0,0,0.0,0.0,0.0
1787615096.443816,08:44:56.443,1778,71.609,27.72,1011.41,15.33,0.0,0.0,0.0,-0.32,-0.1,0.03,-0.32,0.54,1.34,9.69,358.18,7.87,3.12,0,0,0,0.0,0.0,0.0
1787615096.443970,08:44:56.443,1779,71.619,27.72,1011.41,15.33,0.0,0.0,0.0,-0.32,-0.1,0.03,-0.32,0.54,1.34,9.69,358.18,7.87,3.12,0,0,0,0.0,0.0,0.0
1787615096.444122,08:44:56.444,1780,71.629,27.72,1011.41,15.33,0.0,0.0,0.0,-0.13,-0.07,0.0,-0.13,0.54,1.4,9.68,358.18,8.25,3.12,0,0,0,0.0,0.0,0.0
1787615096.444274,08:44:56.444,1781,71.639,27.72,1011.41,15.33,0.0,0.0,0.0,-0.13,-0.07,0.0,-0.13,0.54,1.4,9.68,358.18,8.25,3.12,0,0,0,0.0,0.0,0.0
1787615096.545208,08:44:56.545,1782,71.649,27.72,1011.41,15.33,0.0,0.0,0.0,-0.13,-0.07,0.0,-0.13,0.54,1.4,9.68,358.18,8.25,3.12,0,0,0,0.0,0.0,0.0
1787615096.546137,08:44:56.546,1783,71.659,27.72,1011.41,15.33,0.0,0.0,0.0,-0.13,-0.07,0.0,-0.13,0.54,1.4,9.68,358.18,8.25,3.12,0,0,0,0.0,0.0,0.0
1787615096.546610,08:44:56.546,1784,71.669,27.72,1011.41,15.33,0.0,0.0,0.0,-0.13,-0.07,0.0,-0.13,0.54,1.4,9.68,358.18,8.25,3.12,0,0,0,0.0,0.0,0.0
1787615096.546925,08:44:56.546,1785,71.679,27.72,1011.41,15.33,0.0,0.0,0.0,-0.13,-0.07,0.0,-0.13,0.54,1.4,9.68,358.18,8.25,3.12,0,0,0,0.0,0.0,0.0
1787615096.547219,08:44:56.547,1786,71.689,27.72,1011.41,15.33,0.0,0.0,0.0,-0.13,-0.07,0.0,-0.13,0.54,1.4,9.68,358.18,8.25,3.12,0,0,0,0.0,0.0,0.0
1787615096.547514,08:44:56.547,1787,71.699,27.72,1011.41,15.33,0.0,0.0,0.0,-0.13,-0.07,0.0,-0.13,0.54,1.4,9.68,358.18,8.25,3.12,0,0,0,0.0,0.0,0.0
1787615096.547802,08:44:56.547,1788,71.709,27.72,1011.41,15.33,0.0,0.0,0.0,-0.13,-0.07,0.0,-0.13,0.54,1.4,9.68,358.18,8.25,3.12,0,0,0,0.0,0.0,0.0
1787615096.548095,08:44:56.548,1789,71.719,27.72,1011.41,15.33,0.0,0.0,0.0,-0.13,-0.07,0.0,-0.13,0.54,1.4,9.68,358.18,8.25,3.12,0,0,0,0.0,0.0,0.0
1787615096.548388,08:44:56.548,1790,71.729,27.72,1011.41,15.33,0.0,0.0,0.0,-0.22,-0.03,0.04,-0.22,0.54,1.47,9.67,358.18,8.62,3.12,0,0,0,0.0,0.0,0.0
1787615096.548712,08:44:56.548,1791,71.739,27.72,1011.41,15.33,0.0,0.0,0.0,-0.22,-0.03,0.04,-0.22,0.54,1.47,9.67,358.18,8.62,3.12,0,0,0,0.0,0.0,0.0
1787615096.549015,08:44:56.549,1792,71.749,27.72,1011.41,15.33,0.0,0.0,0.0,-0.22,-0.03,0.04,-0.22,0.54,1.47,9.67,358.18,8.62,3.12,0,0,0,0.0,0.0,0.0
1787615096.651234,08:44:56.651,1793,71.759,27.72,1011.41,15.33,0.0,0.0,0.0,-0.22,-0.03,0.04,-0.22,0.54,1.47,9.67,358.18,8.62,3.12,0,0,0,0.0,0.0,0.0
1787615096.653343,08:44:56.653,1794,71.769,27.74,1011.44,15.079,0.0,0.0,0.0,-0.22,-0.03,0.04,-0.22,0.54,1.47,9.67,358.18,8.62,3.12,0,0,0,0.0,0.0,0.0
1787615096.654167,08:44:56.654,1795,71.779,27.74,1011.44,15.079,0.0,0.0,0.0,-0.22,-0.03,0.04,-0.22,0.54,1.47,9.67,358.18,8.62,3.12,0,0,0,0.0,0.0,0.0
1787615096.654808,08:44:56.654,1796,71.789,27.74,1011.44,15.079,0.0,0.0,0.0,-0.22,-0.03,0.04,-0.22,0.54,1.47,9.67,358.18,8.62,3.12,0,0,0,0.0,0.0,0.0
1787615096.655124,08:44:56.655,1797,71.799,27.74,1011.44,15.079,0.0,0.0,0.0,-0.22,-0.03,0.04,-0.22,0.54,1.47,9.67,358.18,8.62,3.12,0,0,0,0.0,0.0,0.0
1787615096.655432,08:44:56.655,1798,71.809,27.74,1011.44,15.079,0.0,0.0,0.0,-0.22,-0.03,0.04,-0.22,0.54,1.47,9.67,358.18,8.62,3.12,0,0,0,0.0,0.0,0.0
1787615096.655739,08:44:56.655,1799,71.819,27.74,1011.44,15.079,0.0,0.0,0.0,-0.22,-0.03,0.04,-0.22,0.54,1.47,9.67,358.18,8.62,3.12,0,0,0,0.0,0.0,0.0
1787615096.656048,08:44:56.656,1800,71.829,27.74,1011.44,15.079,0.0,0.0,0.0,-0.59,0.07,0.03,-0.59,0.54,1.54,9.66,358.18,9.06,3.18,0,0,0,0.0,0.0,0.0
1787615096.656373,08:44:56.656,1801,71.839,27.74,1011.44,15.079,0.0,0.0,0.0,-0.59,0.07,0.03,-0.59,0.54,1.54,9.66,358.18,9.06,3.18,0,0,0,0.0,0.0,0.0
1787615096.656750,08:44:56.656,1802,71.849,27.74,1011.44,15.079,0.0,0.0,0.0,-0.59,0.07,0.03,-0.59,0.54,1.54,9.66,358.18,9.06,3.18,0,0,0,0.0,0.0,0.0
1787615096.757612,08:44:56.757,1803,71.859,27.74,1011.44,15.079,0.0,0.0,0.0,-0.59,0.07,0.03,-0.59,0.54,1.54,9.66,358.18,9.06,3.18,0,0,0,0.0,0.0,0.0
1787615096.757983,08:44:56.757,1804,71.869,27.74,1011.44,15.079,0.0,0.0,0.0,-0.59,0.07,0.03,-0.59,0.54,1.54,9.66,358.18,9.06,3.18,0,0,0,0.0,0.0,0.0
1787615096.758216,08:44:56.758,1805,71.879,27.74,1011.44,15.079,0.0,0.0,0.0,-0.59,0.07,0.03,-0.59,0.54,1.54,9.66,358.18,9.06,3.18,0,0,0,0.0,0.0,0.0
1787615096.758441,08:44:56.758,1806,71.889,27.74,1011.44,15.079,0.0,0.0,0.0,-0.59,0.07,0.03,-0.59,0.54,1.54,9.66,358.18,9.06,3.18,0,0,0,0.0,0.0,0.0
1787615096.758661,08:44:56.758,1807,71.899,27.74,1011.44,15.079,0.0,0.0,0.0,-0.59,0.07,0.03,-0.59,0.54,1.54,9.66,358.18,9.06,3.18,0,0,0,0.0,0.0,0.0
1787615096.758880,08:44:56.758,1808,71.909,27.74,1011.44,15.079,0.0,0.0,0.0,-0.59,0.07,0.03,-0.59,0.54,1.54,9.66,358.18,9.06,3.18,0,0,0,0.0,0.0,0.0
1787615096.759101,08:44:56.759,1809,71.919,27.74,1011.44,15.079,0.0,0.0,0.0,-0.59,0.07,0.03,-0.59,0.54,1.54,9.66,358.18,9.06,3.18,0,0,0,0.0,0.0,0.0
1787615096.759320,08:44:56.759,1810,71.929,27.74,1011.44,15.079,0.0,0.0,0.0,-0.23,0.02,0.03,-0.23,0.54,1.62,9.65,358.12,9.5,3.18,0,0,0,0.0,0.0,0.0
1787615096.759538,08:44:56.759,1811,71.939,27.74,1011.44,15.079,0.0,0.0,0.0,-0.23,0.02,0.03,-0.23,0.54,1.62,9.65,358.12,9.5,3.18,0,0,0,0.0,0.0,0.0
1787615096.759755,08:44:56.759,1812,71.949,27.74,1011.44,15.079,0.0,0.0,0.0,-0.23,0.02,0.03,-0.23,0.54,1.62,9.65,358.12,9.5,3.18,0,0,0,0.0,0.0,0.0
1787615096.860454,08:44:56.860,1813,71.959,27.74,1011.44,15.079,0.0,0.0,0.0,-0.23,0.02,0.03,-0.23,0.54,1.62,9.65,358.12,9.5,3.18,0,0,0,0.0,0.0,0.0
1787615096.861769,08:44:56.861,1814,71.969,27.73,1011.42,15.245,0.0,0.0,0.0,-0.23,0.02,0.03,-0.23,0.54,1.62,9.65,358.12,9.5,3.18,0,0,0,0.0,0.0,0.0
1787615096.862143,08:44:56.862,1815,71.979,27.73,1011.42,15.245,0.0,0.0,0.0,-0.23,0.02,0.03,-0.23,0.54,1.62,9.65,358.12,9.5,3.18,0,0,0,0.0,0.0,0.0
1787615096.862454,08:44:56.862,1816,71.989,27.73,1011.42,15.245,0.0,0.0,0.0,-0.23,0.02,0.03,-0.23,0.54,1.62,9.65,358.12,9.5,3.18,0,0,0,0.0,0.0,0.0
1787615096.862995,08:44:56.862,1817,71.999,27.73,1011.42,15.245,0.0,0.0,0.0,-0.23,0.02,0.03,-0.23,0.54,1.62,9.65,358.12,9.5,3.18,0,0,0,0.0,0.0,0.0
1787615096.863481,08:44:56.863,1818,72.009,27.73,1011.42,15.245,0.0,0.0,0.0,-0.23,0.02,0.03,-0.23,0.54,1.62,9.65,358.12,9.5,3.18,0,0,0,0.0,0.0,0.0
1787615096.864361,08:44:56.864,1819,72.019,27.73,1011.42,15.245,0.0,0.0,0.0,-0.23,0.02,0.03,-0.23,0.54,1.62,9.65,358.12,9.5,3.18,0,0,0,0.0,0.0,0.0
1787615096.864849,08:44:56.864,1820,72.029,27.73,1011.42,15.245,0.0,0.0,0.0,-0.27,0.02,0.06,-0.27,0.54,1.7,9.64,358.12,10.0,3.18,0,0,0,0.0,0.0,0.0
1787615096.865251,08:44:56.865,1821,72.039,27.73,1011.42,15.245,0.0,0.0,0.0,-0.27,0.02,0.06,-0.27,0.54,1.7,9.64,358.12,10.0,3.18,0,0,0,0.0,0.0,0.0
1787615096.865622,08:44:56.865,1822,72.049,27.73,1011.42,15.245,0.0,0.0,0.0,-0.27,0.02,0.06,-0.27,0.54,1.7,9.64,358.12,10.0,3.18,0,0,0,0.0,0.0,0.0
1787615096.865979,08:44:56.865,1823,72.059,27.73,1011.42,15.245,0.0,0.0,0.0,-0.27,0.02,0.06,-0.27,0.54,1.7,9.64,358.12,10.0,3.18,0,0,0,0.0,0.0,0.0
1787615096.967564,08:44:56.967,1824,72.069,27.73,1011.42,15.245,0.0,0.0,0.0,-0.27,0.02,0.06,-0.27,0.54,1.7,9.64,358.12,10.0,3.18,0,0,0,0.0,0.0,0.0
1787615096.968023,08:44:56.968,1825,72.079,27.73,1011.42,15.245,0.0,0.0,0.0,-0.27,0.02,0.06,-0.27,0.54,1.7,9.64,358.12,10.0,3.18,0,0,0,0.0,0.0,0.0
1787615096.968268,08:44:56.968,1826,72.089,27.73,1011.42,15.245,0.0,0.0,0.0,-0.27,0.02,0.06,-0.27,0.54,1.7,9.64,358.12,10.0,3.18,0,0,0,0.0,0.0,0.0
1787615096.968502,08:44:56.968,1827,72.099,27.73,1011.42,15.245,0.0,0.0,0.0,-0.27,0.02,0.06,-0.27,0.54,1.7,9.64,358.12,10.0,3.18,0,0,0,0.0,0.0,0.0
1787615096.968730,08:44:56.968,1828,72.109,27.73,1011.42,15.245,0.0,0.0,0.0,-0.27,0.02,0.06,-0.27,0.54,1.7,9.64,358.12,10.0,3.18,0,0,0,0.0,0.0,0.0
1787615096.968956,08:44:56.968,1829,72.119,27.73,1011.42,15.245,0.0,0.0,0.0,-0.27,0.02,0.06,-0.27,0.54,1.7,9.64,358.12,10.0,3.18,0,0,0,0.0,0.0,0.0
1787615096.969184,08:44:56.969,1830,72.129,27.73,1011.42,15.245,0.0,0.0,0.0,-0.49,-0.05,-0.05,-0.49,0.55,1.76,9.63,358.12,10.31,3.18,0,0,0,0.0,0.0,0.0
1787615096.969426,08:44:56.969,1831,72.139,27.73,1011.42,15.245,0.0,0.0,0.0,-0.49,-0.05,-0.05,-0.49,0.55,1.76,9.63,358.12,10.31,3.18,0,0,0,0.0,0.0,0.0
1787615096.969656,08:44:56.969,1832,72.149,27.73,1011.42,15.245,0.0,0.0,0.0,-0.49,-0.05,-0.05,-0.49,0.55,1.76,9.63,358.12,10.31,3.18,0,0,0,0.0,0.0,0.0
1787615096.969884,08:44:56.969,1833,72.159,27.73,1011.42,15.245,0.0,0.0,0.0,-0.49,-0.05,-0.05,-0.49,0.55,1.76,9.63,358.12,10.31,3.18,0,0,0,0.0,0.0,0.0
1787615097.070870,08:44:57.070,1834,72.169,27.75,1011.44,15.079,0.0,0.0,0.0,-0.49,-0.05,-0.05,-0.49,0.55,1.76,9.63,358.12,10.31,3.18,0,0,0,0.0,0.0,0.0
1787615097.071073,08:44:57.071,1835,72.179,27.75,1011.44,15.079,0.0,0.0,0.0,-0.49,-0.05,-0.05,-0.49,0.55,1.76,9.63,358.12,10.31,3.18,0,0,0,0.0,0.0,0.0
1787615097.071222,08:44:57.071,1836,72.189,27.75,1011.44,15.079,0.0,0.0,0.0,-0.49,-0.05,-0.05,-0.49,0.55,1.76,9.63,358.12,10.31,3.18,0,0,0,0.0,0.0,0.0
1787615097.071365,08:44:57.071,1837,72.199,27.75,1011.44,15.079,0.0,0.0,0.0,-0.49,-0.05,-0.05,-0.49,0.55,1.76,9.63,358.12,10.31,3.18,0,0,0,0.0,0.0,0.0
1787615097.071505,08:44:57.071,1838,72.209,27.75,1011.44,15.079,0.0,0.0,0.0,-0.49,-0.05,-0.05,-0.49,0.55,1.76,9.63,358.12,10.31,3.18,0,0,0,0.0,0.0,0.0
1787615097.071645,08:44:57.071,1839,72.219,27.75,1011.44,15.079,0.0,0.0,0.0,-0.49,-0.05,-0.05,-0.49,0.55,1.76,9.63,358.12,10.31,3.18,0,0,0,0.0,0.0,0.0
1787615097.071786,08:44:57.071,1840,72.229,27.75,1011.44,15.079,0.0,0.0,0.0,-0.15,0.08,0.11,-0.15,0.54,1.8,9.62,358.12,10.62,3.12,0,0,0,0.0,0.0,0.0
1787615097.071927,08:44:57.071,1841,72.239,27.75,1011.44,15.079,0.0,0.0,0.0,-0.15,0.08,0.11,-0.15,0.54,1.8,9.62,358.12,10.62,3.12,0,0,0,0.0,0.0,0.0
1787615097.072066,08:44:57.072,1842,72.249,27.75,1011.44,15.079,0.0,0.0,0.0,-0.15,0.08,0.11,-0.15,0.54,1.8,9.62,358.12,10.62,3.12,0,0,0,0.0,0.0,0.0
1787615097.072206,08:44:57.072,1843,72.259,27.75,1011.44,15.079,0.0,0.0,0.0,-0.15,0.08,0.11,-0.15,0.54,1.8,9.62,358.12,10.62,3.12,0,0,0,0.0,0.0,0.0
1787615097.072344,08:44:57.072,1844,72.269,27.75,1011.44,15.079,0.0,0.0,0.0,-0.15,0.08,0.11,-0.15,0.54,1.8,9.62,358.12,10.62,3.12,0,0,0,0.0,0.0,0.0
1787615097.173614,08:44:57.173,1845,72.279,27.75,1011.44,15.079,0.0,0.0,0.0,-0.15,0.08,0.11,-0.15,0.54,1.8,9.62,358.12,10.62,3.12,0,0,0,0.0,0.0,0.0
1787615097.173905,08:44:57.173,1846,72.289,27.75,1011.44,15.079,0.0,0.0,0.0,-0.15,0.08,0.11,-0.15,0.54,1.8,9.62,358.12,10.62,3.12,0,0,0,0.0,0.0,0.0
1787615097.174072,08:44:57.174,1847,72.299,27.75,1011.44,15.079,0.0,0.0,0.0,-0.15,0.08,0.11,-0.15,0.54,1.8,9.62,358.12,10.62,3.12,0,0,0,0.0,0.0,0.0
1787615097.174230,08:44:57.174,1848,72.309,27.75,1011.44,15.079,0.0,0.0,0.0,-0.15,0.08,0.11,-0.15,0.54,1.8,9.62,358.12,10.62,3.12,0,0,0,0.0,0.0,0.0
1787615097.174385,08:44:57.174,1849,72.319,27.75,1011.44,15.079,0.0,0.0,0.0,-0.15,0.08,0.11,-0.15,0.54,1.8,9.62,358.12,10.62,3.12,0,0,0,0.0,0.0,0.0
1787615097.174541,08:44:57.174,1850,72.329,27.75,1011.44,15.079,0.0,0.0,0.0,-0.61,0.04,0.06,-0.61,0.54,1.79,9.62,358.12,10.56,3.12,0,0,0,0.0,0.0,0.0
1787615097.174697,08:44:57.174,1851,72.339,27.75,1011.44,15.079,0.0,0.0,0.0,-0.61,0.04,0.06,-0.61,0.54,1.79,9.62,358.12,10.56,3.12,0,0,0,0.0,0.0,0.0
1787615097.174852,08:44:57.174,1852,72.349,27.75,1011.44,15.079,0.0,0.0,0.0,-0.61,0.04,0.06,-0.61,0.54,1.79,9.62,358.12,10.56,3.12,0,0,0,0.0,0.0,0.0
1787615097.175003,08:44:57.175,1853,72.359,27.75,1011.44,15.079,0.0,0.0,0.0,-0.61,0.04,0.06,-0.61,0.54,1.79,9.62,358.12,10.56,3.12,0,0,0,0.0,0.0,0.0
1787615097.175302,08:44:57.175,1854,72.369,27.73,1011.41,15.33,0.0,0.0,0.0,-0.61,0.04,0.06,-0.61,0.54,1.79,9.62,358.12,10.56,3.12,0,0,0,0.0,0.0,0.0
1787615097.175476,08:44:57.175,1855,72.379,27.73,1011.41,15.33,0.0,0.0,0.0,-0.61,0.04,0.06,-0.61,0.54,1.79,9.62,358.12,10.56,3.12,0,0,0,0.0,0.0,0.0
1787615097.276439,08:44:57.276,1856,72.389,27.73,1011.41,15.33,0.0,0.0,0.0,-0.61,0.04,0.06,-0.61,0.54,1.79,9.62,358.12,10.56,3.12,0,0,0,0.0,0.0,0.0
1787615097.277341,08:44:57.277,1857,72.399,27.73,1011.41,15.33,0.0,0.0,0.0,-0.61,0.04,0.06,-0.61,0.54,1.79,9.62,358.12,10.56,3.12,0,0,0,0.0,0.0,0.0
1787615097.277699,08:44:57.277,1858,72.409,27.73,1011.41,15.33,0.0,0.0,0.0,-0.61,0.04,0.06,-0.61,0.54,1.79,9.62,358.12,10.56,3.12,0,0,0,0.0,0.0,0.0
1787615097.278056,08:44:57.278,1859,72.419,27.73,1011.41,15.33,0.0,0.0,0.0,-0.61,0.04,0.06,-0.61,0.54,1.79,9.62,358.12,10.56,3.12,0,0,0,0.0,0.0,0.0
1787615097.278401,08:44:57.278,1860,72.429,27.73,1011.41,15.33,0.0,0.0,0.0,-0.18,-0.04,-0.19,-0.18,0.53,1.73,9.63,358.12,10.18,3.06,0,0,0,0.0,0.0,0.0
1787615097.278759,08:44:57.278,1861,72.439,27.73,1011.41,15.33,0.0,0.0,0.0,-0.18,-0.04,-0.19,-0.18,0.53,1.73,9.63,358.12,10.18,3.06,0,0,0,0.0,0.0,0.0
1787615097.279101,08:44:57.279,1862,72.449,27.73,1011.41,15.33,0.0,0.0,0.0,-0.18,-0.04,-0.19,-0.18,0.53,1.73,9.63,358.12,10.18,3.06,0,0,0,0.0,0.0,0.0
1787615097.279445,08:44:57.279,1863,72.459,27.73,1011.41,15.33,0.0,0.0,0.0,-0.18,-0.04,-0.19,-0.18,0.53,1.73,9.63,358.12,10.18,3.06,0,0,0,0.0,0.0,0.0
1787615097.279756,08:44:57.279,1864,72.469,27.73,1011.41,15.33,0.0,0.0,0.0,-0.18,-0.04,-0.19,-0.18,0.53,1.73,9.63,358.12,10.18,3.06,0,0,0,0.0,0.0,0.0
1787615097.381264,08:44:57.381,1865,72.479,27.73,1011.41,15.33,0.0,0.0,0.0,-0.18,-0.04,-0.19,-0.18,0.53,1.73,9.63,358.12,10.18,3.06,0,0,0,0.0,0.0,0.0
1787615097.381537,08:44:57.381,1866,72.489,27.73,1011.41,15.33,0.0,0.0,0.0,-0.18,-0.04,-0.19,-0.18,0.53,1.73,9.63,358.12,10.18,3.06,0,0,0,0.0,0.0,0.0
1787615097.381676,08:44:57.381,1867,72.499,27.73,1011.41,15.33,0.0,0.0,0.0,-0.18,-0.04,-0.19,-0.18,0.53,1.73,9.63,358.12,10.18,3.06,0,0,0,0.0,0.0,0.0
1787615097.381809,08:44:57.381,1868,72.509,27.73,1011.41,15.33,0.0,0.0,0.0,-0.18,-0.04,-0.19,-0.18,0.53,1.73,9.63,358.12,10.18,3.06,0,0,0,0.0,0.0,0.0
1787615097.381938,08:44:57.381,1869,72.519,27.73,1011.41,15.33,0.0,0.0,0.0,-0.18,-0.04,-0.19,-0.18,0.53,1.73,9.63,358.12,10.18,3.06,0,0,0,0.0,0.0,0.0
1787615097.382066,08:44:57.382,1870,72.529,27.73,1011.41,15.33,0.0,0.0,0.0,0.17,-0.05,0.06,0.17,0.52,1.68,9.64,358.12,9.93,3.06,0,0,0,0.0,0.0,0.0
1787615097.382198,08:44:57.382,1871,72.539,27.73,1011.41,15.33,0.0,0.0,0.0,0.17,-0.05,0.06,0.17,0.52,1.68,9.64,358.12,9.93,3.06,0,0,0,0.0,0.0,0.0
1787615097.382327,08:44:57.382,1872,72.549,27.73,1011.41,15.33,0.0,0.0,0.0,0.17,-0.05,0.06,0.17,0.52,1.68,9.64,358.12,9.93,3.06,0,0,0,0.0,0.0,0.0
1787615097.382455,08:44:57.382,1873,72.559,27.73,1011.41,15.33,0.0,0.0,0.0,0.17,-0.05,0.06,0.17,0.52,1.68,9.64,358.12,9.93,3.06,0,0,0,0.0,0.0,0.0
1787615097.382583,08:44:57.382,1874,72.569,27.75,1011.43,15.164,0.0,0.0,0.0,0.17,-0.05,0.06,0.17,0.52,1.68,9.64,358.12,9.93,3.06,0,0,0,0.0,0.0,0.0
1787615097.483899,08:44:57.483,1875,72.579,27.75,1011.43,15.164,0.0,0.0,0.0,0.17,-0.05,0.06,0.17,0.52,1.68,9.64,358.12,9.93,3.06,0,0,0,0.0,0.0,0.0
1787615097.484246,08:44:57.484,1876,72.589,27.75,1011.43,15.164,0.0,0.0,0.0,0.17,-0.05,0.06,0.17,0.52,1.68,9.64,358.12,9.93,3.06,0,0,0,0.0,0.0,0.0
1787615097.484452,08:44:57.484,1877,72.599,27.75,1011.43,15.164,0.0,0.0,0.0,0.17,-0.05,0.06,0.17,0.52,1.68,9.64,358.12,9.93,3.06,0,0,0,0.0,0.0,0.0
1787615097.484645,08:44:57.484,1878,72.609,27.75,1011.43,15.164,0.0,0.0,0.0,0.17,-0.05,0.06,0.17,0.52,1.68,9.64,358.12,9.93,3.06,0,0,0,0.0,0.0,0.0
1787615097.484835,08:44:57.484,1879,72.619,27.75,1011.43,15.164,0.0,0.0,0.0,0.17,-0.05,0.06,0.17,0.52,1.68,9.64,358.12,9.93,3.06,0,0,0,0.0,0.0,0.0
1787615097.485024,08:44:57.485,1880,72.629,27.75,1011.43,15.164,0.0,0.0,0.0,-0.36,0.04,0.08,-0.36,0.53,1.61,9.65,358.12,9.5,3.06,0,0,0,0.0,0.0,0.0
1787615097.485218,08:44:57.485,1881,72.639,27.75,1011.43,15.164,0.0,0.0,0.0,-0.36,0.04,0.08,-0.36,0.53,1.61,9.65,358.12,9.5,3.06,0,0,0,0.0,0.0,0.0
1787615097.485406,08:44:57.485,1882,72.649,27.75,1011.43,15.164,0.0,0.0,0.0,-0.36,0.04,0.08,-0.36,0.53,1.61,9.65,358.12,9.5,3.06,0,0,0,0.0,0.0,0.0
1787615097.485594,08:44:57.485,1883,72.659,27.75,1011.43,15.164,0.0,0.0,0.0,-0.36,0.04,0.08,-0.36,0.53,1.61,9.65,358.12,9.5,3.06,0,0,0,0.0,0.0,0.0
1787615097.485832,08:44:57.485,1884,72.669,27.75,1011.43,15.164,0.0,0.0,0.0,-0.36,0.04,0.08,-0.36,0.53,1.61,9.65,358.12,9.5,3.06,0,0,0,0.0,0.0,0.0
1787615097.486017,08:44:57.486,1885,72.679,27.75,1011.43,15.164,0.0,0.0,0.0,-0.36,0.04,0.08,-0.36,0.53,1.61,9.65,358.12,9.5,3.06,0,0,0,0.0,0.0,0.0
1787615097.587405,08:44:57.587,1886,72.689,27.75,1011.43,15.164,0.0,0.0,0.0,-0.36,0.04,0.08,-0.36,0.53,1.61,9.65,358.12,9.5,3.06,0,0,0,0.0,0.0,0.0
1787615097.587757,08:44:57.587,1887,72.699,27.75,1011.43,15.164,0.0,0.0,0.0,-0.36,0.04,0.08,-0.36,0.53,1.61,9.65,358.12,9.5,3.06,0,0,0,0.0,0.0,0.0
1787615097.587988,08:44:57.587,1888,72.709,27.75,1011.43,15.164,0.0,0.0,0.0,-0.36,0.04,0.08,-0.36,0.53,1.61,9.65,358.12,9.5,3.06,0,0,0,0.0,0.0,0.0
1787615097.588213,08:44:57.588,1889,72.719,27.75,1011.43,15.164,0.0,0.0,0.0,-0.36,0.04,0.08,-0.36,0.53,1.61,9.65,358.12,9.5,3.06,0,0,0,0.0,0.0,0.0
1787615097.588437,08:44:57.588,1890,72.729,27.75,1011.43,15.164,0.0,0.0,0.0,0.02,-0.08,-0.03,0.02,0.53,1.57,9.66,358.12,9.25,3.06,0,0,0,0.0,0.0,0.0
1787615097.588662,08:44:57.588,1891,72.739,27.75,1011.43,15.164,0.0,0.0,0.0,0.02,-0.08,-0.03,0.02,0.53,1.57,9.66,358.12,9.25,3.06,0,0,0,0.0,0.0,0.0
1787615097.588884,08:44:57.588,1892,72.749,27.75,1011.43,15.164,0.0,0.0,0.0,0.02,-0.08,-0.03,0.02,0.53,1.57,9.66,358.12,9.25,3.06,0,0,0,0.0,0.0,0.0
1787615097.589104,08:44:57.589,1893,72.759,27.75,1011.43,15.164,0.0,0.0,0.0,0.02,-0.08,-0.03,0.02,0.53,1.57,9.66,358.12,9.25,3.06,0,0,0,0.0,0.0,0.0
1787615097.589324,08:44:57.589,1894,72.769,27.75,1011.43,15.164,0.0,0.0,0.0,0.02,-0.08,-0.03,0.02,0.53,1.57,9.66,358.12,9.25,3.06,0,0,0,0.0,0.0,0.0
1787615097.589542,08:44:57.589,1895,72.779,27.75,1011.43,15.164,0.0,0.0,0.0,0.02,-0.08,-0.03,0.02,0.53,1.57,9.66,358.12,9.25,3.06,0,0,0,0.0,0.0,0.0
1787615097.690946,08:44:57.690,1896,72.789,27.75,1011.43,15.164,0.0,0.0,0.0,0.02,-0.08,-0.03,0.02,0.53,1.57,9.66,358.12,9.25,3.06,0,0,0,0.0,0.0,0.0
1787615097.691538,08:44:57.691,1897,72.799,27.75,1011.43,15.164,0.0,0.0,0.0,0.02,-0.08,-0.03,0.02,0.53,1.57,9.66,358.12,9.25,3.06,0,0,0,0.0,0.0,0.0
1787615097.691806,08:44:57.691,1898,72.809,27.75,1011.43,15.164,0.0,0.0,0.0,0.02,-0.08,-0.03,0.02,0.53,1.57,9.66,358.12,9.25,3.06,0,0,0,0.0,0.0,0.0
1787615097.692038,08:44:57.692,1899,72.819,27.75,1011.43,15.164,0.0,0.0,0.0,0.02,-0.08,-0.03,0.02,0.53,1.57,9.66,358.12,9.25,3.06,0,0,0,0.0,0.0,0.0
1787615097.692265,08:44:57.692,1900,72.829,27.75,1011.43,15.164,0.0,0.0,0.0,0.02,-0.08,-0.03,0.02,0.53,1.57,9.66,358.12,9.25,3.06,0,0,0,0.0,0.0,0.0
1787615097.692492,08:44:57.692,1901,72.839,27.75,1011.43,15.164,0.0,0.0,0.0,-0.2,0.01,0.1,-0.2,0.54,1.57,9.66,358.12,9.25,3.12,0,0,0,0.0,0.0,0.0
1787615097.692721,08:44:57.692,1902,72.849,27.75,1011.43,15.164,0.0,0.0,0.0,-0.2,0.01,0.1,-0.2,0.54,1.57,9.66,358.12,9.25,3.12,0,0,0,0.0,0.0,0.0
1787615097.692946,08:44:57.692,1903,72.859,27.75,1011.43,15.164,0.0,0.0,0.0,-0.2,0.01,0.1,-0.2,0.54,1.57,9.66,358.12,9.25,3.12,0,0,0,0.0,0.0,0.0
1787615097.693170,08:44:57.693,1904,72.869,27.75,1011.43,15.164,0.0,0.0,0.0,-0.2,0.01,0.1,-0.2,0.54,1.57,9.66,358.12,9.25,3.12,0,0,0,0.0,0.0,0.0
1787615097.693394,08:44:57.693,1905,72.879,27.75,1011.43,15.164,0.0,0.0,0.0,-0.2,0.01,0.1,-0.2,0.54,1.57,9.66,358.12,9.25,3.12,0,0,0,0.0,0.0,0.0
1787615097.794801,08:44:57.794,1906,72.889,27.75,1011.43,15.164,0.0,0.0,0.0,-0.2,0.01,0.1,-0.2,0.54,1.57,9.66,358.12,9.25,3.12,0,0,0,0.0,0.0,0.0
1787615097.795200,08:44:57.795,1907,72.899,27.75,1011.43,15.164,0.0,0.0,0.0,-0.2,0.01,0.1,-0.2,0.54,1.57,9.66,358.12,9.25,3.12,0,0,0,0.0,0.0,0.0
1787615097.795477,08:44:57.795,1908,72.909,27.75,1011.43,15.164,0.0,0.0,0.0,-0.2,0.01,0.1,-0.2,0.54,1.57,9.66,358.12,9.25,3.12,0,0,0,0.0,0.0,0.0
1787615097.795745,08:44:57.795,1909,72.919,27.75,1011.43,15.164,0.0,0.0,0.0,-0.2,0.01,0.1,-0.2,0.54,1.57,9.66,358.12,9.25,3.12,0,0,0,0.0,0.0,0.0
1787615097.796009,08:44:57.796,1910,72.929,27.75,1011.43,15.164,0.0,0.0,0.0,-0.45,0.07,0.06,-0.45,0.54,1.59,9.66,358.12,9.37,3.12,0,0,0,0.0,0.0,0.0
1787615097.796271,08:44:57.796,1911,72.939,27.75,1011.43,15.164,0.0,0.0,0.0,-0.45,0.07,0.06,-0.45,0.54,1.59,9.66,358.12,9.37,3.12,0,0,0,0.0,0.0,0.0
1787615097.796534,08:44:57.796,1912,72.949,27.75,1011.43,15.164,0.0,0.0,0.0,-0.45,0.07,0.06,-0.45,0.54,1.59,9.66,358.12,9.37,3.12,0,0,0,0.0,0.0,0.0
1787615097.796796,08:44:57.796,1913,72.959,27.75,1011.43,15.164,0.0,0.0,0.0,-0.45,0.07,0.06,-0.45,0.54,1.59,9.66,358.12,9.37,3.12,0,0,0,0.0,0.0,0.0
1787615097.797054,08:44:57.797,1914,72.969,27.75,1011.44,15.079,0.0,0.0,0.0,-0.45,0.07,0.06,-0.45,0.54,1.59,9.66,358.12,9.37,3.12,0,0,0,0.0,0.0,0.0
1787615097.797314,08:44:57.797,1915,72.979,27.75,1011.44,15.079,0.0,0.0,0.0,-0.45,0.07,0.06,-0.45,0.54,1.59,9.66,358.12,9.37,3.12,0,0,0,0.0,0.0,0.0
1787615097.797531,08:44:57.797,1916,72.989,27.75,1011.44,15.079,0.0,0.0,0.0,-0.45,0.07,0.06,-0.45,0.54,1.59,9.66,358.12,9.37,3.12,0,0,0,0.0,0.0,0.0
1787615097.899076,08:44:57.899,1917,72.999,27.75,1011.44,15.079,0.0,0.0,0.0,-0.45,0.07,0.06,-0.45,0.54,1.59,9.66,358.12,9.37,3.12,0,0,0,0.0,0.0,0.0
1787615097.900461,08:44:57.900,1918,73.009,27.75,1011.44,15.079,0.0,0.0,0.0,-0.45,0.07,0.06,-0.45,0.54,1.59,9.66,358.12,9.37,3.12,0,0,0,0.0,0.0,0.0
1787615097.901164,08:44:57.901,1919,73.019,27.75,1011.44,15.079,0.0,0.0,0.0,-0.45,0.07,0.06,-0.45,0.54,1.59,9.66,358.12,9.37,3.12,0,0,0,0.0,0.0,0.0
1787615097.901856,08:44:57.901,1920,73.029,27.75,1011.44,15.079,0.0,0.0,0.0,0.07,-0.03,-0.05,0.07,0.53,1.65,9.65,358.12,9.68,3.12,0,0,0,0.0,0.0,0.0
1787615097.902542,08:44:57.902,1921,73.039,27.75,1011.44,15.079,0.0,0.0,0.0,0.07,-0.03,-0.05,0.07,0.53,1.65,9.65,358.12,9.68,3.12,0,0,0,0.0,0.0,0.0
1787615097.903205,08:44:57.903,1922,73.049,27.75,1011.44,15.079,0.0,0.0,0.0,0.07,-0.03,-0.05,0.07,0.53,1.65,9.65,358.12,9.68,3.12,0,0,0,0.0,0.0,0.0
1787615097.903864,08:44:57.903,1923,73.059,27.75,1011.44,15.079,0.0,0.0,0.0,0.07,-0.03,-0.05,0.07,0.53,1.65,9.65,358.12,9.68,3.12,0,0,0,0.0,0.0,0.0
1787615097.904510,08:44:57.904,1924,73.069,27.75,1011.44,15.079,0.0,0.0,0.0,0.07,-0.03,-0.05,0.07,0.53,1.65,9.65,358.12,9.68,3.12,0,0,0,0.0,0.0,0.0
1787615097.905175,08:44:57.905,1925,73.079,27.75,1011.44,15.079,0.0,0.0,0.0,0.07,-0.03,-0.05,0.07,0.53,1.65,9.65,358.12,9.68,3.12,0,0,0,0.0,0.0,0.0
1787615097.905862,08:44:57.905,1926,73.089,27.75,1011.44,15.079,0.0,0.0,0.0,0.07,-0.03,-0.05,0.07,0.53,1.65,9.65,358.12,9.68,3.12,0,0,0,0.0,0.0,0.0
1787615097.906499,08:44:57.906,1927,73.099,27.75,1011.44,15.079,0.0,0.0,0.0,0.07,-0.03,-0.05,0.07,0.53,1.65,9.65,358.12,9.68,3.12,0,0,0,0.0,0.0,0.0
1787615098.007601,08:44:58.007,1928,73.109,27.75,1011.44,15.079,0.0,0.0,0.0,0.07,-0.03,-0.05,0.07,0.53,1.65,9.65,358.12,9.68,3.12,0,0,0,0.0,0.0,0.0
1787615098.007962,08:44:58.007,1929,73.119,27.75,1011.44,15.079,0.0,0.0,0.0,0.07,-0.03,-0.05,0.07,0.53,1.65,9.65,358.12,9.68,3.12,0,0,0,0.0,0.0,0.0
1787615098.008207,08:44:58.008,1930,73.129,27.75,1011.44,15.079,0.0,0.0,0.0,-0.12,-0.03,0.04,-0.12,0.54,1.71,9.64,358.12,10.06,3.12,0,0,0,0.0,0.0,0.0
1787615098.008437,08:44:58.008,1931,73.139,27.75,1011.44,15.079,0.0,0.0,0.0,-0.12,-0.03,0.04,-0.12,0.54,1.71,9.64,358.12,10.06,3.12,0,0,0,0.0,0.0,0.0
1787615098.008662,08:44:58.008,1932,73.149,27.75,1011.44,15.079,0.0,0.0,0.0,-0.12,-0.03,0.04,-0.12,0.54,1.71,9.64,358.12,10.06,3.12,0,0,0,0.0,0.0,0.0
1787615098.008884,08:44:58.008,1933,73.159,27.75,1011.44,15.079,0.0,0.0,0.0,-0.12,-0.03,0.04,-0.12,0.54,1.71,9.64,358.12,10.06,3.12,0,0,0,0.0,0.0,0.0
1787615098.009149,08:44:58.009,1934,73.169,27.76,1011.47,14.831,0.0,0.0,0.0,-0.12,-0.03,0.04,-0.12,0.54,1.71,9.64,358.12,10.06,3.12,0,0,0,0.0,0.0,0.0
1787615098.009373,08:44:58.009,1935,73.179,27.76,1011.47,14.831,0.0,0.0,0.0,-0.12,-0.03,0.04,-0.12,0.54,1.71,9.64,358.12,10.06,3.12,0,0,0,0.0,0.0,0.0
1787615098.009594,08:44:58.009,1936,73.189,27.76,1011.47,14.831,0.0,0.0,0.0,-0.12,-0.03,0.04,-0.12,0.54,1.71,9.64,358.12,10.06,3.12,0,0,0,0.0,0.0,0.0
1787615098.009814,08:44:58.009,1937,73.199,27.76,1011.47,14.831,0.0,0.0,0.0,-0.12,-0.03,0.04,-0.12,0.54,1.71,9.64,358.12,10.06,3.12,0,0,0,0.0,0.0,0.0
1787615098.111217,08:44:58.111,1938,73.209,27.76,1011.47,14.831,0.0,0.0,0.0,-0.12,-0.03,0.04,-0.12,0.54,1.71,9.64,358.12,10.06,3.12,0,0,0,0.0,0.0,0.0
1787615098.111418,08:44:58.111,1939,73.219,27.76,1011.47,14.831,0.0,0.0,0.0,-0.12,-0.03,0.04,-0.12,0.54,1.71,9.64,358.12,10.06,3.12,0,0,0,0.0,0.0,0.0
1787615098.111546,08:44:58.111,1940,73.229,27.76,1011.47,14.831,0.0,0.0,0.0,0.0,-0.03,0.06,0.0,0.54,1.77,9.63,358.12,10.37,3.18,0,0,0,0.0,0.0,0.0
1787615098.111670,08:44:58.111,1941,73.239,27.76,1011.47,14.831,0.0,0.0,0.0,0.0,-0.03,0.06,0.0,0.54,1.77,9.63,358.12,10.37,3.18,0,0,0,0.0,0.0,0.0
1787615098.111792,08:44:58.111,1942,73.249,27.76,1011.47,14.831,0.0,0.0,0.0,0.0,-0.03,0.06,0.0,0.54,1.77,9.63,358.12,10.37,3.18,0,0,0,0.0,0.0,0.0
1787615098.111912,08:44:58.111,1943,73.259,27.76,1011.47,14.831,0.0,0.0,0.0,0.0,-0.03,0.06,0.0,0.54,1.77,9.63,358.12,10.37,3.18,0,0,0,0.0,0.0,0.0
1787615098.112034,08:44:58.112,1944,73.269,27.76,1011.47,14.831,0.0,0.0,0.0,0.0,-0.03,0.06,0.0,0.54,1.77,9.63,358.12,10.37,3.18,0,0,0,0.0,0.0,0.0
1787615098.112153,08:44:58.112,1945,73.279,27.76,1011.47,14.831,0.0,0.0,0.0,0.0,-0.03,0.06,0.0,0.54,1.77,9.63,358.12,10.37,3.18,0,0,0,0.0,0.0,0.0
1787615098.112272,08:44:58.112,1946,73.289,27.76,1011.47,14.831,0.0,0.0,0.0,0.0,-0.03,0.06,0.0,0.54,1.77,9.63,358.12,10.37,3.18,0,0,0,0.0,0.0,0.0
1787615098.112392,08:44:58.112,1947,73.299,27.76,1011.47,14.831,0.0,0.0,0.0,0.0,-0.03,0.06,0.0,0.54,1.77,9.63,358.12,10.37,3.18,0,0,0,0.0,0.0,0.0
1787615098.213675,08:44:58.213,1948,73.309,27.76,1011.47,14.831,0.0,0.0,0.0,0.0,-0.03,0.06,0.0,0.54,1.77,9.63,358.12,10.37,3.18,0,0,0,0.0,0.0,0.0
1787615098.214014,08:44:58.214,1949,73.319,27.76,1011.47,14.831,0.0,0.0,0.0,0.0,-0.03,0.06,0.0,0.54,1.77,9.63,358.12,10.37,3.18,0,0,0,0.0,0.0,0.0
1787615098.214200,08:44:58.214,1950,73.329,27.76,1011.47,14.831,0.0,0.0,0.0,-0.14,0.0,0.11,-0.14,0.54,1.82,9.61,358.12,10.68,3.18,0,0,0,0.0,0.0,0.0
1787615098.214382,08:44:58.214,1951,73.339,27.76,1011.47,14.831,0.0,0.0,0.0,-0.14,0.0,0.11,-0.14,0.54,1.82,9.61,358.12,10.68,3.18,0,0,0,0.0,0.0,0.0
1787615098.214557,08:44:58.214,1952,73.349,27.76,1011.47,14.831,0.0,0.0,0.0,-0.14,0.0,0.11,-0.14,0.54,1.82,9.61,358.12,10.68,3.18,0,0,0,0.0,0.0,0.0
1787615098.214732,08:44:58.214,1953,73.359,27.76,1011.47,14.831,0.0,0.0,0.0,-0.14,0.0,0.11,-0.14,0.54,1.82,9.61,358.12,10.68,3.18,0,0,0,0.0,0.0,0.0
1787615098.214908,08:44:58.214,1954,73.369,27.77,1011.46,14.912,0.0,0.0,0.0,-0.14,0.0,0.11,-0.14,0.54,1.82,9.61,358.12,10.68,3.18,0,0,0,0.0,0.0,0.0
1787615098.215081,08:44:58.215,1955,73.379,27.77,1011.46,14.912,0.0,0.0,0.0,-0.14,0.0,0.11,-0.14,0.54,1.82,9.61,358.12,10.68,3.18,0,0,0,0.0,0.0,0.0
1787615098.215255,08:44:58.215,1956,73.389,27.77,1011.46,14.912,0.0,0.0,0.0,-0.14,0.0,0.11,-0.14,0.54,1.82,9.61,358.12,10.68,3.18,0,0,0,0.0,0.0,0.0
1787615098.215426,08:44:58.215,1957,73.399,27.77,1011.46,14.912,0.0,0.0,0.0,-0.14,0.0,0.11,-0.14,0.54,1.82,9.61,358.12,10.68,3.18,0,0,0,0.0,0.0,0.0
1787615098.215596,08:44:58.215,1958,73.409,27.77,1011.46,14.912,0.0,0.0,0.0,-0.14,0.0,0.11,-0.14,0.54,1.82,9.61,358.12,10.68,3.18,0,0,0,0.0,0.0,0.0
1787615098.316797,08:44:58.316,1959,73.419,27.77,1011.46,14.912,0.0,0.0,0.0,-0.14,0.0,0.11,-0.14,0.54,1.82,9.61,358.12,10.68,3.18,0,0,0,0.0,0.0,0.0
1787615098.317180,08:44:58.317,1960,73.429,27.77,1011.46,14.912,0.0,0.0,0.0,-0.27,-0.16,0.12,-0.27,0.54,1.84,9.61,358.12,10.87,3.18,0,0,0,0.0,0.0,0.0
1787615098.317417,08:44:58.317,1961,73.439,27.77,1011.46,14.912,0.0,0.0,0.0,-0.27,-0.16,0.12,-0.27,0.54,1.84,9.61,358.12,10.87,3.18,0,0,0,0.0,0.0,0.0
1787615098.317642,08:44:58.317,1962,73.449,27.77,1011.46,14.912,0.0,0.0,0.0,-0.27,-0.16,0.12,-0.27,0.54,1.84,9.61,358.12,10.87,3.18,0,0,0,0.0,0.0,0.0
1787615098.317863,08:44:58.317,1963,73.459,27.77,1011.46,14.912,0.0,0.0,0.0,-0.27,-0.16,0.12,-0.27,0.54,1.84,9.61,358.12,10.87,3.18,0,0,0,0.0,0.0,0.0
1787615098.318082,08:44:58.318,1964,73.469,27.77,1011.46,14.912,0.0,0.0,0.0,-0.27,-0.16,0.12,-0.27,0.54,1.84,9.61,358.12,10.87,3.18,0,0,0,0.0,0.0,0.0
1787615098.318299,08:44:58.318,1965,73.479,27.77,1011.46,14.912,0.0,0.0,0.0,-0.27,-0.16,0.12,-0.27,0.54,1.84,9.61,358.12,10.87,3.18,0,0,0,0.0,0.0,0.0
1787615098.318516,08:44:58.318,1966,73.489,27.77,1011.46,14.912,0.0,0.0,0.0,-0.27,-0.16,0.12,-0.27,0.54,1.84,9.61,358.12,10.87,3.18,0,0,0,0.0,0.0,0.0
1787615098.318731,08:44:58.318,1967,73.499,27.77,1011.46,14.912,0.0,0.0,0.0,-0.27,-0.16,0.12,-0.27,0.54,1.84,9.61,358.12,10.87,3.18,0,0,0,0.0,0.0,0.0
1787615098.318918,08:44:58.318,1968,73.509,27.77,1011.46,14.912,0.0,0.0,0.0,-0.27,-0.16,0.12,-0.27,0.54,1.84,9.61,358.12,10.87,3.18,0,0,0,0.0,0.0,0.0
1787615098.319105,08:44:58.319,1969,73.519,27.77,1011.46,14.912,0.0,0.0,0.0,-0.27,-0.16,0.12,-0.27,0.54,1.84,9.61,358.12,10.87,3.18,0,0,0,0.0,0.0,0.0
1787615098.420476,08:44:58.420,1970,73.529,27.77,1011.46,14.912,0.0,0.0,0.0,-0.08,0.0,-0.09,-0.08,0.54,1.86,9.61,358.12,10.93,3.18,0,0,0,0.0,0.0,0.0
1787615098.420753,08:44:58.420,1971,73.539,27.77,1011.46,14.912,0.0,0.0,0.0,-0.08,0.0,-0.09,-0.08,0.54,1.86,9.61,358.12,10.93,3.18,0,0,0,0.0,0.0,0.0
1787615098.420913,08:44:58.420,1972,73.549,27.77,1011.46,14.912,0.0,0.0,0.0,-0.08,0.0,-0.09,-0.08,0.54,1.86,9.61,358.12,10.93,3.18,0,0,0,0.0,0.0,0.0
1787615098.421064,08:44:58.421,1973,73.559,27.77,1011.46,14.912,0.0,0.0,0.0,-0.08,0.0,-0.09,-0.08,0.54,1.86,9.61,358.12,10.93,3.18,0,0,0,0.0,0.0,0.0
1787615098.421218,08:44:58.421,1974,73.569,27.76,1011.44,15.079,0.0,0.0,0.0,-0.08,0.0,-0.09,-0.08,0.54,1.86,9.61,358.12,10.93,3.18,0,0,0,0.0,0.0,0.0
1787615098.421372,08:44:58.421,1975,73.579,27.76,1011.44,15.079,0.0,0.0,0.0,-0.08,0.0,-0.09,-0.08,0.54,1.86,9.61,358.12,10.93,3.18,0,0,0,0.0,0.0,0.0
1787615098.421523,08:44:58.421,1976,73.589,27.76,1011.44,15.079,0.0,0.0,0.0,-0.08,0.0,-0.09,-0.08,0.54,1.86,9.61,358.12,10.93,3.18,0,0,0,0.0,0.0,0.0
1787615098.421676,08:44:58.421,1977,73.599,27.76,1011.44,15.079,0.0,0.0,0.0,-0.08,0.0,-0.09,-0.08,0.54,1.86,9.61,358.12,10.93,3.18,0,0,0,0.0,0.0,0.0
1787615098.421825,08:44:58.421,1978,73.609,27.76,1011.44,15.079,0.0,0.0,0.0,-0.08,0.0,-0.09,-0.08,0.54,1.86,9.61,358.12,10.93,3.18,0,0,0,0.0,0.0,0.0
1787615098.421974,08:44:58.421,1979,73.619,27.76,1011.44,15.079,0.0,0.0,0.0,-0.08,0.0,-0.09,-0.08,0.54,1.86,9.61,358.12,10.93,3.18,0,0,0,0.0,0.0,0.0
1787615098.523270,08:44:58.523,1980,73.629,27.76,1011.44,15.079,0.0,0.0,0.0,-0.03,0.06,-0.03,-0.03,0.55,1.84,9.61,358.12,10.87,3.18,0,0,0,0.0,0.0,0.0
1787615098.523580,08:44:58.523,1981,73.639,27.76,1011.44,15.079,0.0,0.0,0.0,-0.03,0.06,-0.03,-0.03,0.55,1.84,9.61,358.12,10.87,3.18,0,0,0,0.0,0.0,0.0
1787615098.523732,08:44:58.523,1982,73.649,27.76,1011.44,15.079,0.0,0.0,0.0,-0.03,0.06,-0.03,-0.03,0.55,1.84,9.61,358.12,10.87,3.18,0,0,0,0.0,0.0,0.0
1787615098.523876,08:44:58.523,1983,73.659,27.76,1011.44,15.079,0.0,0.0,0.0,-0.03,0.06,-0.03,-0.03,0.55,1.84,9.61,358.12,10.87,3.18,0,0,0,0.0,0.0,0.0
1787615098.524059,08:44:58.524,1984,73.669,27.76,1011.44,15.079,0.0,0.0,0.0,-0.03,0.06,-0.03,-0.03,0.55,1.84,9.61,358.12,10.87,3.18,0,0,0,0.0,0.0,0.0
1787615098.524199,08:44:58.524,1985,73.679,27.76,1011.44,15.079,0.0,0.0,0.0,-0.03,0.06,-0.03,-0.03,0.55,1.84,9.61,358.12,10.87,3.18,0,0,0,0.0,0.0,0.0
1787615098.524336,08:44:58.524,1986,73.689,27.76,1011.44,15.079,0.0,0.0,0.0,-0.03,0.06,-0.03,-0.03,0.55,1.84,9.61,358.12,10.87,3.18,0,0,0,0.0,0.0,0.0
1787615098.524475,08:44:58.524,1987,73.699,27.76,1011.44,15.079,0.0,0.0,0.0,-0.03,0.06,-0.03,-0.03,0.55,1.84,9.61,358.12,10.87,3.18,0,0,0,0.0,0.0,0.0
1787615098.524612,08:44:58.524,1988,73.709,27.76,1011.44,15.079,0.0,0.0,0.0,-0.03,0.06,-0.03,-0.03,0.55,1.84,9.61,358.12,10.87,3.18,0,0,0,0.0,0.0,0.0
1787615098.624924,08:44:58.624,1989,73.719,27.76,1011.44,15.079,0.0,0.0,0.0,-0.03,0.06,-0.03,-0.03,0.55,1.84,9.61,358.12,10.87,3.18,0,0,0,0.0,0.0,0.0
1787615098.625820,08:44:58.625,1990,73.729,27.76,1011.44,15.079,0.0,0.0,0.0,0.26,-0.05,0.01,0.26,0.55,1.82,9.61,358.12,10.75,3.25,0,0,0,0.0,0.0,0.0
1787615098.626133,08:44:58.626,1991,73.739,27.76,1011.44,15.079,0.0,0.0,0.0,0.26,-0.05,0.01,0.26,0.55,1.82,9.61,358.12,10.75,3.25,0,0,0,0.0,0.0,0.0
1787615098.626397,08:44:58.626,1992,73.749,27.76,1011.44,15.079,0.0,0.0,0.0,0.26,-0.05,0.01,0.26,0.55,1.82,9.61,358.12,10.75,3.25,0,0,0,0.0,0.0,0.0
1787615098.626654,08:44:58.626,1993,73.759,27.76,1011.44,15.079,0.0,0.0,0.0,0.26,-0.05,0.01,0.26,0.55,1.82,9.61,358.12,10.75,3.25,0,0,0,0.0,0.0,0.0
1787615098.626916,08:44:58.626,1994,73.769,27.75,1011.4,15.412,0.0,0.0,0.0,0.26,-0.05,0.01,0.26,0.55,1.82,9.61,358.12,10.75,3.25,0,0,0,0.0,0.0,0.0
1787615098.627190,08:44:58.627,1995,73.779,27.75,1011.4,15.412,0.0,0.0,0.0,0.26,-0.05,0.01,0.26,0.55,1.82,9.61,358.12,10.75,3.25,0,0,0,0.0,0.0,0.0
1787615098.627440,08:44:58.627,1996,73.789,27.75,1011.4,15.412,0.0,0.0,0.0,0.26,-0.05,0.01,0.26,0.55,1.82,9.61,358.12,10.75,3.25,0,0,0,0.0,0.0,0.0
1787615098.627692,08:44:58.627,1997,73.799,27.75,1011.4,15.412,0.0,0.0,0.0,0.26,-0.05,0.01,0.26,0.55,1.82,9.61,358.12,10.75,3.25,0,0,0,0.0,0.0,0.0
1787615098.627959,08:44:58.627,1998,73.809,27.75,1011.4,15.412,0.0,0.0,0.0,0.26,-0.05,0.01,0.26,0.55,1.82,9.61,358.12,10.75,3.25,0,0,0,0.0,0.0,0.0
1787615098.628334,08:44:58.628,1999,73.819,27.75,1011.4,15.412,0.0,0.0,0.0,0.26,-0.05,0.01,0.26,0.55,1.82,9.61,358.12,10.75,3.25,0,0,0,0.0,0.0,0.0
1787615098.729785,08:44:58.729,2000,73.829,27.75,1011.4,15.412,0.0,0.0,0.0,-0.74,0.08,-0.07,-0.74,0.58,1.81,9.61,358.12,10.68,3.37,0,0,0,0.0,0.0,0.0
1787615098.730308,08:44:58.730,2001,73.839,27.75,1011.4,15.412,0.0,0.0,0.0,-0.74,0.08,-0.07,-0.74,0.58,1.81,9.61,358.12,10.68,3.37,0,0,0,0.0,0.0,0.0
1787615098.730679,08:44:58.730,2002,73.849,27.75,1011.4,15.412,0.0,0.0,0.0,-0.74,0.08,-0.07,-0.74,0.58,1.81,9.61,358.12,10.68,3.37,0,0,0,0.0,0.0,0.0
1787615098.730972,08:44:58.730,2003,73.859,27.75,1011.4,15.412,0.0,0.0,0.0,-0.74,0.08,-0.07,-0.74,0.58,1.81,9.61,358.12,10.68,3.37,0,0,0,0.0,0.0,0.0
1787615098.731236,08:44:58.731,2004,73.869,27.75,1011.4,15.412,0.0,0.0,0.0,-0.74,0.08,-0.07,-0.74,0.58,1.81,9.61,358.12,10.68,3.37,0,0,0,0.0,0.0,0.0
1787615098.731498,08:44:58.731,2005,73.879,27.75,1011.4,15.412,0.0,0.0,0.0,-0.74,0.08,-0.07,-0.74,0.58,1.81,9.61,358.12,10.68,3.37,0,0,0,0.0,0.0,0.0
1787615098.731720,08:44:58.731,2006,73.889,27.75,1011.4,15.412,0.0,0.0,0.0,-0.74,0.08,-0.07,-0.74,0.58,1.81,9.61,358.12,10.68,3.37,0,0,0,0.0,0.0,0.0
1787615098.731937,08:44:58.731,2007,73.899,27.75,1011.4,15.412,0.0,0.0,0.0,-0.74,0.08,-0.07,-0.74,0.58,1.81,9.61,358.12,10.68,3.37,0,0,0,0.0,0.0,0.0
1787615098.732154,08:44:58.732,2008,73.909,27.75,1011.4,15.412,0.0,0.0,0.0,-0.74,0.08,-0.07,-0.74,0.58,1.81,9.61,358.12,10.68,3.37,0,0,0,0.0,0.0,0.0
1787615098.732371,08:44:58.732,2009,73.919,27.75,1011.4,15.412,0.0,0.0,0.0,-0.74,0.08,-0.07,-0.74,0.58,1.81,9.61,358.12,10.68,3.37,0,0,0,0.0,0.0,0.0
1787615098.833776,08:44:58.833,2010,73.929,27.75,1011.4,15.412,0.0,0.0,0.0,-0.67,0.13,-0.18,-0.67,0.59,1.8,9.62,358.06,10.62,3.43,0,0,0,0.0,0.0,0.0
1787615098.834185,08:44:58.834,2011,73.939,27.75,1011.4,15.412,0.0,0.0,0.0,-0.67,0.13,-0.18,-0.67,0.59,1.8,9.62,358.06,10.62,3.43,0,0,0,0.0,0.0,0.0
1787615098.834461,08:44:58.834,2012,73.949,27.75,1011.4,15.412,0.0,0.0,0.0,-0.67,0.13,-0.18,-0.67,0.59,1.8,9.62,358.06,10.62,3.43,0,0,0,0.0,0.0,0.0
1787615098.834728,08:44:58.834,2013,73.959,27.75,1011.4,15.412,0.0,0.0,0.0,-0.67,0.13,-0.18,-0.67,0.59,1.8,9.62,358.06,10.62,3.43,0,0,0,0.0,0.0,0.0
1787615098.834992,08:44:58.834,2014,73.969,27.77,1011.44,15.079,0.0,0.0,0.0,-0.67,0.13,-0.18,-0.67,0.59,1.8,9.62,358.06,10.62,3.43,0,0,0,0.0,0.0,0.0
1787615098.835255,08:44:58.835,2015,73.979,27.77,1011.44,15.079,0.0,0.0,0.0,-0.67,0.13,-0.18,-0.67,0.59,1.8,9.62,358.06,10.62,3.43,0,0,0,0.0,0.0,0.0
1787615098.835516,08:44:58.835,2016,73.989,27.77,1011.44,15.079,0.0,0.0,0.0,-0.67,0.13,-0.18,-0.67,0.59,1.8,9.62,358.06,10.62,3.43,0,0,0,0.0,0.0,0.0
1787615098.835777,08:44:58.835,2017,73.999,27.77,1011.44,15.079,0.0,0.0,0.0,-0.67,0.13,-0.18,-0.67,0.59,1.8,9.62,358.06,10.62,3.43,0,0,0,0.0,0.0,0.0
1787615098.836036,08:44:58.836,2018,74.009,27.77,1011.44,15.079,0.0,0.0,0.0,-0.67,0.13,-0.18,-0.67,0.59,1.8,9.62,358.06,10.62,3.43,0,0,0,0.0,0.0,0.0
1787615098.836296,08:44:58.836,2019,74.019,27.77,1011.44,15.079,0.0,0.0,0.0,-0.67,0.13,-0.18,-0.67,0.59,1.8,9.62,358.06,10.62,3.43,0,0,0,0.0,0.0,0.0
1787615098.937630,08:44:58.937,2020,74.029,27.77,1011.44,15.079,0.0,0.0,0.0,-0.26,0.02,-0.18,-0.26,0.58,1.81,9.62,358.06,10.62,3.37,0,0,0,0.0,0.0,0.0
1787615098.938502,08:44:58.938,2021,74.039,27.77,1011.44,15.079,0.0,0.0,0.0,-0.26,0.02,-0.18,-0.26,0.58,1.81,9.62,358.06,10.62,3.37,0,0,0,0.0,0.0,0.0
1787615098.938818,08:44:58.938,2022,74.049,27.77,1011.44,15.079,0.0,0.0,0.0,-0.26,0.02,-0.18,-0.26,0.58,1.81,9.62,358.06,10.62,3.37,0,0,0,0.0,0.0,0.0
1787615098.939092,08:44:58.939,2023,74.059,27.77,1011.44,15.079,0.0,0.0,0.0,-0.26,0.02,-0.18,-0.26,0.58,1.81,9.62,358.06,10.62,3.37,0,0,0,0.0,0.0,0.0
1787615098.939348,08:44:58.939,2024,74.069,27.77,1011.44,15.079,0.0,0.0,0.0,-0.26,0.02,-0.18,-0.26,0.58,1.81,9.62,358.06,10.62,3.37,0,0,0,0.0,0.0,0.0
1787615098.939638,08:44:58.939,2025,74.079,27.77,1011.44,15.079,0.0,0.0,0.0,-0.26,0.02,-0.18,-0.26,0.58,1.81,9.62,358.06,10.62,3.37,0,0,0,0.0,0.0,0.0
1787615098.939918,08:44:58.939,2026,74.089,27.77,1011.44,15.079,0.0,0.0,0.0,-0.26,0.02,-0.18,-0.26,0.58,1.81,9.62,358.06,10.62,3.37,0,0,0,0.0,0.0,0.0
1787615098.940190,08:44:58.940,2027,74.099,27.77,1011.44,15.079,0.0,0.0,0.0,-0.26,0.02,-0.18,-0.26,0.58,1.81,9.62,358.06,10.62,3.37,0,0,0,0.0,0.0,0.0
1787615098.940448,08:44:58.940,2028,74.109,27.77,1011.44,15.079,0.0,0.0,0.0,-0.26,0.02,-0.18,-0.26,0.58,1.81,9.62,358.06,10.62,3.37,0,0,0,0.0,0.0,0.0
1787615098.940735,08:44:58.940,2029,74.119,27.77,1011.44,15.079,0.0,0.0,0.0,-0.26,0.02,-0.18,-0.26,0.58,1.81,9.62,358.06,10.62,3.37,0,0,0,0.0,0.0,0.0
1787615098.941007,08:44:58.941,2030,74.129,27.77,1011.44,15.079,0.0,0.0,0.0,-0.97,0.15,-0.11,-0.97,0.58,1.8,9.62,358.06,10.62,3.37,0,0,0,0.0,0.0,0.0
1787615099.042611,08:44:59.042,2031,74.139,27.77,1011.44,15.079,0.0,0.0,0.0,-0.97,0.15,-0.11,-0.97,0.58,1.8,9.62,358.06,10.62,3.37,0,0,0,0.0,0.0,0.0
1787615099.043929,08:44:59.043,2032,74.149,27.77,1011.44,15.079,0.0,0.0,0.0,-0.97,0.15,-0.11,-0.97,0.58,1.8,9.62,358.06,10.62,3.37,0,0,0,0.0,0.0,0.0
1787615099.044612,08:44:59.044,2033,74.159,27.77,1011.44,15.079,0.0,0.0,0.0,-0.97,0.15,-0.11,-0.97,0.58,1.8,9.62,358.06,10.62,3.37,0,0,0,0.0,0.0,0.0
1787615099.045430,08:44:59.045,2034,74.169,27.75,1011.42,15.245,0.0,0.0,0.0,-0.97,0.15,-0.11,-0.97,0.58,1.8,9.62,358.06,10.62,3.37,0,0,0,0.0,0.0,0.0
1787615099.046097,08:44:59.046,2035,74.179,27.75,1011.42,15.245,0.0,0.0,0.0,-0.97,0.15,-0.11,-0.97,0.58,1.8,9.62,358.06,10.62,3.37,0,0,0,0.0,0.0,0.0
1787615099.046753,08:44:59.046,2036,74.189,27.75,1011.42,15.245,0.0,0.0,0.0,-0.97,0.15,-0.11,-0.97,0.58,1.8,9.62,358.06,10.62,3.37,0,0,0,0.0,0.0,0.0
1787615099.047431,08:44:59.047,2037,74.199,27.75,1011.42,15.245,0.0,0.0,0.0,-0.97,0.15,-0.11,-0.97,0.58,1.8,9.62,358.06,10.62,3.37,0,0,0,0.0,0.0,0.0
1787615099.048106,08:44:59.048,2038,74.209,27.75,1011.42,15.245,0.0,0.0,0.0,-0.97,0.15,-0.11,-0.97,0.58,1.8,9.62,358.06,10.62,3.37,0,0,0,0.0,0.0,0.0
1787615099.048613,08:44:59.048,2039,74.219,27.75,1011.42,15.245,0.0,0.0,0.0,-0.97,0.15,-0.11,-0.97,0.58,1.8,9.62,358.06,10.62,3.37,0,0,0,0.0,0.0,0.0
1787615099.049009,08:44:59.049,2040,74.229,27.75,1011.42,15.245,0.0,0.0,0.0,-0.64,-2.16,0.07,-0.64,0.54,1.79,9.62,358.18,10.5,3.12,0,0,0,0.0,0.0,0.0
1787615099.150597,08:44:59.150,2041,74.239,27.75,1011.42,15.245,0.0,0.0,0.0,-0.64,-2.16,0.07,-0.64,0.54,1.79,9.62,358.18,10.5,3.12,0,0,0,0.0,0.0,0.0
1787615099.150864,08:44:59.150,2042,74.249,27.75,1011.42,15.245,0.0,0.0,0.0,-0.64,-2.16,0.07,-0.64,0.54,1.79,9.62,358.18,10.5,3.12,0,0,0,0.0,0.0,0.0
1787615099.151012,08:44:59.151,2043,74.259,27.75,1011.42,15.245,0.0,0.0,0.0,-0.64,-2.16,0.07,-0.64,0.54,1.79,9.62,358.18,10.5,3.12,0,0,0,0.0,0.0,0.0
1787615099.151154,08:44:59.151,2044,74.269,27.75,1011.42,15.245,0.0,0.0,0.0,-0.64,-2.16,0.07,-0.64,0.54,1.79,9.62,358.18,10.5,3.12,0,0,0,0.0,0.0,0.0
1787615099.151296,08:44:59.151,2045,74.279,27.75,1011.42,15.245,0.0,0.0,0.0,-0.64,-2.16,0.07,-0.64,0.54,1.79,9.62,358.18,10.5,3.12,0,0,0,0.0,0.0,0.0
1787615099.151434,08:44:59.151,2046,74.289,27.75,1011.42,15.245,0.0,0.0,0.0,-0.64,-2.16,0.07,-0.64,0.54,1.79,9.62,358.18,10.5,3.12,0,0,0,0.0,0.0,0.0
1787615099.151572,08:44:59.151,2047,74.299,27.75,1011.42,15.245,0.0,0.0,0.0,-0.64,-2.16,0.07,-0.64,0.54,1.79,9.62,358.18,10.5,3.12,0,0,0,0.0,0.0,0.0
1787615099.151709,08:44:59.151,2048,74.309,27.75,1011.42,15.245,0.0,0.0,0.0,-0.64,-2.16,0.07,-0.64,0.54,1.79,9.62,358.18,10.5,3.12,0,0,0,0.0,0.0,0.0
1787615099.151847,08:44:59.151,2049,74.319,27.75,1011.42,15.245,0.0,0.0,0.0,-0.64,-2.16,0.07,-0.64,0.54,1.79,9.62,358.18,10.5,3.12,0,0,0,0.0,0.0,0.0
1787615099.151982,08:44:59.151,2050,74.329,27.75,1011.42,15.245,0.0,0.0,0.0,2.7,-1.19,0.3,2.7,0.49,1.8,9.62,358.5,10.56,2.87,0,0,0,0.0,0.0,0.0
1787615099.152122,08:44:59.152,2051,74.339,27.75,1011.42,15.245,0.0,0.0,0.0,2.7,-1.19,0.3,2.7,0.49,1.8,9.62,358.5,10.56,2.87,0,0,0,0.0,0.0,0.0
1787615099.253421,08:44:59.253,2052,74.349,27.75,1011.42,15.245,0.0,0.0,0.0,2.7,-1.19,0.3,2.7,0.49,1.8,9.62,358.5,10.56,2.87,0,0,0,0.0,0.0,0.0
1787615099.253757,08:44:59.253,2053,74.359,27.75,1011.42,15.245,0.0,0.0,0.0,2.7,-1.19,0.3,2.7,0.49,1.8,9.62,358.5,10.56,2.87,0,0,0,0.0,0.0,0.0
1787615099.253967,08:44:59.253,2054,74.369,27.74,1011.41,15.33,0.0,0.0,0.0,2.7,-1.19,0.3,2.7,0.49,1.8,9.62,358.5,10.56,2.87,0,0,0,0.0,0.0,0.0
1787615099.254166,08:44:59.254,2055,74.379,27.74,1011.41,15.33,0.0,0.0,0.0,2.7,-1.19,0.3,2.7,0.49,1.8,9.62,358.5,10.56,2.87,0,0,0,0.0,0.0,0.0
1787615099.254361,08:44:59.254,2056,74.389,27.74,1011.41,15.33,0.0,0.0,0.0,2.7,-1.19,0.3,2.7,0.49,1.8,9.62,358.5,10.56,2.87,0,0,0,0.0,0.0,0.0
1787615099.254556,08:44:59.254,2057,74.399,27.74,1011.41,15.33,0.0,0.0,0.0,2.7,-1.19,0.3,2.7,0.49,1.8,9.62,358.5,10.56,2.87,0,0,0,0.0,0.0,0.0
1787615099.254749,08:44:59.254,2058,74.409,27.74,1011.41,15.33,0.0,0.0,0.0,2.7,-1.19,0.3,2.7,0.49,1.8,9.62,358.5,10.56,2.87,0,0,0,0.0,0.0,0.0
1787615099.254941,08:44:59.254,2059,74.419,27.74,1011.41,15.33,0.0,0.0,0.0,2.7,-1.19,0.3,2.7,0.49,1.8,9.62,358.5,10.56,2.87,0,0,0,0.0,0.0,0.0
1787615099.255133,08:44:59.255,2060,74.429,27.74,1011.41,15.33,0.0,0.0,0.0,-1.86,-0.07,-0.37,-1.86,0.54,1.61,9.65,358.31,9.43,3.12,0,0,0,0.0,0.0,0.0
1787615099.255329,08:44:59.255,2061,74.439,27.74,1011.41,15.33,0.0,0.0,0.0,-1.86,-0.07,-0.37,-1.86,0.54,1.61,9.65,358.31,9.43,3.12,0,0,0,0.0,0.0,0.0
1787615099.255522,08:44:59.255,2062,74.449,27.74,1011.41,15.33,0.0,0.0,0.0,-1.86,-0.07,-0.37,-1.86,0.54,1.61,9.65,358.31,9.43,3.12,0,0,0,0.0,0.0,0.0
1787615099.356845,08:44:59.356,2063,74.459,27.74,1011.41,15.33,0.0,0.0,0.0,-1.86,-0.07,-0.37,-1.86,0.54,1.61,9.65,358.31,9.43,3.12,0,0,0,0.0,0.0,0.0
1787615099.357132,08:44:59.357,2064,74.469,27.74,1011.41,15.33,0.0,0.0,0.0,-1.86,-0.07,-0.37,-1.86,0.54,1.61,9.65,358.31,9.43,3.12,0,0,0,0.0,0.0,0.0
1787615099.357299,08:44:59.357,2065,74.479,27.74,1011.41,15.33,0.0,0.0,0.0,-1.86,-0.07,-0.37,-1.86,0.54,1.61,9.65,358.31,9.43,3.12,0,0,0,0.0,0.0,0.0
1787615099.357456,08:44:59.357,2066,74.489,27.74,1011.41,15.33,0.0,0.0,0.0,-1.86,-0.07,-0.37,-1.86,0.54,1.61,9.65,358.31,9.43,3.12,0,0,0,0.0,0.0,0.0
1787615099.357616,08:44:59.357,2067,74.499,27.74,1011.41,15.33,0.0,0.0,0.0,-1.86,-0.07,-0.37,-1.86,0.54,1.61,9.65,358.31,9.43,3.12,0,0,0,0.0,0.0,0.0
1787615099.357770,08:44:59.357,2068,74.509,27.74,1011.41,15.33,0.0,0.0,0.0,-1.86,-0.07,-0.37,-1.86,0.54,1.61,9.65,358.31,9.43,3.12,0,0,0,0.0,0.0,0.0
1787615099.357928,08:44:59.357,2069,74.519,27.74,1011.41,15.33,0.0,0.0,0.0,-1.86,-0.07,-0.37,-1.86,0.54,1.61,9.65,358.31,9.43,3.12,0,0,0,0.0,0.0,0.0
1787615099.358082,08:44:59.358,2070,74.529,27.74,1011.41,15.33,0.0,0.0,0.0,-0.58,0.07,-0.2,-0.58,0.52,1.57,9.66,358.5,9.25,3.06,0,0,0,0.0,0.0,0.0
1787615099.358237,08:44:59.358,2071,74.539,27.74,1011.41,15.33,0.0,0.0,0.0,-0.58,0.07,-0.2,-0.58,0.52,1.57,9.66,358.5,9.25,3.06,0,0,0,0.0,0.0,0.0
1787615099.358390,08:44:59.358,2072,74.549,27.74,1011.41,15.33,0.0,0.0,0.0,-0.58,0.07,-0.2,-0.58,0.52,1.57,9.66,358.5,9.25,3.06,0,0,0,0.0,0.0,0.0
1787615099.459623,08:44:59.459,2073,74.559,27.74,1011.41,15.33,0.0,0.0,0.0,-0.58,0.07,-0.2,-0.58,0.52,1.57,9.66,358.5,9.25,3.06,0,0,0,0.0,0.0,0.0
1787615099.459952,08:44:59.459,2074,74.569,27.76,1011.44,15.079,0.0,0.0,0.0,-0.58,0.07,-0.2,-0.58,0.52,1.57,9.66,358.5,9.25,3.06,0,0,0,0.0,0.0,0.0
1787615099.460154,08:44:59.460,2075,74.579,27.76,1011.44,15.079,0.0,0.0,0.0,-0.58,0.07,-0.2,-0.58,0.52,1.57,9.66,358.5,9.25,3.06,0,0,0,0.0,0.0,0.0
1787615099.460348,08:44:59.460,2076,74.589,27.76,1011.44,15.079,0.0,0.0,0.0,-0.58,0.07,-0.2,-0.58,0.52,1.57,9.66,358.5,9.25,3.06,0,0,0,0.0,0.0,0.0
1787615099.460539,08:44:59.460,2077,74.599,27.76,1011.44,15.079,0.0,0.0,0.0,-0.58,0.07,-0.2,-0.58,0.52,1.57,9.66,358.5,9.25,3.06,0,0,0,0.0,0.0,0.0
1787615099.460730,08:44:59.460,2078,74.609,27.76,1011.44,15.079,0.0,0.0,0.0,-0.58,0.07,-0.2,-0.58,0.52,1.57,9.66,358.5,9.25,3.06,0,0,0,0.0,0.0,0.0
1787615099.460917,08:44:59.460,2079,74.619,27.76,1011.44,15.079,0.0,0.0,0.0,-0.58,0.07,-0.2,-0.58,0.52,1.57,9.66,358.5,9.25,3.06,0,0,0,0.0,0.0,0.0
1787615099.461107,08:44:59.461,2080,74.629,27.76,1011.44,15.079,0.0,0.0,0.0,0.93,-0.07,-0.03,0.93,0.5,1.51,9.67,358.43,8.87,2.93,0,0,0,0.0,0.0,0.0
1787615099.461299,08:44:59.461,2081,74.639,27.76,1011.44,15.079,0.0,0.0,0.0,0.93,-0.07,-0.03,0.93,0.5,1.51,9.67,358.43,8.87,2.93,0,0,0,0.0,0.0,0.0
1787615099.461489,08:44:59.461,2082,74.649,27.76,1011.44,15.079,0.0,0.0,0.0,0.93,-0.07,-0.03,0.93,0.5,1.51,9.67,358.43,8.87,2.93,0,0,0,0.0,0.0,0.0
1787615099.461676,08:44:59.461,2083,74.659,27.76,1011.44,15.079,0.0,0.0,0.0,0.93,-0.07,-0.03,0.93,0.5,1.51,9.67,358.43,8.87,2.93,0,0,0,0.0,0.0,0.0
1787615099.563092,08:44:59.563,2084,74.669,27.76,1011.44,15.079,0.0,0.0,0.0,0.93,-0.07,-0.03,0.93,0.5,1.51,9.67,358.43,8.87,2.93,0,0,0,0.0,0.0,0.0
1787615099.563481,08:44:59.563,2085,74.679,27.76,1011.44,15.079,0.0,0.0,0.0,0.93,-0.07,-0.03,0.93,0.5,1.51,9.67,358.43,8.87,2.93,0,0,0,0.0,0.0,0.0
1787615099.563719,08:44:59.563,2086,74.689,27.76,1011.44,15.079,0.0,0.0,0.0,0.93,-0.07,-0.03,0.93,0.5,1.51,9.67,358.43,8.87,2.93,0,0,0,0.0,0.0,0.0
1787615099.563944,08:44:59.563,2087,74.699,27.76,1011.44,15.079,0.0,0.0,0.0,0.93,-0.07,-0.03,0.93,0.5,1.51,9.67,358.43,8.87,2.93,0,0,0,0.0,0.0,0.0
1787615099.564165,08:44:59.564,2088,74.709,27.76,1011.44,15.079,0.0,0.0,0.0,0.93,-0.07,-0.03,0.93,0.5,1.51,9.67,358.43,8.87,2.93,0,0,0,0.0,0.0,0.0
1787615099.564386,08:44:59.564,2089,74.719,27.76,1011.44,15.079,0.0,0.0,0.0,0.93,-0.07,-0.03,0.93,0.5,1.51,9.67,358.43,8.87,2.93,0,0,0,0.0,0.0,0.0
1787615099.564605,08:44:59.564,2090,74.729,27.76,1011.44,15.079,0.0,0.0,0.0,0.93,-0.07,-0.03,0.93,0.5,1.51,9.67,358.43,8.87,2.93,0,0,0,0.0,0.0,0.0
1787615099.564824,08:44:59.564,2091,74.739,27.76,1011.44,15.079,0.0,0.0,0.0,-0.71,0.05,0.15,-0.71,0.53,1.48,9.67,358.5,8.68,3.12,0,0,0,0.0,0.0,0.0
1787615099.565046,08:44:59.565,2092,74.749,27.76,1011.44,15.079,0.0,0.0,0.0,-0.71,0.05,0.15,-0.71,0.53,1.48,9.67,358.5,8.68,3.12,0,0,0,0.0,0.0,0.0
1787615099.565266,08:44:59.565,2093,74.759,27.76,1011.44,15.079,0.0,0.0,0.0,-0.71,0.05,0.15,-0.71,0.53,1.48,9.67,358.5,8.68,3.12,0,0,0,0.0,0.0,0.0
1787615099.666665,08:44:59.666,2094,74.769,27.75,1011.39,15.496,0.0,0.0,0.0,-0.71,0.05,0.15,-0.71,0.53,1.48,9.67,358.5,8.68,3.12,0,0,0,0.0,0.0,0.0
1787615099.667010,08:44:59.667,2095,74.779,27.75,1011.39,15.496,0.0,0.0,0.0,-0.71,0.05,0.15,-0.71,0.53,1.48,9.67,358.5,8.68,3.12,0,0,0,0.0,0.0,0.0
1787615099.667241,08:44:59.667,2096,74.789,27.75,1011.39,15.496,0.0,0.0,0.0,-0.71,0.05,0.15,-0.71,0.53,1.48,9.67,358.5,8.68,3.12,0,0,0,0.0,0.0,0.0
1787615099.667463,08:44:59.667,2097,74.799,27.75,1011.39,15.496,0.0,0.0,0.0,-0.71,0.05,0.15,-0.71,0.53,1.48,9.67,358.5,8.68,3.12,0,0,0,0.0,0.0,0.0
1787615099.667683,08:44:59.667,2098,74.809,27.75,1011.39,15.496,0.0,0.0,0.0,-0.71,0.05,0.15,-0.71,0.53,1.48,9.67,358.5,8.68,3.12,0,0,0,0.0,0.0,0.0
1787615099.667905,08:44:59.667,2099,74.819,27.75,1011.39,15.496,0.0,0.0,0.0,-0.71,0.05,0.15,-0.71,0.53,1.48,9.67,358.5,8.68,3.12,0,0,0,0.0,0.0,0.0
1787615099.668125,08:44:59.668,2100,74.829,27.75,1011.39,15.496,0.0,0.0,0.0,-0.71,0.05,0.15,-0.71,0.53,1.48,9.67,358.5,8.68,3.12,0,0,0,0.0,0.0,0.0
1787615099.668344,08:44:59.668,2101,74.839,27.75,1011.39,15.496,0.0,0.0,0.0,-0.27,-0.07,-0.28,-0.27,0.51,1.48,9.67,358.43,8.68,3.0,0,0,0,0.0,0.0,0.0
1787615099.668562,08:44:59.668,2102,74.849,27.75,1011.39,15.496,0.0,0.0,0.0,-0.27,-0.07,-0.28,-0.27,0.51,1.48,9.67,358.43,8.68,3.0,0,0,0,0.0,0.0,0.0
1787615099.769194,08:44:59.769,2103,74.859,27.75,1011.39,15.496,0.0,0.0,0.0,-0.27,-0.07,-0.28,-0.27,0.51,1.48,9.67,358.43,8.68,3.0,0,0,0,0.0,0.0,0.0
1787615099.769527,08:44:59.769,2104,74.869,27.75,1011.39,15.496,0.0,0.0,0.0,-0.27,-0.07,-0.28,-0.27,0.51,1.48,9.67,358.43,8.68,3.0,0,0,0,0.0,0.0,0.0
1787615099.769721,08:44:59.769,2105,74.879,27.75,1011.39,15.496,0.0,0.0,0.0,-0.27,-0.07,-0.28,-0.27,0.51,1.48,9.67,358.43,8.68,3.0,0,0,0,0.0,0.0,0.0
1787615099.769893,08:44:59.769,2106,74.889,27.75,1011.39,15.496,0.0,0.0,0.0,-0.27,-0.07,-0.28,-0.27,0.51,1.48,9.67,358.43,8.68,3.0,0,0,0,0.0,0.0,0.0
1787615099.770061,08:44:59.770,2107,74.899,27.75,1011.39,15.496,0.0,0.0,0.0,-0.27,-0.07,-0.28,-0.27,0.51,1.48,9.67,358.43,8.68,3.0,0,0,0,0.0,0.0,0.0
1787615099.770270,08:44:59.770,2108,74.909,27.75,1011.39,15.496,0.0,0.0,0.0,-0.27,-0.07,-0.28,-0.27,0.51,1.48,9.67,358.43,8.68,3.0,0,0,0,0.0,0.0,0.0
1787615099.770455,08:44:59.770,2109,74.919,27.75,1011.39,15.496,0.0,0.0,0.0,-0.27,-0.07,-0.28,-0.27,0.51,1.48,9.67,358.43,8.68,3.0,0,0,0,0.0,0.0,0.0
1787615099.770625,08:44:59.770,2110,74.929,27.75,1011.39,15.496,0.0,0.0,0.0,-0.84,1.02,0.0,-0.84,0.52,1.52,9.67,358.5,8.87,3.06,0,0,0,0.0,0.0,0.0
1787615099.770792,08:44:59.770,2111,74.939,27.75,1011.39,15.496,0.0,0.0,0.0,-0.84,1.02,0.0,-0.84,0.52,1.52,9.67,358.5,8.87,3.06,0,0,0,0.0,0.0,0.0
1787615099.770958,08:44:59.770,2112,74.949,27.75,1011.39,15.496,0.0,0.0,0.0,-0.84,1.02,0.0,-0.84,0.52,1.52,9.67,358.5,8.87,3.06,0,0,0,0.0,0.0,0.0
1787615099.771121,08:44:59.771,2113,74.959,27.75,1011.39,15.496,0.0,0.0,0.0,-0.84,1.02,0.0,-0.84,0.52,1.52,9.67,358.5,8.87,3.06,0,0,0,0.0,0.0,0.0
1787615099.871616,08:44:59.871,2114,74.969,27.75,1011.4,15.412,0.0,0.0,0.0,-0.84,1.02,0.0,-0.84,0.52,1.52,9.67,358.5,8.87,3.06,0,0,0,0.0,0.0,0.0
1787615099.871940,08:44:59.871,2115,74.979,27.75,1011.4,15.412,0.0,0.0,0.0,-0.84,1.02,0.0,-0.84,0.52,1.52,9.67,358.5,8.87,3.06,0,0,0,0.0,0.0,0.0
1787615099.872139,08:44:59.872,2116,74.989,27.75,1011.4,15.412,0.0,0.0,0.0,-0.84,1.02,0.0,-0.84,0.52,1.52,9.67,358.5,8.87,3.06,0,0,0,0.0,0.0,0.0
1787615099.872329,08:44:59.872,2117,74.999,27.75,1011.4,15.412,0.0,0.0,0.0,-0.84,1.02,0.0,-0.84,0.52,1.52,9.67,358.5,8.87,3.06,0,0,0,0.0,0.0,0.0
1787615099.872516,08:44:59.872,2118,75.009,27.75,1011.4,15.412,0.0,0.0,0.0,-0.84,1.02,0.0,-0.84,0.52,1.52,9.67,358.5,8.87,3.06,0,0,0,0.0,0.0,0.0
1787615099.872702,08:44:59.872,2119,75.019,27.75,1011.4,15.412,0.0,0.0,0.0,-0.84,1.02,0.0,-0.84,0.52,1.52,9.67,358.5,8.87,3.06,0,0,0,0.0,0.0,0.0
1787615099.872889,08:44:59.872,2120,75.029,27.75,1011.4,15.412,0.0,0.0,0.0,-0.42,-0.11,0.0,-0.42,0.52,1.55,9.66,358.43,9.12,3.06,0,0,0,0.0,0.0,0.0
1787615099.873076,08:44:59.873,2121,75.039,27.75,1011.4,15.412,0.0,0.0,0.0,-0.42,-0.11,0.0,-0.42,0.52,1.55,9.66,358.43,9.12,3.06,0,0,0,0.0,0.0,0.0
1787615099.873261,08:44:59.873,2122,75.049,27.75,1011.4,15.412,0.0,0.0,0.0,-0.42,-0.11,0.0,-0.42,0.52,1.55,9.66,358.43,9.12,3.06,0,0,0,0.0,0.0,0.0
1787615099.873447,08:44:59.873,2123,75.059,27.75,1011.4,15.412,0.0,0.0,0.0,-0.42,-0.11,0.0,-0.42,0.52,1.55,9.66,358.43,9.12,3.06,0,0,0,0.0,0.0,0.0
1787615099.974826,08:44:59.974,2124,75.069,27.75,1011.4,15.412,0.0,0.0,0.0,-0.42,-0.11,0.0,-0.42,0.52,1.55,9.66,358.43,9.12,3.06,0,0,0,0.0,0.0,0.0
1787615099.975130,08:44:59.975,2125,75.079,27.75,1011.4,15.412,0.0,0.0,0.0,-0.42,-0.11,0.0,-0.42,0.52,1.55,9.66,358.43,9.12,3.06,0,0,0,0.0,0.0,0.0
1787615099.975297,08:44:59.975,2126,75.089,27.75,1011.4,15.412,0.0,0.0,0.0,-0.42,-0.11,0.0,-0.42,0.52,1.55,9.66,358.43,9.12,3.06,0,0,0,0.0,0.0,0.0
1787615099.975458,08:44:59.975,2127,75.099,27.75,1011.4,15.412,0.0,0.0,0.0,-0.42,-0.11,0.0,-0.42,0.52,1.55,9.66,358.43,9.12,3.06,0,0,0,0.0,0.0,0.0
1787615099.975617,08:44:59.975,2128,75.109,27.75,1011.4,15.412,0.0,0.0,0.0,-0.42,-0.11,0.0,-0.42,0.52,1.55,9.66,358.43,9.12,3.06,0,0,0,0.0,0.0,0.0
1787615099.975774,08:44:59.975,2129,75.119,27.75,1011.4,15.412,0.0,0.0,0.0,-0.42,-0.11,0.0,-0.42,0.52,1.55,9.66,358.43,9.12,3.06,0,0,0,0.0,0.0,0.0
1787615099.975932,08:44:59.975,2130,75.129,27.75,1011.4,15.412,0.0,0.0,0.0,0.24,-0.05,-0.09,0.24,0.52,1.57,9.66,358.5,9.25,3.0,0,0,0,0.0,0.0,0.0
1787615099.976090,08:44:59.976,2131,75.139,27.75,1011.4,15.412,0.0,0.0,0.0,0.24,-0.05,-0.09,0.24,0.52,1.57,9.66,358.5,9.25,3.0,0,0,0,0.0,0.0,0.0
1787615099.976249,08:44:59.976,2132,75.149,27.75,1011.4,15.412,0.0,0.0,0.0,0.24,-0.05,-0.09,0.24,0.52,1.57,9.66,358.5,9.25,3.0,0,0,0,0.0,0.0,0.0
1787615099.976404,08:44:59.976,2133,75.159,27.75,1011.4,15.412,0.0,0.0,0.0,0.24,-0.05,-0.09,0.24,0.52,1.57,9.66,358.5,9.25,3.0,0,0,0,0.0,0.0,0.0
1787615100.076863,08:45:00.076,2134,75.169,27.76,1011.45,14.997,0.0,0.0,0.0,0.24,-0.05,-0.09,0.24,0.52,1.57,9.66,358.5,9.25,3.0,0,0,0,0.0,0.0,0.0
1787615100.077145,08:45:00.077,2135,75.179,27.76,1011.45,14.997,0.0,0.0,0.0,0.24,-0.05,-0.09,0.24,0.52,1.57,9.66,358.5,9.25,3.0,0,0,0,0.0,0.0,0.0
1787615100.077298,08:45:00.077,2136,75.189,27.76,1011.45,14.997,0.0,0.0,0.0,0.24,-0.05,-0.09,0.24,0.52,1.57,9.66,358.5,9.25,3.0,0,0,0,0.0,0.0,0.0
1787615100.077441,08:45:00.077,2137,75.199,27.76,1011.45,14.997,0.0,0.0,0.0,0.24,-0.05,-0.09,0.24,0.52,1.57,9.66,358.5,9.25,3.0,0,0,0,0.0,0.0,0.0
1787615100.077584,08:45:00.077,2138,75.209,27.76,1011.45,14.997,0.0,0.0,0.0,0.24,-0.05,-0.09,0.24,0.52,1.57,9.66,358.5,9.25,3.0,0,0,0,0.0,0.0,0.0
1787615100.077729,08:45:00.077,2139,75.219,27.76,1011.45,14.997,0.0,0.0,0.0,0.24,-0.05,-0.09,0.24,0.52,1.57,9.66,358.5,9.25,3.0,0,0,0,0.0,0.0,0.0
1787615100.077874,08:45:00.077,2140,75.229,27.76,1011.45,14.997,0.0,0.0,0.0,0.11,-0.09,-0.16,0.11,0.52,1.58,9.66,358.43,9.25,3.06,0,0,0,0.0,0.0,0.0
1787615100.078016,08:45:00.078,2141,75.239,27.76,1011.45,14.997,0.0,0.0,0.0,0.11,-0.09,-0.16,0.11,0.52,1.58,9.66,358.43,9.25,3.06,0,0,0,0.0,0.0,0.0
1787615100.078158,08:45:00.078,2142,75.249,27.76,1011.45,14.997,0.0,0.0,0.0,0.11,-0.09,-0.16,0.11,0.52,1.58,9.66,358.43,9.25,3.06,0,0,0,0.0,0.0,0.0
1787615100.078299,08:45:00.078,2143,75.259,27.76,1011.45,14.997,0.0,0.0,0.0,0.11,-0.09,-0.16,0.11,0.52,1.58,9.66,358.43,9.25,3.06,0,0,0,0.0,0.0,0.0
1787615100.078438,08:45:00.078,2144,75.269,27.76,1011.45,14.997,0.0,0.0,0.0,0.11,-0.09,-0.16,0.11,0.52,1.58,9.66,358.43,9.25,3.06,0,0,0,0.0,0.0,0.0
1787615100.179834,08:45:00.179,2145,75.279,27.76,1011.45,14.997,0.0,0.0,0.0,0.11,-0.09,-0.16,0.11,0.52,1.58,9.66,358.43,9.25,3.06,0,0,0,0.0,0.0,0.0
1787615100.180644,08:45:00.180,2146,75.289,27.76,1011.45,14.997,0.0,0.0,0.0,0.11,-0.09,-0.16,0.11,0.52,1.58,9.66,358.43,9.25,3.06,0,0,0,0.0,0.0,0.0
1787615100.180951,08:45:00.180,2147,75.299,27.76,1011.45,14.997,0.0,0.0,0.0,0.11,-0.09,-0.16,0.11,0.52,1.58,9.66,358.43,9.25,3.06,0,0,0,0.0,0.0,0.0
1787615100.181248,08:45:00.181,2148,75.309,27.76,1011.45,14.997,0.0,0.0,0.0,0.11,-0.09,-0.16,0.11,0.52,1.58,9.66,358.43,9.25,3.06,0,0,0,0.0,0.0,0.0
1787615100.181539,08:45:00.181,2149,75.319,27.76,1011.45,14.997,0.0,0.0,0.0,0.11,-0.09,-0.16,0.11,0.52,1.58,9.66,358.43,9.25,3.06,0,0,0,0.0,0.0,0.0
1787615100.181830,08:45:00.181,2150,75.329,27.76,1011.45,14.997,0.0,0.0,0.0,0.47,-0.13,0.11,0.47,0.52,1.58,9.66,358.5,9.31,3.0,0,0,0,0.0,0.0,0.0
1787615100.182126,08:45:00.182,2151,75.339,27.76,1011.45,14.997,0.0,0.0,0.0,0.47,-0.13,0.11,0.47,0.52,1.58,9.66,358.5,9.31,3.0,0,0,0,0.0,0.0,0.0
1787615100.182425,08:45:00.182,2152,75.349,27.76,1011.45,14.997,0.0,0.0,0.0,0.47,-0.13,0.11,0.47,0.52,1.58,9.66,358.5,9.31,3.0,0,0,0,0.0,0.0,0.0
1787615100.182720,08:45:00.182,2153,75.359,27.76,1011.45,14.997,0.0,0.0,0.0,0.47,-0.13,0.11,0.47,0.52,1.58,9.66,358.5,9.31,3.0,0,0,0,0.0,0.0,0.0
1787615100.183021,08:45:00.183,2154,75.369,27.77,1011.45,14.997,0.0,0.0,0.0,0.47,-0.13,0.11,0.47,0.52,1.58,9.66,358.5,9.31,3.0,0,0,0,0.0,0.0,0.0
1787615100.284452,08:45:00.284,2155,75.379,27.77,1011.45,14.997,0.0,0.0,0.0,0.47,-0.13,0.11,0.47,0.52,1.58,9.66,358.5,9.31,3.0,0,0,0,0.0,0.0,0.0
1787615100.284895,08:45:00.284,2156,75.389,27.77,1011.45,14.997,0.0,0.0,0.0,0.47,-0.13,0.11,0.47,0.52,1.58,9.66,358.5,9.31,3.0,0,0,0,0.0,0.0,0.0
1787615100.285175,08:45:00.285,2157,75.399,27.77,1011.45,14.997,0.0,0.0,0.0,0.47,-0.13,0.11,0.47,0.52,1.58,9.66,358.5,9.31,3.0,0,0,0,0.0,0.0,0.0
1787615100.285444,08:45:00.285,2158,75.409,27.77,1011.45,14.997,0.0,0.0,0.0,0.47,-0.13,0.11,0.47,0.52,1.58,9.66,358.5,9.31,3.0,0,0,0,0.0,0.0,0.0
1787615100.285708,08:45:00.285,2159,75.419,27.77,1011.45,14.997,0.0,0.0,0.0,0.47,-0.13,0.11,0.47,0.52,1.58,9.66,358.5,9.31,3.0,0,0,0,0.0,0.0,0.0
1787615100.285972,08:45:00.285,2160,75.429,27.77,1011.45,14.997,0.0,0.0,0.0,-0.35,0.11,-0.02,-0.35,0.54,1.59,9.66,358.56,9.37,3.18,0,0,0,0.0,0.0,0.0
1787615100.286239,08:45:00.286,2161,75.439,27.77,1011.45,14.997,0.0,0.0,0.0,-0.35,0.11,-0.02,-0.35,0.54,1.59,9.66,358.56,9.37,3.18,0,0,0,0.0,0.0,0.0
1787615100.286502,08:45:00.286,2162,75.449,27.77,1011.45,14.997,0.0,0.0,0.0,-0.35,0.11,-0.02,-0.35,0.54,1.59,9.66,358.56,9.37,3.18,0,0,0,0.0,0.0,0.0
1787615100.286762,08:45:00.286,2163,75.459,27.77,1011.45,14.997,0.0,0.0,0.0,-0.35,0.11,-0.02,-0.35,0.54,1.59,9.66,358.56,9.37,3.18,0,0,0,0.0,0.0,0.0
1787615100.287023,08:45:00.287,2164,75.469,27.77,1011.45,14.997,0.0,0.0,0.0,-0.35,0.11,-0.02,-0.35,0.54,1.59,9.66,358.56,9.37,3.18,0,0,0,0.0,0.0,0.0
1787615100.388434,08:45:00.388,2165,75.479,27.77,1011.45,14.997,0.0,0.0,0.0,-0.35,0.11,-0.02,-0.35,0.54,1.59,9.66,358.56,9.37,3.18,0,0,0,0.0,0.0,0.0
1787615100.388799,08:45:00.388,2166,75.489,27.77,1011.45,14.997,0.0,0.0,0.0,-0.35,0.11,-0.02,-0.35,0.54,1.59,9.66,358.56,9.37,3.18,0,0,0,0.0,0.0,0.0
1787615100.389034,08:45:00.389,2167,75.499,27.77,1011.45,14.997,0.0,0.0,0.0,-0.35,0.11,-0.02,-0.35,0.54,1.59,9.66,358.56,9.37,3.18,0,0,0,0.0,0.0,0.0
1787615100.389263,08:45:00.389,2168,75.509,27.77,1011.45,14.997,0.0,0.0,0.0,-0.35,0.11,-0.02,-0.35,0.54,1.59,9.66,358.56,9.37,3.18,0,0,0,0.0,0.0,0.0
1787615100.389490,08:45:00.389,2169,75.519,27.77,1011.45,14.997,0.0,0.0,0.0,-0.35,0.11,-0.02,-0.35,0.54,1.59,9.66,358.56,9.37,3.18,0,0,0,0.0,0.0,0.0
1787615100.389717,08:45:00.389,2170,75.529,27.77,1011.45,14.997,0.0,0.0,0.0,-1.14,0.13,-0.06,-1.14,0.56,1.66,9.64,358.56,9.75,3.25,0,0,0,0.0,0.0,0.0
1787615100.389942,08:45:00.389,2171,75.539,27.77,1011.45,14.997,0.0,0.0,0.0,-1.14,0.13,-0.06,-1.14,0.56,1.66,9.64,358.56,9.75,3.25,0,0,0,0.0,0.0,0.0
1787615100.390166,08:45:00.390,2172,75.549,27.77,1011.45,14.997,0.0,0.0,0.0,-1.14,0.13,-0.06,-1.14,0.56,1.66,9.64,358.56,9.75,3.25,0,0,0,0.0,0.0,0.0
1787615100.390390,08:45:00.390,2173,75.559,27.77,1011.45,14.997,0.0,0.0,0.0,-1.14,0.13,-0.06,-1.14,0.56,1.66,9.64,358.56,9.75,3.25,0,0,0,0.0,0.0,0.0
1787615100.390615,08:45:00.390,2174,75.569,27.76,1011.42,15.245,0.0,0.0,0.0,-1.14,0.13,-0.06,-1.14,0.56,1.66,9.64,358.56,9.75,3.25,0,0,0,0.0,0.0,0.0
1787615100.390837,08:45:00.390,2175,75.579,27.76,1011.42,15.245,0.0,0.0,0.0,-1.14,0.13,-0.06,-1.14,0.56,1.66,9.64,358.56,9.75,3.25,0,0,0,0.0,0.0,0.0
1787615100.492337,08:45:00.492,2176,75.589,27.76,1011.42,15.245,0.0,0.0,0.0,-1.14,0.13,-0.06,-1.14,0.56,1.66,9.64,358.56,9.75,3.25,0,0,0,0.0,0.0,0.0
1787615100.493713,08:45:00.493,2177,75.599,27.76,1011.42,15.245,0.0,0.0,0.0,-1.14,0.13,-0.06,-1.14,0.56,1.66,9.64,358.56,9.75,3.25,0,0,0,0.0,0.0,0.0
1787615100.494400,08:45:00.494,2178,75.609,27.76,1011.42,15.245,0.0,0.0,0.0,-1.14,0.13,-0.06,-1.14,0.56,1.66,9.64,358.56,9.75,3.25,0,0,0,0.0,0.0,0.0
1787615100.495070,08:45:00.495,2179,75.619,27.76,1011.42,15.245,0.0,0.0,0.0,-1.14,0.13,-0.06,-1.14,0.56,1.66,9.64,358.56,9.75,3.25,0,0,0,0.0,0.0,0.0
1787615100.495740,08:45:00.495,2180,75.629,27.76,1011.42,15.245,0.0,0.0,0.0,-0.37,0.04,-0.06,-0.37,0.54,1.74,9.63,358.5,10.25,3.18,0,0,0,0.0,0.0,0.0
1787615100.496414,08:45:00.496,2181,75.639,27.76,1011.42,15.245,0.0,0.0,0.0,-0.37,0.04,-0.06,-0.37,0.54,1.74,9.63,358.5,10.25,3.18,0,0,0,0.0,0.0,0.0
1787615100.496777,08:45:00.496,2182,75.649,27.76,1011.42,15.245,0.0,0.0,0.0,-0.37,0.04,-0.06,-0.37,0.54,1.74,9.63,358.5,10.25,3.18,0,0,0,0.0,0.0,0.0
1787615100.497112,08:45:00.497,2183,75.659,27.76,1011.42,15.245,0.0,0.0,0.0,-0.37,0.04,-0.06,-0.37,0.54,1.74,9.63,358.5,10.25,3.18,0,0,0,0.0,0.0,0.0
1787615100.497524,08:45:00.497,2184,75.669,27.76,1011.42,15.245,0.0,0.0,0.0,-0.37,0.04,-0.06,-0.37,0.54,1.74,9.63,358.5,10.25,3.18,0,0,0,0.0,0.0,0.0
1787615100.497851,08:45:00.497,2185,75.679,27.76,1011.42,15.245,0.0,0.0,0.0,-0.37,0.04,-0.06,-0.37,0.54,1.74,9.63,358.5,10.25,3.18,0,0,0,0.0,0.0,0.0
1787615100.498180,08:45:00.498,2186,75.689,27.76,1011.42,15.245,0.0,0.0,0.0,-0.37,0.04,-0.06,-0.37,0.54,1.74,9.63,358.5,10.25,3.18,0,0,0,0.0,0.0,0.0
1787615100.598734,08:45:00.598,2187,75.699,27.76,1011.42,15.245,0.0,0.0,0.0,-0.37,0.04,-0.06,-0.37,0.54,1.74,9.63,358.5,10.25,3.18,0,0,0,0.0,0.0,0.0
1787615100.599148,08:45:00.599,2188,75.709,27.76,1011.42,15.245,0.0,0.0,0.0,-0.37,0.04,-0.06,-0.37,0.54,1.74,9.63,358.5,10.25,3.18,0,0,0,0.0,0.0,0.0
1787615100.599395,08:45:00.599,2189,75.719,27.76,1011.42,15.245,0.0,0.0,0.0,-0.37,0.04,-0.06,-0.37,0.54,1.74,9.63,358.5,10.25,3.18,0,0,0,0.0,0.0,0.0
1787615100.599628,08:45:00.599,2190,75.729,27.76,1011.42,15.245,0.0,0.0,0.0,-0.33,-0.11,-0.02,-0.33,0.56,1.85,9.61,358.5,10.81,3.25,0,0,0,0.0,0.0,0.0
1787615100.599858,08:45:00.599,2191,75.739,27.76,1011.42,15.245,0.0,0.0,0.0,-0.33,-0.11,-0.02,-0.33,0.56,1.85,9.61,358.5,10.81,3.25,0,0,0,0.0,0.0,0.0
1787615100.600079,08:45:00.600,2192,75.749,27.76,1011.42,15.245,0.0,0.0,0.0,-0.33,-0.11,-0.02,-0.33,0.56,1.85,9.61,358.5,10.81,3.25,0,0,0,0.0,0.0,0.0
1787615100.600302,08:45:00.600,2193,75.759,27.76,1011.42,15.245,0.0,0.0,0.0,-0.33,-0.11,-0.02,-0.33,0.56,1.85,9.61,358.5,10.81,3.25,0,0,0,0.0,0.0,0.0
1787615100.600523,08:45:00.600,2194,75.769,27.77,1011.45,14.997,0.0,0.0,0.0,-0.33,-0.11,-0.02,-0.33,0.56,1.85,9.61,358.5,10.81,3.25,0,0,0,0.0,0.0,0.0
1787615100.600744,08:45:00.600,2195,75.779,27.77,1011.45,14.997,0.0,0.0,0.0,-0.33,-0.11,-0.02,-0.33,0.56,1.85,9.61,358.5,10.81,3.25,0,0,0,0.0,0.0,0.0
1787615100.600962,08:45:00.600,2196,75.789,27.77,1011.45,14.997,0.0,0.0,0.0,-0.33,-0.11,-0.02,-0.33,0.56,1.85,9.61,358.5,10.81,3.25,0,0,0,0.0,0.0,0.0
1787615100.601180,08:45:00.601,2197,75.799,27.77,1011.45,14.997,0.0,0.0,0.0,-0.33,-0.11,-0.02,-0.33,0.56,1.85,9.61,358.5,10.81,3.25,0,0,0,0.0,0.0,0.0
1787615100.702593,08:45:00.702,2198,75.809,27.77,1011.45,14.997,0.0,0.0,0.0,-0.33,-0.11,-0.02,-0.33,0.56,1.85,9.61,358.5,10.81,3.25,0,0,0,0.0,0.0,0.0
1787615100.702864,08:45:00.702,2199,75.819,27.77,1011.45,14.997,0.0,0.0,0.0,-0.33,-0.11,-0.02,-0.33,0.56,1.85,9.61,358.5,10.81,3.25,0,0,0,0.0,0.0,0.0
1787615100.703015,08:45:00.703,2200,75.829,27.77,1011.45,14.997,0.0,0.0,0.0,-0.03,0.01,0.24,-0.03,0.55,1.94,9.59,358.5,11.37,3.18,0,0,0,0.0,0.0,0.0
1787615100.703159,08:45:00.703,2201,75.839,27.77,1011.45,14.997,0.0,0.0,0.0,-0.03,0.01,0.24,-0.03,0.55,1.94,9.59,358.5,11.37,3.18,0,0,0,0.0,0.0,0.0
1787615100.703301,08:45:00.703,2202,75.849,27.77,1011.45,14.997,0.0,0.0,0.0,-0.03,0.01,0.24,-0.03,0.55,1.94,9.59,358.5,11.37,3.18,0,0,0,0.0,0.0,0.0
1787615100.703441,08:45:00.703,2203,75.859,27.77,1011.45,14.997,0.0,0.0,0.0,-0.03,0.01,0.24,-0.03,0.55,1.94,9.59,358.5,11.37,3.18,0,0,0,0.0,0.0,0.0
1787615100.703579,08:45:00.703,2204,75.869,27.77,1011.45,14.997,0.0,0.0,0.0,-0.03,0.01,0.24,-0.03,0.55,1.94,9.59,358.5,11.37,3.18,0,0,0,0.0,0.0,0.0
1787615100.703716,08:45:00.703,2205,75.879,27.77,1011.45,14.997,0.0,0.0,0.0,-0.03,0.01,0.24,-0.03,0.55,1.94,9.59,358.5,11.37,3.18,0,0,0,0.0,0.0,0.0
1787615100.805030,08:45:00.805,2206,75.889,27.77,1011.45,14.997,0.0,0.0,0.0,-0.03,0.01,0.24,-0.03,0.55,1.94,9.59,358.5,11.37,3.18,0,0,0,0.0,0.0,0.0
1787615100.805454,08:45:00.805,2207,75.899,27.77,1011.45,14.997,0.0,0.0,0.0,-0.03,0.01,0.24,-0.03,0.55,1.94,9.59,358.5,11.37,3.18,0,0,0,0.0,0.0,0.0
1787615100.805677,08:45:00.805,2208,75.909,27.77,1011.45,14.997,0.0,0.0,0.0,-0.03,0.01,0.24,-0.03,0.55,1.94,9.59,358.5,11.37,3.18,0,0,0,0.0,0.0,0.0
1787615100.805872,08:45:00.805,2209,75.919,27.77,1011.45,14.997,0.0,0.0,0.0,-0.03,0.01,0.24,-0.03,0.55,1.94,9.59,358.5,11.37,3.18,0,0,0,0.0,0.0,0.0
1787615100.806061,08:45:00.806,2210,75.929,27.77,1011.45,14.997,0.0,0.0,0.0,-0.03,0.01,0.22,-0.03,0.52,1.88,9.6,358.56,11.06,3.06,0,0,0,0.0,0.0,0.0
1787615100.806308,08:45:00.806,2211,75.939,27.77,1011.45,14.997,0.0,0.0,0.0,-0.03,0.01,0.22,-0.03,0.52,1.88,9.6,358.56,11.06,3.06,0,0,0,0.0,0.0,0.0
1787615100.806520,08:45:00.806,2212,75.949,27.77,1011.45,14.997,0.0,0.0,0.0,-0.03,0.01,0.22,-0.03,0.52,1.88,9.6,358.56,11.06,3.06,0,0,0,0.0,0.0,0.0
1787615100.806708,08:45:00.806,2213,75.959,27.77,1011.45,14.997,0.0,0.0,0.0,-0.03,0.01,0.22,-0.03,0.52,1.88,9.6,358.56,11.06,3.06,0,0,0,0.0,0.0,0.0
1787615100.806895,08:45:00.806,2214,75.969,27.76,1011.45,14.997,0.0,0.0,0.0,-0.03,0.01,0.22,-0.03,0.52,1.88,9.6,358.56,11.06,3.06,0,0,0,0.0,0.0,0.0
1787615100.807083,08:45:00.807,2215,75.979,27.76,1011.45,14.997,0.0,0.0,0.0,-0.03,0.01,0.22,-0.03,0.52,1.88,9.6,358.56,11.06,3.06,0,0,0,0.0,0.0,0.0
1787615100.908580,08:45:00.908,2216,75.989,27.76,1011.45,14.997,0.0,0.0,0.0,-0.03,0.01,0.22,-0.03,0.52,1.88,9.6,358.56,11.06,3.06,0,0,0,0.0,0.0,0.0
1787615100.909981,08:45:00.909,2217,75.999,27.76,1011.45,14.997,0.0,0.0,0.0,-0.03,0.01,0.22,-0.03,0.52,1.88,9.6,358.56,11.06,3.06,0,0,0,0.0,0.0,0.0
1787615100.910690,08:45:00.910,2218,76.009,27.76,1011.45,14.997,0.0,0.0,0.0,-0.03,0.01,0.22,-0.03,0.52,1.88,9.6,358.56,11.06,3.06,0,0,0,0.0,0.0,0.0
1787615100.911134,08:45:00.911,2219,76.019,27.76,1011.45,14.997,0.0,0.0,0.0,-0.03,0.01,0.22,-0.03,0.52,1.88,9.6,358.56,11.06,3.06,0,0,0,0.0,0.0,0.0
1787615100.911553,08:45:00.911,2220,76.029,27.76,1011.45,14.997,0.0,0.0,0.0,-0.56,0.0,0.0,-0.56,0.52,1.79,9.62,358.43,10.5,3.06,0,0,0,0.0,0.0,0.0
1787615100.911972,08:45:00.911,2221,76.039,27.76,1011.45,14.997,0.0,0.0,0.0,-0.56,0.0,0.0,-0.56,0.52,1.79,9.62,358.43,10.5,3.06,0,0,0,0.0,0.0,0.0
1787615100.912322,08:45:00.912,2222,76.049,27.76,1011.45,14.997,0.0,0.0,0.0,-0.56,0.0,0.0,-0.56,0.52,1.79,9.62,358.43,10.5,3.06,0,0,0,0.0,0.0,0.0
1787615100.912658,08:45:00.912,2223,76.059,27.76,1011.45,14.997,0.0,0.0,0.0,-0.56,0.0,0.0,-0.56,0.52,1.79,9.62,358.43,10.5,3.06,0,0,0,0.0,0.0,0.0
1787615100.913004,08:45:00.913,2224,76.069,27.76,1011.45,14.997,0.0,0.0,0.0,-0.56,0.0,0.0,-0.56,0.52,1.79,9.62,358.43,10.5,3.06,0,0,0,0.0,0.0,0.0
1787615100.913361,08:45:00.913,2225,76.079,27.76,1011.45,14.997,0.0,0.0,0.0,-0.56,0.0,0.0,-0.56,0.52,1.79,9.62,358.43,10.5,3.06,0,0,0,0.0,0.0,0.0
1787615100.913707,08:45:00.913,2226,76.089,27.76,1011.45,14.997,0.0,0.0,0.0,-0.56,0.0,0.0,-0.56,0.52,1.79,9.62,358.43,10.5,3.06,0,0,0,0.0,0.0,0.0
1787615100.914052,08:45:00.914,2227,76.099,27.76,1011.45,14.997,0.0,0.0,0.0,-0.56,0.0,0.0,-0.56,0.52,1.79,9.62,358.43,10.5,3.06,0,0,0,0.0,0.0,0.0
1787615100.914413,08:45:00.914,2228,76.109,27.76,1011.45,14.997,0.0,0.0,0.0,-0.56,0.0,0.0,-0.56,0.52,1.79,9.62,358.43,10.5,3.06,0,0,0,0.0,0.0,0.0
1787615101.016119,08:45:01.016,2229,76.119,27.76,1011.45,14.997,0.0,0.0,0.0,-0.56,0.0,0.0,-0.56,0.52,1.79,9.62,358.43,10.5,3.06,0,0,0,0.0,0.0,0.0
1787615101.017549,08:45:01.017,2230,76.129,27.76,1011.45,14.997,0.0,0.0,0.0,-0.64,0.05,0.05,-0.64,0.53,1.7,9.64,358.43,9.93,3.12,0,0,0,0.0,0.0,0.0
1787615101.017977,08:45:01.017,2231,76.139,27.76,1011.45,14.997,0.0,0.0,0.0,-0.64,0.05,0.05,-0.64,0.53,1.7,9.64,358.43,9.93,3.12,0,0,0,0.0,0.0,0.0
1787615101.018397,08:45:01.018,2232,76.15,27.76,1011.45,14.997,0.0,0.0,0.0,-0.64,0.05,0.05,-0.64,0.53,1.7,9.64,358.43,9.93,3.12,0,0,0,0.0,0.0,0.0
1787615101.018824,08:45:01.018,2233,76.159,27.76,1011.45,14.997,0.0,0.0,0.0,-0.64,0.05,0.05,-0.64,0.53,1.7,9.64,358.43,9.93,3.12,0,0,0,0.0,0.0,0.0
1787615101.019321,08:45:01.019,2234,76.169,27.76,1011.43,15.164,0.0,0.0,0.0,-0.64,0.05,0.05,-0.64,0.53,1.7,9.64,358.43,9.93,3.12,0,0,0,0.0,0.0,0.0
1787615101.019686,08:45:01.019,2235,76.179,27.76,1011.43,15.164,0.0,0.0,0.0,-0.64,0.05,0.05,-0.64,0.53,1.7,9.64,358.43,9.93,3.12,0,0,0,0.0,0.0,0.0
1787615101.020048,08:45:01.020,2236,76.189,27.76,1011.43,15.164,0.0,0.0,0.0,-0.64,0.05,0.05,-0.64,0.53,1.7,9.64,358.43,9.93,3.12,0,0,0,0.0,0.0,0.0
1787615101.020401,08:45:01.020,2237,76.199,27.76,1011.43,15.164,0.0,0.0,0.0,-0.64,0.05,0.05,-0.64,0.53,1.7,9.64,358.43,9.93,3.12,0,0,0,0.0,0.0,0.0
1787615101.020761,08:45:01.020,2238,76.209,27.76,1011.43,15.164,0.0,0.0,0.0,-0.64,0.05,0.05,-0.64,0.53,1.7,9.64,358.43,9.93,3.12,0,0,0,0.0,0.0,0.0
1787615101.121659,08:45:01.121,2239,76.219,27.76,1011.43,15.164,0.0,0.0,0.0,-0.64,0.05,0.05,-0.64,0.53,1.7,9.64,358.43,9.93,3.12,0,0,0,0.0,0.0,0.0
1787615101.121890,08:45:01.121,2240,76.229,27.76,1011.43,15.164,0.0,0.0,0.0,0.19,-0.02,-0.11,0.19,0.52,1.64,9.65,358.43,9.62,3.06,0,0,0,0.0,0.0,0.0
1787615101.122038,08:45:01.122,2241,76.239,27.76,1011.43,15.164,0.0,0.0,0.0,0.19,-0.02,-0.11,0.19,0.52,1.64,9.65,358.43,9.62,3.06,0,0,0,0.0,0.0,0.0
1787615101.122179,08:45:01.122,2242,76.249,27.76,1011.43,15.164,0.0,0.0,0.0,0.19,-0.02,-0.11,0.19,0.52,1.64,9.65,358.43,9.62,3.06,0,0,0,0.0,0.0,0.0
1787615101.122318,08:45:01.122,2243,76.259,27.76,1011.43,15.164,0.0,0.0,0.0,0.19,-0.02,-0.11,0.19,0.52,1.64,9.65,358.43,9.62,3.06,0,0,0,0.0,0.0,0.0
1787615101.122456,08:45:01.122,2244,76.269,27.76,1011.43,15.164,0.0,0.0,0.0,0.19,-0.02,-0.11,0.19,0.52,1.64,9.65,358.43,9.62,3.06,0,0,0,0.0,0.0,0.0
1787615101.122593,08:45:01.122,2245,76.279,27.76,1011.43,15.164,0.0,0.0,0.0,0.19,-0.02,-0.11,0.19,0.52,1.64,9.65,358.43,9.62,3.06,0,0,0,0.0,0.0,0.0
1787615101.122732,08:45:01.122,2246,76.289,27.76,1011.43,15.164,0.0,0.0,0.0,0.19,-0.02,-0.11,0.19,0.52,1.64,9.65,358.43,9.62,3.06,0,0,0,0.0,0.0,0.0
1787615101.224048,08:45:01.224,2247,76.299,27.76,1011.43,15.164,0.0,0.0,0.0,0.19,-0.02,-0.11,0.19,0.52,1.64,9.65,358.43,9.62,3.06,0,0,0,0.0,0.0,0.0
1787615101.224371,08:45:01.224,2248,76.309,27.76,1011.43,15.164,0.0,0.0,0.0,0.19,-0.02,-0.11,0.19,0.52,1.64,9.65,358.43,9.62,3.06,0,0,0,0.0,0.0,0.0
1787615101.224567,08:45:01.224,2249,76.319,27.76,1011.43,15.164,0.0,0.0,0.0,0.19,-0.02,-0.11,0.19,0.52,1.64,9.65,358.43,9.62,3.06,0,0,0,0.0,0.0,0.0
1787615101.224760,08:45:01.224,2250,76.329,27.76,1011.43,15.164,0.0,0.0,0.0,-0.18,-0.02,0.04,-0.18,0.53,1.63,9.65,358.43,9.56,3.06,0,0,0,0.0,0.0,0.0
1787615101.224952,08:45:01.224,2251,76.339,27.76,1011.43,15.164,0.0,0.0,0.0,-0.18,-0.02,0.04,-0.18,0.53,1.63,9.65,358.43,9.56,3.06,0,0,0,0.0,0.0,0.0
1787615101.225143,08:45:01.225,2252,76.349,27.76,1011.43,15.164,0.0,0.0,0.0,-0.18,-0.02,0.04,-0.18,0.53,1.63,9.65,358.43,9.56,3.06,0,0,0,0.0,0.0,0.0
1787615101.225334,08:45:01.225,2253,76.359,27.76,1011.43,15.164,0.0,0.0,0.0,-0.18,-0.02,0.04,-0.18,0.53,1.63,9.65,358.43,9.56,3.06,0,0,0,0.0,0.0,0.0
1787615101.225520,08:45:01.225,2254,76.369,27.76,1011.41,15.33,0.0,0.0,0.0,-0.18,-0.02,0.04,-0.18,0.53,1.63,9.65,358.43,9.56,3.06,0,0,0,0.0,0.0,0.0
1787615101.225710,08:45:01.225,2255,76.379,27.76,1011.41,15.33,0.0,0.0,0.0,-0.18,-0.02,0.04,-0.18,0.53,1.63,9.65,358.43,9.56,3.06,0,0,0,0.0,0.0,0.0
1787615101.225895,08:45:01.225,2256,76.389,27.76,1011.41,15.33,0.0,0.0,0.0,-0.18,-0.02,0.04,-0.18,0.53,1.63,9.65,358.43,9.56,3.06,0,0,0,0.0,0.0,0.0
1787615101.226060,08:45:01.226,2257,76.399,27.76,1011.41,15.33,0.0,0.0,0.0,-0.18,-0.02,0.04,-0.18,0.53,1.63,9.65,358.43,9.56,3.06,0,0,0,0.0,0.0,0.0
1787615101.226226,08:45:01.226,2258,76.409,27.76,1011.41,15.33,0.0,0.0,0.0,-0.18,-0.02,0.04,-0.18,0.53,1.63,9.65,358.43,9.56,3.06,0,0,0,0.0,0.0,0.0
1787615101.327574,08:45:01.327,2259,76.419,27.76,1011.41,15.33,0.0,0.0,0.0,-0.18,-0.02,0.04,-0.18,0.53,1.63,9.65,358.43,9.56,3.06,0,0,0,0.0,0.0,0.0
1787615101.327861,08:45:01.327,2260,76.429,27.76,1011.41,15.33,0.0,0.0,0.0,-0.28,0.0,0.04,-0.28,0.53,1.65,9.65,358.43,9.68,3.06,0,0,0,0.0,0.0,0.0
1787615101.328033,08:45:01.328,2261,76.439,27.76,1011.41,15.33,0.0,0.0,0.0,-0.28,0.0,0.04,-0.28,0.53,1.65,9.65,358.43,9.68,3.06,0,0,0,0.0,0.0,0.0
1787615101.328193,08:45:01.328,2262,76.449,27.76,1011.41,15.33,0.0,0.0,0.0,-0.28,0.0,0.04,-0.28,0.53,1.65,9.65,358.43,9.68,3.06,0,0,0,0.0,0.0,0.0
1787615101.328352,08:45:01.328,2263,76.459,27.76,1011.41,15.33,0.0,0.0,0.0,-0.28,0.0,0.04,-0.28,0.53,1.65,9.65,358.43,9.68,3.06,0,0,0,0.0,0.0,0.0
1787615101.328508,08:45:01.328,2264,76.469,27.76,1011.41,15.33,0.0,0.0,0.0,-0.28,0.0,0.04,-0.28,0.53,1.65,9.65,358.43,9.68,3.06,0,0,0,0.0,0.0,0.0
1787615101.328665,08:45:01.328,2265,76.479,27.76,1011.41,15.33,0.0,0.0,0.0,-0.28,0.0,0.04,-0.28,0.53,1.65,9.65,358.43,9.68,3.06,0,0,0,0.0,0.0,0.0
1787615101.328820,08:45:01.328,2266,76.489,27.76,1011.41,15.33,0.0,0.0,0.0,-0.28,0.0,0.04,-0.28,0.53,1.65,9.65,358.43,9.68,3.06,0,0,0,0.0,0.0,0.0
1787615101.328976,08:45:01.328,2267,76.499,27.76,1011.41,15.33,0.0,0.0,0.0,-0.28,0.0,0.04,-0.28,0.53,1.65,9.65,358.43,9.68,3.06,0,0,0,0.0,0.0,0.0
1787615101.329129,08:45:01.329,2268,76.509,27.76,1011.41,15.33,0.0,0.0,0.0,-0.28,0.0,0.04,-0.28,0.53,1.65,9.65,358.43,9.68,3.06,0,0,0,0.0,0.0,0.0
1787615101.429976,08:45:01.429,2269,76.519,27.76,1011.41,15.33,0.0,0.0,0.0,-0.28,0.0,0.04,-0.28,0.53,1.65,9.65,358.43,9.68,3.06,0,0,0,0.0,0.0,0.0
1787615101.430294,08:45:01.430,2270,76.529,27.76,1011.41,15.33,0.0,0.0,0.0,0.0,-0.04,-0.02,0.0,0.53,1.7,9.64,358.43,10.0,3.06,0,0,0,0.0,0.0,0.0
1787615101.430500,08:45:01.430,2271,76.539,27.76,1011.41,15.33,0.0,0.0,0.0,0.0,-0.04,-0.02,0.0,0.53,1.7,9.64,358.43,10.0,3.06,0,0,0,0.0,0.0,0.0
1787615101.430695,08:45:01.430,2272,76.549,27.76,1011.41,15.33,0.0,0.0,0.0,0.0,-0.04,-0.02,0.0,0.53,1.7,9.64,358.43,10.0,3.06,0,0,0,0.0,0.0,0.0
1787615101.430887,08:45:01.430,2273,76.559,27.76,1011.41,15.33,0.0,0.0,0.0,0.0,-0.04,-0.02,0.0,0.53,1.7,9.64,358.43,10.0,3.06,0,0,0,0.0,0.0,0.0
1787615101.431076,08:45:01.431,2274,76.569,27.77,1011.46,14.912,0.0,0.0,0.0,0.0,-0.04,-0.02,0.0,0.53,1.7,9.64,358.43,10.0,3.06,0,0,0,0.0,0.0,0.0
1787615101.431267,08:45:01.431,2275,76.579,27.77,1011.46,14.912,0.0,0.0,0.0,0.0,-0.04,-0.02,0.0,0.53,1.7,9.64,358.43,10.0,3.06,0,0,0,0.0,0.0,0.0
1787615101.431460,08:45:01.431,2276,76.589,27.77,1011.46,14.912,0.0,0.0,0.0,0.0,-0.04,-0.02,0.0,0.53,1.7,9.64,358.43,10.0,3.06,0,0,0,0.0,0.0,0.0
1787615101.431650,08:45:01.431,2277,76.599,27.77,1011.46,14.912,0.0,0.0,0.0,0.0,-0.04,-0.02,0.0,0.53,1.7,9.64,358.43,10.0,3.06,0,0,0,0.0,0.0,0.0
1787615101.431839,08:45:01.431,2278,76.609,27.77,1011.46,14.912,0.0,0.0,0.0,0.0,-0.04,-0.02,0.0,0.53,1.7,9.64,358.43,10.0,3.06,0,0,0,0.0,0.0,0.0
1787615101.432026,08:45:01.432,2279,76.619,27.77,1011.46,14.912,0.0,0.0,0.0,0.0,-0.04,-0.02,0.0,0.53,1.7,9.64,358.43,10.0,3.06,0,0,0,0.0,0.0,0.0
1787615101.533398,08:45:01.533,2280,76.629,27.77,1011.46,14.912,0.0,0.0,0.0,-0.13,0.0,0.09,-0.13,0.53,1.75,9.63,358.43,10.25,3.06,0,0,0,0.0,0.0,0.0
1787615101.533754,08:45:01.533,2281,76.639,27.77,1011.46,14.912,0.0,0.0,0.0,-0.13,0.0,0.09,-0.13,0.53,1.75,9.63,358.43,10.25,3.06,0,0,0,0.0,0.0,0.0
1787615101.533990,08:45:01.533,2282,76.649,27.77,1011.46,14.912,0.0,0.0,0.0,-0.13,0.0,0.09,-0.13,0.53,1.75,9.63,358.43,10.25,3.06,0,0,0,0.0,0.0,0.0
1787615101.534220,08:45:01.534,2283,76.659,27.77,1011.46,14.912,0.0,0.0,0.0,-0.13,0.0,0.09,-0.13,0.53,1.75,9.63,358.43,10.25,3.06,0,0,0,0.0,0.0,0.0
1787615101.534496,08:45:01.534,2284,76.669,27.77,1011.46,14.912,0.0,0.0,0.0,-0.13,0.0,0.09,-0.13,0.53,1.75,9.63,358.43,10.25,3.06,0,0,0,0.0,0.0,0.0
1787615101.534723,08:45:01.534,2285,76.679,27.77,1011.46,14.912,0.0,0.0,0.0,-0.13,0.0,0.09,-0.13,0.53,1.75,9.63,358.43,10.25,3.06,0,0,0,0.0,0.0,0.0
1787615101.534948,08:45:01.534,2286,76.689,27.77,1011.46,14.912,0.0,0.0,0.0,-0.13,0.0,0.09,-0.13,0.53,1.75,9.63,358.43,10.25,3.06,0,0,0,0.0,0.0,0.0
1787615101.535172,08:45:01.535,2287,76.699,27.77,1011.46,14.912,0.0,0.0,0.0,-0.13,0.0,0.09,-0.13,0.53,1.75,9.63,358.43,10.25,3.06,0,0,0,0.0,0.0,0.0
1787615101.535396,08:45:01.535,2288,76.709,27.77,1011.46,14.912,0.0,0.0,0.0,-0.13,0.0,0.09,-0.13,0.53,1.75,9.63,358.43,10.25,3.06,0,0,0,0.0,0.0,0.0
1787615101.535618,08:45:01.535,2289,76.719,27.77,1011.46,14.912,0.0,0.0,0.0,-0.13,0.0,0.09,-0.13,0.53,1.75,9.63,358.43,10.25,3.06,0,0,0,0.0,0.0,0.0
1787615101.535843,08:45:01.535,2290,76.729,27.77,1011.46,14.912,0.0,0.0,0.0,-0.09,0.0,0.11,-0.09,0.53,1.77,9.62,358.43,10.43,3.06,0,0,0,0.0,0.0,0.0
1787615101.636422,08:45:01.636,2291,76.739,27.77,1011.46,14.912,0.0,0.0,0.0,-0.09,0.0,0.11,-0.09,0.53,1.77,9.62,358.43,10.43,3.06,0,0,0,0.0,0.0,0.0
1787615101.636793,08:45:01.636,2292,76.749,27.77,1011.46,14.912,0.0,0.0,0.0,-0.09,0.0,0.11,-0.09,0.53,1.77,9.62,358.43,10.43,3.06,0,0,0,0.0,0.0,0.0
1787615101.637036,08:45:01.637,2293,76.759,27.77,1011.46,14.912,0.0,0.0,0.0,-0.09,0.0,0.11,-0.09,0.53,1.77,9.62,358.43,10.43,3.06,0,0,0,0.0,0.0,0.0
1787615101.637264,08:45:01.637,2294,76.769,27.76,1011.42,15.245,0.0,0.0,0.0,-0.09,0.0,0.11,-0.09,0.53,1.77,9.62,358.43,10.43,3.06,0,0,0,0.0,0.0,0.0
1787615101.637488,08:45:01.637,2295,76.779,27.76,1011.42,15.245,0.0,0.0,0.0,-0.09,0.0,0.11,-0.09,0.53,1.77,9.62,358.43,10.43,3.06,0,0,0,0.0,0.0,0.0
1787615101.637709,08:45:01.637,2296,76.789,27.76,1011.42,15.245,0.0,0.0,0.0,-0.09,0.0,0.11,-0.09,0.53,1.77,9.62,358.43,10.43,3.06,0,0,0,0.0,0.0,0.0
1787615101.637929,08:45:01.637,2297,76.799,27.76,1011.42,15.245,0.0,0.0,0.0,-0.09,0.0,0.11,-0.09,0.53,1.77,9.62,358.43,10.43,3.06,0,0,0,0.0,0.0,0.0
1787615101.638152,08:45:01.638,2298,76.809,27.76,1011.42,15.245,0.0,0.0,0.0,-0.09,0.0,0.11,-0.09,0.53,1.77,9.62,358.43,10.43,3.06,0,0,0,0.0,0.0,0.0
1787615101.638373,08:45:01.638,2299,76.819,27.76,1011.42,15.245,0.0,0.0,0.0,-0.09,0.0,0.11,-0.09,0.53,1.77,9.62,358.43,10.43,3.06,0,0,0,0.0,0.0,0.0
1787615101.638590,08:45:01.638,2300,76.829,27.76,1011.42,15.245,0.0,0.0,0.0,-0.06,-0.03,0.0,-0.06,0.53,1.76,9.63,358.43,10.37,3.06,0,0,0,0.0,0.0,0.0
1787615101.739981,08:45:01.739,2301,76.839,27.76,1011.42,15.245,0.0,0.0,0.0,-0.06,-0.03,0.0,-0.06,0.53,1.76,9.63,358.43,10.37,3.06,0,0,0,0.0,0.0,0.0
1787615101.740257,08:45:01.740,2302,76.849,27.76,1011.42,15.245,0.0,0.0,0.0,-0.06,-0.03,0.0,-0.06,0.53,1.76,9.63,358.43,10.37,3.06,0,0,0,0.0,0.0,0.0
1787615101.740402,08:45:01.740,2303,76.859,27.76,1011.42,15.245,0.0,0.0,0.0,-0.06,-0.03,0.0,-0.06,0.53,1.76,9.63,358.43,10.37,3.06,0,0,0,0.0,0.0,0.0
1787615101.740543,08:45:01.740,2304,76.869,27.76,1011.42,15.245,0.0,0.0,0.0,-0.06,-0.03,0.0,-0.06,0.53,1.76,9.63,358.43,10.37,3.06,0,0,0,0.0,0.0,0.0
1787615101.740683,08:45:01.740,2305,76.879,27.76,1011.42,15.245,0.0,0.0,0.0,-0.06,-0.03,0.0,-0.06,0.53,1.76,9.63,358.43,10.37,3.06,0,0,0,0.0,0.0,0.0
1787615101.740821,08:45:01.740,2306,76.889,27.76,1011.42,15.245,0.0,0.0,0.0,-0.06,-0.03,0.0,-0.06,0.53,1.76,9.63,358.43,10.37,3.06,0,0,0,0.0,0.0,0.0
1787615101.740965,08:45:01.740,2307,76.899,27.76,1011.42,15.245,0.0,0.0,0.0,-0.06,-0.03,0.0,-0.06,0.53,1.76,9.63,358.43,10.37,3.06,0,0,0,0.0,0.0,0.0
1787615101.741102,08:45:01.741,2308,76.909,27.76,1011.42,15.245,0.0,0.0,0.0,-0.06,-0.03,0.0,-0.06,0.53,1.76,9.63,358.43,10.37,3.06,0,0,0,0.0,0.0,0.0
1787615101.741240,08:45:01.741,2309,76.919,27.76,1011.42,15.245,0.0,0.0,0.0,-0.06,-0.03,0.0,-0.06,0.53,1.76,9.63,358.43,10.37,3.06,0,0,0,0.0,0.0,0.0
1787615101.741377,08:45:01.741,2310,76.929,27.76,1011.42,15.245,0.0,0.0,0.0,-0.13,-0.03,0.0,-0.13,0.53,1.74,9.63,358.43,10.25,3.06,0,0,0,0.0,0.0,0.0
1787615101.741517,08:45:01.741,2311,76.939,27.76,1011.42,15.245,0.0,0.0,0.0,-0.13,-0.03,0.0,-0.13,0.53,1.74,9.63,358.43,10.25,3.06,0,0,0,0.0,0.0,0.0
1787615101.842881,08:45:01.842,2312,76.949,27.76,1011.42,15.245,0.0,0.0,0.0,-0.13,-0.03,0.0,-0.13,0.53,1.74,9.63,358.43,10.25,3.06,0,0,0,0.0,0.0,0.0
1787615101.844115,08:45:01.844,2313,76.959,27.76,1011.42,15.245,0.0,0.0,0.0,-0.13,-0.03,0.0,-0.13,0.53,1.74,9.63,358.43,10.25,3.06,0,0,0,0.0,0.0,0.0
1787615101.844489,08:45:01.844,2314,76.969,27.77,1011.45,14.997,0.0,0.0,0.0,-0.13,-0.03,0.0,-0.13,0.53,1.74,9.63,358.43,10.25,3.06,0,0,0,0.0,0.0,0.0
1787615101.844762,08:45:01.844,2315,76.979,27.77,1011.45,14.997,0.0,0.0,0.0,-0.13,-0.03,0.0,-0.13,0.53,1.74,9.63,358.43,10.25,3.06,0,0,0,0.0,0.0,0.0
1787615101.845039,08:45:01.845,2316,76.989,27.77,1011.45,14.997,0.0,0.0,0.0,-0.13,-0.03,0.0,-0.13,0.53,1.74,9.63,358.43,10.25,3.06,0,0,0,0.0,0.0,0.0
1787615101.845477,08:45:01.845,2317,76.999,27.77,1011.45,14.997,0.0,0.0,0.0,-0.13,-0.03,0.0,-0.13,0.53,1.74,9.63,358.43,10.25,3.06,0,0,0,0.0,0.0,0.0
1787615101.845777,08:45:01.845,2318,77.009,27.77,1011.45,14.997,0.0,0.0,0.0,-0.13,-0.03,0.0,-0.13,0.53,1.74,9.63,358.43,10.25,3.06,0,0,0,0.0,0.0,0.0
1787615101.846174,08:45:01.846,2319,77.019,27.77,1011.45,14.997,0.0,0.0,0.0,-0.13,-0.03,0.0,-0.13,0.53,1.74,9.63,358.43,10.25,3.06,0,0,0,0.0,0.0,0.0
1787615101.846476,08:45:01.846,2320,77.029,27.77,1011.45,14.997,0.0,0.0,0.0,-0.6,0.1,0.08,-0.6,0.53,1.72,9.63,358.43,10.06,3.12,0,0,0,0.0,0.0,0.0
1787615101.846752,08:45:01.846,2321,77.039,27.77,1011.45,14.997,0.0,0.0,0.0,-0.6,0.1,0.08,-0.6,0.53,1.72,9.63,358.43,10.06,3.12,0,0,0,0.0,0.0,0.0
1787615101.948201,08:45:01.948,2322,77.049,27.77,1011.45,14.997,0.0,0.0,0.0,-0.6,0.1,0.08,-0.6,0.53,1.72,9.63,358.43,10.06,3.12,0,0,0,0.0,0.0,0.0
1787615101.948639,08:45:01.948,2323,77.059,27.77,1011.45,14.997,0.0,0.0,0.0,-0.6,0.1,0.08,-0.6,0.53,1.72,9.63,358.43,10.06,3.12,0,0,0,0.0,0.0,0.0
1787615101.948943,08:45:01.948,2324,77.069,27.77,1011.45,14.997,0.0,0.0,0.0,-0.6,0.1,0.08,-0.6,0.53,1.72,9.63,358.43,10.06,3.12,0,0,0,0.0,0.0,0.0
1787615101.949219,08:45:01.949,2325,77.079,27.77,1011.45,14.997,0.0,0.0,0.0,-0.6,0.1,0.08,-0.6,0.53,1.72,9.63,358.43,10.06,3.12,0,0,0,0.0,0.0,0.0
1787615101.949506,08:45:01.949,2326,77.089,27.77,1011.45,14.997,0.0,0.0,0.0,-0.6,0.1,0.08,-0.6,0.53,1.72,9.63,358.43,10.06,3.12,0,0,0,0.0,0.0,0.0
1787615101.949789,08:45:01.949,2327,77.099,27.77,1011.45,14.997,0.0,0.0,0.0,-0.6,0.1,0.08,-0.6,0.53,1.72,9.63,358.43,10.06,3.12,0,0,0,0.0,0.0,0.0
1787615101.950056,08:45:01.950,2328,77.109,27.77,1011.45,14.997,0.0,0.0,0.0,-0.6,0.1,0.08,-0.6,0.53,1.72,9.63,358.43,10.06,3.12,0,0,0,0.0,0.0,0.0
1787615101.950322,08:45:01.950,2329,77.119,27.77,1011.45,14.997,0.0,0.0,0.0,-0.6,0.1,0.08,-0.6,0.53,1.72,9.63,358.43,10.06,3.12,0,0,0,0.0,0.0,0.0
1787615101.950584,08:45:01.950,2330,77.129,27.77,1011.45,14.997,0.0,0.0,0.0,0.24,-0.11,0.09,0.24,0.52,1.69,9.64,358.43,9.93,3.0,0,0,0,0.0,0.0,0.0
1787615101.950808,08:45:01.950,2331,77.139,27.77,1011.45,14.997,0.0,0.0,0.0,0.24,-0.11,0.09,0.24,0.52,1.69,9.64,358.43,9.93,3.0,0,0,0,0.0,0.0,0.0
1787615102.051517,08:45:02.051,2332,77.149,27.77,1011.45,14.997,0.0,0.0,0.0,0.24,-0.11,0.09,0.24,0.52,1.69,9.64,358.43,9.93,3.0,0,0,0,0.0,0.0,0.0
1787615102.051937,08:45:02.051,2333,77.159,27.77,1011.45,14.997,0.0,0.0,0.0,0.24,-0.11,0.09,0.24,0.52,1.69,9.64,358.43,9.93,3.0,0,0,0,0.0,0.0,0.0
1787615102.052273,08:45:02.052,2334,77.169,27.77,1011.44,15.079,0.0,0.0,0.0,0.24,-0.11,0.09,0.24,0.52,1.69,9.64,358.43,9.93,3.0,0,0,0,0.0,0.0,0.0
1787615102.052544,08:45:02.052,2335,77.179,27.77,1011.44,15.079,0.0,0.0,0.0,0.24,-0.11,0.09,0.24,0.52,1.69,9.64,358.43,9.93,3.0,0,0,0,0.0,0.0,0.0
1787615102.052808,08:45:02.052,2336,77.189,27.77,1011.44,15.079,0.0,0.0,0.0,0.24,-0.11,0.09,0.24,0.52,1.69,9.64,358.43,9.93,3.0,0,0,0,0.0,0.0,0.0
1787615102.053069,08:45:02.053,2337,77.199,27.77,1011.44,15.079,0.0,0.0,0.0,0.24,-0.11,0.09,0.24,0.52,1.69,9.64,358.43,9.93,3.0,0,0,0,0.0,0.0,0.0
1787615102.053328,08:45:02.053,2338,77.209,27.77,1011.44,15.079,0.0,0.0,0.0,0.24,-0.11,0.09,0.24,0.52,1.69,9.64,358.43,9.93,3.0,0,0,0,0.0,0.0,0.0
1787615102.053586,08:45:02.053,2339,77.219,27.77,1011.44,15.079,0.0,0.0,0.0,0.24,-0.11,0.09,0.24,0.52,1.69,9.64,358.43,9.93,3.0,0,0,0,0.0,0.0,0.0
1787615102.053844,08:45:02.053,2340,77.229,27.77,1011.44,15.079,0.0,0.0,0.0,0.03,0.05,0.2,0.03,0.52,1.65,9.65,358.43,9.68,3.06,0,0,0,0.0,0.0,0.0
1787615102.054104,08:45:02.054,2341,77.239,27.77,1011.44,15.079,0.0,0.0,0.0,0.03,0.05,0.2,0.03,0.52,1.65,9.65,358.43,9.68,3.06,0,0,0,0.0,0.0,0.0
1787615102.054339,08:45:02.054,2342,77.249,27.77,1011.44,15.079,0.0,0.0,0.0,0.03,0.05,0.2,0.03,0.52,1.65,9.65,358.43,9.68,3.06,0,0,0,0.0,0.0,0.0
1787615102.155537,08:45:02.155,2343,77.259,27.77,1011.44,15.079,0.0,0.0,0.0,0.03,0.05,0.2,0.03,0.52,1.65,9.65,358.43,9.68,3.06,0,0,0,0.0,0.0,0.0
1787615102.155794,08:45:02.155,2344,77.269,27.77,1011.44,15.079,0.0,0.0,0.0,0.03,0.05,0.2,0.03,0.52,1.65,9.65,358.43,9.68,3.06,0,0,0,0.0,0.0,0.0
1787615102.155932,08:45:02.155,2345,77.279,27.77,1011.44,15.079,0.0,0.0,0.0,0.03,0.05,0.2,0.03,0.52,1.65,9.65,358.43,9.68,3.06,0,0,0,0.0,0.0,0.0
1787615102.156065,08:45:02.156,2346,77.289,27.77,1011.44,15.079,0.0,0.0,0.0,0.03,0.05,0.2,0.03,0.52,1.65,9.65,358.43,9.68,3.06,0,0,0,0.0,0.0,0.0
1787615102.156195,08:45:02.156,2347,77.299,27.77,1011.44,15.079,0.0,0.0,0.0,0.03,0.05,0.2,0.03,0.52,1.65,9.65,358.43,9.68,3.06,0,0,0,0.0,0.0,0.0
1787615102.156324,08:45:02.156,2348,77.309,27.77,1011.44,15.079,0.0,0.0,0.0,0.03,0.05,0.2,0.03,0.52,1.65,9.65,358.43,9.68,3.06,0,0,0,0.0,0.0,0.0
1787615102.156454,08:45:02.156,2349,77.319,27.77,1011.44,15.079,0.0,0.0,0.0,0.03,0.05,0.2,0.03,0.52,1.65,9.65,358.43,9.68,3.06,0,0,0,0.0,0.0,0.0
1787615102.156585,08:45:02.156,2350,77.329,27.77,1011.44,15.079,0.0,0.0,0.0,-1.86,0.35,-0.15,-1.86,0.56,1.58,9.66,358.43,9.31,3.25,0,0,0,0.0,0.0,0.0
1787615102.156716,08:45:02.156,2351,77.339,27.77,1011.44,15.079,0.0,0.0,0.0,-1.86,0.35,-0.15,-1.86,0.56,1.58,9.66,358.43,9.31,3.25,0,0,0,0.0,0.0,0.0
1787615102.156844,08:45:02.156,2352,77.349,27.77,1011.44,15.079,0.0,0.0,0.0,-1.86,0.35,-0.15,-1.86,0.56,1.58,9.66,358.43,9.31,3.25,0,0,0,0.0,0.0,0.0
1787615102.156978,08:45:02.156,2353,77.359,27.77,1011.44,15.079,0.0,0.0,0.0,-1.86,0.35,-0.15,-1.86,0.56,1.58,9.66,358.43,9.31,3.25,0,0,0,0.0,0.0,0.0
1787615102.258296,08:45:02.258,2354,77.369,27.77,1011.44,15.079,0.0,0.0,0.0,-1.86,0.35,-0.15,-1.86,0.56,1.58,9.66,358.43,9.31,3.25,0,0,0,0.0,0.0,0.0
1787615102.258556,08:45:02.258,2355,77.379,27.77,1011.44,15.079,0.0,0.0,0.0,-1.86,0.35,-0.15,-1.86,0.56,1.58,9.66,358.43,9.31,3.25,0,0,0,0.0,0.0,0.0
1787615102.258707,08:45:02.258,2356,77.389,27.77,1011.44,15.079,0.0,0.0,0.0,-1.86,0.35,-0.15,-1.86,0.56,1.58,9.66,358.43,9.31,3.25,0,0,0,0.0,0.0,0.0
1787615102.258852,08:45:02.258,2357,77.399,27.77,1011.44,15.079,0.0,0.0,0.0,-1.86,0.35,-0.15,-1.86,0.56,1.58,9.66,358.43,9.31,3.25,0,0,0,0.0,0.0,0.0
1787615102.259000,08:45:02.259,2358,77.409,27.77,1011.44,15.079,0.0,0.0,0.0,-1.86,0.35,-0.15,-1.86,0.56,1.58,9.66,358.43,9.31,3.25,0,0,0,0.0,0.0,0.0
1787615102.259140,08:45:02.259,2359,77.419,27.77,1011.44,15.079,0.0,0.0,0.0,-1.86,0.35,-0.15,-1.86,0.56,1.58,9.66,358.43,9.31,3.25,0,0,0,0.0,0.0,0.0
1787615102.259280,08:45:02.259,2360,77.429,27.77,1011.44,15.079,0.0,0.0,0.0,-0.93,-0.24,-0.3,-0.93,0.56,1.55,9.66,358.43,9.06,3.25,0,0,0,0.0,0.0,0.0
1787615102.259420,08:45:02.259,2361,77.439,27.77,1011.44,15.079,0.0,0.0,0.0,-0.93,-0.24,-0.3,-0.93,0.56,1.55,9.66,358.43,9.06,3.25,0,0,0,0.0,0.0,0.0
1787615102.360117,08:45:02.360,2362,77.449,27.77,1011.44,15.079,0.0,0.0,0.0,-0.93,-0.24,-0.3,-0.93,0.56,1.55,9.66,358.43,9.06,3.25,0,0,0,0.0,0.0,0.0
1787615102.360386,08:45:02.360,2363,77.459,27.77,1011.44,15.079,0.0,0.0,0.0,-0.93,-0.24,-0.3,-0.93,0.56,1.55,9.66,358.43,9.06,3.25,0,0,0,0.0,0.0,0.0
1787615102.360535,08:45:02.360,2364,77.469,27.77,1011.44,15.079,0.0,0.0,0.0,-0.93,-0.24,-0.3,-0.93,0.56,1.55,9.66,358.43,9.06,3.25,0,0,0,0.0,0.0,0.0
1787615102.360679,08:45:02.360,2365,77.479,27.77,1011.44,15.079,0.0,0.0,0.0,-0.93,-0.24,-0.3,-0.93,0.56,1.55,9.66,358.43,9.06,3.25,0,0,0,0.0,0.0,0.0
1787615102.360820,08:45:02.360,2366,77.489,27.77,1011.44,15.079,0.0,0.0,0.0,-0.93,-0.24,-0.3,-0.93,0.56,1.55,9.66,358.43,9.06,3.25,0,0,0,0.0,0.0,0.0
1787615102.360964,08:45:02.360,2367,77.499,27.77,1011.44,15.079,0.0,0.0,0.0,-0.93,-0.24,-0.3,-0.93,0.56,1.55,9.66,358.43,9.06,3.25,0,0,0,0.0,0.0,0.0
1787615102.361104,08:45:02.361,2368,77.509,27.77,1011.44,15.079,0.0,0.0,0.0,-0.93,-0.24,-0.3,-0.93,0.56,1.55,9.66,358.43,9.06,3.25,0,0,0,0.0,0.0,0.0
1787615102.361245,08:45:02.361,2369,77.519,27.77,1011.44,15.079,0.0,0.0,0.0,-0.93,-0.24,-0.3,-0.93,0.56,1.55,9.66,358.43,9.06,3.25,0,0,0,0.0,0.0,0.0
1787615102.361389,08:45:02.361,2370,77.529,27.77,1011.44,15.079,0.0,0.0,0.0,0.92,-0.22,0.03,0.92,0.55,1.54,9.66,358.43,9.06,3.18,0,0,0,0.0,0.0,0.0
1787615102.361530,08:45:02.361,2371,77.539,27.77,1011.44,15.079,0.0,0.0,0.0,0.92,-0.22,0.03,0.92,0.55,1.54,9.66,358.43,9.06,3.18,0,0,0,0.0,0.0,0.0
1787615102.361670,08:45:02.361,2372,77.549,27.77,1011.44,15.079,0.0,0.0,0.0,0.92,-0.22,0.03,0.92,0.55,1.54,9.66,358.43,9.06,3.18,0,0,0,0.0,0.0,0.0
1787615102.463004,08:45:02.463,2373,77.559,27.77,1011.44,15.079,0.0,0.0,0.0,0.92,-0.22,0.03,0.92,0.55,1.54,9.66,358.43,9.06,3.18,0,0,0,0.0,0.0,0.0
1787615102.463347,08:45:02.463,2374,77.569,27.75,1011.42,15.245,0.0,0.0,0.0,0.92,-0.22,0.03,0.92,0.55,1.54,9.66,358.43,9.06,3.18,0,0,0,0.0,0.0,0.0
1787615102.463552,08:45:02.463,2375,77.579,27.75,1011.42,15.245,0.0,0.0,0.0,0.92,-0.22,0.03,0.92,0.55,1.54,9.66,358.43,9.06,3.18,0,0,0,0.0,0.0,0.0
1787615102.463748,08:45:02.463,2376,77.589,27.75,1011.42,15.245,0.0,0.0,0.0,0.92,-0.22,0.03,0.92,0.55,1.54,9.66,358.43,9.06,3.18,0,0,0,0.0,0.0,0.0
1787615102.463943,08:45:02.463,2377,77.599,27.75,1011.42,15.245,0.0,0.0,0.0,0.92,-0.22,0.03,0.92,0.55,1.54,9.66,358.43,9.06,3.18,0,0,0,0.0,0.0,0.0
1787615102.464134,08:45:02.464,2378,77.609,27.75,1011.42,15.245,0.0,0.0,0.0,0.92,-0.22,0.03,0.92,0.55,1.54,9.66,358.43,9.06,3.18,0,0,0,0.0,0.0,0.0
1787615102.464324,08:45:02.464,2379,77.619,27.75,1011.42,15.245,0.0,0.0,0.0,0.92,-0.22,0.03,0.92,0.55,1.54,9.66,358.43,9.06,3.18,0,0,0,0.0,0.0,0.0
1787615102.464514,08:45:02.464,2380,77.629,27.75,1011.42,15.245,0.0,0.0,0.0,-1.01,0.27,0.15,-1.01,0.58,1.62,9.65,358.37,9.5,3.37,0,0,0,0.0,0.0,0.0
1787615102.464707,08:45:02.464,2381,77.639,27.75,1011.42,15.245,0.0,0.0,0.0,-1.01,0.27,0.15,-1.01,0.58,1.62,9.65,358.37,9.5,3.37,0,0,0,0.0,0.0,0.0
1787615102.464890,08:45:02.464,2382,77.649,27.75,1011.42,15.245,0.0,0.0,0.0,-1.01,0.27,0.15,-1.01,0.58,1.62,9.65,358.37,9.5,3.37,0,0,0,0.0,0.0,0.0
1787615102.566247,08:45:02.566,2383,77.659,27.75,1011.42,15.245,0.0,0.0,0.0,-1.01,0.27,0.15,-1.01,0.58,1.62,9.65,358.37,9.5,3.37,0,0,0,0.0,0.0,0.0
1787615102.566636,08:45:02.566,2384,77.669,27.75,1011.42,15.245,0.0,0.0,0.0,-1.01,0.27,0.15,-1.01,0.58,1.62,9.65,358.37,9.5,3.37,0,0,0,0.0,0.0,0.0
1787615102.566867,08:45:02.566,2385,77.679,27.75,1011.42,15.245,0.0,0.0,0.0,-1.01,0.27,0.15,-1.01,0.58,1.62,9.65,358.37,9.5,3.37,0,0,0,0.0,0.0,0.0
1787615102.567091,08:45:02.567,2386,77.689,27.75,1011.42,15.245,0.0,0.0,0.0,-1.01,0.27,0.15,-1.01,0.58,1.62,9.65,358.37,9.5,3.37,0,0,0,0.0,0.0,0.0
1787615102.567312,08:45:02.567,2387,77.699,27.75,1011.42,15.245,0.0,0.0,0.0,-1.01,0.27,0.15,-1.01,0.58,1.62,9.65,358.37,9.5,3.37,0,0,0,0.0,0.0,0.0
1787615102.567529,08:45:02.567,2388,77.709,27.75,1011.42,15.245,0.0,0.0,0.0,-1.01,0.27,0.15,-1.01,0.58,1.62,9.65,358.37,9.5,3.37,0,0,0,0.0,0.0,0.0
1787615102.567747,08:45:02.567,2389,77.719,27.75,1011.42,15.245,0.0,0.0,0.0,-1.01,0.27,0.15,-1.01,0.58,1.62,9.65,358.37,9.5,3.37,0,0,0,0.0,0.0,0.0
1787615102.567966,08:45:02.567,2390,77.729,27.75,1011.42,15.245,0.0,0.0,0.0,-1.63,-0.11,-0.58,-1.63,0.6,1.67,9.64,358.31,9.87,3.56,0,0,0,0.0,0.0,0.0
1787615102.568188,08:45:02.568,2391,77.739,27.75,1011.42,15.245,0.0,0.0,0.0,-1.63,-0.11,-0.58,-1.63,0.6,1.67,9.64,358.31,9.87,3.56,0,0,0,0.0,0.0,0.0
1787615102.669550,08:45:02.669,2392,77.749,27.75,1011.42,15.245,0.0,0.0,0.0,-1.63,-0.11,-0.58,-1.63,0.6,1.67,9.64,358.31,9.87,3.56,0,0,0,0.0,0.0,0.0
1787615102.669804,08:45:02.669,2393,77.759,27.75,1011.42,15.245,0.0,0.0,0.0,-1.63,-0.11,-0.58,-1.63,0.6,1.67,9.64,358.31,9.87,3.56,0,0,0,0.0,0.0,0.0
1787615102.669961,08:45:02.669,2394,77.769,27.78,1011.47,14.831,0.0,0.0,0.0,-1.63,-0.11,-0.58,-1.63,0.6,1.67,9.64,358.31,9.87,3.56,0,0,0,0.0,0.0,0.0
1787615102.670114,08:45:02.670,2395,77.779,27.78,1011.47,14.831,0.0,0.0,0.0,-1.63,-0.11,-0.58,-1.63,0.6,1.67,9.64,358.31,9.87,3.56,0,0,0,0.0,0.0,0.0
1787615102.670265,08:45:02.670,2396,77.789,27.78,1011.47,14.831,0.0,0.0,0.0,-1.63,-0.11,-0.58,-1.63,0.6,1.67,9.64,358.31,9.87,3.56,0,0,0,0.0,0.0,0.0
1787615102.670417,08:45:02.670,2397,77.799,27.78,1011.47,14.831,0.0,0.0,0.0,-1.63,-0.11,-0.58,-1.63,0.6,1.67,9.64,358.31,9.87,3.56,0,0,0,0.0,0.0,0.0
1787615102.670568,08:45:02.670,2398,77.809,27.78,1011.47,14.831,0.0,0.0,0.0,-1.63,-0.11,-0.58,-1.63,0.6,1.67,9.64,358.31,9.87,3.56,0,0,0,0.0,0.0,0.0
1787615102.670720,08:45:02.670,2399,77.819,27.78,1011.47,14.831,0.0,0.0,0.0,-1.63,-0.11,-0.58,-1.63,0.6,1.67,9.64,358.31,9.87,3.56,0,0,0,0.0,0.0,0.0
1787615102.670877,08:45:02.670,2400,77.829,27.78,1011.47,14.831,0.0,0.0,0.0,1.15,0.03,0.64,1.15,0.53,1.77,9.63,358.37,10.31,3.06,0,0,0,0.0,0.0,0.0
1787615102.671029,08:45:02.671,2401,77.839,27.78,1011.47,14.831,0.0,0.0,0.0,1.15,0.03,0.64,1.15,0.53,1.77,9.63,358.37,10.31,3.06,0,0,0,0.0,0.0,0.0
1787615102.671182,08:45:02.671,2402,77.849,27.78,1011.47,14.831,0.0,0.0,0.0,1.15,0.03,0.64,1.15,0.53,1.77,9.63,358.37,10.31,3.06,0,0,0,0.0,0.0,0.0
1787615102.671332,08:45:02.671,2403,77.859,27.78,1011.47,14.831,0.0,0.0,0.0,1.15,0.03,0.64,1.15,0.53,1.77,9.63,358.37,10.31,3.06,0,0,0,0.0,0.0,0.0
1787615102.671483,08:45:02.671,2404,77.869,27.78,1011.47,14.831,0.0,0.0,0.0,1.15,0.03,0.64,1.15,0.53,1.77,9.63,358.37,10.31,3.06,0,0,0,0.0,0.0,0.0
1787615102.772806,08:45:02.772,2405,77.879,27.78,1011.47,14.831,0.0,0.0,0.0,1.15,0.03,0.64,1.15,0.53,1.77,9.63,358.37,10.31,3.06,0,0,0,0.0,0.0,0.0
1787615102.773083,08:45:02.773,2406,77.889,27.78,1011.47,14.831,0.0,0.0,0.0,1.15,0.03,0.64,1.15,0.53,1.77,9.63,358.37,10.31,3.06,0,0,0,0.0,0.0,0.0
1787615102.773244,08:45:02.773,2407,77.899,27.78,1011.47,14.831,0.0,0.0,0.0,1.15,0.03,0.64,1.15,0.53,1.77,9.63,358.37,10.31,3.06,0,0,0,0.0,0.0,0.0
1787615102.773402,08:45:02.773,2408,77.909,27.78,1011.47,14.831,0.0,0.0,0.0,1.15,0.03,0.64,1.15,0.53,1.77,9.63,358.37,10.31,3.06,0,0,0,0.0,0.0,0.0
1787615102.773555,08:45:02.773,2409,77.919,27.78,1011.47,14.831,0.0,0.0,0.0,1.15,0.03,0.64,1.15,0.53,1.77,9.63,358.37,10.31,3.06,0,0,0,0.0,0.0,0.0
1787615102.773709,08:45:02.773,2410,77.929,27.78,1011.47,14.831,0.0,0.0,0.0,0.79,-0.18,0.28,0.79,0.55,1.76,9.63,358.37,10.37,3.25,0,0,0,0.0,0.0,0.0
1787615102.773863,08:45:02.773,2411,77.939,27.78,1011.47,14.831,0.0,0.0,0.0,0.79,-0.18,0.28,0.79,0.55,1.76,9.63,358.37,10.37,3.25,0,0,0,0.0,0.0,0.0
1787615102.774015,08:45:02.774,2412,77.949,27.78,1011.47,14.831,0.0,0.0,0.0,0.79,-0.18,0.28,0.79,0.55,1.76,9.63,358.37,10.37,3.25,0,0,0,0.0,0.0,0.0
1787615102.774170,08:45:02.774,2413,77.959,27.78,1011.47,14.831,0.0,0.0,0.0,0.79,-0.18,0.28,0.79,0.55,1.76,9.63,358.37,10.37,3.25,0,0,0,0.0,0.0,0.0
1787615102.874789,08:45:02.874,2414,77.969,27.78,1011.46,14.912,0.0,0.0,0.0,0.79,-0.18,0.28,0.79,0.55,1.76,9.63,358.37,10.37,3.25,0,0,0,0.0,0.0,0.0
1787615102.875188,08:45:02.875,2415,77.979,27.78,1011.46,14.912,0.0,0.0,0.0,0.79,-0.18,0.28,0.79,0.55,1.76,9.63,358.37,10.37,3.25,0,0,0,0.0,0.0,0.0
1787615102.875510,08:45:02.875,2416,77.989,27.78,1011.46,14.912,0.0,0.0,0.0,0.79,-0.18,0.28,0.79,0.55,1.76,9.63,358.37,10.37,3.25,0,0,0,0.0,0.0,0.0
1787615102.875658,08:45:02.875,2417,77.999,27.78,1011.46,14.912,0.0,0.0,0.0,0.79,-0.18,0.28,0.79,0.55,1.76,9.63,358.37,10.37,3.25,0,0,0,0.0,0.0,0.0
1787615102.875801,08:45:02.875,2418,78.009,27.78,1011.46,14.912,0.0,0.0,0.0,0.79,-0.18,0.28,0.79,0.55,1.76,9.63,358.37,10.37,3.25,0,0,0,0.0,0.0,0.0
1787615102.875941,08:45:02.875,2419,78.019,27.78,1011.46,14.912,0.0,0.0,0.0,0.79,-0.18,0.28,0.79,0.55,1.76,9.63,358.37,10.37,3.25,0,0,0,0.0,0.0,0.0
1787615102.876081,08:45:02.876,2420,78.029,27.78,1011.46,14.912,0.0,0.0,0.0,-2.58,0.2,-0.65,-2.58,0.61,1.78,9.62,358.18,10.43,3.56,0,0,0,0.0,0.0,0.0
1787615102.876223,08:45:02.876,2421,78.039,27.78,1011.46,14.912,0.0,0.0,0.0,-2.58,0.2,-0.65,-2.58,0.61,1.78,9.62,358.18,10.43,3.56,0,0,0,0.0,0.0,0.0
1787615102.876362,08:45:02.876,2422,78.049,27.78,1011.46,14.912,0.0,0.0,0.0,-2.58,0.2,-0.65,-2.58,0.61,1.78,9.62,358.18,10.43,3.56,0,0,0,0.0,0.0,0.0
1787615102.876574,08:45:02.876,2423,78.059,27.78,1011.46,14.912,0.0,0.0,0.0,-2.58,0.2,-0.65,-2.58,0.61,1.78,9.62,358.18,10.43,3.56,0,0,0,0.0,0.0,0.0
1787615102.876729,08:45:02.876,2424,78.069,27.78,1011.46,14.912,0.0,0.0,0.0,-2.58,0.2,-0.65,-2.58,0.61,1.78,9.62,358.18,10.43,3.56,0,0,0,0.0,0.0,0.0
1787615102.977756,08:45:02.977,2425,78.079,27.78,1011.46,14.912,0.0,0.0,0.0,-2.58,0.2,-0.65,-2.58,0.61,1.78,9.62,358.18,10.43,3.56,0,0,0,0.0,0.0,0.0
1787615102.978074,08:45:02.978,2426,78.089,27.78,1011.46,14.912,0.0,0.0,0.0,-2.58,0.2,-0.65,-2.58,0.61,1.78,9.62,358.18,10.43,3.56,0,0,0,0.0,0.0,0.0
1787615102.978278,08:45:02.978,2427,78.099,27.78,1011.46,14.912,0.0,0.0,0.0,-2.58,0.2,-0.65,-2.58,0.61,1.78,9.62,358.18,10.43,3.56,0,0,0,0.0,0.0,0.0
1787615102.978474,08:45:02.978,2428,78.109,27.78,1011.46,14.912,0.0,0.0,0.0,-2.58,0.2,-0.65,-2.58,0.61,1.78,9.62,358.18,10.43,3.56,0,0,0,0.0,0.0,0.0
1787615102.978667,08:45:02.978,2429,78.119,27.78,1011.46,14.912,0.0,0.0,0.0,-2.58,0.2,-0.65,-2.58,0.61,1.78,9.62,358.18,10.43,3.56,0,0,0,0.0,0.0,0.0
1787615102.978862,08:45:02.978,2430,78.129,27.78,1011.46,14.912,0.0,0.0,0.0,-0.26,0.25,0.18,-0.26,0.56,1.82,9.61,358.37,10.68,3.25,0,0,0,0.0,0.0,0.0
1787615102.979058,08:45:02.979,2431,78.139,27.78,1011.46,14.912,0.0,0.0,0.0,-0.26,0.25,0.18,-0.26,0.56,1.82,9.61,358.37,10.68,3.25,0,0,0,0.0,0.0,0.0
1787615102.979249,08:45:02.979,2432,78.149,27.78,1011.46,14.912,0.0,0.0,0.0,-0.26,0.25,0.18,-0.26,0.56,1.82,9.61,358.37,10.68,3.25,0,0,0,0.0,0.0,0.0
1787615102.979439,08:45:02.979,2433,78.159,27.78,1011.46,14.912,0.0,0.0,0.0,-0.26,0.25,0.18,-0.26,0.56,1.82,9.61,358.37,10.68,3.25,0,0,0,0.0,0.0,0.0
1787615103.080353,08:45:03.080,2434,78.169,27.77,1011.45,14.997,0.0,0.0,0.0,-0.26,0.25,0.18,-0.26,0.56,1.82,9.61,358.37,10.68,3.25,0,0,0,0.0,0.0,0.0
1787615103.080691,08:45:03.080,2435,78.179,27.77,1011.45,14.997,0.0,0.0,0.0,-0.26,0.25,0.18,-0.26,0.56,1.82,9.61,358.37,10.68,3.25,0,0,0,0.0,0.0,0.0
1787615103.080898,08:45:03.080,2436,78.189,27.77,1011.45,14.997,0.0,0.0,0.0,-0.26,0.25,0.18,-0.26,0.56,1.82,9.61,358.37,10.68,3.25,0,0,0,0.0,0.0,0.0
1787615103.081095,08:45:03.081,2437,78.199,27.77,1011.45,14.997,0.0,0.0,0.0,-0.26,0.25,0.18,-0.26,0.56,1.82,9.61,358.37,10.68,3.25,0,0,0,0.0,0.0,0.0
1787615103.081286,08:45:03.081,2438,78.209,27.77,1011.45,14.997,0.0,0.0,0.0,-0.26,0.25,0.18,-0.26,0.56,1.82,9.61,358.37,10.68,3.25,0,0,0,0.0,0.0,0.0
1787615103.081478,08:45:03.081,2439,78.219,27.77,1011.45,14.997,0.0,0.0,0.0,-0.26,0.25,0.18,-0.26,0.56,1.82,9.61,358.37,10.68,3.25,0,0,0,0.0,0.0,0.0
1787615103.081665,08:45:03.081,2440,78.229,27.77,1011.45,14.997,0.0,0.0,0.0,-0.26,0.25,0.18,-0.26,0.56,1.82,9.61,358.37,10.68,3.25,0,0,0,0.0,0.0,0.0
1787615103.081854,08:45:03.081,2441,78.239,27.77,1011.45,14.997,0.0,0.0,0.0,1.43,-0.04,0.23,1.43,0.51,1.82,9.62,358.37,10.75,3.0,0,0,0,0.0,0.0,0.0
1787615103.082044,08:45:03.082,2442,78.249,27.77,1011.45,14.997,0.0,0.0,0.0,1.43,-0.04,0.23,1.43,0.51,1.82,9.62,358.37,10.75,3.0,0,0,0,0.0,0.0,0.0
1787615103.082235,08:45:03.082,2443,78.259,27.77,1011.45,14.997,0.0,0.0,0.0,1.43,-0.04,0.23,1.43,0.51,1.82,9.62,358.37,10.75,3.0,0,0,0,0.0,0.0,0.0
1787615103.082428,08:45:03.082,2444,78.269,27.77,1011.45,14.997,0.0,0.0,0.0,1.43,-0.04,0.23,1.43,0.51,1.82,9.62,358.37,10.75,3.0,0,0,0,0.0,0.0,0.0
1787615103.182961,08:45:03.182,2445,78.279,27.77,1011.45,14.997,0.0,0.0,0.0,1.43,-0.04,0.23,1.43,0.51,1.82,9.62,358.37,10.75,3.0,0,0,0,0.0,0.0,0.0
1787615103.183258,08:45:03.183,2446,78.289,27.77,1011.45,14.997,0.0,0.0,0.0,1.43,-0.04,0.23,1.43,0.51,1.82,9.62,358.37,10.75,3.0,0,0,0,0.0,0.0,0.0
1787615103.183457,08:45:03.183,2447,78.299,27.77,1011.45,14.997,0.0,0.0,0.0,1.43,-0.04,0.23,1.43,0.51,1.82,9.62,358.37,10.75,3.0,0,0,0,0.0,0.0,0.0
1787615103.183648,08:45:03.183,2448,78.309,27.77,1011.45,14.997,0.0,0.0,0.0,1.43,-0.04,0.23,1.43,0.51,1.82,9.62,358.37,10.75,3.0,0,0,0,0.0,0.0,0.0
1787615103.183836,08:45:03.183,2449,78.319,27.77,1011.45,14.997,0.0,0.0,0.0,1.43,-0.04,0.23,1.43,0.51,1.82,9.62,358.37,10.75,3.0,0,0,0,0.0,0.0,0.0
1787615103.184025,08:45:03.184,2450,78.329,27.77,1011.45,14.997,0.0,0.0,0.0,1.43,-0.04,0.23,1.43,0.51,1.82,9.62,358.37,10.75,3.0,0,0,0,0.0,0.0,0.0
1787615103.184216,08:45:03.184,2451,78.339,27.77,1011.45,14.997,0.0,0.0,0.0,-1.42,-0.05,0.23,-1.42,0.54,1.76,9.63,358.43,10.37,3.12,0,0,0,0.0,0.0,0.0
1787615103.184404,08:45:03.184,2452,78.349,27.77,1011.45,14.997,0.0,0.0,0.0,-1.42,-0.05,0.23,-1.42,0.54,1.76,9.63,358.43,10.37,3.12,0,0,0,0.0,0.0,0.0
1787615103.184612,08:45:03.184,2453,78.359,27.77,1011.45,14.997,0.0,0.0,0.0,-1.42,-0.05,0.23,-1.42,0.54,1.76,9.63,358.43,10.37,3.12,0,0,0,0.0,0.0,0.0
1787615103.184812,08:45:03.184,2454,78.369,27.77,1011.45,14.997,0.0,0.0,0.0,-1.42,-0.05,0.23,-1.42,0.54,1.76,9.63,358.43,10.37,3.12,0,0,0,0.0,0.0,0.0
1787615103.184998,08:45:03.184,2455,78.379,27.77,1011.45,14.997,0.0,0.0,0.0,-1.42,-0.05,0.23,-1.42,0.54,1.76,9.63,358.43,10.37,3.12,0,0,0,0.0,0.0,0.0
1787615103.286351,08:45:03.286,2456,78.389,27.77,1011.45,14.997,0.0,0.0,0.0,-1.42,-0.05,0.23,-1.42,0.54,1.76,9.63,358.43,10.37,3.12,0,0,0,0.0,0.0,0.0
1787615103.286649,08:45:03.286,2457,78.399,27.77,1011.45,14.997,0.0,0.0,0.0,-1.42,-0.05,0.23,-1.42,0.54,1.76,9.63,358.43,10.37,3.12,0,0,0,0.0,0.0,0.0
1787615103.286819,08:45:03.286,2458,78.409,27.77,1011.45,14.997,0.0,0.0,0.0,-1.42,-0.05,0.23,-1.42,0.54,1.76,9.63,358.43,10.37,3.12,0,0,0,0.0,0.0,0.0
1787615103.286980,08:45:03.286,2459,78.419,27.77,1011.45,14.997,0.0,0.0,0.0,-1.42,-0.05,0.23,-1.42,0.54,1.76,9.63,358.43,10.37,3.12,0,0,0,0.0,0.0,0.0
1787615103.287135,08:45:03.287,2460,78.429,27.77,1011.45,14.997,0.0,0.0,0.0,-1.42,-0.05,0.23,-1.42,0.54,1.76,9.63,358.43,10.37,3.12,0,0,0,0.0,0.0,0.0
1787615103.287291,08:45:03.287,2461,78.439,27.77,1011.45,14.997,0.0,0.0,0.0,-0.86,0.2,-0.27,-0.86,0.53,1.64,9.65,358.37,9.62,3.06,0,0,0,0.0,0.0,0.0
1787615103.287449,08:45:03.287,2462,78.449,27.77,1011.45,14.997,0.0,0.0,0.0,-0.86,0.2,-0.27,-0.86,0.53,1.64,9.65,358.37,9.62,3.06,0,0,0,0.0,0.0,0.0
1787615103.287603,08:45:03.287,2463,78.459,27.77,1011.45,14.997,0.0,0.0,0.0,-0.86,0.2,-0.27,-0.86,0.53,1.64,9.65,358.37,9.62,3.06,0,0,0,0.0,0.0,0.0
1787615103.287757,08:45:03.287,2464,78.469,27.77,1011.45,14.997,0.0,0.0,0.0,-0.86,0.2,-0.27,-0.86,0.53,1.64,9.65,358.37,9.62,3.06,0,0,0,0.0,0.0,0.0
1787615103.287908,08:45:03.287,2465,78.479,27.77,1011.45,14.997,0.0,0.0,0.0,-0.86,0.2,-0.27,-0.86,0.53,1.64,9.65,358.37,9.62,3.06,0,0,0,0.0,0.0,0.0
1787615103.388664,08:45:03.388,2466,78.489,27.77,1011.45,14.997,0.0,0.0,0.0,-0.86,0.2,-0.27,-0.86,0.53,1.64,9.65,358.37,9.62,3.06,0,0,0,0.0,0.0,0.0
1787615103.388906,08:45:03.388,2467,78.499,27.77,1011.45,14.997,0.0,0.0,0.0,-0.86,0.2,-0.27,-0.86,0.53,1.64,9.65,358.37,9.62,3.06,0,0,0,0.0,0.0,0.0
1787615103.389029,08:45:03.389,2468,78.509,27.77,1011.45,14.997,0.0,0.0,0.0,-0.86,0.2,-0.27,-0.86,0.53,1.64,9.65,358.37,9.62,3.06,0,0,0,0.0,0.0,0.0
1787615103.389148,08:45:03.389,2469,78.519,27.77,1011.45,14.997,0.0,0.0,0.0,-0.86,0.2,-0.27,-0.86,0.53,1.64,9.65,358.37,9.62,3.06,0,0,0,0.0,0.0,0.0
1787615103.389264,08:45:03.389,2470,78.529,27.77,1011.45,14.997,0.0,0.0,0.0,0.03,0.0,0.03,0.03,0.52,1.53,9.67,358.37,9.0,3.06,0,0,0,0.0,0.0,0.0
1787615103.389382,08:45:03.389,2471,78.539,27.77,1011.45,14.997,0.0,0.0,0.0,0.03,0.0,0.03,0.03,0.52,1.53,9.67,358.37,9.0,3.06,0,0,0,0.0,0.0,0.0
1787615103.389497,08:45:03.389,2472,78.549,27.77,1011.45,14.997,0.0,0.0,0.0,0.03,0.0,0.03,0.03,0.52,1.53,9.67,358.37,9.0,3.06,0,0,0,0.0,0.0,0.0
1787615103.389611,08:45:03.389,2473,78.559,27.77,1011.45,14.997,0.0,0.0,0.0,0.03,0.0,0.03,0.03,0.52,1.53,9.67,358.37,9.0,3.06,0,0,0,0.0,0.0,0.0
1787615103.389724,08:45:03.389,2474,78.569,27.77,1011.43,15.164,0.0,0.0,0.0,0.03,0.0,0.03,0.03,0.52,1.53,9.67,358.37,9.0,3.06,0,0,0,0.0,0.0,0.0
1787615103.389840,08:45:03.389,2475,78.579,27.77,1011.43,15.164,0.0,0.0,0.0,0.03,0.0,0.03,0.03,0.52,1.53,9.67,358.37,9.0,3.06,0,0,0,0.0,0.0,0.0
1787615103.490070,08:45:03.490,2476,78.589,27.77,1011.43,15.164,0.0,0.0,0.0,0.03,0.0,0.03,0.03,0.52,1.53,9.67,358.37,9.0,3.06,0,0,0,0.0,0.0,0.0
1787615103.490483,08:45:03.490,2477,78.599,27.77,1011.43,15.164,0.0,0.0,0.0,0.03,0.0,0.03,0.03,0.52,1.53,9.67,358.37,9.0,3.06,0,0,0,0.0,0.0,0.0
1787615103.490631,08:45:03.490,2478,78.609,27.77,1011.43,15.164,0.0,0.0,0.0,0.03,0.0,0.03,0.03,0.52,1.53,9.67,358.37,9.0,3.06,0,0,0,0.0,0.0,0.0
1787615103.490775,08:45:03.490,2479,78.619,27.77,1011.43,15.164,0.0,0.0,0.0,0.03,0.0,0.03,0.03,0.52,1.53,9.67,358.37,9.0,3.06,0,0,0,0.0,0.0,0.0
1787615103.490917,08:45:03.490,2480,78.629,27.77,1011.43,15.164,0.0,0.0,0.0,0.25,-0.36,-0.14,0.25,0.53,1.43,9.68,358.31,8.37,3.12,0,0,0,0.0,0.0,0.0
1787615103.491061,08:45:03.491,2481,78.639,27.77,1011.43,15.164,0.0,0.0,0.0,0.25,-0.36,-0.14,0.25,0.53,1.43,9.68,358.31,8.37,3.12,0,0,0,0.0,0.0,0.0
1787615103.491201,08:45:03.491,2482,78.649,27.77,1011.43,15.164,0.0,0.0,0.0,0.25,-0.36,-0.14,0.25,0.53,1.43,9.68,358.31,8.37,3.12,0,0,0,0.0,0.0,0.0
1787615103.491345,08:45:03.491,2483,78.659,27.77,1011.43,15.164,0.0,0.0,0.0,0.25,-0.36,-0.14,0.25,0.53,1.43,9.68,358.31,8.37,3.12,0,0,0,0.0,0.0,0.0
1787615103.491533,08:45:03.491,2484,78.669,27.77,1011.43,15.164,0.0,0.0,0.0,0.25,-0.36,-0.14,0.25,0.53,1.43,9.68,358.31,8.37,3.12,0,0,0,0.0,0.0,0.0
1787615103.491672,08:45:03.491,2485,78.679,27.77,1011.43,15.164,0.0,0.0,0.0,0.25,-0.36,-0.14,0.25,0.53,1.43,9.68,358.31,8.37,3.12,0,0,0,0.0,0.0,0.0
1787615103.491809,08:45:03.491,2486,78.689,27.77,1011.43,15.164,0.0,0.0,0.0,0.25,-0.36,-0.14,0.25,0.53,1.43,9.68,358.31,8.37,3.12,0,0,0,0.0,0.0,0.0
1787615103.592684,08:45:03.592,2487,78.699,27.77,1011.43,15.164,0.0,0.0,0.0,0.25,-0.36,-0.14,0.25,0.53,1.43,9.68,358.31,8.37,3.12,0,0,0,0.0,0.0,0.0
1787615103.592950,08:45:03.592,2488,78.709,27.77,1011.43,15.164,0.0,0.0,0.0,0.25,-0.36,-0.14,0.25,0.53,1.43,9.68,358.31,8.37,3.12,0,0,0,0.0,0.0,0.0
1787615103.593087,08:45:03.593,2489,78.719,27.77,1011.43,15.164,0.0,0.0,0.0,0.25,-0.36,-0.14,0.25,0.53,1.43,9.68,358.31,8.37,3.12,0,0,0,0.0,0.0,0.0
1787615103.593218,08:45:03.593,2490,78.729,27.77,1011.43,15.164,0.0,0.0,0.0,-0.19,0.0,0.13,-0.19,0.53,1.38,9.69,358.37,8.12,3.06,0,0,0,0.0,0.0,0.0
1787615103.593348,08:45:03.593,2491,78.739,27.77,1011.43,15.164,0.0,0.0,0.0,-0.19,0.0,0.13,-0.19,0.53,1.38,9.69,358.37,8.12,3.06,0,0,0,0.0,0.0,0.0
1787615103.593476,08:45:03.593,2492,78.749,27.77,1011.43,15.164,0.0,0.0,0.0,-0.19,0.0,0.13,-0.19,0.53,1.38,9.69,358.37,8.12,3.06,0,0,0,0.0,0.0,0.0
1787615103.593604,08:45:03.593,2493,78.759,27.77,1011.43,15.164,0.0,0.0,0.0,-0.19,0.0,0.13,-0.19,0.53,1.38,9.69,358.37,8.12,3.06,0,0,0,0.0,0.0,0.0
1787615103.593731,08:45:03.593,2494,78.769,27.78,1011.44,15.079,0.0,0.0,0.0,-0.19,0.0,0.13,-0.19,0.53,1.38,9.69,358.37,8.12,3.06,0,0,0,0.0,0.0,0.0
1787615103.593861,08:45:03.593,2495,78.779,27.78,1011.44,15.079,0.0,0.0,0.0,-0.19,0.0,0.13,-0.19,0.53,1.38,9.69,358.37,8.12,3.06,0,0,0,0.0,0.0,0.0
1787615103.695138,08:45:03.695,2496,78.789,27.78,1011.44,15.079,0.0,0.0,0.0,-0.19,0.0,0.13,-0.19,0.53,1.38,9.69,358.37,8.12,3.06,0,0,0,0.0,0.0,0.0
1787615103.695452,08:45:03.695,2497,78.799,27.78,1011.44,15.079,0.0,0.0,0.0,-0.19,0.0,0.13,-0.19,0.53,1.38,9.69,358.37,8.12,3.06,0,0,0,0.0,0.0,0.0
1787615103.695630,08:45:03.695,2498,78.809,27.78,1011.44,15.079,0.0,0.0,0.0,-0.19,0.0,0.13,-0.19,0.53,1.38,9.69,358.37,8.12,3.06,0,0,0,0.0,0.0,0.0
1787615103.695801,08:45:03.695,2499,78.819,27.78,1011.44,15.079,0.0,0.0,0.0,-0.19,0.0,0.13,-0.19,0.53,1.38,9.69,358.37,8.12,3.06,0,0,0,0.0,0.0,0.0
1787615103.695974,08:45:03.695,2500,78.829,27.78,1011.44,15.079,0.0,0.0,0.0,-0.21,0.0,-0.03,-0.21,0.53,1.36,9.69,358.37,8.0,3.12,0,0,0,0.0,0.0,0.0
1787615103.696148,08:45:03.696,2501,78.839,27.78,1011.44,15.079,0.0,0.0,0.0,-0.21,0.0,-0.03,-0.21,0.53,1.36,9.69,358.37,8.0,3.12,0,0,0,0.0,0.0,0.0
1787615103.696316,08:45:03.696,2502,78.849,27.78,1011.44,15.079,0.0,0.0,0.0,-0.21,0.0,-0.03,-0.21,0.53,1.36,9.69,358.37,8.0,3.12,0,0,0,0.0,0.0,0.0
1787615103.696488,08:45:03.696,2503,78.859,27.78,1011.44,15.079,0.0,0.0,0.0,-0.21,0.0,-0.03,-0.21,0.53,1.36,9.69,358.37,8.0,3.12,0,0,0,0.0,0.0,0.0
1787615103.696655,08:45:03.696,2504,78.869,27.78,1011.44,15.079,0.0,0.0,0.0,-0.21,0.0,-0.03,-0.21,0.53,1.36,9.69,358.37,8.0,3.12,0,0,0,0.0,0.0,0.0
1787615103.696827,08:45:03.696,2505,78.879,27.78,1011.44,15.079,0.0,0.0,0.0,-0.21,0.0,-0.03,-0.21,0.53,1.36,9.69,358.37,8.0,3.12,0,0,0,0.0,0.0,0.0
1787615103.696993,08:45:03.696,2506,78.889,27.78,1011.44,15.079,0.0,0.0,0.0,-0.21,0.0,-0.03,-0.21,0.53,1.36,9.69,358.37,8.0,3.12,0,0,0,0.0,0.0,0.0
1787615103.798333,08:45:03.798,2507,78.899,27.78,1011.44,15.079,0.0,0.0,0.0,-0.21,0.0,-0.03,-0.21,0.53,1.36,9.69,358.37,8.0,3.12,0,0,0,0.0,0.0,0.0
1787615103.798700,08:45:03.798,2508,78.909,27.78,1011.44,15.079,0.0,0.0,0.0,-0.21,0.0,-0.03,-0.21,0.53,1.36,9.69,358.37,8.0,3.12,0,0,0,0.0,0.0,0.0
1787615103.798911,08:45:03.798,2509,78.919,27.78,1011.44,15.079,0.0,0.0,0.0,-0.21,0.0,-0.03,-0.21,0.53,1.36,9.69,358.37,8.0,3.12,0,0,0,0.0,0.0,0.0
1787615103.799111,08:45:03.799,2510,78.929,27.78,1011.44,15.079,0.0,0.0,0.0,-0.08,-0.02,0.04,-0.08,0.53,1.39,9.69,358.37,8.18,3.12,0,0,0,0.0,0.0,0.0
1787615103.799312,08:45:03.799,2511,78.939,27.78,1011.44,15.079,0.0,0.0,0.0,-0.08,-0.02,0.04,-0.08,0.53,1.39,9.69,358.37,8.18,3.12,0,0,0,0.0,0.0,0.0
1787615103.799506,08:45:03.799,2512,78.949,27.78,1011.44,15.079,0.0,0.0,0.0,-0.08,-0.02,0.04,-0.08,0.53,1.39,9.69,358.37,8.18,3.12,0,0,0,0.0,0.0,0.0
1787615103.799698,08:45:03.799,2513,78.959,27.78,1011.44,15.079,0.0,0.0,0.0,-0.08,-0.02,0.04,-0.08,0.53,1.39,9.69,358.37,8.18,3.12,0,0,0,0.0,0.0,0.0
1787615103.799889,08:45:03.799,2514,78.969,27.77,1011.42,15.245,0.0,0.0,0.0,-0.08,-0.02,0.04,-0.08,0.53,1.39,9.69,358.37,8.18,3.12,0,0,0,0.0,0.0,0.0
1787615103.800083,08:45:03.800,2515,78.979,27.77,1011.42,15.245,0.0,0.0,0.0,-0.08,-0.02,0.04,-0.08,0.53,1.39,9.69,358.37,8.18,3.12,0,0,0,0.0,0.0,0.0
1787615103.900975,08:45:03.900,2516,78.989,27.77,1011.42,15.245,0.0,0.0,0.0,-0.08,-0.02,0.04,-0.08,0.53,1.39,9.69,358.37,8.18,3.12,0,0,0,0.0,0.0,0.0
1787615103.901541,08:45:03.901,2517,78.999,27.77,1011.42,15.245,0.0,0.0,0.0,-0.08,-0.02,0.04,-0.08,0.53,1.39,9.69,358.37,8.18,3.12,0,0,0,0.0,0.0,0.0
1787615103.901724,08:45:03.901,2518,79.009,27.77,1011.42,15.245,0.0,0.0,0.0,-0.08,-0.02,0.04,-0.08,0.53,1.39,9.69,358.37,8.18,3.12,0,0,0,0.0,0.0,0.0
1787615103.901869,08:45:03.901,2519,79.019,27.77,1011.42,15.245,0.0,0.0,0.0,-0.08,-0.02,0.04,-0.08,0.53,1.39,9.69,358.37,8.18,3.12,0,0,0,0.0,0.0,0.0
1787615103.902010,08:45:03.902,2520,79.029,27.77,1011.42,15.245,0.0,0.0,0.0,-0.08,0.02,0.08,-0.08,0.53,1.46,9.68,358.37,8.56,3.12,0,0,0,0.0,0.0,0.0
1787615103.902147,08:45:03.902,2521,79.039,27.77,1011.42,15.245,0.0,0.0,0.0,-0.08,0.02,0.08,-0.08,0.53,1.46,9.68,358.37,8.56,3.12,0,0,0,0.0,0.0,0.0
1787615103.902284,08:45:03.902,2522,79.049,27.77,1011.42,15.245,0.0,0.0,0.0,-0.08,0.02,0.08,-0.08,0.53,1.46,9.68,358.37,8.56,3.12,0,0,0,0.0,0.0,0.0
1787615103.902422,08:45:03.902,2523,79.059,27.77,1011.42,15.245,0.0,0.0,0.0,-0.08,0.02,0.08,-0.08,0.53,1.46,9.68,358.37,8.56,3.12,0,0,0,0.0,0.0,0.0
1787615103.902559,08:45:03.902,2524,79.069,27.77,1011.42,15.245,0.0,0.0,0.0,-0.08,0.02,0.08,-0.08,0.53,1.46,9.68,358.37,8.56,3.12,0,0,0,0.0,0.0,0.0
1787615103.902698,08:45:03.902,2525,79.079,27.77,1011.42,15.245,0.0,0.0,0.0,-0.08,0.02,0.08,-0.08,0.53,1.46,9.68,358.37,8.56,3.12,0,0,0,0.0,0.0,0.0
1787615103.902833,08:45:03.902,2526,79.089,27.77,1011.42,15.245,0.0,0.0,0.0,-0.08,0.02,0.08,-0.08,0.53,1.46,9.68,358.37,8.56,3.12,0,0,0,0.0,0.0,0.0
1787615103.902969,08:45:03.902,2527,79.099,27.77,1011.42,15.245,0.0,0.0,0.0,-0.08,0.02,0.08,-0.08,0.53,1.46,9.68,358.37,8.56,3.12,0,0,0,0.0,0.0,0.0
