host_unix,host_time,seq,up_ms,temp_c,press_hpa,alt_baro_m,alt_fused_m,vel_m_s,speed_m_s,az_m_s2,lax_m_s2,lay_m_s2,laz_m_s2,gx_m_s2,gy_m_s2,gz_m_s2,heading,roll,pitch,calib,vstate,elev,servo_deg,rudder_deg,throttle
1787615764.284416,08:56:04.284,361,40.25,27.71,1011.4,15.412,0.0,0.0,0.0,-1.32,1.74,1.67,-1.32,1.36,-0.57,9.69,358.75,-3.37,8.0,0,0,0,0.0,0.0,0.0
1787615764.385755,08:56:04.385,362,40.35,27.71,1011.4,15.412,0.0,0.0,0.0,-0.83,-1.68,-0.31,-0.83,1.36,-0.63,9.68,358.75,-3.68,8.0,0,0,0,0.0,0.0,0.0
1787615764.487353,08:56:04.487,363,40.45,27.71,1011.42,15.245,0.0,0.0,0.0,0.47,-4.82,1.5,0.47,1.37,-0.63,9.68,358.68,-3.75,8.06,0,0,0,0.0,0.0,0.0
1787615764.588777,08:56:04.588,364,40.55,27.71,1011.42,15.245,0.0,0.0,0.0,-0.2,0.27,0.52,-0.2,1.37,-0.61,9.69,358.68,-3.56,8.06,0,0,0,0.0,0.0,0.0
1787615764.690085,08:56:04.690,365,40.65,27.69,1011.36,15.747,0.0,0.0,0.0,0.1,-2.16,-1.28,0.1,1.37,-0.48,9.69,358.68,-2.81,8.0,0,0,0,0.0,0.0,0.0
1787615764.791397,08:56:04.791,366,40.75,27.69,1011.36,15.747,0.0,0.0,0.0,0.38,-0.7,0.59,0.38,1.37,-0.42,9.7,358.75,-2.5,8.0,0,0,0,0.0,0.0,0.0
1787615764.892388,08:56:04.892,367,40.85,27.7,1011.4,15.412,0.0,0.0,0.0,0.15,0.84,1.67,0.15,1.39,-0.45,9.69,358.75,-2.62,8.12,0,0,0,0.0,0.0,0.0
1787615764.993728,08:56:04.993,368,40.95,27.7,1011.4,15.412,0.0,0.0,0.0,3.39,3.3,2.95,3.39,1.37,-0.85,9.67,358.93,-4.62,8.0,0,0,0,0.0,0.0,0.0
1787615765.095173,08:56:05.095,369,41.05,27.69,1011.35,15.829,0.0,0.0,0.0,-1.35,2.58,3.0,-1.35,1.31,-1.23,9.63,358.62,-7.18,7.75,0,0,0,0.0,0.0,0.0
1787615765.196454,08:56:05.196,370,41.15,27.69,1011.35,15.829,0.0,0.0,0.0,-2.51,-4.33,0.83,-2.51,1.33,-1.1,9.65,359.18,-6.68,7.75,0,0,0,0.0,0.0,0.0
1787615765.297080,08:56:05.297,371,41.25,27.66,1011.32,16.08,0.0,0.0,0.0,-1.86,0.38,0.32,-1.86,1.34,-0.82,9.67,0.56,-4.93,7.87,0,0,0,0.0,0.0,0.0
1787615765.397633,08:56:05.397,372,41.35,27.66,1011.32,16.08,0.0,0.0,0.0,0.21,-1.56,-0.15,0.21,1.34,-0.6,9.69,2.5,-3.68,7.87,0,0,0,0.0,0.0,0.0
1787615765.499070,08:56:05.499,373,41.45,27.71,1011.41,15.33,0.0,0.0,0.0,0.4,-1.01,0.58,0.4,1.36,-0.37,9.7,4.43,-2.37,7.93,0,0,0,0.0,0.0,0.0
1787615765.599933,08:56:05.599,374,41.55,27.71,1011.41,15.33,0.0,0.0,0.0,-2.26,0.54,-0.5,-2.26,1.39,-0.12,9.7,6.37,-0.87,8.12,0,0,0,0.0,0.0,0.0
1787615765.700635,08:56:05.700,375,41.65,27.69,1011.4,15.412,0.0,0.0,0.0,-0.79,-0.43,-0.31,-0.79,1.42,0.06,9.7,8.06,0.37,8.37,0,0,0,0.0,0.0,0.0
1787615765.801920,08:56:05.801,376,41.75,27.69,1011.4,15.412,0.0,0.0,0.0,0.95,-1.12,-1.02,0.95,1.43,0.16,9.7,8.75,0.93,8.37,0,0,0,0.0,0.0,0.0
1787615765.902444,08:56:05.902,377,41.85,27.68,1011.37,15.663,0.0,0.0,0.0,0.62,-2.19,-0.6,0.62,1.43,0.13,9.7,8.56,0.75,8.37,0,0,0,0.0,0.0,0.0
1787615766.003544,08:56:06.003,378,41.95,27.68,1011.37,15.663,0.0,0.0,0.0,0.09,-1.65,-1.08,0.09,1.43,-0.03,9.7,8.0,-0.18,8.37,0,0,0,0.0,0.0,0.0
1787615766.104623,08:56:06.104,379,42.05,27.67,1011.38,15.581,0.0,0.0,0.0,-0.72,-2.78,-0.41,-0.72,1.43,-0.26,9.69,7.56,-1.5,8.37,0,0,0,0.0,0.0,0.0
1787615766.205557,08:56:06.205,380,42.15,27.67,1011.38,15.581,0.0,0.0,0.0,-0.73,-2.63,-0.98,-0.73,1.42,-0.51,9.68,7.12,-3.0,8.31,0,0,0,0.0,0.0,0.0
1787615766.306862,08:56:06.306,381,42.25,27.67,1011.37,15.663,0.0,0.0,0.0,-0.07,-2.55,-0.31,-0.07,1.28,-0.6,9.7,6.87,-3.5,7.5,0,0,0,0.0,0.0,0.0
1787615766.408175,08:56:06.408,382,42.35,27.67,1011.37,15.663,0.0,0.0,0.0,0.31,-1.64,0.17,0.31,1.22,-0.46,9.71,6.81,-2.75,7.12,0,0,0,0.0,0.0,0.0
1787615766.511616,08:56:06.511,383,42.45,27.67,1011.36,15.747,0.0,0.0,0.0,0.11,-2.14,-0.14,0.11,1.11,-0.32,9.73,6.87,-1.87,6.5,0,0,0,0.0,0.0,0.0
1787615766.616959,08:56:06.616,384,42.55,27.67,1011.36,15.747,0.0,0.0,0.0,-0.48,0.11,0.21,-0.48,1.06,-0.28,9.74,6.93,-1.62,6.18,0,0,0,0.0,0.0,0.0
1787615766.717627,08:56:06.717,385,42.65,27.67,1011.38,15.581,0.0,0.0,0.0,-0.24,0.16,-0.17,-0.24,1.07,-0.36,9.74,6.93,-2.06,6.25,0,0,0,0.0,0.0,0.0
1787615766.818949,08:56:06.818,386,42.75,27.67,1011.38,15.581,0.0,0.0,0.0,-0.22,0.09,0.0,-0.22,1.09,-0.42,9.73,6.93,-2.43,6.37,0,0,0,0.0,0.0,0.0
1787615766.919735,08:56:06.919,387,42.85,27.66,1011.38,15.581,0.0,0.0,0.0,-0.06,0.24,-0.16,-0.06,1.11,-0.4,9.73,6.93,-2.37,6.5,0,0,0,0.0,0.0,0.0
1787615767.021083,08:56:07.021,388,42.95,27.66,1011.38,15.581,0.0,0.0,0.0,-0.57,0.24,0.07,-0.57,1.12,-0.37,9.73,6.93,-2.18,6.5,0,0,0,0.0,0.0,0.0
1787615767.122408,08:56:07.122,389,43.05,27.66,1011.38,15.581,0.0,0.0,0.0,0.0,0.17,0.13,0.0,1.14,-0.34,9.73,6.93,-2.0,6.62,0,0,0,0.0,0.0,0.0
1787615767.223820,08:56:07.223,390,43.15,27.66,1011.38,15.581,0.0,0.0,0.0,-0.48,0.2,0.11,-0.48,1.14,-0.35,9.73,6.93,-2.0,6.68,0,0,0,0.0,0.0,0.0
1787615767.324845,08:56:07.324,391,43.25,27.67,1011.37,15.663,0.0,0.0,0.0,-0.36,0.18,0.0,-0.36,1.15,-0.35,9.73,6.93,-2.06,6.75,0,0,0,0.0,0.0,0.0
1787615767.426136,08:56:07.426,392,43.35,27.67,1011.37,15.663,0.0,0.0,0.0,-0.12,0.15,0.02,-0.12,1.16,-0.34,9.73,6.93,-2.0,6.75,0,0,0,0.0,0.0,0.0
1787615767.526981,08:56:07.526,393,43.45,27.67,1011.36,15.747,0.0,0.0,0.0,-0.21,0.19,0.01,-0.21,1.16,-0.34,9.73,6.93,-2.0,6.81,0,0,0,0.0,0.0,0.0
1787615767.628187,08:56:07.628,394,43.55,27.67,1011.36,15.747,0.0,0.0,0.0,-0.32,0.1,0.15,-0.32,1.18,-0.34,9.72,6.93,-2.0,6.87,0,0,0,0.0,0.0,0.0
1787615767.729475,08:56:07.729,395,43.65,27.66,1011.39,15.496,0.0,0.0,0.0,-0.3,0.15,0.18,-0.3,1.19,-0.34,9.72,6.93,-2.0,6.93,0,0,0,0.0,0.0,0.0
1787615767.830559,08:56:07.830,396,43.75,27.66,1011.39,15.496,0.0,0.0,0.0,-0.29,0.08,0.11,-0.29,1.2,-0.33,9.72,6.93,-1.93,7.0,0,0,0,0.0,0.0,0.0
1787615767.931892,08:56:07.931,397,43.85,27.66,1011.38,15.581,0.0,0.0,0.0,-0.34,0.23,0.15,-0.34,1.21,-0.33,9.72,6.93,-1.93,7.06,0,0,0,0.0,0.0,0.0
1787615768.033228,08:56:08.033,398,43.95,27.66,1011.38,15.581,0.0,0.0,0.0,-0.3,0.14,0.13,-0.3,1.22,-0.33,9.72,6.93,-1.93,7.12,0,0,0,0.0,0.0,0.0
1787615768.134110,08:56:08.134,399,44.05,27.67,1011.37,15.663,0.0,0.0,0.0,-0.3,0.14,0.1,-0.3,1.22,-0.33,9.72,6.93,-1.93,7.12,0,0,0,0.0,0.0,0.0
1787615768.235427,08:56:08.235,400,44.15,27.67,1011.37,15.663,0.0,0.0,0.0,-0.18,0.05,0.0,-0.18,1.23,-0.32,9.72,6.93,-1.87,7.18,0,0,0,0.0,0.0,0.0
1787615768.336029,08:56:08.336,401,44.25,27.67,1011.36,15.747,0.0,0.0,0.0,-0.31,0.09,0.06,-0.31,1.23,-0.32,9.72,6.93,-1.87,7.18,0,0,0,0.0,0.0,0.0
1787615768.437209,08:56:08.437,402,44.35,27.67,1011.36,15.747,0.0,0.0,0.0,-0.19,0.04,0.06,-0.19,1.24,-0.32,9.72,6.93,-1.87,7.25,0,0,0,0.0,0.0,0.0
1787615768.537848,08:56:08.537,403,44.45,27.67,1011.39,15.496,0.0,0.0,0.0,-0.27,0.05,0.03,-0.27,1.24,-0.32,9.72,6.93,-1.87,7.25,0,0,0,0.0,0.0,0.0
1787615768.639352,08:56:08.639,404,44.55,27.67,1011.39,15.496,0.0,0.0,0.0,-0.25,0.11,0.14,-0.25,1.25,-0.32,9.72,6.93,-1.87,7.31,0,0,0,0.0,0.0,0.0
1787615768.740421,08:56:08.740,405,44.65,27.65,1011.36,15.747,0.0,0.0,0.0,-0.24,0.1,0.02,-0.24,1.25,-0.32,9.72,6.93,-1.87,7.31,0,0,0,0.0,0.0,0.0
1787615768.841745,08:56:08.841,406,44.75,27.65,1011.36,15.747,0.0,0.0,0.0,-0.36,0.04,-0.14,-0.36,1.26,-0.32,9.71,6.93,-1.87,7.37,0,0,0,0.0,0.0,0.0
1787615768.943208,08:56:08.943,407,44.85,27.66,1011.38,15.581,0.0,0.0,0.0,-0.19,-0.08,0.12,-0.19,1.26,-0.32,9.71,6.93,-1.87,7.37,0,0,0,0.0,0.0,0.0
1787615769.044690,08:56:09.044,408,44.95,27.66,1011.38,15.581,0.0,0.0,0.0,-0.34,-0.03,0.05,-0.34,1.27,-0.32,9.71,6.93,-1.87,7.43,0,0,0,0.0,0.0,0.0
1787615769.145825,08:56:09.145,409,45.05,27.6,1011.27,16.498,0.0,0.0,0.0,-0.22,0.14,0.08,-0.22,1.27,-0.32,9.71,6.93,-1.87,7.43,0,0,0,0.0,0.0,0.0
1787615769.247285,08:56:09.247,410,45.15,27.6,1011.27,16.498,0.0,0.0,0.0,-0.23,0.03,0.08,-0.23,1.27,-0.31,9.71,6.93,-1.87,7.43,0,0,0,0.0,0.0,0.0
1787615769.349169,08:56:09.349,411,45.25,27.66,1011.35,15.829,0.0,0.0,0.0,-0.34,0.04,0.04,-0.34,1.28,-0.31,9.71,6.93,-1.87,7.43,0,0,0,0.0,0.0,0.0
1787615769.451289,08:56:09.451,412,45.35,27.66,1011.35,15.829,0.0,0.0,0.0,-0.22,0.01,0.06,-0.22,1.28,-0.31,9.71,6.93,-1.87,7.5,0,0,0,0.0,0.0,0.0
1787615769.554657,08:56:09.554,413,45.45,27.66,1011.36,15.747,0.0,0.0,0.0,-0.21,0.02,0.27,-0.21,1.28,-0.31,9.71,6.93,-1.87,7.5,0,0,0,0.0,0.0,0.0
1787615769.657529,08:56:09.657,414,45.55,27.66,1011.36,15.747,0.0,0.0,0.0,-0.31,0.03,0.14,-0.31,1.28,-0.31,9.71,6.93,-1.87,7.5,0,0,0,0.0,0.0,0.0
1787615769.659335,08:56:09.659,415,45.65,27.67,1011.37,15.663,0.0,0.0,0.0,-0.3,0.05,0.08,-0.3,1.29,-0.31,9.71,6.93,-1.81,7.5,0,0,0,0.0,0.0,0.0
1787615769.862472,08:56:09.862,416,45.75,27.67,1011.37,15.663,0.0,0.0,0.0,-0.24,0.03,0.03,-0.24,1.29,-0.31,9.71,6.93,-1.81,7.56,0,0,0,0.0,0.0,0.0
1787615769.964685,08:56:09.964,417,45.85,27.66,1011.37,15.663,0.0,0.0,0.0,-0.26,0.03,0.05,-0.26,1.29,-0.31,9.71,6.93,-1.81,7.56,0,0,0,0.0,0.0,0.0
1787615769.966080,08:56:09.966,418,45.95,27.66,1011.37,15.663,0.0,0.0,0.0,-0.28,0.03,0.02,-0.28,1.29,-0.31,9.71,6.93,-1.81,7.56,0,0,0,0.0,0.0,0.0
1787615770.068119,08:56:10.068,419,46.05,27.66,1011.37,15.663,0.0,0.0,0.0,-0.25,0.03,0.02,-0.25,1.29,-0.31,9.71,6.93,-1.81,7.56,0,0,0,0.0,0.0,0.0
1787615770.170749,08:56:10.170,420,46.15,27.66,1011.37,15.663,0.0,0.0,0.0,-0.28,0.04,0.03,-0.28,1.29,-0.31,9.71,6.93,-1.81,7.56,0,0,0,0.0,0.0,0.0
1787615770.273397,08:56:10.273,421,46.25,27.67,1011.38,15.581,0.0,0.0,0.0,-0.25,0.03,0.06,-0.25,1.29,-0.31,9.71,6.93,-1.81,7.56,0,0,0,0.0,0.0,0.0
1787615770.376317,08:56:10.376,422,46.35,27.67,1011.38,15.581,0.0,0.0,0.0,-0.27,0.05,0.02,-0.27,1.29,-0.31,9.71,6.93,-1.81,7.56,0,0,0,0.0,0.0,0.0
1787615770.481554,08:56:10.481,423,46.45,27.67,1011.38,15.581,0.0,0.0,0.0,-0.26,0.04,0.03,-0.26,1.29,-0.31,9.71,6.93,-1.81,7.56,0,0,0,0.0,0.0,0.0
1787615770.588907,08:56:10.588,424,46.55,27.67,1011.38,15.581,0.0,0.0,0.0,-0.25,0.01,0.02,-0.25,1.29,-0.31,9.71,6.93,-1.81,7.56,0,0,0,0.0,0.0,0.0
1787615770.689474,08:56:10.689,425,46.65,27.67,1011.38,15.581,0.0,0.0,0.0,-0.26,0.03,0.02,-0.26,1.29,-0.31,9.71,6.93,-1.81,7.56,0,0,0,0.0,0.0,0.0
1787615770.790578,08:56:10.790,426,46.75,27.67,1011.38,15.581,0.0,0.0,0.0,-0.3,0.02,0.01,-0.3,1.29,-0.31,9.71,6.93,-1.81,7.56,0,0,0,0.0,0.0,0.0
1787615770.892379,08:56:10.892,427,46.85,27.67,1011.37,15.663,0.0,0.0,0.0,-0.24,0.04,0.03,-0.24,1.29,-0.31,9.71,6.93,-1.81,7.56,0,0,0,0.0,0.0,0.0
1787615770.993403,08:56:10.993,428,46.95,27.67,1011.37,15.663,0.0,0.0,0.0,-0.3,0.01,0.0,-0.3,1.29,-0.31,9.71,6.93,-1.81,7.56,0,0,0,0.0,0.0,0.0
1787615771.094821,08:56:11.094,429,47.05,27.66,1011.36,15.747,0.0,0.0,0.0,-0.27,0.03,0.0,-0.27,1.29,-0.31,9.71,6.93,-1.81,7.56,0,0,0,0.0,0.0,0.0
1787615771.195810,08:56:11.195,430,47.15,27.66,1011.36,15.747,0.0,0.0,0.0,-0.25,0.02,0.01,-0.25,1.29,-0.31,9.71,6.93,-1.81,7.56,0,0,0,0.0,0.0,0.0
1787615771.321250,08:56:11.321,431,47.25,27.67,1011.37,15.663,0.0,0.0,0.0,-0.27,0.03,0.02,-0.27,1.29,-0.31,9.71,6.93,-1.81,7.56,0,0,0,0.0,0.0,0.0
1787615771.422550,08:56:11.422,432,47.35,27.67,1011.37,15.663,0.0,0.0,0.0,-0.23,0.03,0.02,-0.23,1.29,-0.31,9.71,6.93,-1.81,7.56,0,0,0,0.0,0.0,0.0
1787615771.524010,08:56:11.524,433,47.45,27.67,1011.39,15.496,0.0,0.0,0.0,-0.28,0.0,0.03,-0.28,1.29,-0.31,9.71,6.93,-1.81,7.56,0,0,0,0.0,0.0,0.0
1787615771.625257,08:56:11.625,434,47.55,27.67,1011.39,15.496,0.0,0.0,0.0,-0.28,0.05,0.02,-0.28,1.29,-0.31,9.71,6.93,-1.81,7.56,0,0,0,0.0,0.0,0.0
1787615771.725774,08:56:11.725,435,47.65,27.66,1011.38,15.581,0.0,0.0,0.0,-0.28,0.04,0.04,-0.28,1.29,-0.31,9.71,6.93,-1.81,7.56,0,0,0,0.0,0.0,0.0
1787615771.826871,08:56:11.826,436,47.75,27.66,1011.38,15.581,0.0,0.0,0.0,-0.29,0.02,0.0,-0.29,1.29,-0.31,9.71,6.93,-1.81,7.56,0,0,0,0.0,0.0,0.0
1787615771.927946,08:56:11.927,437,47.85,27.66,1011.37,15.663,0.0,0.0,0.0,-0.27,0.03,0.02,-0.27,1.29,-0.31,9.71,6.93,-1.81,7.56,0,0,0,0.0,0.0,0.0
1787615772.029464,08:56:12.029,438,47.95,27.66,1011.37,15.663,0.0,0.0,0.0,-0.26,0.03,0.05,-0.26,1.29,-0.31,9.71,6.93,-1.81,7.56,0,0,0,0.0,0.0,0.0
1787615772.130771,08:56:12.130,439,48.05,27.67,1011.36,15.747,0.0,0.0,0.0,-0.28,0.01,0.04,-0.28,1.29,-0.31,9.71,6.93,-1.81,7.56,0,0,0,0.0,0.0,0.0
1787615772.232297,08:56:12.232,440,48.15,27.67,1011.36,15.747,0.0,0.0,0.0,-0.27,0.01,0.03,-0.27,1.29,-0.31,9.71,6.93,-1.81,7.56,0,0,0,0.0,0.0,0.0
1787615772.339534,08:56:12.339,441,48.25,27.67,1011.37,15.663,0.0,0.0,0.0,-0.26,0.01,0.04,-0.26,1.29,-0.31,9.71,6.93,-1.81,7.56,0,0,0,0.0,0.0,0.0
1787615772.445129,08:56:12.445,442,48.35,27.67,1011.37,15.663,0.0,0.0,0.0,-0.26,0.03,0.02,-0.26,1.29,-0.31,9.71,6.93,-1.81,7.56,0,0,0,0.0,0.0,0.0
1787615772.445476,08:56:12.445,443,48.36,27.67,1011.37,15.663,0.0,0.0,0.0,-0.26,0.03,0.02,-0.26,1.29,-0.31,9.71,6.93,-1.81,7.56,0,0,0,0.0,0.0,0.0
1787615772.445695,08:56:12.445,444,48.37,27.67,1011.35,15.829,0.0,0.0,0.0,-0.26,0.03,0.02,-0.26,1.29,-0.31,9.71,6.93,-1.81,7.56,0,0,0,0.0,0.0,0.0
1787615772.445900,08:56:12.445,445,48.38,27.67,1011.35,15.829,0.0,0.0,0.0,-0.26,0.03,0.02,-0.26,1.29,-0.31,9.71,6.93,-1.81,7.56,0,0,0,0.0,0.0,0.0
1787615772.446214,08:56:12.446,446,48.39,27.67,1011.35,15.829,0.0,0.0,0.0,-0.26,0.03,0.02,-0.26,1.29,-0.31,9.71,6.93,-1.81,7.56,0,0,0,0.0,0.0,0.0
1787615772.446442,08:56:12.446,447,48.4,27.67,1011.35,15.829,0.0,0.0,0.0,-0.26,0.03,0.02,-0.26,1.29,-0.31,9.71,6.93,-1.81,7.56,0,0,0,0.0,0.0,0.0
1787615772.446637,08:56:12.446,448,48.41,27.67,1011.35,15.829,0.0,0.0,0.0,-0.26,0.03,0.02,-0.26,1.29,-0.31,9.71,6.93,-1.81,7.56,0,0,0,0.0,0.0,0.0
1787615772.446828,08:56:12.446,449,48.42,27.67,1011.35,15.829,0.0,0.0,0.0,-0.26,0.03,0.02,-0.26,1.29,-0.31,9.71,6.93,-1.81,7.56,0,0,0,0.0,0.0,0.0
1787615772.547277,08:56:12.547,450,48.43,27.67,1011.35,15.829,0.0,0.0,0.0,-0.26,0.05,0.03,-0.26,1.29,-0.31,9.71,6.93,-1.81,7.56,0,0,0,0.0,0.0,0.0
1787615772.547781,08:56:12.547,451,48.44,27.67,1011.35,15.829,0.0,0.0,0.0,-0.26,0.05,0.03,-0.26,1.29,-0.31,9.71,6.93,-1.81,7.56,0,0,0,0.0,0.0,0.0
1787615772.548017,08:56:12.548,452,48.45,27.67,1011.35,15.829,0.0,0.0,0.0,-0.26,0.05,0.03,-0.26,1.29,-0.31,9.71,6.93,-1.81,7.56,0,0,0,0.0,0.0,0.0
1787615772.548219,08:56:12.548,453,48.46,27.67,1011.35,15.829,0.0,0.0,0.0,-0.26,0.05,0.03,-0.26,1.29,-0.31,9.71,6.93,-1.81,7.56,0,0,0,0.0,0.0,0.0
1787615772.548417,08:56:12.548,454,48.47,27.67,1011.35,15.829,0.0,0.0,0.0,-0.26,0.05,0.03,-0.26,1.29,-0.31,9.71,6.93,-1.81,7.56,0,0,0,0.0,0.0,0.0
1787615772.548613,08:56:12.548,455,48.48,27.67,1011.35,15.829,0.0,0.0,0.0,-0.26,0.05,0.03,-0.26,1.29,-0.31,9.71,6.93,-1.81,7.56,0,0,0,0.0,0.0,0.0
1787615772.548806,08:56:12.548,456,48.49,27.67,1011.35,15.829,0.0,0.0,0.0,-0.26,0.05,0.03,-0.26,1.29,-0.31,9.71,6.93,-1.81,7.56,0,0,0,0.0,0.0,0.0
1787615772.548999,08:56:12.548,457,48.5,27.67,1011.35,15.829,0.0,0.0,0.0,-0.26,0.05,0.03,-0.26,1.29,-0.31,9.71,6.93,-1.81,7.56,0,0,0,0.0,0.0,0.0
1787615772.549192,08:56:12.549,458,48.51,27.67,1011.35,15.829,0.0,0.0,0.0,-0.26,0.05,0.03,-0.26,1.29,-0.31,9.71,6.93,-1.81,7.56,0,0,0,0.0,0.0,0.0
1787615772.549385,08:56:12.549,459,48.52,27.67,1011.35,15.829,0.0,0.0,0.0,-0.26,0.05,0.03,-0.26,1.29,-0.31,9.71,6.93,-1.81,7.56,0,0,0,0.0,0.0,0.0
1787615772.549578,08:56:12.549,460,48.53,27.67,1011.35,15.829,0.0,0.0,0.0,-0.25,0.04,0.03,-0.25,1.29,-0.31,9.71,6.93,-1.81,7.56,0,0,0,0.0,0.0,0.0
1787615772.651160,08:56:12.651,461,48.54,27.67,1011.35,15.829,0.0,0.0,0.0,-0.25,0.04,0.03,-0.25,1.29,-0.31,9.71,6.93,-1.81,7.56,0,0,0,0.0,0.0,0.0
1787615772.652508,08:56:12.652,462,48.55,27.67,1011.35,15.829,0.0,0.0,0.0,-0.25,0.04,0.03,-0.25,1.29,-0.31,9.71,6.93,-1.81,7.56,0,0,0,0.0,0.0,0.0
1787615772.653239,08:56:12.653,463,48.56,27.67,1011.35,15.829,0.0,0.0,0.0,-0.25,0.04,0.03,-0.25,1.29,-0.31,9.71,6.93,-1.81,7.56,0,0,0,0.0,0.0,0.0
1787615772.653939,08:56:12.653,464,48.57,27.67,1011.38,15.581,0.0,0.0,0.0,-0.25,0.04,0.03,-0.25,1.29,-0.31,9.71,6.93,-1.81,7.56,0,0,0,0.0,0.0,0.0
1787615772.654530,08:56:12.654,465,48.58,27.67,1011.38,15.581,0.0,0.0,0.0,-0.25,0.04,0.03,-0.25,1.29,-0.31,9.71,6.93,-1.81,7.56,0,0,0,0.0,0.0,0.0
1787615772.654919,08:56:12.654,466,48.59,27.67,1011.38,15.581,0.0,0.0,0.0,-0.25,0.04,0.03,-0.25,1.29,-0.31,9.71,6.93,-1.81,7.56,0,0,0,0.0,0.0,0.0
1787615772.655325,08:56:12.655,467,48.6,27.67,1011.38,15.581,0.0,0.0,0.0,-0.25,0.04,0.03,-0.25,1.29,-0.31,9.71,6.93,-1.81,7.56,0,0,0,0.0,0.0,0.0
1787615772.655737,08:56:12.655,468,48.61,27.67,1011.38,15.581,0.0,0.0,0.0,-0.25,0.04,0.03,-0.25,1.29,-0.31,9.71,6.93,-1.81,7.56,0,0,0,0.0,0.0,0.0
1787615772.656127,08:56:12.656,469,48.62,27.67,1011.38,15.581,0.0,0.0,0.0,-0.25,0.04,0.03,-0.25,1.29,-0.31,9.71,6.93,-1.81,7.56,0,0,0,0.0,0.0,0.0
1787615772.656494,08:56:12.656,470,48.63,27.67,1011.38,15.581,0.0,0.0,0.0,-0.25,0.01,0.03,-0.25,1.29,-0.31,9.71,6.93,-1.81,7.56,0,0,0,0.0,0.0,0.0
1787615772.757302,08:56:12.757,471,48.64,27.67,1011.38,15.581,0.0,0.0,0.0,-0.25,0.01,0.03,-0.25,1.29,-0.31,9.71,6.93,-1.81,7.56,0,0,0,0.0,0.0,0.0
1787615772.758705,08:56:12.758,472,48.65,27.67,1011.38,15.581,0.0,0.0,0.0,-0.25,0.01,0.03,-0.25,1.29,-0.31,9.71,6.93,-1.81,7.56,0,0,0,0.0,0.0,0.0
1787615772.759412,08:56:12.759,473,48.66,27.67,1011.38,15.581,0.0,0.0,0.0,-0.25,0.01,0.03,-0.25,1.29,-0.31,9.71,6.93,-1.81,7.56,0,0,0,0.0,0.0,0.0
1787615772.760101,08:56:12.760,474,48.67,27.67,1011.38,15.581,0.0,0.0,0.0,-0.25,0.01,0.03,-0.25,1.29,-0.31,9.71,6.93,-1.81,7.56,0,0,0,0.0,0.0,0.0
1787615772.760791,08:56:12.760,475,48.68,27.67,1011.38,15.581,0.0,0.0,0.0,-0.25,0.01,0.03,-0.25,1.29,-0.31,9.71,6.93,-1.81,7.56,0,0,0,0.0,0.0,0.0
1787615772.761485,08:56:12.761,476,48.69,27.67,1011.38,15.581,0.0,0.0,0.0,-0.25,0.01,0.03,-0.25,1.29,-0.31,9.71,6.93,-1.81,7.56,0,0,0,0.0,0.0,0.0
1787615772.762179,08:56:12.762,477,48.7,27.67,1011.38,15.581,0.0,0.0,0.0,-0.25,0.01,0.03,-0.25,1.29,-0.31,9.71,6.93,-1.81,7.56,0,0,0,0.0,0.0,0.0
1787615772.762875,08:56:12.762,478,48.71,27.67,1011.38,15.581,0.0,0.0,0.0,-0.25,0.01,0.03,-0.25,1.29,-0.31,9.71,6.93,-1.81,7.56,0,0,0,0.0,0.0,0.0
1787615772.763283,08:56:12.763,479,48.72,27.67,1011.38,15.581,0.0,0.0,0.0,-0.25,0.01,0.03,-0.25,1.29,-0.31,9.71,6.93,-1.81,7.56,0,0,0,0.0,0.0,0.0
1787615772.763563,08:56:12.763,480,48.73,27.67,1011.38,15.581,0.0,0.0,0.0,-0.26,0.03,0.01,-0.26,1.29,-0.31,9.71,6.93,-1.81,7.56,0,0,0,0.0,0.0,0.0
1787615772.763846,08:56:12.763,481,48.74,27.67,1011.38,15.581,0.0,0.0,0.0,-0.26,0.03,0.01,-0.26,1.29,-0.31,9.71,6.93,-1.81,7.56,0,0,0,0.0,0.0,0.0
1787615772.865351,08:56:12.865,482,48.75,27.67,1011.38,15.581,0.0,0.0,0.0,-0.26,0.03,0.01,-0.26,1.29,-0.31,9.71,6.93,-1.81,7.56,0,0,0,0.0,0.0,0.0
1787615772.865742,08:56:12.865,483,48.76,27.67,1011.38,15.581,0.0,0.0,0.0,-0.26,0.03,0.01,-0.26,1.29,-0.31,9.71,6.93,-1.81,7.56,0,0,0,0.0,0.0,0.0
1787615772.865983,08:56:12.865,484,48.77,27.66,1011.33,15.996,0.0,0.0,0.0,-0.26,0.03,0.01,-0.26,1.29,-0.31,9.71,6.93,-1.81,7.56,0,0,0,0.0,0.0,0.0
1787615772.866211,08:56:12.866,485,48.78,27.66,1011.33,15.996,0.0,0.0,0.0,-0.26,0.03,0.01,-0.26,1.29,-0.31,9.71,6.93,-1.81,7.56,0,0,0,0.0,0.0,0.0
1787615772.866434,08:56:12.866,486,48.79,27.66,1011.33,15.996,0.0,0.0,0.0,-0.26,0.03,0.01,-0.26,1.29,-0.31,9.71,6.93,-1.81,7.56,0,0,0,0.0,0.0,0.0
1787615772.866656,08:56:12.866,487,48.8,27.66,1011.33,15.996,0.0,0.0,0.0,-0.26,0.03,0.01,-0.26,1.29,-0.31,9.71,6.93,-1.81,7.56,0,0,0,0.0,0.0,0.0
1787615772.866877,08:56:12.866,488,48.81,27.66,1011.33,15.996,0.0,0.0,0.0,-0.26,0.03,0.01,-0.26,1.29,-0.31,9.71,6.93,-1.81,7.56,0,0,0,0.0,0.0,0.0
1787615772.867096,08:56:12.867,489,48.82,27.66,1011.33,15.996,0.0,0.0,0.0,-0.26,0.03,0.01,-0.26,1.29,-0.31,9.71,6.93,-1.81,7.56,0,0,0,0.0,0.0,0.0
1787615772.867314,08:56:12.867,490,48.83,27.66,1011.33,15.996,0.0,0.0,0.0,-0.25,0.02,0.02,-0.25,1.29,-0.31,9.71,6.93,-1.81,7.56,0,0,0,0.0,0.0,0.0
1787615772.867534,08:56:12.867,491,48.84,27.66,1011.33,15.996,0.0,0.0,0.0,-0.25,0.02,0.02,-0.25,1.29,-0.31,9.71,6.93,-1.81,7.56,0,0,0,0.0,0.0,0.0
1787615772.968096,08:56:12.968,492,48.85,27.66,1011.33,15.996,0.0,0.0,0.0,-0.25,0.02,0.02,-0.25,1.29,-0.31,9.71,6.93,-1.81,7.56,0,0,0,0.0,0.0,0.0
1787615772.969577,08:56:12.969,493,48.86,27.66,1011.33,15.996,0.0,0.0,0.0,-0.25,0.02,0.02,-0.25,1.29,-0.31,9.71,6.93,-1.81,7.56,0,0,0,0.0,0.0,0.0
1787615772.970269,08:56:12.970,494,48.87,27.66,1011.33,15.996,0.0,0.0,0.0,-0.25,0.02,0.02,-0.25,1.29,-0.31,9.71,6.93,-1.81,7.56,0,0,0,0.0,0.0,0.0
1787615772.970934,08:56:12.970,495,48.88,27.66,1011.33,15.996,0.0,0.0,0.0,-0.25,0.02,0.02,-0.25,1.29,-0.31,9.71,6.93,-1.81,7.56,0,0,0,0.0,0.0,0.0
1787615772.971588,08:56:12.971,496,48.89,27.66,1011.33,15.996,0.0,0.0,0.0,-0.25,0.02,0.02,-0.25,1.29,-0.31,9.71,6.93,-1.81,7.56,0,0,0,0.0,0.0,0.0
1787615772.972257,08:56:12.972,497,48.9,27.66,1011.33,15.996,0.0,0.0,0.0,-0.25,0.02,0.02,-0.25,1.29,-0.31,9.71,6.93,-1.81,7.56,0,0,0,0.0,0.0,0.0
1787615772.972908,08:56:12.972,498,48.91,27.66,1011.33,15.996,0.0,0.0,0.0,-0.25,0.02,0.02,-0.25,1.29,-0.31,9.71,6.93,-1.81,7.56,0,0,0,0.0,0.0,0.0
1787615772.973571,08:56:12.973,499,48.92,27.66,1011.33,15.996,0.0,0.0,0.0,-0.25,0.02,0.02,-0.25,1.29,-0.31,9.71,6.93,-1.81,7.56,0,0,0,0.0,0.0,0.0
1787615772.974532,08:56:12.974,500,48.93,27.66,1011.33,15.996,0.0,0.0,0.0,-0.25,0.02,0.04,-0.25,1.29,-0.31,9.71,6.93,-1.81,7.56,0,0,0,0.0,0.0,0.0
1787615772.974974,08:56:12.974,501,48.94,27.66,1011.33,15.996,0.0,0.0,0.0,-0.25,0.02,0.04,-0.25,1.29,-0.31,9.71,6.93,-1.81,7.56,0,0,0,0.0,0.0,0.0
1787615772.975401,08:56:12.975,502,48.95,27.66,1011.33,15.996,0.0,0.0,0.0,-0.25,0.02,0.04,-0.25,1.29,-0.31,9.71,6.93,-1.81,7.56,0,0,0,0.0,0.0,0.0
1787615772.975814,08:56:12.975,503,48.96,27.66,1011.33,15.996,0.0,0.0,0.0,-0.25,0.02,0.04,-0.25,1.29,-0.31,9.71,6.93,-1.81,7.56,0,0,0,0.0,0.0,0.0
1787615772.976215,08:56:12.976,504,48.97,27.67,1011.38,15.581,0.0,0.0,0.0,-0.25,0.02,0.04,-0.25,1.29,-0.31,9.71,6.93,-1.81,7.56,0,0,0,0.0,0.0,0.0
1787615773.077856,08:56:13.077,505,48.98,27.67,1011.38,15.581,0.0,0.0,0.0,-0.25,0.02,0.04,-0.25,1.29,-0.31,9.71,6.93,-1.81,7.56,0,0,0,0.0,0.0,0.0
1787615773.079618,08:56:13.079,506,48.99,27.67,1011.38,15.581,0.0,0.0,0.0,-0.25,0.02,0.04,-0.25,1.29,-0.31,9.71,6.93,-1.81,7.56,0,0,0,0.0,0.0,0.0
1787615773.080418,08:56:13.080,507,49.0,27.67,1011.38,15.581,0.0,0.0,0.0,-0.25,0.02,0.04,-0.25,1.29,-0.31,9.71,6.93,-1.81,7.56,0,0,0,0.0,0.0,0.0
1787615773.081044,08:56:13.081,508,49.01,27.67,1011.38,15.581,0.0,0.0,0.0,-0.25,0.02,0.04,-0.25,1.29,-0.31,9.71,6.93,-1.81,7.56,0,0,0,0.0,0.0,0.0
1787615773.081455,08:56:13.081,509,49.02,27.67,1011.38,15.581,0.0,0.0,0.0,-0.25,0.02,0.04,-0.25,1.29,-0.31,9.71,6.93,-1.81,7.56,0,0,0,0.0,0.0,0.0
1787615773.081860,08:56:13.081,510,49.03,27.67,1011.38,15.581,0.0,0.0,0.0,-0.26,0.04,0.03,-0.26,1.29,-0.31,9.71,6.93,-1.81,7.56,0,0,0,0.0,0.0,0.0
1787615773.082398,08:56:13.082,511,49.04,27.67,1011.38,15.581,0.0,0.0,0.0,-0.26,0.04,0.03,-0.26,1.29,-0.31,9.71,6.93,-1.81,7.56,0,0,0,0.0,0.0,0.0
1787615773.082805,08:56:13.082,512,49.05,27.67,1011.38,15.581,0.0,0.0,0.0,-0.26,0.04,0.03,-0.26,1.29,-0.31,9.71,6.93,-1.81,7.56,0,0,0,0.0,0.0,0.0
1787615773.083171,08:56:13.083,513,49.06,27.67,1011.38,15.581,0.0,0.0,0.0,-0.26,0.04,0.03,-0.26,1.29,-0.31,9.71,6.93,-1.81,7.56,0,0,0,0.0,0.0,0.0
1787615773.083529,08:56:13.083,514,49.07,27.67,1011.38,15.581,0.0,0.0,0.0,-0.26,0.04,0.03,-0.26,1.29,-0.31,9.71,6.93,-1.81,7.56,0,0,0,0.0,0.0,0.0
1787615773.185158,08:56:13.185,515,49.08,27.67,1011.38,15.581,0.0,0.0,0.0,-0.26,0.04,0.03,-0.26,1.29,-0.31,9.71,6.93,-1.81,7.56,0,0,0,0.0,0.0,0.0
1787615773.186509,08:56:13.186,516,49.09,27.67,1011.38,15.581,0.0,0.0,0.0,-0.26,0.04,0.03,-0.26,1.29,-0.31,9.71,6.93,-1.81,7.56,0,0,0,0.0,0.0,0.0
1787615773.187227,08:56:13.187,517,49.1,27.67,1011.38,15.581,0.0,0.0,0.0,-0.26,0.04,0.03,-0.26,1.29,-0.31,9.71,6.93,-1.81,7.56,0,0,0,0.0,0.0,0.0
1787615773.187928,08:56:13.187,518,49.11,27.67,1011.38,15.581,0.0,0.0,0.0,-0.26,0.04,0.03,-0.26,1.29,-0.31,9.71,6.93,-1.81,7.56,0,0,0,0.0,0.0,0.0
1787615773.188613,08:56:13.188,519,49.12,27.67,1011.38,15.581,0.0,0.0,0.0,-0.26,0.04,0.03,-0.26,1.29,-0.31,9.71,6.93,-1.81,7.56,0,0,0,0.0,0.0,0.0
1787615773.189288,08:56:13.189,520,49.13,27.67,1011.38,15.581,0.0,0.0,0.0,-0.27,0.04,0.0,-0.27,1.29,-0.31,9.71,6.93,-1.81,7.56,0,0,0,0.0,0.0,0.0
1787615773.189949,08:56:13.189,521,49.14,27.67,1011.38,15.581,0.0,0.0,0.0,-0.27,0.04,0.0,-0.27,1.29,-0.31,9.71,6.93,-1.81,7.56,0,0,0,0.0,0.0,0.0
1787615773.190509,08:56:13.190,522,49.15,27.67,1011.38,15.581,0.0,0.0,0.0,-0.27,0.04,0.0,-0.27,1.29,-0.31,9.71,6.93,-1.81,7.56,0,0,0,0.0,0.0,0.0
1787615773.190904,08:56:13.190,523,49.16,27.67,1011.38,15.581,0.0,0.0,0.0,-0.27,0.04,0.0,-0.27,1.29,-0.31,9.71,6.93,-1.81,7.56,0,0,0,0.0,0.0,0.0
1787615773.191293,08:56:13.191,524,49.17,27.65,1011.34,15.914,0.0,0.0,0.0,-0.27,0.04,0.0,-0.27,1.29,-0.31,9.71,6.93,-1.81,7.56,0,0,0,0.0,0.0,0.0
1787615773.191678,08:56:13.191,525,49.18,27.65,1011.34,15.914,0.0,0.0,0.0,-0.27,0.04,0.0,-0.27,1.29,-0.31,9.71,6.93,-1.81,7.56,0,0,0,0.0,0.0,0.0
1787615773.292393,08:56:13.292,526,49.19,27.65,1011.34,15.914,0.0,0.0,0.0,-0.27,0.04,0.0,-0.27,1.29,-0.31,9.71,6.93,-1.81,7.56,0,0,0,0.0,0.0,0.0
1787615773.293153,08:56:13.293,527,49.2,27.65,1011.34,15.914,0.0,0.0,0.0,-0.27,0.04,0.0,-0.27,1.29,-0.31,9.71,6.93,-1.81,7.56,0,0,0,0.0,0.0,0.0
1787615773.293512,08:56:13.293,528,49.21,27.65,1011.34,15.914,0.0,0.0,0.0,-0.27,0.04,0.0,-0.27,1.29,-0.31,9.71,6.93,-1.81,7.56,0,0,0,0.0,0.0,0.0
1787615773.293870,08:56:13.293,529,49.22,27.65,1011.34,15.914,0.0,0.0,0.0,-0.27,0.04,0.0,-0.27,1.29,-0.31,9.71,6.93,-1.81,7.56,0,0,0,0.0,0.0,0.0
1787615773.294222,08:56:13.294,530,49.23,27.65,1011.34,15.914,0.0,0.0,0.0,-0.27,0.02,0.03,-0.27,1.29,-0.31,9.71,6.93,-1.81,7.56,0,0,0,0.0,0.0,0.0
1787615773.294568,08:56:13.294,531,49.24,27.65,1011.34,15.914,0.0,0.0,0.0,-0.27,0.02,0.03,-0.27,1.29,-0.31,9.71,6.93,-1.81,7.56,0,0,0,0.0,0.0,0.0
1787615773.294920,08:56:13.294,532,49.25,27.65,1011.34,15.914,0.0,0.0,0.0,-0.27,0.02,0.03,-0.27,1.29,-0.31,9.71,6.93,-1.81,7.56,0,0,0,0.0,0.0,0.0
1787615773.295267,08:56:13.295,533,49.26,27.65,1011.34,15.914,0.0,0.0,0.0,-0.27,0.02,0.03,-0.27,1.29,-0.31,9.71,6.93,-1.81,7.56,0,0,0,0.0,0.0,0.0
1787615773.295628,08:56:13.295,534,49.27,27.65,1011.34,15.914,0.0,0.0,0.0,-0.27,0.02,0.03,-0.27,1.29,-0.31,9.71,6.93,-1.81,7.56,0,0,0,0.0,0.0,0.0
1787615773.295997,08:56:13.295,535,49.28,27.65,1011.34,15.914,0.0,0.0,0.0,-0.27,0.02,0.03,-0.27,1.29,-0.31,9.71,6.93,-1.81,7.56,0,0,0,0.0,0.0,0.0
1787615773.397572,08:56:13.397,536,49.29,27.65,1011.34,15.914,0.0,0.0,0.0,-0.27,0.02,0.03,-0.27,1.29,-0.31,9.71,6.93,-1.81,7.56,0,0,0,0.0,0.0,0.0
1787615773.398944,08:56:13.398,537,49.3,27.65,1011.34,15.914,0.0,0.0,0.0,-0.27,0.02,0.03,-0.27,1.29,-0.31,9.71,6.93,-1.81,7.56,0,0,0,0.0,0.0,0.0
1787615773.399621,08:56:13.399,538,49.31,27.65,1011.34,15.914,0.0,0.0,0.0,-0.27,0.02,0.03,-0.27,1.29,-0.31,9.71,6.93,-1.81,7.56,0,0,0,0.0,0.0,0.0
1787615773.400278,08:56:13.400,539,49.32,27.65,1011.34,15.914,0.0,0.0,0.0,-0.27,0.02,0.03,-0.27,1.29,-0.31,9.71,6.93,-1.81,7.56,0,0,0,0.0,0.0,0.0
1787615773.400930,08:56:13.400,540,49.33,27.65,1011.34,15.914,0.0,0.0,0.0,-0.24,0.02,0.06,-0.24,1.29,-0.31,9.71,6.93,-1.81,7.56,0,0,0,0.0,0.0,0.0
1787615773.401453,08:56:13.401,541,49.34,27.65,1011.34,15.914,0.0,0.0,0.0,-0.24,0.02,0.06,-0.24,1.29,-0.31,9.71,6.93,-1.81,7.56,0,0,0,0.0,0.0,0.0
1787615773.401708,08:56:13.401,542,49.35,27.65,1011.34,15.914,0.0,0.0,0.0,-0.24,0.02,0.06,-0.24,1.29,-0.31,9.71,6.93,-1.81,7.56,0,0,0,0.0,0.0,0.0
1787615773.401976,08:56:13.401,543,49.36,27.65,1011.34,15.914,0.0,0.0,0.0,-0.24,0.02,0.06,-0.24,1.29,-0.31,9.71,6.93,-1.81,7.56,0,0,0,0.0,0.0,0.0
1787615773.402234,08:56:13.402,544,49.37,27.66,1011.39,15.496,0.0,0.0,0.0,-0.24,0.02,0.06,-0.24,1.29,-0.31,9.71,6.93,-1.81,7.56,0,0,0,0.0,0.0,0.0
1787615773.402488,08:56:13.402,545,49.38,27.66,1011.39,15.496,0.0,0.0,0.0,-0.24,0.02,0.06,-0.24,1.29,-0.31,9.71,6.93,-1.81,7.56,0,0,0,0.0,0.0,0.0
1787615773.503382,08:56:13.503,546,49.39,27.66,1011.39,15.496,0.0,0.0,0.0,-0.24,0.02,0.06,-0.24,1.29,-0.31,9.71,6.93,-1.81,7.56,0,0,0,0.0,0.0,0.0
1787615773.504792,08:56:13.504,547,49.4,27.66,1011.39,15.496,0.0,0.0,0.0,-0.24,0.02,0.06,-0.24,1.29,-0.31,9.71,6.93,-1.81,7.56,0,0,0,0.0,0.0,0.0
1787615773.505533,08:56:13.505,548,49.41,27.66,1011.39,15.496,0.0,0.0,0.0,-0.24,0.02,0.06,-0.24,1.29,-0.31,9.71,6.93,-1.81,7.56,0,0,0,0.0,0.0,0.0
1787615773.506253,08:56:13.506,549,49.42,27.66,1011.39,15.496,0.0,0.0,0.0,-0.24,0.02,0.06,-0.24,1.29,-0.31,9.71,6.93,-1.81,7.56,0,0,0,0.0,0.0,0.0
1787615773.506941,08:56:13.506,550,49.43,27.66,1011.39,15.496,0.0,0.0,0.0,-0.28,0.02,0.02,-0.28,1.29,-0.31,9.71,6.93,-1.81,7.56,0,0,0,0.0,0.0,0.0
1787615773.508062,08:56:13.508,551,49.44,27.66,1011.39,15.496,0.0,0.0,0.0,-0.28,0.02,0.02,-0.28,1.29,-0.31,9.71,6.93,-1.81,7.56,0,0,0,0.0,0.0,0.0
1787615773.508597,08:56:13.508,552,49.45,27.66,1011.39,15.496,0.0,0.0,0.0,-0.28,0.02,0.02,-0.28,1.29,-0.31,9.71,6.93,-1.81,7.56,0,0,0,0.0,0.0,0.0
1787615773.508993,08:56:13.508,553,49.46,27.66,1011.39,15.496,0.0,0.0,0.0,-0.28,0.02,0.02,-0.28,1.29,-0.31,9.71,6.93,-1.81,7.56,0,0,0,0.0,0.0,0.0
1787615773.509416,08:56:13.509,554,49.47,27.66,1011.39,15.496,0.0,0.0,0.0,-0.28,0.02,0.02,-0.28,1.29,-0.31,9.71,6.93,-1.81,7.56,0,0,0,0.0,0.0,0.0
1787615773.509834,08:56:13.509,555,49.48,27.66,1011.39,15.496,0.0,0.0,0.0,-0.28,0.02,0.02,-0.28,1.29,-0.31,9.71,6.93,-1.81,7.56,0,0,0,0.0,0.0,0.0
1787615773.510235,08:56:13.510,556,49.49,27.66,1011.39,15.496,0.0,0.0,0.0,-0.28,0.02,0.02,-0.28,1.29,-0.31,9.71,6.93,-1.81,7.56,0,0,0,0.0,0.0,0.0
1787615773.611926,08:56:13.611,557,49.5,27.66,1011.39,15.496,0.0,0.0,0.0,-0.28,0.02,0.02,-0.28,1.29,-0.31,9.71,6.93,-1.81,7.56,0,0,0,0.0,0.0,0.0
1787615773.613740,08:56:13.613,558,49.51,27.66,1011.39,15.496,0.0,0.0,0.0,-0.28,0.02,0.02,-0.28,1.29,-0.31,9.71,6.93,-1.81,7.56,0,0,0,0.0,0.0,0.0
1787615773.614494,08:56:13.614,559,49.52,27.66,1011.39,15.496,0.0,0.0,0.0,-0.28,0.02,0.02,-0.28,1.29,-0.31,9.71,6.93,-1.81,7.56,0,0,0,0.0,0.0,0.0
1787615773.615156,08:56:13.615,560,49.53,27.66,1011.39,15.496,0.0,0.0,0.0,-0.26,0.03,0.03,-0.26,1.29,-0.31,9.71,6.93,-1.81,7.56,0,0,0,0.0,0.0,0.0
1787615773.615978,08:56:13.615,561,49.54,27.66,1011.39,15.496,0.0,0.0,0.0,-0.26,0.03,0.03,-0.26,1.29,-0.31,9.71,6.93,-1.81,7.56,0,0,0,0.0,0.0,0.0
1787615773.616577,08:56:13.616,562,49.55,27.66,1011.39,15.496,0.0,0.0,0.0,-0.26,0.03,0.03,-0.26,1.29,-0.31,9.71,6.93,-1.81,7.56,0,0,0,0.0,0.0,0.0
1787615773.616872,08:56:13.616,563,49.56,27.66,1011.39,15.496,0.0,0.0,0.0,-0.26,0.03,0.03,-0.26,1.29,-0.31,9.71,6.93,-1.81,7.56,0,0,0,0.0,0.0,0.0
1787615773.617173,08:56:13.617,564,49.57,27.67,1011.38,15.581,0.0,0.0,0.0,-0.26,0.03,0.03,-0.26,1.29,-0.31,9.71,6.93,-1.81,7.56,0,0,0,0.0,0.0,0.0
1787615773.617465,08:56:13.617,565,49.58,27.67,1011.38,15.581,0.0,0.0,0.0,-0.26,0.03,0.03,-0.26,1.29,-0.31,9.71,6.93,-1.81,7.56,0,0,0,0.0,0.0,0.0
1787615773.617769,08:56:13.617,566,49.59,27.67,1011.38,15.581,0.0,0.0,0.0,-0.26,0.03,0.03,-0.26,1.29,-0.31,9.71,6.93,-1.81,7.56,0,0,0,0.0,0.0,0.0
1787615773.618086,08:56:13.618,567,49.6,27.67,1011.38,15.581,0.0,0.0,0.0,-0.26,0.03,0.03,-0.26,1.29,-0.31,9.71,6.93,-1.81,7.56,0,0,0,0.0,0.0,0.0
1787615773.719669,08:56:13.719,568,49.61,27.67,1011.38,15.581,0.0,0.0,0.0,-0.26,0.03,0.03,-0.26,1.29,-0.31,9.71,6.93,-1.81,7.56,0,0,0,0.0,0.0,0.0
1787615773.720731,08:56:13.720,569,49.62,27.67,1011.38,15.581,0.0,0.0,0.0,-0.26,0.03,0.03,-0.26,1.29,-0.31,9.71,6.93,-1.81,7.56,0,0,0,0.0,0.0,0.0
1787615773.721141,08:56:13.721,570,49.63,27.67,1011.38,15.581,0.0,0.0,0.0,-0.25,0.03,0.03,-0.25,1.29,-0.31,9.71,6.93,-1.81,7.56,0,0,0,0.0,0.0,0.0
1787615773.721537,08:56:13.721,571,49.64,27.67,1011.38,15.581,0.0,0.0,0.0,-0.25,0.03,0.03,-0.25,1.29,-0.31,9.71,6.93,-1.81,7.56,0,0,0,0.0,0.0,0.0
1787615773.721879,08:56:13.721,572,49.65,27.67,1011.38,15.581,0.0,0.0,0.0,-0.25,0.03,0.03,-0.25,1.29,-0.31,9.71,6.93,-1.81,7.56,0,0,0,0.0,0.0,0.0
1787615773.722214,08:56:13.722,573,49.66,27.67,1011.38,15.581,0.0,0.0,0.0,-0.25,0.03,0.03,-0.25,1.29,-0.31,9.71,6.93,-1.81,7.56,0,0,0,0.0,0.0,0.0
1787615773.722541,08:56:13.722,574,49.67,27.67,1011.38,15.581,0.0,0.0,0.0,-0.25,0.03,0.03,-0.25,1.29,-0.31,9.71,6.93,-1.81,7.56,0,0,0,0.0,0.0,0.0
1787615773.722881,08:56:13.722,575,49.68,27.67,1011.38,15.581,0.0,0.0,0.0,-0.25,0.03,0.03,-0.25,1.29,-0.31,9.71,6.93,-1.81,7.56,0,0,0,0.0,0.0,0.0
1787615773.723221,08:56:13.723,576,49.69,27.67,1011.38,15.581,0.0,0.0,0.0,-0.25,0.03,0.03,-0.25,1.29,-0.31,9.71,6.93,-1.81,7.56,0,0,0,0.0,0.0,0.0
1787615773.723561,08:56:13.723,577,49.7,27.67,1011.38,15.581,0.0,0.0,0.0,-0.25,0.03,0.03,-0.25,1.29,-0.31,9.71,6.93,-1.81,7.56,0,0,0,0.0,0.0,0.0
1787615773.825281,08:56:13.825,578,49.71,27.67,1011.38,15.581,0.0,0.0,0.0,-0.25,0.03,0.03,-0.25,1.29,-0.31,9.71,6.93,-1.81,7.56,0,0,0,0.0,0.0,0.0
1787615773.826692,08:56:13.826,579,49.72,27.67,1011.38,15.581,0.0,0.0,0.0,-0.25,0.03,0.03,-0.25,1.29,-0.31,9.71,6.93,-1.81,7.56,0,0,0,0.0,0.0,0.0
1787615773.827384,08:56:13.827,580,49.73,27.67,1011.38,15.581,0.0,0.0,0.0,-0.26,0.05,0.03,-0.26,1.29,-0.31,9.71,6.93,-1.81,7.56,0,0,0,0.0,0.0,0.0
1787615773.827840,08:56:13.827,581,49.74,27.67,1011.38,15.581,0.0,0.0,0.0,-0.26,0.05,0.03,-0.26,1.29,-0.31,9.71,6.93,-1.81,7.56,0,0,0,0.0,0.0,0.0
1787615773.828225,08:56:13.828,582,49.75,27.67,1011.38,15.581,0.0,0.0,0.0,-0.26,0.05,0.03,-0.26,1.29,-0.31,9.71,6.93,-1.81,7.56,0,0,0,0.0,0.0,0.0
1787615773.828607,08:56:13.828,583,49.76,27.67,1011.38,15.581,0.0,0.0,0.0,-0.26,0.05,0.03,-0.26,1.29,-0.31,9.71,6.93,-1.81,7.56,0,0,0,0.0,0.0,0.0
1787615773.829003,08:56:13.829,584,49.77,27.66,1011.35,15.829,0.0,0.0,0.0,-0.26,0.05,0.03,-0.26,1.29,-0.31,9.71,6.93,-1.81,7.56,0,0,0,0.0,0.0,0.0
1787615773.829412,08:56:13.829,585,49.78,27.66,1011.35,15.829,0.0,0.0,0.0,-0.26,0.05,0.03,-0.26,1.29,-0.31,9.71,6.93,-1.81,7.56,0,0,0,0.0,0.0,0.0
1787615773.829764,08:56:13.829,586,49.79,27.66,1011.35,15.829,0.0,0.0,0.0,-0.26,0.05,0.03,-0.26,1.29,-0.31,9.71,6.93,-1.81,7.56,0,0,0,0.0,0.0,0.0
1787615773.830101,08:56:13.830,587,49.8,27.66,1011.35,15.829,0.0,0.0,0.0,-0.26,0.05,0.03,-0.26,1.29,-0.31,9.71,6.93,-1.81,7.56,0,0,0,0.0,0.0,0.0
1787615773.931768,08:56:13.931,588,49.81,27.66,1011.35,15.829,0.0,0.0,0.0,-0.26,0.05,0.03,-0.26,1.29,-0.31,9.71,6.93,-1.81,7.56,0,0,0,0.0,0.0,0.0
1787615773.932541,08:56:13.932,589,49.82,27.66,1011.35,15.829,0.0,0.0,0.0,-0.26,0.05,0.03,-0.26,1.29,-0.31,9.71,6.93,-1.81,7.56,0,0,0,0.0,0.0,0.0
1787615773.932851,08:56:13.932,590,49.83,27.66,1011.35,15.829,0.0,0.0,0.0,-0.27,0.02,0.04,-0.27,1.29,-0.31,9.71,6.93,-1.81,7.56,0,0,0,0.0,0.0,0.0
1787615773.933149,08:56:13.933,591,49.84,27.66,1011.35,15.829,0.0,0.0,0.0,-0.27,0.02,0.04,-0.27,1.29,-0.31,9.71,6.93,-1.81,7.56,0,0,0,0.0,0.0,0.0
1787615773.933398,08:56:13.933,592,49.85,27.66,1011.35,15.829,0.0,0.0,0.0,-0.27,0.02,0.04,-0.27,1.29,-0.31,9.71,6.93,-1.81,7.56,0,0,0,0.0,0.0,0.0
1787615773.933648,08:56:13.933,593,49.86,27.66,1011.35,15.829,0.0,0.0,0.0,-0.27,0.02,0.04,-0.27,1.29,-0.31,9.71,6.93,-1.81,7.56,0,0,0,0.0,0.0,0.0
1787615773.933937,08:56:13.933,594,49.87,27.66,1011.35,15.829,0.0,0.0,0.0,-0.27,0.02,0.04,-0.27,1.29,-0.31,9.71,6.93,-1.81,7.56,0,0,0,0.0,0.0,0.0
1787615773.934546,08:56:13.934,595,49.88,27.66,1011.35,15.829,0.0,0.0,0.0,-0.27,0.02,0.04,-0.27,1.29,-0.31,9.71,6.93,-1.81,7.56,0,0,0,0.0,0.0,0.0
1787615773.934849,08:56:13.934,596,49.89,27.66,1011.35,15.829,0.0,0.0,0.0,-0.27,0.02,0.04,-0.27,1.29,-0.31,9.71,6.93,-1.81,7.56,0,0,0,0.0,0.0,0.0
1787615773.935147,08:56:13.935,597,49.9,27.66,1011.35,15.829,0.0,0.0,0.0,-0.27,0.02,0.04,-0.27,1.29,-0.31,9.71,6.93,-1.81,7.56,0,0,0,0.0,0.0,0.0
1787615773.935408,08:56:13.935,598,49.91,27.66,1011.35,15.829,0.0,0.0,0.0,-0.27,0.02,0.04,-0.27,1.29,-0.31,9.71,6.93,-1.81,7.56,0,0,0,0.0,0.0,0.0
1787615773.935703,08:56:13.935,599,49.92,27.66,1011.35,15.829,0.0,0.0,0.0,-0.27,0.02,0.04,-0.27,1.29,-0.31,9.71,6.93,-1.81,7.56,0,0,0,0.0,0.0,0.0
1787615773.935976,08:56:13.935,600,49.93,27.66,1011.35,15.829,0.0,0.0,0.0,-0.27,0.02,0.04,-0.27,1.29,-0.31,9.71,6.93,-1.81,7.56,0,0,0,0.0,0.0,0.0
1787615774.037511,08:56:14.037,601,49.94,27.66,1011.35,15.829,0.0,0.0,0.0,-0.26,0.03,0.05,-0.26,1.29,-0.31,9.71,6.93,-1.81,7.56,0,0,0,0.0,0.0,0.0
1787615774.038109,08:56:14.038,602,49.95,27.66,1011.35,15.829,0.0,0.0,0.0,-0.26,0.03,0.05,-0.26,1.29,-0.31,9.71,6.93,-1.81,7.56,0,0,0,0.0,0.0,0.0
1787615774.038361,08:56:14.038,603,49.96,27.66,1011.35,15.829,0.0,0.0,0.0,-0.26,0.03,0.05,-0.26,1.29,-0.31,9.71,6.93,-1.81,7.56,0,0,0,0.0,0.0,0.0
1787615774.038591,08:56:14.038,604,49.97,27.66,1011.38,15.581,0.0,0.0,0.0,-0.26,0.03,0.05,-0.26,1.29,-0.31,9.71,6.93,-1.81,7.56,0,0,0,0.0,0.0,0.0
1787615774.038821,08:56:14.038,605,49.98,27.66,1011.38,15.581,0.0,0.0,0.0,-0.26,0.03,0.05,-0.26,1.29,-0.31,9.71,6.93,-1.81,7.56,0,0,0,0.0,0.0,0.0
1787615774.039013,08:56:14.039,606,49.99,27.66,1011.38,15.581,0.0,0.0,0.0,-0.26,0.03,0.05,-0.26,1.29,-0.31,9.71,6.93,-1.81,7.56,0,0,0,0.0,0.0,0.0
1787615774.039436,08:56:14.039,607,50.0,27.66,1011.38,15.581,0.0,0.0,0.0,-0.26,0.03,0.05,-0.26,1.29,-0.31,9.71,6.93,-1.81,7.56,0,0,0,0.0,0.0,0.0
1787615774.039632,08:56:14.039,608,50.01,27.66,1011.38,15.581,0.0,0.0,0.0,-0.26,0.03,0.05,-0.26,1.29,-0.31,9.71,6.93,-1.81,7.56,0,0,0,0.0,0.0,0.0
1787615774.039824,08:56:14.039,609,50.02,27.66,1011.38,15.581,0.0,0.0,0.0,-0.26,0.03,0.05,-0.26,1.29,-0.31,9.71,6.93,-1.81,7.56,0,0,0,0.0,0.0,0.0
1787615774.040012,08:56:14.040,610,50.03,27.66,1011.38,15.581,0.0,0.0,0.0,-0.26,0.03,0.05,-0.26,1.29,-0.31,9.71,6.93,-1.81,7.56,0,0,0,0.0,0.0,0.0
1787615774.141656,08:56:14.141,611,50.04,27.66,1011.38,15.581,0.0,0.0,0.0,-0.27,0.04,0.0,-0.27,1.29,-0.31,9.71,6.93,-1.81,7.56,0,0,0,0.0,0.0,0.0
1787615774.143035,08:56:14.143,612,50.05,27.66,1011.38,15.581,0.0,0.0,0.0,-0.27,0.04,0.0,-0.27,1.29,-0.31,9.71,6.93,-1.81,7.56,0,0,0,0.0,0.0,0.0
1787615774.143740,08:56:14.143,613,50.06,27.66,1011.38,15.581,0.0,0.0,0.0,-0.27,0.04,0.0,-0.27,1.29,-0.31,9.71,6.93,-1.81,7.56,0,0,0,0.0,0.0,0.0
1787615774.144371,08:56:14.144,614,50.07,27.66,1011.38,15.581,0.0,0.0,0.0,-0.27,0.04,0.0,-0.27,1.29,-0.31,9.71,6.93,-1.81,7.56,0,0,0,0.0,0.0,0.0
1787615774.144711,08:56:14.144,615,50.08,27.66,1011.38,15.581,0.0,0.0,0.0,-0.27,0.04,0.0,-0.27,1.29,-0.31,9.71,6.93,-1.81,7.56,0,0,0,0.0,0.0,0.0
1787615774.145035,08:56:14.145,616,50.09,27.66,1011.38,15.581,0.0,0.0,0.0,-0.27,0.04,0.0,-0.27,1.29,-0.31,9.71,6.93,-1.81,7.56,0,0,0,0.0,0.0,0.0
1787615774.145303,08:56:14.145,617,50.1,27.66,1011.38,15.581,0.0,0.0,0.0,-0.27,0.04,0.0,-0.27,1.29,-0.31,9.71,6.93,-1.81,7.56,0,0,0,0.0,0.0,0.0
1787615774.145604,08:56:14.145,618,50.11,27.66,1011.38,15.581,0.0,0.0,0.0,-0.27,0.04,0.0,-0.27,1.29,-0.31,9.71,6.93,-1.81,7.56,0,0,0,0.0,0.0,0.0
1787615774.146174,08:56:14.146,619,50.12,27.66,1011.38,15.581,0.0,0.0,0.0,-0.27,0.04,0.0,-0.27,1.29,-0.31,9.71,6.93,-1.81,7.56,0,0,0,0.0,0.0,0.0
1787615774.146553,08:56:14.146,620,50.13,27.66,1011.38,15.581,0.0,0.0,0.0,-0.27,0.04,0.0,-0.27,1.29,-0.31,9.71,6.93,-1.81,7.56,0,0,0,0.0,0.0,0.0
1787615774.247287,08:56:14.247,621,50.14,27.66,1011.38,15.581,0.0,0.0,0.0,-0.26,0.04,0.04,-0.26,1.29,-0.31,9.71,6.93,-1.81,7.56,0,0,0,0.0,0.0,0.0
1787615774.248267,08:56:14.248,622,50.15,27.66,1011.38,15.581,0.0,0.0,0.0,-0.26,0.04,0.04,-0.26,1.29,-0.31,9.71,6.93,-1.81,7.56,0,0,0,0.0,0.0,0.0
1787615774.248692,08:56:14.248,623,50.16,27.66,1011.38,15.581,0.0,0.0,0.0,-0.26,0.04,0.04,-0.26,1.29,-0.31,9.71,6.93,-1.81,7.56,0,0,0,0.0,0.0,0.0
1787615774.249089,08:56:14.249,624,50.17,27.67,1011.36,15.747,0.0,0.0,0.0,-0.26,0.04,0.04,-0.26,1.29,-0.31,9.71,6.93,-1.81,7.56,0,0,0,0.0,0.0,0.0
1787615774.249424,08:56:14.249,625,50.18,27.67,1011.36,15.747,0.0,0.0,0.0,-0.26,0.04,0.04,-0.26,1.29,-0.31,9.71,6.93,-1.81,7.56,0,0,0,0.0,0.0,0.0
1787615774.249751,08:56:14.249,626,50.19,27.67,1011.36,15.747,0.0,0.0,0.0,-0.26,0.04,0.04,-0.26,1.29,-0.31,9.71,6.93,-1.81,7.56,0,0,0,0.0,0.0,0.0
1787615774.250101,08:56:14.250,627,50.2,27.67,1011.36,15.747,0.0,0.0,0.0,-0.26,0.04,0.04,-0.26,1.29,-0.31,9.71,6.93,-1.81,7.56,0,0,0,0.0,0.0,0.0
1787615774.250442,08:56:14.250,628,50.21,27.67,1011.36,15.747,0.0,0.0,0.0,-0.26,0.04,0.04,-0.26,1.29,-0.31,9.71,6.93,-1.81,7.56,0,0,0,0.0,0.0,0.0
1787615774.250788,08:56:14.250,629,50.22,27.67,1011.36,15.747,0.0,0.0,0.0,-0.26,0.04,0.04,-0.26,1.29,-0.31,9.71,6.93,-1.81,7.56,0,0,0,0.0,0.0,0.0
1787615774.251402,08:56:14.251,630,50.23,27.67,1011.36,15.747,0.0,0.0,0.0,-0.28,0.03,0.04,-0.28,1.29,-0.31,9.71,6.93,-1.81,7.56,0,0,0,0.0,0.0,0.0
1787615774.251750,08:56:14.251,631,50.24,27.67,1011.36,15.747,0.0,0.0,0.0,-0.28,0.03,0.04,-0.28,1.29,-0.31,9.71,6.93,-1.81,7.56,0,0,0,0.0,0.0,0.0
1787615774.353316,08:56:14.353,632,50.25,27.67,1011.36,15.747,0.0,0.0,0.0,-0.28,0.03,0.04,-0.28,1.29,-0.31,9.71,6.93,-1.81,7.56,0,0,0,0.0,0.0,0.0
1787615774.353625,08:56:14.353,633,50.26,27.67,1011.36,15.747,0.0,0.0,0.0,-0.28,0.03,0.04,-0.28,1.29,-0.31,9.71,6.93,-1.81,7.56,0,0,0,0.0,0.0,0.0
1787615774.353805,08:56:14.353,634,50.27,27.67,1011.36,15.747,0.0,0.0,0.0,-0.28,0.03,0.04,-0.28,1.29,-0.31,9.71,6.93,-1.81,7.56,0,0,0,0.0,0.0,0.0
1787615774.353975,08:56:14.353,635,50.28,27.67,1011.36,15.747,0.0,0.0,0.0,-0.28,0.03,0.04,-0.28,1.29,-0.31,9.71,6.93,-1.81,7.56,0,0,0,0.0,0.0,0.0
1787615774.354144,08:56:14.354,636,50.29,27.67,1011.36,15.747,0.0,0.0,0.0,-0.28,0.03,0.04,-0.28,1.29,-0.31,9.71,6.93,-1.81,7.56,0,0,0,0.0,0.0,0.0
1787615774.354311,08:56:14.354,637,50.3,27.67,1011.36,15.747,0.0,0.0,0.0,-0.28,0.03,0.04,-0.28,1.29,-0.31,9.71,6.93,-1.81,7.56,0,0,0,0.0,0.0,0.0
1787615774.354479,08:56:14.354,638,50.31,27.67,1011.36,15.747,0.0,0.0,0.0,-0.28,0.03,0.04,-0.28,1.29,-0.31,9.71,6.93,-1.81,7.56,0,0,0,0.0,0.0,0.0
1787615774.354646,08:56:14.354,639,50.32,27.67,1011.36,15.747,0.0,0.0,0.0,-0.28,0.03,0.04,-0.28,1.29,-0.31,9.71,6.93,-1.81,7.56,0,0,0,0.0,0.0,0.0
1787615774.354811,08:56:14.354,640,50.33,27.67,1011.36,15.747,0.0,0.0,0.0,-0.27,0.02,0.03,-0.27,1.29,-0.31,9.71,6.93,-1.81,7.56,0,0,0,0.0,0.0,0.0
1787615774.455817,08:56:14.455,641,50.34,27.67,1011.36,15.747,0.0,0.0,0.0,-0.27,0.02,0.03,-0.27,1.29,-0.31,9.71,6.93,-1.81,7.56,0,0,0,0.0,0.0,0.0
1787615774.456800,08:56:14.456,642,50.35,27.67,1011.36,15.747,0.0,0.0,0.0,-0.27,0.02,0.03,-0.27,1.29,-0.31,9.71,6.93,-1.81,7.56,0,0,0,0.0,0.0,0.0
1787615774.457207,08:56:14.457,643,50.36,27.67,1011.36,15.747,0.0,0.0,0.0,-0.27,0.02,0.03,-0.27,1.29,-0.31,9.71,6.93,-1.81,7.56,0,0,0,0.0,0.0,0.0
1787615774.457612,08:56:14.457,644,50.37,27.65,1011.33,15.996,0.0,0.0,0.0,-0.27,0.02,0.03,-0.27,1.29,-0.31,9.71,6.93,-1.81,7.56,0,0,0,0.0,0.0,0.0
1787615774.457963,08:56:14.457,645,50.38,27.65,1011.33,15.996,0.0,0.0,0.0,-0.27,0.02,0.03,-0.27,1.29,-0.31,9.71,6.93,-1.81,7.56,0,0,0,0.0,0.0,0.0
1787615774.458294,08:56:14.458,646,50.39,27.65,1011.33,15.996,0.0,0.0,0.0,-0.27,0.02,0.03,-0.27,1.29,-0.31,9.71,6.93,-1.81,7.56,0,0,0,0.0,0.0,0.0
1787615774.458624,08:56:14.458,647,50.4,27.65,1011.33,15.996,0.0,0.0,0.0,-0.27,0.02,0.03,-0.27,1.29,-0.31,9.71,6.93,-1.81,7.56,0,0,0,0.0,0.0,0.0
1787615774.458962,08:56:14.458,648,50.41,27.65,1011.33,15.996,0.0,0.0,0.0,-0.27,0.02,0.03,-0.27,1.29,-0.31,9.71,6.93,-1.81,7.56,0,0,0,0.0,0.0,0.0
1787615774.459509,08:56:14.459,649,50.42,27.65,1011.33,15.996,0.0,0.0,0.0,-0.27,0.02,0.03,-0.27,1.29,-0.31,9.71,6.93,-1.81,7.56,0,0,0,0.0,0.0,0.0
1787615774.459870,08:56:14.459,650,50.43,27.65,1011.33,15.996,0.0,0.0,0.0,-0.25,0.02,0.03,-0.25,1.29,-0.31,9.71,6.93,-1.81,7.56,0,0,0,0.0,0.0,0.0
1787615774.460213,08:56:14.460,651,50.44,27.65,1011.33,15.996,0.0,0.0,0.0,-0.25,0.02,0.03,-0.25,1.29,-0.31,9.71,6.93,-1.81,7.56,0,0,0,0.0,0.0,0.0
1787615774.460546,08:56:14.460,652,50.45,27.65,1011.33,15.996,0.0,0.0,0.0,-0.25,0.02,0.03,-0.25,1.29,-0.31,9.71,6.93,-1.81,7.56,0,0,0,0.0,0.0,0.0
1787615774.561935,08:56:14.561,653,50.46,27.65,1011.33,15.996,0.0,0.0,0.0,-0.25,0.02,0.03,-0.25,1.29,-0.31,9.71,6.93,-1.81,7.56,0,0,0,0.0,0.0,0.0
1787615774.563334,08:56:14.563,654,50.47,27.65,1011.33,15.996,0.0,0.0,0.0,-0.25,0.02,0.03,-0.25,1.29,-0.31,9.71,6.93,-1.81,7.56,0,0,0,0.0,0.0,0.0
1787615774.564265,08:56:14.564,655,50.48,27.65,1011.33,15.996,0.0,0.0,0.0,-0.25,0.02,0.03,-0.25,1.29,-0.31,9.71,6.93,-1.81,7.56,0,0,0,0.0,0.0,0.0
1787615774.564810,08:56:14.564,656,50.49,27.65,1011.33,15.996,0.0,0.0,0.0,-0.25,0.02,0.03,-0.25,1.29,-0.31,9.71,6.93,-1.81,7.56,0,0,0,0.0,0.0,0.0
1787615774.565211,08:56:14.565,657,50.5,27.65,1011.33,15.996,0.0,0.0,0.0,-0.25,0.02,0.03,-0.25,1.29,-0.31,9.71,6.93,-1.81,7.56,0,0,0,0.0,0.0,0.0
1787615774.565616,08:56:14.565,658,50.51,27.65,1011.33,15.996,0.0,0.0,0.0,-0.25,0.02,0.03,-0.25,1.29,-0.31,9.71,6.93,-1.81,7.56,0,0,0,0.0,0.0,0.0
1787615774.565951,08:56:14.565,659,50.52,27.65,1011.33,15.996,0.0,0.0,0.0,-0.25,0.02,0.03,-0.25,1.29,-0.31,9.71,6.93,-1.81,7.56,0,0,0,0.0,0.0,0.0
1787615774.566285,08:56:14.566,660,50.53,27.65,1011.33,15.996,0.0,0.0,0.0,-0.27,0.03,0.03,-0.27,1.29,-0.31,9.71,6.93,-1.81,7.56,0,0,0,0.0,0.0,0.0
1787615774.566690,08:56:14.566,661,50.54,27.65,1011.33,15.996,0.0,0.0,0.0,-0.27,0.03,0.03,-0.27,1.29,-0.31,9.71,6.93,-1.81,7.56,0,0,0,0.0,0.0,0.0
1787615774.567016,08:56:14.567,662,50.55,27.65,1011.33,15.996,0.0,0.0,0.0,-0.27,0.03,0.03,-0.27,1.29,-0.31,9.71,6.93,-1.81,7.56,0,0,0,0.0,0.0,0.0
1787615774.668716,08:56:14.668,663,50.56,27.65,1011.33,15.996,0.0,0.0,0.0,-0.27,0.03,0.03,-0.27,1.29,-0.31,9.71,6.93,-1.81,7.56,0,0,0,0.0,0.0,0.0
1787615774.670903,08:56:14.670,664,50.57,27.66,1011.38,15.581,0.0,0.0,0.0,-0.27,0.03,0.03,-0.27,1.29,-0.31,9.71,6.93,-1.81,7.56,0,0,0,0.0,0.0,0.0
1787615774.671781,08:56:14.671,665,50.58,27.66,1011.38,15.581,0.0,0.0,0.0,-0.27,0.03,0.03,-0.27,1.29,-0.31,9.71,6.93,-1.81,7.56,0,0,0,0.0,0.0,0.0
1787615774.672486,08:56:14.672,666,50.59,27.66,1011.38,15.581,0.0,0.0,0.0,-0.27,0.03,0.03,-0.27,1.29,-0.31,9.71,6.93,-1.81,7.56,0,0,0,0.0,0.0,0.0
1787615774.673184,08:56:14.673,667,50.6,27.66,1011.38,15.581,0.0,0.0,0.0,-0.27,0.03,0.03,-0.27,1.29,-0.31,9.71,6.93,-1.81,7.56,0,0,0,0.0,0.0,0.0
1787615774.673850,08:56:14.673,668,50.61,27.66,1011.38,15.581,0.0,0.0,0.0,-0.27,0.03,0.03,-0.27,1.29,-0.31,9.71,6.93,-1.81,7.56,0,0,0,0.0,0.0,0.0
1787615774.674510,08:56:14.674,669,50.62,27.66,1011.38,15.581,0.0,0.0,0.0,-0.27,0.03,0.03,-0.27,1.29,-0.31,9.71,6.93,-1.81,7.56,0,0,0,0.0,0.0,0.0
1787615774.675168,08:56:14.675,670,50.63,27.66,1011.38,15.581,0.0,0.0,0.0,-0.26,0.03,0.05,-0.26,1.29,-0.31,9.71,6.93,-1.81,7.56,0,0,0,0.0,0.0,0.0
1787615774.675823,08:56:14.675,671,50.64,27.66,1011.38,15.581,0.0,0.0,0.0,-0.26,0.03,0.05,-0.26,1.29,-0.31,9.71,6.93,-1.81,7.56,0,0,0,0.0,0.0,0.0
1787615774.676247,08:56:14.676,672,50.65,27.66,1011.38,15.581,0.0,0.0,0.0,-0.26,0.03,0.05,-0.26,1.29,-0.31,9.71,6.93,-1.81,7.56,0,0,0,0.0,0.0,0.0
1787615774.676573,08:56:14.676,673,50.66,27.66,1011.38,15.581,0.0,0.0,0.0,-0.26,0.03,0.05,-0.26,1.29,-0.31,9.71,6.93,-1.81,7.56,0,0,0,0.0,0.0,0.0
1787615774.777777,08:56:14.777,674,50.67,27.66,1011.38,15.581,0.0,0.0,0.0,-0.26,0.03,0.05,-0.26,1.29,-0.31,9.71,6.93,-1.81,7.56,0,0,0,0.0,0.0,0.0
1787615774.779156,08:56:14.779,675,50.68,27.66,1011.38,15.581,0.0,0.0,0.0,-0.26,0.03,0.05,-0.26,1.29,-0.31,9.71,6.93,-1.81,7.56,0,0,0,0.0,0.0,0.0
1787615774.779849,08:56:14.779,676,50.69,27.66,1011.38,15.581,0.0,0.0,0.0,-0.26,0.03,0.05,-0.26,1.29,-0.31,9.71,6.93,-1.81,7.56,0,0,0,0.0,0.0,0.0
1787615774.780517,08:56:14.780,677,50.7,27.66,1011.38,15.581,0.0,0.0,0.0,-0.26,0.03,0.05,-0.26,1.29,-0.31,9.71,6.93,-1.81,7.56,0,0,0,0.0,0.0,0.0
1787615774.781187,08:56:14.781,678,50.71,27.66,1011.38,15.581,0.0,0.0,0.0,-0.26,0.03,0.05,-0.26,1.29,-0.31,9.71,6.93,-1.81,7.56,0,0,0,0.0,0.0,0.0
1787615774.781845,08:56:14.781,679,50.72,27.66,1011.38,15.581,0.0,0.0,0.0,-0.26,0.03,0.05,-0.26,1.29,-0.31,9.71,6.93,-1.81,7.56,0,0,0,0.0,0.0,0.0
1787615774.782214,08:56:14.782,680,50.73,27.66,1011.38,15.581,0.0,0.0,0.0,-0.29,0.05,0.01,-0.29,1.29,-0.31,9.71,6.93,-1.81,7.56,0,0,0,0.0,0.0,0.0
1787615774.782566,08:56:14.782,681,50.74,27.66,1011.38,15.581,0.0,0.0,0.0,-0.29,0.05,0.01,-0.29,1.29,-0.31,9.71,6.93,-1.81,7.56,0,0,0,0.0,0.0,0.0
1787615774.782905,08:56:14.782,682,50.75,27.66,1011.38,15.581,0.0,0.0,0.0,-0.29,0.05,0.01,-0.29,1.29,-0.31,9.71,6.93,-1.81,7.56,0,0,0,0.0,0.0,0.0
1787615774.783236,08:56:14.783,683,50.76,27.66,1011.38,15.581,0.0,0.0,0.0,-0.29,0.05,0.01,-0.29,1.29,-0.31,9.71,6.93,-1.81,7.56,0,0,0,0.0,0.0,0.0
1787615774.783566,08:56:14.783,684,50.77,27.67,1011.36,15.747,0.0,0.0,0.0,-0.29,0.05,0.01,-0.29,1.29,-0.31,9.71,6.93,-1.81,7.56,0,0,0,0.0,0.0,0.0
1787615774.885185,08:56:14.885,685,50.78,27.67,1011.36,15.747,0.0,0.0,0.0,-0.29,0.05,0.01,-0.29,1.29,-0.31,9.71,6.93,-1.81,7.56,0,0,0,0.0,0.0,0.0
1787615774.885732,08:56:14.885,686,50.79,27.67,1011.36,15.747,0.0,0.0,0.0,-0.29,0.05,0.01,-0.29,1.29,-0.31,9.71,6.93,-1.81,7.56,0,0,0,0.0,0.0,0.0
1787615774.885974,08:56:14.885,687,50.8,27.67,1011.36,15.747,0.0,0.0,0.0,-0.29,0.05,0.01,-0.29,1.29,-0.31,9.71,6.93,-1.81,7.56,0,0,0,0.0,0.0,0.0
1787615774.886204,08:56:14.886,688,50.81,27.67,1011.36,15.747,0.0,0.0,0.0,-0.29,0.05,0.01,-0.29,1.29,-0.31,9.71,6.93,-1.81,7.56,0,0,0,0.0,0.0,0.0
1787615774.886433,08:56:14.886,689,50.82,27.67,1011.36,15.747,0.0,0.0,0.0,-0.29,0.05,0.01,-0.29,1.29,-0.31,9.71,6.93,-1.81,7.56,0,0,0,0.0,0.0,0.0
1787615774.886655,08:56:14.886,690,50.83,27.67,1011.36,15.747,0.0,0.0,0.0,-0.27,0.01,0.03,-0.27,1.29,-0.31,9.71,6.93,-1.81,7.56,0,0,0,0.0,0.0,0.0
1787615774.886881,08:56:14.886,691,50.84,27.67,1011.36,15.747,0.0,0.0,0.0,-0.27,0.01,0.03,-0.27,1.29,-0.31,9.71,6.93,-1.81,7.56,0,0,0,0.0,0.0,0.0
1787615774.887104,08:56:14.887,692,50.85,27.67,1011.36,15.747,0.0,0.0,0.0,-0.27,0.01,0.03,-0.27,1.29,-0.31,9.71,6.93,-1.81,7.56,0,0,0,0.0,0.0,0.0
1787615774.887323,08:56:14.887,693,50.86,27.67,1011.36,15.747,0.0,0.0,0.0,-0.27,0.01,0.03,-0.27,1.29,-0.31,9.71,6.93,-1.81,7.56,0,0,0,0.0,0.0,0.0
1787615774.887552,08:56:14.887,694,50.87,27.67,1011.36,15.747,0.0,0.0,0.0,-0.27,0.01,0.03,-0.27,1.29,-0.31,9.71,6.93,-1.81,7.56,0,0,0,0.0,0.0,0.0
1787615774.988944,08:56:14.988,695,50.88,27.67,1011.36,15.747,0.0,0.0,0.0,-0.27,0.01,0.03,-0.27,1.29,-0.31,9.71,6.93,-1.81,7.56,0,0,0,0.0,0.0,0.0
1787615774.989401,08:56:14.989,696,50.89,27.67,1011.36,15.747,0.0,0.0,0.0,-0.27,0.01,0.03,-0.27,1.29,-0.31,9.71,6.93,-1.81,7.56,0,0,0,0.0,0.0,0.0
1787615774.989631,08:56:14.989,697,50.9,27.67,1011.36,15.747,0.0,0.0,0.0,-0.27,0.01,0.03,-0.27,1.29,-0.31,9.71,6.93,-1.81,7.56,0,0,0,0.0,0.0,0.0
1787615774.989854,08:56:14.989,698,50.91,27.67,1011.36,15.747,0.0,0.0,0.0,-0.27,0.01,0.03,-0.27,1.29,-0.31,9.71,6.93,-1.81,7.56,0,0,0,0.0,0.0,0.0
1787615774.990073,08:56:14.990,699,50.92,27.67,1011.36,15.747,0.0,0.0,0.0,-0.27,0.01,0.03,-0.27,1.29,-0.31,9.71,6.93,-1.81,7.56,0,0,0,0.0,0.0,0.0
1787615774.990291,08:56:14.990,700,50.93,27.67,1011.36,15.747,0.0,0.0,0.0,-0.25,0.02,0.03,-0.25,1.29,-0.31,9.71,6.93,-1.81,7.56,0,0,0,0.0,0.0,0.0
1787615774.990512,08:56:14.990,701,50.94,27.67,1011.36,15.747,0.0,0.0,0.0,-0.25,0.02,0.03,-0.25,1.29,-0.31,9.71,6.93,-1.81,7.56,0,0,0,0.0,0.0,0.0
1787615774.990731,08:56:14.990,702,50.95,27.67,1011.36,15.747,0.0,0.0,0.0,-0.25,0.02,0.03,-0.25,1.29,-0.31,9.71,6.93,-1.81,7.56,0,0,0,0.0,0.0,0.0
1787615774.990947,08:56:14.990,703,50.96,27.67,1011.36,15.747,0.0,0.0,0.0,-0.25,0.02,0.03,-0.25,1.29,-0.31,9.71,6.93,-1.81,7.56,0,0,0,0.0,0.0,0.0
1787615774.991164,08:56:14.991,704,50.97,27.67,1011.33,15.996,0.0,0.0,0.0,-0.25,0.02,0.03,-0.25,1.29,-0.31,9.71,6.93,-1.81,7.56,0,0,0,0.0,0.0,0.0
1787615774.991382,08:56:14.991,705,50.98,27.67,1011.33,15.996,0.0,0.0,0.0,-0.25,0.02,0.03,-0.25,1.29,-0.31,9.71,6.93,-1.81,7.56,0,0,0,0.0,0.0,0.0
1787615775.092910,08:56:15.092,706,50.99,27.67,1011.33,15.996,0.0,0.0,0.0,-0.25,0.02,0.03,-0.25,1.29,-0.31,9.71,6.93,-1.81,7.56,0,0,0,0.0,0.0,0.0
1787615775.093532,08:56:15.093,707,51.0,27.67,1011.33,15.996,0.0,0.0,0.0,-0.25,0.02,0.03,-0.25,1.29,-0.31,9.71,6.93,-1.81,7.56,0,0,0,0.0,0.0,0.0
1787615775.093808,08:56:15.093,708,51.01,27.67,1011.33,15.996,0.0,0.0,0.0,-0.25,0.02,0.03,-0.25,1.29,-0.31,9.71,6.93,-1.81,7.56,0,0,0,0.0,0.0,0.0
1787615775.094014,08:56:15.094,709,51.02,27.67,1011.33,15.996,0.0,0.0,0.0,-0.25,0.02,0.03,-0.25,1.29,-0.31,9.71,6.93,-1.81,7.56,0,0,0,0.0,0.0,0.0
1787615775.094218,08:56:15.094,710,51.03,27.67,1011.33,15.996,0.0,0.0,0.0,-0.29,0.02,0.0,-0.29,1.29,-0.31,9.71,6.93,-1.81,7.56,0,0,0,0.0,0.0,0.0
1787615775.094536,08:56:15.094,711,51.04,27.67,1011.33,15.996,0.0,0.0,0.0,-0.29,0.02,0.0,-0.29,1.29,-0.31,9.71,6.93,-1.81,7.56,0,0,0,0.0,0.0,0.0
1787615775.094731,08:56:15.094,712,51.05,27.67,1011.33,15.996,0.0,0.0,0.0,-0.29,0.02,0.0,-0.29,1.29,-0.31,9.71,6.93,-1.81,7.56,0,0,0,0.0,0.0,0.0
1787615775.094923,08:56:15.094,713,51.06,27.67,1011.33,15.996,0.0,0.0,0.0,-0.29,0.02,0.0,-0.29,1.29,-0.31,9.71,6.93,-1.81,7.56,0,0,0,0.0,0.0,0.0
1787615775.095116,08:56:15.095,714,51.07,27.67,1011.33,15.996,0.0,0.0,0.0,-0.29,0.02,0.0,-0.29,1.29,-0.31,9.71,6.93,-1.81,7.56,0,0,0,0.0,0.0,0.0
1787615775.095311,08:56:15.095,715,51.08,27.67,1011.33,15.996,0.0,0.0,0.0,-0.29,0.02,0.0,-0.29,1.29,-0.31,9.71,6.93,-1.81,7.56,0,0,0,0.0,0.0,0.0
1787615775.196780,08:56:15.196,716,51.09,27.67,1011.33,15.996,0.0,0.0,0.0,-0.29,0.02,0.0,-0.29,1.29,-0.31,9.71,6.93,-1.81,7.56,0,0,0,0.0,0.0,0.0
1787615775.197606,08:56:15.197,717,51.1,27.67,1011.33,15.996,0.0,0.0,0.0,-0.29,0.02,0.0,-0.29,1.29,-0.31,9.71,6.93,-1.81,7.56,0,0,0,0.0,0.0,0.0
1787615775.197820,08:56:15.197,718,51.11,27.67,1011.33,15.996,0.0,0.0,0.0,-0.29,0.02,0.0,-0.29,1.29,-0.31,9.71,6.93,-1.81,7.56,0,0,0,0.0,0.0,0.0
1787615775.198007,08:56:15.198,719,51.12,27.67,1011.33,15.996,0.0,0.0,0.0,-0.29,0.02,0.0,-0.29,1.29,-0.31,9.71,6.93,-1.81,7.56,0,0,0,0.0,0.0,0.0
1787615775.198186,08:56:15.198,720,51.13,27.67,1011.33,15.996,0.0,0.0,0.0,-0.28,0.04,0.01,-0.28,1.29,-0.31,9.71,6.93,-1.81,7.56,0,0,0,0.0,0.0,0.0
1787615775.198360,08:56:15.198,721,51.14,27.67,1011.33,15.996,0.0,0.0,0.0,-0.28,0.04,0.01,-0.28,1.29,-0.31,9.71,6.93,-1.81,7.56,0,0,0,0.0,0.0,0.0
1787615775.198534,08:56:15.198,722,51.15,27.67,1011.33,15.996,0.0,0.0,0.0,-0.28,0.04,0.01,-0.28,1.29,-0.31,9.71,6.93,-1.81,7.56,0,0,0,0.0,0.0,0.0
1787615775.198706,08:56:15.198,723,51.16,27.67,1011.33,15.996,0.0,0.0,0.0,-0.28,0.04,0.01,-0.28,1.29,-0.31,9.71,6.93,-1.81,7.56,0,0,0,0.0,0.0,0.0
1787615775.198875,08:56:15.198,724,51.17,27.67,1011.36,15.747,0.0,0.0,0.0,-0.28,0.04,0.01,-0.28,1.29,-0.31,9.71,6.93,-1.81,7.56,0,0,0,0.0,0.0,0.0
1787615775.336845,08:56:15.336,725,51.18,27.67,1011.36,15.747,0.0,0.0,0.0,-0.28,0.04,0.01,-0.28,1.29,-0.31,9.71,6.93,-1.81,7.56,0,0,0,0.0,0.0,0.0
1787615775.337188,08:56:15.337,726,51.19,27.67,1011.36,15.747,0.0,0.0,0.0,-0.28,0.04,0.01,-0.28,1.29,-0.31,9.71,6.93,-1.81,7.56,0,0,0,0.0,0.0,0.0
1787615775.337358,08:56:15.337,727,51.2,27.67,1011.36,15.747,0.0,0.0,0.0,-0.28,0.04,0.01,-0.28,1.29,-0.31,9.71,6.93,-1.81,7.56,0,0,0,0.0,0.0,0.0
1787615775.337516,08:56:15.337,728,51.21,27.67,1011.36,15.747,0.0,0.0,0.0,-0.28,0.04,0.01,-0.28,1.29,-0.31,9.71,6.93,-1.81,7.56,0,0,0,0.0,0.0,0.0
1787615775.337671,08:56:15.337,729,51.22,27.67,1011.36,15.747,0.0,0.0,0.0,-0.28,0.04,0.01,-0.28,1.29,-0.31,9.71,6.93,-1.81,7.56,0,0,0,0.0,0.0,0.0
1787615775.337826,08:56:15.337,730,51.23,27.67,1011.36,15.747,0.0,0.0,0.0,-0.28,0.02,0.01,-0.28,1.29,-0.31,9.71,6.93,-1.81,7.56,0,0,0,0.0,0.0,0.0
1787615775.337979,08:56:15.337,731,51.24,27.67,1011.36,15.747,0.0,0.0,0.0,-0.28,0.02,0.01,-0.28,1.29,-0.31,9.71,6.93,-1.81,7.56,0,0,0,0.0,0.0,0.0
1787615775.338131,08:56:15.338,732,51.25,27.67,1011.36,15.747,0.0,0.0,0.0,-0.28,0.02,0.01,-0.28,1.29,-0.31,9.71,6.93,-1.81,7.56,0,0,0,0.0,0.0,0.0
1787615775.338283,08:56:15.338,733,51.26,27.67,1011.36,15.747,0.0,0.0,0.0,-0.28,0.02,0.01,-0.28,1.29,-0.31,9.71,6.93,-1.81,7.56,0,0,0,0.0,0.0,0.0
1787615775.338435,08:56:15.338,734,51.27,27.67,1011.36,15.747,0.0,0.0,0.0,-0.28,0.02,0.01,-0.28,1.29,-0.31,9.71,6.93,-1.81,7.56,0,0,0,0.0,0.0,0.0
1787615775.338586,08:56:15.338,735,51.28,27.67,1011.36,15.747,0.0,0.0,0.0,-0.28,0.02,0.01,-0.28,1.29,-0.31,9.71,6.93,-1.81,7.56,0,0,0,0.0,0.0,0.0
1787615775.338739,08:56:15.338,736,51.29,27.67,1011.36,15.747,0.0,0.0,0.0,-0.28,0.02,0.01,-0.28,1.29,-0.31,9.71,6.93,-1.81,7.56,0,0,0,0.0,0.0,0.0
1787615775.338884,08:56:15.338,737,51.3,27.67,1011.36,15.747,0.0,0.0,0.0,-0.28,0.02,0.01,-0.28,1.29,-0.31,9.71,6.93,-1.81,7.56,0,0,0,0.0,0.0,0.0
1787615775.339025,08:56:15.339,738,51.31,27.67,1011.36,15.747,0.0,0.0,0.0,-0.28,0.02,0.01,-0.28,1.29,-0.31,9.71,6.93,-1.81,7.56,0,0,0,0.0,0.0,0.0
1787615775.339161,08:56:15.339,739,51.32,27.67,1011.36,15.747,0.0,0.0,0.0,-0.28,0.02,0.01,-0.28,1.29,-0.31,9.71,6.93,-1.81,7.56,0,0,0,0.0,0.0,0.0
1787615775.440025,08:56:15.440,740,51.33,27.67,1011.36,15.747,0.0,0.0,0.0,-0.27,0.03,0.03,-0.27,1.29,-0.31,9.71,6.93,-1.81,7.56,0,0,0,0.0,0.0,0.0
1787615775.440605,08:56:15.440,741,51.34,27.67,1011.36,15.747,0.0,0.0,0.0,-0.27,0.03,0.03,-0.27,1.29,-0.31,9.71,6.93,-1.81,7.56,0,0,0,0.0,0.0,0.0
1787615775.440778,08:56:15.440,742,51.35,27.67,1011.36,15.747,0.0,0.0,0.0,-0.27,0.03,0.03,-0.27,1.29,-0.31,9.71,6.93,-1.81,7.56,0,0,0,0.0,0.0,0.0
1787615775.440930,08:56:15.440,743,51.36,27.67,1011.36,15.747,0.0,0.0,0.0,-0.27,0.03,0.03,-0.27,1.29,-0.31,9.71,6.93,-1.81,7.56,0,0,0,0.0,0.0,0.0
1787615775.441163,08:56:15.441,744,51.37,27.66,1011.33,15.996,0.0,0.0,0.0,-0.27,0.03,0.03,-0.27,1.29,-0.31,9.71,6.93,-1.81,7.56,0,0,0,0.0,0.0,0.0
1787615775.441334,08:56:15.441,745,51.38,27.66,1011.33,15.996,0.0,0.0,0.0,-0.27,0.03,0.03,-0.27,1.29,-0.31,9.71,6.93,-1.81,7.56,0,0,0,0.0,0.0,0.0
1787615775.441487,08:56:15.441,746,51.39,27.66,1011.33,15.996,0.0,0.0,0.0,-0.27,0.03,0.03,-0.27,1.29,-0.31,9.71,6.93,-1.81,7.56,0,0,0,0.0,0.0,0.0
1787615775.441636,08:56:15.441,747,51.4,27.66,1011.33,15.996,0.0,0.0,0.0,-0.27,0.03,0.03,-0.27,1.29,-0.31,9.71,6.93,-1.81,7.56,0,0,0,0.0,0.0,0.0
1787615775.441781,08:56:15.441,748,51.41,27.66,1011.33,15.996,0.0,0.0,0.0,-0.27,0.03,0.03,-0.27,1.29,-0.31,9.71,6.93,-1.81,7.56,0,0,0,0.0,0.0,0.0
1787615775.542462,08:56:15.542,749,51.42,27.66,1011.33,15.996,0.0,0.0,0.0,-0.27,0.03,0.03,-0.27,1.29,-0.31,9.71,6.93,-1.81,7.56,0,0,0,0.0,0.0,0.0
1787615775.543169,08:56:15.543,750,51.43,27.66,1011.33,15.996,0.0,0.0,0.0,-0.25,0.01,0.04,-0.25,1.29,-0.31,9.71,6.93,-1.81,7.56,0,0,0,0.0,0.0,0.0
1787615775.543529,08:56:15.543,751,51.44,27.66,1011.33,15.996,0.0,0.0,0.0,-0.25,0.01,0.04,-0.25,1.29,-0.31,9.71,6.93,-1.81,7.56,0,0,0,0.0,0.0,0.0
1787615775.543730,08:56:15.543,752,51.45,27.66,1011.33,15.996,0.0,0.0,0.0,-0.25,0.01,0.04,-0.25,1.29,-0.31,9.71,6.93,-1.81,7.56,0,0,0,0.0,0.0,0.0
1787615775.543849,08:56:15.543,753,51.46,27.66,1011.33,15.996,0.0,0.0,0.0,-0.25,0.01,0.04,-0.25,1.29,-0.31,9.71,6.93,-1.81,7.56,0,0,0,0.0,0.0,0.0
1787615775.543958,08:56:15.543,754,51.47,27.66,1011.33,15.996,0.0,0.0,0.0,-0.25,0.01,0.04,-0.25,1.29,-0.31,9.71,6.93,-1.81,7.56,0,0,0,0.0,0.0,0.0
1787615775.544064,08:56:15.544,755,51.48,27.66,1011.33,15.996,0.0,0.0,0.0,-0.25,0.01,0.04,-0.25,1.29,-0.31,9.71,6.93,-1.81,7.56,0,0,0,0.0,0.0,0.0
1787615775.544170,08:56:15.544,756,51.49,27.66,1011.33,15.996,0.0,0.0,0.0,-0.25,0.01,0.04,-0.25,1.29,-0.31,9.71,6.93,-1.81,7.56,0,0,0,0.0,0.0,0.0
1787615775.544275,08:56:15.544,757,51.5,27.66,1011.33,15.996,0.0,0.0,0.0,-0.25,0.01,0.04,-0.25,1.29,-0.31,9.71,6.93,-1.81,7.56,0,0,0,0.0,0.0,0.0
1787615775.544380,08:56:15.544,758,51.51,27.66,1011.33,15.996,0.0,0.0,0.0,-0.25,0.01,0.04,-0.25,1.29,-0.31,9.71,6.93,-1.81,7.56,0,0,0,0.0,0.0,0.0
1787615775.544484,08:56:15.544,759,51.52,27.66,1011.33,15.996,0.0,0.0,0.0,-0.25,0.01,0.04,-0.25,1.29,-0.31,9.71,6.93,-1.81,7.56,0,0,0,0.0,0.0,0.0
1787615775.544589,08:56:15.544,760,51.53,27.66,1011.33,15.996,0.0,0.0,0.0,-0.27,0.04,0.02,-0.27,1.29,-0.31,9.71,6.93,-1.81,7.56,0,0,0,0.0,0.0,0.0
1787615775.646187,08:56:15.646,761,51.54,27.66,1011.33,15.996,0.0,0.0,0.0,-0.27,0.04,0.02,-0.27,1.29,-0.31,9.71,6.93,-1.81,7.56,0,0,0,0.0,0.0,0.0
1787615775.646539,08:56:15.646,762,51.55,27.66,1011.33,15.996,0.0,0.0,0.0,-0.27,0.04,0.02,-0.27,1.29,-0.31,9.71,6.93,-1.81,7.56,0,0,0,0.0,0.0,0.0
1787615775.646749,08:56:15.646,763,51.56,27.66,1011.33,15.996,0.0,0.0,0.0,-0.27,0.04,0.02,-0.27,1.29,-0.31,9.71,6.93,-1.81,7.56,0,0,0,0.0,0.0,0.0
1787615775.646944,08:56:15.646,764,51.57,27.66,1011.34,15.914,0.0,0.0,0.0,-0.27,0.04,0.02,-0.27,1.29,-0.31,9.71,6.93,-1.81,7.56,0,0,0,0.0,0.0,0.0
1787615775.647144,08:56:15.647,765,51.58,27.66,1011.34,15.914,0.0,0.0,0.0,-0.27,0.04,0.02,-0.27,1.29,-0.31,9.71,6.93,-1.81,7.56,0,0,0,0.0,0.0,0.0
1787615775.647334,08:56:15.647,766,51.59,27.66,1011.34,15.914,0.0,0.0,0.0,-0.27,0.04,0.02,-0.27,1.29,-0.31,9.71,6.93,-1.81,7.56,0,0,0,0.0,0.0,0.0
1787615775.647543,08:56:15.647,767,51.6,27.66,1011.34,15.914,0.0,0.0,0.0,-0.27,0.04,0.02,-0.27,1.29,-0.31,9.71,6.93,-1.81,7.56,0,0,0,0.0,0.0,0.0
1787615775.647744,08:56:15.647,768,51.61,27.66,1011.34,15.914,0.0,0.0,0.0,-0.27,0.04,0.02,-0.27,1.29,-0.31,9.71,6.93,-1.81,7.56,0,0,0,0.0,0.0,0.0
1787615775.647929,08:56:15.647,769,51.62,27.66,1011.34,15.914,0.0,0.0,0.0,-0.27,0.04,0.02,-0.27,1.29,-0.31,9.71,6.93,-1.81,7.56,0,0,0,0.0,0.0,0.0
1787615775.648115,08:56:15.648,770,51.631,27.66,1011.34,15.914,0.0,0.0,0.0,-0.29,0.02,0.05,-0.29,1.29,-0.31,9.71,6.93,-1.81,7.56,0,0,0,0.0,0.0,0.0
1787615775.648301,08:56:15.648,771,51.64,27.66,1011.34,15.914,0.0,0.0,0.0,-0.29,0.02,0.05,-0.29,1.29,-0.31,9.71,6.93,-1.81,7.56,0,0,0,0.0,0.0,0.0
1787615775.749696,08:56:15.749,772,51.65,27.66,1011.34,15.914,0.0,0.0,0.0,-0.29,0.02,0.05,-0.29,1.29,-0.31,9.71,6.93,-1.81,7.56,0,0,0,0.0,0.0,0.0
1787615775.750525,08:56:15.750,773,51.66,27.66,1011.34,15.914,0.0,0.0,0.0,-0.29,0.02,0.05,-0.29,1.29,-0.31,9.71,6.93,-1.81,7.56,0,0,0,0.0,0.0,0.0
1787615775.750804,08:56:15.750,774,51.67,27.66,1011.34,15.914,0.0,0.0,0.0,-0.29,0.02,0.05,-0.29,1.29,-0.31,9.71,6.93,-1.81,7.56,0,0,0,0.0,0.0,0.0
1787615775.751010,08:56:15.751,775,51.68,27.66,1011.34,15.914,0.0,0.0,0.0,-0.29,0.02,0.05,-0.29,1.29,-0.31,9.71,6.93,-1.81,7.56,0,0,0,0.0,0.0,0.0
1787615775.751196,08:56:15.751,776,51.69,27.66,1011.34,15.914,0.0,0.0,0.0,-0.29,0.02,0.05,-0.29,1.29,-0.31,9.71,6.93,-1.81,7.56,0,0,0,0.0,0.0,0.0
1787615775.751370,08:56:15.751,777,51.7,27.66,1011.34,15.914,0.0,0.0,0.0,-0.29,0.02,0.05,-0.29,1.29,-0.31,9.71,6.93,-1.81,7.56,0,0,0,0.0,0.0,0.0
1787615775.751542,08:56:15.751,778,51.71,27.66,1011.34,15.914,0.0,0.0,0.0,-0.29,0.02,0.05,-0.29,1.29,-0.31,9.71,6.93,-1.81,7.56,0,0,0,0.0,0.0,0.0
1787615775.751713,08:56:15.751,779,51.72,27.66,1011.34,15.914,0.0,0.0,0.0,-0.29,0.02,0.05,-0.29,1.29,-0.31,9.71,6.93,-1.81,7.56,0,0,0,0.0,0.0,0.0
1787615775.751882,08:56:15.751,780,51.73,27.66,1011.34,15.914,0.0,0.0,0.0,-0.29,0.02,0.05,-0.29,1.29,-0.31,9.71,6.93,-1.81,7.56,0,0,0,0.0,0.0,0.0
1787615775.752052,08:56:15.752,781,51.74,27.66,1011.34,15.914,0.0,0.0,0.0,-0.27,0.03,0.04,-0.27,1.29,-0.31,9.71,6.93,-1.81,7.56,0,0,0,0.0,0.0,0.0
1787615775.853516,08:56:15.853,782,51.75,27.66,1011.34,15.914,0.0,0.0,0.0,-0.27,0.03,0.04,-0.27,1.29,-0.31,9.71,6.93,-1.81,7.56,0,0,0,0.0,0.0,0.0
1787615775.854134,08:56:15.854,783,51.76,27.66,1011.34,15.914,0.0,0.0,0.0,-0.27,0.03,0.04,-0.27,1.29,-0.31,9.71,6.93,-1.81,7.56,0,0,0,0.0,0.0,0.0
1787615775.856025,08:56:15.856,784,51.77,27.65,1011.34,15.914,0.0,0.0,0.0,-0.27,0.03,0.04,-0.27,1.29,-0.31,9.71,6.93,-1.81,7.56,0,0,0,0.0,0.0,0.0
1787615775.856501,08:56:15.856,785,51.78,27.65,1011.34,15.914,0.0,0.0,0.0,-0.27,0.03,0.04,-0.27,1.29,-0.31,9.71,6.93,-1.81,7.56,0,0,0,0.0,0.0,0.0
1787615775.856950,08:56:15.856,786,51.79,27.65,1011.34,15.914,0.0,0.0,0.0,-0.27,0.03,0.04,-0.27,1.29,-0.31,9.71,6.93,-1.81,7.56,0,0,0,0.0,0.0,0.0
1787615775.857284,08:56:15.857,787,51.8,27.65,1011.34,15.914,0.0,0.0,0.0,-0.27,0.03,0.04,-0.27,1.29,-0.31,9.71,6.93,-1.81,7.56,0,0,0,0.0,0.0,0.0
1787615775.857584,08:56:15.857,788,51.81,27.65,1011.34,15.914,0.0,0.0,0.0,-0.27,0.03,0.04,-0.27,1.29,-0.31,9.71,6.93,-1.81,7.56,0,0,0,0.0,0.0,0.0
1787615775.857995,08:56:15.857,789,51.82,27.65,1011.34,15.914,0.0,0.0,0.0,-0.27,0.03,0.04,-0.27,1.29,-0.31,9.71,6.93,-1.81,7.56,0,0,0,0.0,0.0,0.0
1787615775.858431,08:56:15.858,790,51.83,27.65,1011.34,15.914,0.0,0.0,0.0,-0.27,0.03,0.04,-0.27,1.29,-0.31,9.71,6.93,-1.81,7.56,0,0,0,0.0,0.0,0.0
1787615775.858805,08:56:15.858,791,51.84,27.65,1011.34,15.914,0.0,0.0,0.0,-0.26,0.02,0.03,-0.26,1.29,-0.31,9.71,6.93,-1.81,7.56,0,0,0,0.0,0.0,0.0
1787615775.859189,08:56:15.859,792,51.85,27.65,1011.34,15.914,0.0,0.0,0.0,-0.26,0.02,0.03,-0.26,1.29,-0.31,9.71,6.93,-1.81,7.56,0,0,0,0.0,0.0,0.0
1787615775.960976,08:56:15.960,793,51.86,27.65,1011.34,15.914,0.0,0.0,0.0,-0.26,0.02,0.03,-0.26,1.29,-0.31,9.71,6.93,-1.81,7.56,0,0,0,0.0,0.0,0.0
1787615775.962116,08:56:15.962,794,51.87,27.65,1011.34,15.914,0.0,0.0,0.0,-0.26,0.02,0.03,-0.26,1.29,-0.31,9.71,6.93,-1.81,7.56,0,0,0,0.0,0.0,0.0
1787615775.962530,08:56:15.962,795,51.88,27.65,1011.34,15.914,0.0,0.0,0.0,-0.26,0.02,0.03,-0.26,1.29,-0.31,9.71,6.93,-1.81,7.56,0,0,0,0.0,0.0,0.0
1787615775.962922,08:56:15.962,796,51.89,27.65,1011.34,15.914,0.0,0.0,0.0,-0.26,0.02,0.03,-0.26,1.29,-0.31,9.71,6.93,-1.81,7.56,0,0,0,0.0,0.0,0.0
1787615775.963255,08:56:15.963,797,51.9,27.65,1011.34,15.914,0.0,0.0,0.0,-0.26,0.02,0.03,-0.26,1.29,-0.31,9.71,6.93,-1.81,7.56,0,0,0,0.0,0.0,0.0
1787615775.963618,08:56:15.963,798,51.91,27.65,1011.34,15.914,0.0,0.0,0.0,-0.26,0.02,0.03,-0.26,1.29,-0.31,9.71,6.93,-1.81,7.56,0,0,0,0.0,0.0,0.0
1787615775.964115,08:56:15.964,799,51.92,27.65,1011.34,15.914,0.0,0.0,0.0,-0.26,0.02,0.03,-0.26,1.29,-0.31,9.71,6.93,-1.81,7.56,0,0,0,0.0,0.0,0.0
1787615775.964386,08:56:15.964,800,51.93,27.65,1011.34,15.914,0.0,0.0,0.0,-0.29,0.04,0.03,-0.29,1.29,-0.31,9.71,6.93,-1.81,7.56,0,0,0,0.0,0.0,0.0
1787615775.964595,08:56:15.964,801,51.94,27.65,1011.34,15.914,0.0,0.0,0.0,-0.29,0.04,0.03,-0.29,1.29,-0.31,9.71,6.93,-1.81,7.56,0,0,0,0.0,0.0,0.0
1787615775.964798,08:56:15.964,802,51.95,27.65,1011.34,15.914,0.0,0.0,0.0,-0.29,0.04,0.03,-0.29,1.29,-0.31,9.71,6.93,-1.81,7.56,0,0,0,0.0,0.0,0.0
1787615776.066230,08:56:16.066,803,51.96,27.65,1011.34,15.914,0.0,0.0,0.0,-0.29,0.04,0.03,-0.29,1.29,-0.31,9.71,6.93,-1.81,7.56,0,0,0,0.0,0.0,0.0
1787615776.067033,08:56:16.067,804,51.97,27.66,1011.34,15.914,0.0,0.0,0.0,-0.29,0.04,0.03,-0.29,1.29,-0.31,9.71,6.93,-1.81,7.56,0,0,0,0.0,0.0,0.0
1787615776.067472,08:56:16.067,805,51.98,27.66,1011.34,15.914,0.0,0.0,0.0,-0.29,0.04,0.03,-0.29,1.29,-0.31,9.71,6.93,-1.81,7.56,0,0,0,0.0,0.0,0.0
1787615776.067705,08:56:16.067,806,51.99,27.66,1011.34,15.914,0.0,0.0,0.0,-0.29,0.04,0.03,-0.29,1.29,-0.31,9.71,6.93,-1.81,7.56,0,0,0,0.0,0.0,0.0
1787615776.067930,08:56:16.067,807,52.0,27.66,1011.34,15.914,0.0,0.0,0.0,-0.29,0.04,0.03,-0.29,1.29,-0.31,9.71,6.93,-1.81,7.56,0,0,0,0.0,0.0,0.0
1787615776.068158,08:56:16.068,808,52.01,27.66,1011.34,15.914,0.0,0.0,0.0,-0.29,0.04,0.03,-0.29,1.29,-0.31,9.71,6.93,-1.81,7.56,0,0,0,0.0,0.0,0.0
1787615776.068393,08:56:16.068,809,52.02,27.66,1011.34,15.914,0.0,0.0,0.0,-0.29,0.04,0.03,-0.29,1.29,-0.31,9.71,6.93,-1.81,7.56,0,0,0,0.0,0.0,0.0
1787615776.068617,08:56:16.068,810,52.03,27.66,1011.34,15.914,0.0,0.0,0.0,-0.27,0.01,0.01,-0.27,1.29,-0.31,9.71,6.93,-1.81,7.56,0,0,0,0.0,0.0,0.0
1787615776.068947,08:56:16.068,811,52.04,27.66,1011.34,15.914,0.0,0.0,0.0,-0.27,0.01,0.01,-0.27,1.29,-0.31,9.71,6.93,-1.81,7.56,0,0,0,0.0,0.0,0.0
1787615776.069173,08:56:16.069,812,52.05,27.66,1011.34,15.914,0.0,0.0,0.0,-0.27,0.01,0.01,-0.27,1.29,-0.31,9.71,6.93,-1.81,7.56,0,0,0,0.0,0.0,0.0
1787615776.170717,08:56:16.170,813,52.06,27.66,1011.34,15.914,0.0,0.0,0.0,-0.27,0.01,0.01,-0.27,1.29,-0.31,9.71,6.93,-1.81,7.56,0,0,0,0.0,0.0,0.0
1787615776.171590,08:56:16.171,814,52.07,27.66,1011.34,15.914,0.0,0.0,0.0,-0.27,0.01,0.01,-0.27,1.29,-0.31,9.71,6.93,-1.81,7.56,0,0,0,0.0,0.0,0.0
1787615776.171866,08:56:16.171,815,52.08,27.66,1011.34,15.914,0.0,0.0,0.0,-0.27,0.01,0.01,-0.27,1.29,-0.31,9.71,6.93,-1.81,7.56,0,0,0,0.0,0.0,0.0
1787615776.172123,08:56:16.172,816,52.09,27.66,1011.34,15.914,0.0,0.0,0.0,-0.27,0.01,0.01,-0.27,1.29,-0.31,9.71,6.93,-1.81,7.56,0,0,0,0.0,0.0,0.0
1787615776.172401,08:56:16.172,817,52.1,27.66,1011.34,15.914,0.0,0.0,0.0,-0.27,0.01,0.01,-0.27,1.29,-0.31,9.71,6.93,-1.81,7.56,0,0,0,0.0,0.0,0.0
1787615776.172656,08:56:16.172,818,52.11,27.66,1011.34,15.914,0.0,0.0,0.0,-0.27,0.01,0.01,-0.27,1.29,-0.31,9.71,6.93,-1.81,7.56,0,0,0,0.0,0.0,0.0
1787615776.172905,08:56:16.172,819,52.12,27.66,1011.34,15.914,0.0,0.0,0.0,-0.27,0.01,0.01,-0.27,1.29,-0.31,9.71,6.93,-1.81,7.56,0,0,0,0.0,0.0,0.0
1787615776.173164,08:56:16.173,820,52.13,27.66,1011.34,15.914,0.0,0.0,0.0,-0.26,0.03,0.03,-0.26,1.29,-0.31,9.71,6.93,-1.81,7.56,0,0,0,0.0,0.0,0.0
1787615776.173430,08:56:16.173,821,52.14,27.66,1011.34,15.914,0.0,0.0,0.0,-0.26,0.03,0.03,-0.26,1.29,-0.31,9.71,6.93,-1.81,7.56,0,0,0,0.0,0.0,0.0
1787615776.173687,08:56:16.173,822,52.15,27.66,1011.34,15.914,0.0,0.0,0.0,-0.26,0.03,0.03,-0.26,1.29,-0.31,9.71,6.93,-1.81,7.56,0,0,0,0.0,0.0,0.0
1787615776.173940,08:56:16.173,823,52.16,27.66,1011.34,15.914,0.0,0.0,0.0,-0.26,0.03,0.03,-0.26,1.29,-0.31,9.71,6.93,-1.81,7.56,0,0,0,0.0,0.0,0.0
1787615776.275232,08:56:16.275,824,52.17,27.67,1011.35,15.829,0.0,0.0,0.0,-0.26,0.03,0.03,-0.26,1.29,-0.31,9.71,6.93,-1.81,7.56,0,0,0,0.0,0.0,0.0
1787615776.276284,08:56:16.276,825,52.18,27.67,1011.35,15.829,0.0,0.0,0.0,-0.26,0.03,0.03,-0.26,1.29,-0.31,9.71,6.93,-1.81,7.56,0,0,0,0.0,0.0,0.0
1787615776.276753,08:56:16.276,826,52.19,27.67,1011.35,15.829,0.0,0.0,0.0,-0.26,0.03,0.03,-0.26,1.29,-0.31,9.71,6.93,-1.81,7.56,0,0,0,0.0,0.0,0.0
1787615776.277476,08:56:16.277,827,52.2,27.67,1011.35,15.829,0.0,0.0,0.0,-0.26,0.03,0.03,-0.26,1.29,-0.31,9.71,6.93,-1.81,7.56,0,0,0,0.0,0.0,0.0
1787615776.278126,08:56:16.278,828,52.21,27.67,1011.35,15.829,0.0,0.0,0.0,-0.26,0.03,0.03,-0.26,1.29,-0.31,9.71,6.93,-1.81,7.56,0,0,0,0.0,0.0,0.0
1787615776.278464,08:56:16.278,829,52.22,27.67,1011.35,15.829,0.0,0.0,0.0,-0.26,0.03,0.03,-0.26,1.29,-0.31,9.71,6.93,-1.81,7.56,0,0,0,0.0,0.0,0.0
1787615776.278754,08:56:16.278,830,52.23,27.67,1011.35,15.829,0.0,0.0,0.0,-0.28,0.03,0.01,-0.28,1.29,-0.31,9.71,6.93,-1.81,7.56,0,0,0,0.0,0.0,0.0
1787615776.279028,08:56:16.279,831,52.24,27.67,1011.35,15.829,0.0,0.0,0.0,-0.28,0.03,0.01,-0.28,1.29,-0.31,9.71,6.93,-1.81,7.56,0,0,0,0.0,0.0,0.0
1787615776.279294,08:56:16.279,832,52.25,27.67,1011.35,15.829,0.0,0.0,0.0,-0.28,0.03,0.01,-0.28,1.29,-0.31,9.71,6.93,-1.81,7.56,0,0,0,0.0,0.0,0.0
1787615776.279560,08:56:16.279,833,52.26,27.67,1011.35,15.829,0.0,0.0,0.0,-0.28,0.03,0.01,-0.28,1.29,-0.31,9.71,6.93,-1.81,7.56,0,0,0,0.0,0.0,0.0
1787615776.279823,08:56:16.279,834,52.27,27.67,1011.35,15.829,0.0,0.0,0.0,-0.28,0.03,0.01,-0.28,1.29,-0.31,9.71,6.93,-1.81,7.56,0,0,0,0.0,0.0,0.0
1787615776.380562,08:56:16.380,835,52.28,27.67,1011.35,15.829,0.0,0.0,0.0,-0.28,0.03,0.01,-0.28,1.29,-0.31,9.71,6.93,-1.81,7.56,0,0,0,0.0,0.0,0.0
1787615776.381028,08:56:16.381,836,52.29,27.67,1011.35,15.829,0.0,0.0,0.0,-0.28,0.03,0.01,-0.28,1.29,-0.31,9.71,6.93,-1.81,7.56,0,0,0,0.0,0.0,0.0
1787615776.381222,08:56:16.381,837,52.3,27.67,1011.35,15.829,0.0,0.0,0.0,-0.28,0.03,0.01,-0.28,1.29,-0.31,9.71,6.93,-1.81,7.56,0,0,0,0.0,0.0,0.0
1787615776.381403,08:56:16.381,838,52.31,27.67,1011.35,15.829,0.0,0.0,0.0,-0.28,0.03,0.01,-0.28,1.29,-0.31,9.71,6.93,-1.81,7.56,0,0,0,0.0,0.0,0.0
1787615776.381578,08:56:16.381,839,52.32,27.67,1011.35,15.829,0.0,0.0,0.0,-0.28,0.03,0.01,-0.28,1.29,-0.31,9.71,6.93,-1.81,7.56,0,0,0,0.0,0.0,0.0
1787615776.381748,08:56:16.381,840,52.33,27.67,1011.35,15.829,0.0,0.0,0.0,-0.27,0.04,0.06,-0.27,1.29,-0.31,9.71,6.93,-1.81,7.56,0,0,0,0.0,0.0,0.0
1787615776.381920,08:56:16.381,841,52.34,27.67,1011.35,15.829,0.0,0.0,0.0,-0.27,0.04,0.06,-0.27,1.29,-0.31,9.71,6.93,-1.81,7.56,0,0,0,0.0,0.0,0.0
1787615776.382091,08:56:16.382,842,52.35,27.67,1011.35,15.829,0.0,0.0,0.0,-0.27,0.04,0.06,-0.27,1.29,-0.31,9.71,6.93,-1.81,7.56,0,0,0,0.0,0.0,0.0
1787615776.382263,08:56:16.382,843,52.36,27.67,1011.35,15.829,0.0,0.0,0.0,-0.27,0.04,0.06,-0.27,1.29,-0.31,9.71,6.93,-1.81,7.56,0,0,0,0.0,0.0,0.0
1787615776.382434,08:56:16.382,844,52.37,27.66,1011.37,15.663,0.0,0.0,0.0,-0.27,0.04,0.06,-0.27,1.29,-0.31,9.71,6.93,-1.81,7.56,0,0,0,0.0,0.0,0.0
1787615776.483883,08:56:16.483,845,52.38,27.66,1011.37,15.663,0.0,0.0,0.0,-0.27,0.04,0.06,-0.27,1.29,-0.31,9.71,6.93,-1.81,7.56,0,0,0,0.0,0.0,0.0
1787615776.484451,08:56:16.484,846,52.39,27.66,1011.37,15.663,0.0,0.0,0.0,-0.27,0.04,0.06,-0.27,1.29,-0.31,9.71,6.93,-1.81,7.56,0,0,0,0.0,0.0,0.0
1787615776.484689,08:56:16.484,847,52.4,27.66,1011.37,15.663,0.0,0.0,0.0,-0.27,0.04,0.06,-0.27,1.29,-0.31,9.71,6.93,-1.81,7.56,0,0,0,0.0,0.0,0.0
1787615776.484947,08:56:16.484,848,52.41,27.66,1011.37,15.663,0.0,0.0,0.0,-0.27,0.04,0.06,-0.27,1.29,-0.31,9.71,6.93,-1.81,7.56,0,0,0,0.0,0.0,0.0
1787615776.485217,08:56:16.485,849,52.42,27.66,1011.37,15.663,0.0,0.0,0.0,-0.27,0.04,0.06,-0.27,1.29,-0.31,9.71,6.93,-1.81,7.56,0,0,0,0.0,0.0,0.0
1787615776.485480,08:56:16.485,850,52.43,27.66,1011.37,15.663,0.0,0.0,0.0,-0.28,0.05,0.04,-0.28,1.29,-0.31,9.71,6.93,-1.81,7.56,0,0,0,0.0,0.0,0.0
1787615776.485748,08:56:16.485,851,52.44,27.66,1011.37,15.663,0.0,0.0,0.0,-0.28,0.05,0.04,-0.28,1.29,-0.31,9.71,6.93,-1.81,7.56,0,0,0,0.0,0.0,0.0
1787615776.486004,08:56:16.486,852,52.45,27.66,1011.37,15.663,0.0,0.0,0.0,-0.28,0.05,0.04,-0.28,1.29,-0.31,9.71,6.93,-1.81,7.56,0,0,0,0.0,0.0,0.0
1787615776.486228,08:56:16.486,853,52.46,27.66,1011.37,15.663,0.0,0.0,0.0,-0.28,0.05,0.04,-0.28,1.29,-0.31,9.71,6.93,-1.81,7.56,0,0,0,0.0,0.0,0.0
1787615776.587772,08:56:16.587,854,52.47,27.66,1011.37,15.663,0.0,0.0,0.0,-0.28,0.05,0.04,-0.28,1.29,-0.31,9.71,6.93,-1.81,7.56,0,0,0,0.0,0.0,0.0
1787615776.588679,08:56:16.588,855,52.48,27.66,1011.37,15.663,0.0,0.0,0.0,-0.28,0.05,0.04,-0.28,1.29,-0.31,9.71,6.93,-1.81,7.56,0,0,0,0.0,0.0,0.0
1787615776.588997,08:56:16.588,856,52.49,27.66,1011.37,15.663,0.0,0.0,0.0,-0.28,0.05,0.04,-0.28,1.29,-0.31,9.71,6.93,-1.81,7.56,0,0,0,0.0,0.0,0.0
1787615776.589264,08:56:16.589,857,52.5,27.66,1011.37,15.663,0.0,0.0,0.0,-0.28,0.05,0.04,-0.28,1.29,-0.31,9.71,6.93,-1.81,7.56,0,0,0,0.0,0.0,0.0
1787615776.589524,08:56:16.589,858,52.51,27.66,1011.37,15.663,0.0,0.0,0.0,-0.28,0.05,0.04,-0.28,1.29,-0.31,9.71,6.93,-1.81,7.56,0,0,0,0.0,0.0,0.0
1787615776.589784,08:56:16.589,859,52.52,27.66,1011.37,15.663,0.0,0.0,0.0,-0.28,0.05,0.04,-0.28,1.29,-0.31,9.71,6.93,-1.81,7.56,0,0,0,0.0,0.0,0.0
1787615776.590058,08:56:16.590,860,52.53,27.66,1011.37,15.663,0.0,0.0,0.0,-0.3,0.05,0.03,-0.3,1.29,-0.31,9.71,6.93,-1.81,7.56,0,0,0,0.0,0.0,0.0
1787615776.590455,08:56:16.590,861,52.54,27.66,1011.37,15.663,0.0,0.0,0.0,-0.3,0.05,0.03,-0.3,1.29,-0.31,9.71,6.93,-1.81,7.56,0,0,0,0.0,0.0,0.0
1787615776.590730,08:56:16.590,862,52.55,27.66,1011.37,15.663,0.0,0.0,0.0,-0.3,0.05,0.03,-0.3,1.29,-0.31,9.71,6.93,-1.81,7.56,0,0,0,0.0,0.0,0.0
1787615776.591320,08:56:16.591,863,52.56,27.66,1011.37,15.663,0.0,0.0,0.0,-0.3,0.05,0.03,-0.3,1.29,-0.31,9.71,6.93,-1.81,7.56,0,0,0,0.0,0.0,0.0
1787615776.591683,08:56:16.591,864,52.57,27.67,1011.34,15.914,0.0,0.0,0.0,-0.3,0.05,0.03,-0.3,1.29,-0.31,9.71,6.93,-1.81,7.56,0,0,0,0.0,0.0,0.0
1787615776.592028,08:56:16.592,865,52.58,27.67,1011.34,15.914,0.0,0.0,0.0,-0.3,0.05,0.03,-0.3,1.29,-0.31,9.71,6.93,-1.81,7.56,0,0,0,0.0,0.0,0.0
1787615776.694125,08:56:16.694,866,52.59,27.67,1011.34,15.914,0.0,0.0,0.0,-0.3,0.05,0.03,-0.3,1.29,-0.31,9.71,6.93,-1.81,7.56,0,0,0,0.0,0.0,0.0
1787615776.694684,08:56:16.694,867,52.6,27.67,1011.34,15.914,0.0,0.0,0.0,-0.3,0.05,0.03,-0.3,1.29,-0.31,9.71,6.93,-1.81,7.56,0,0,0,0.0,0.0,0.0
1787615776.694993,08:56:16.694,868,52.61,27.67,1011.34,15.914,0.0,0.0,0.0,-0.3,0.05,0.03,-0.3,1.29,-0.31,9.71,6.93,-1.81,7.56,0,0,0,0.0,0.0,0.0
1787615776.695274,08:56:16.695,869,52.62,27.67,1011.34,15.914,0.0,0.0,0.0,-0.3,0.05,0.03,-0.3,1.29,-0.31,9.71,6.93,-1.81,7.56,0,0,0,0.0,0.0,0.0
1787615776.695545,08:56:16.695,870,52.63,27.67,1011.34,15.914,0.0,0.0,0.0,-0.28,0.03,0.03,-0.28,1.29,-0.31,9.71,6.93,-1.81,7.56,0,0,0,0.0,0.0,0.0
1787615776.695809,08:56:16.695,871,52.64,27.67,1011.34,15.914,0.0,0.0,0.0,-0.28,0.03,0.03,-0.28,1.29,-0.31,9.71,6.93,-1.81,7.56,0,0,0,0.0,0.0,0.0
1787615776.696075,08:56:16.696,872,52.65,27.67,1011.34,15.914,0.0,0.0,0.0,-0.28,0.03,0.03,-0.28,1.29,-0.31,9.71,6.93,-1.81,7.56,0,0,0,0.0,0.0,0.0
1787615776.696840,08:56:16.696,873,52.66,27.67,1011.34,15.914,0.0,0.0,0.0,-0.28,0.03,0.03,-0.28,1.29,-0.31,9.71,6.93,-1.81,7.56,0,0,0,0.0,0.0,0.0
1787615776.697111,08:56:16.697,874,52.67,27.67,1011.34,15.914,0.0,0.0,0.0,-0.28,0.03,0.03,-0.28,1.29,-0.31,9.71,6.93,-1.81,7.56,0,0,0,0.0,0.0,0.0
1787615776.697377,08:56:16.697,875,52.68,27.67,1011.34,15.914,0.0,0.0,0.0,-0.28,0.03,0.03,-0.28,1.29,-0.31,9.71,6.93,-1.81,7.56,0,0,0,0.0,0.0,0.0
1787615776.697640,08:56:16.697,876,52.69,27.67,1011.34,15.914,0.0,0.0,0.0,-0.28,0.03,0.03,-0.28,1.29,-0.31,9.71,6.93,-1.81,7.56,0,0,0,0.0,0.0,0.0
1787615776.799163,08:56:16.799,877,52.7,27.67,1011.34,15.914,0.0,0.0,0.0,-0.28,0.03,0.03,-0.28,1.29,-0.31,9.71,6.93,-1.81,7.56,0,0,0,0.0,0.0,0.0
1787615776.800034,08:56:16.800,878,52.71,27.67,1011.34,15.914,0.0,0.0,0.0,-0.28,0.03,0.03,-0.28,1.29,-0.31,9.71,6.93,-1.81,7.56,0,0,0,0.0,0.0,0.0
1787615776.800378,08:56:16.800,879,52.72,27.67,1011.34,15.914,0.0,0.0,0.0,-0.28,0.03,0.03,-0.28,1.29,-0.31,9.71,6.93,-1.81,7.56,0,0,0,0.0,0.0,0.0
1787615776.800661,08:56:16.800,880,52.73,27.67,1011.34,15.914,0.0,0.0,0.0,-0.26,0.02,0.04,-0.26,1.29,-0.31,9.71,6.93,-1.81,7.56,0,0,0,0.0,0.0,0.0
1787615776.800942,08:56:16.800,881,52.74,27.67,1011.34,15.914,0.0,0.0,0.0,-0.26,0.02,0.04,-0.26,1.29,-0.31,9.71,6.93,-1.81,7.56,0,0,0,0.0,0.0,0.0
1787615776.801211,08:56:16.801,882,52.75,27.67,1011.34,15.914,0.0,0.0,0.0,-0.26,0.02,0.04,-0.26,1.29,-0.31,9.71,6.93,-1.81,7.56,0,0,0,0.0,0.0,0.0
1787615776.801475,08:56:16.801,883,52.76,27.67,1011.34,15.914,0.0,0.0,0.0,-0.26,0.02,0.04,-0.26,1.29,-0.31,9.71,6.93,-1.81,7.56,0,0,0,0.0,0.0,0.0
1787615776.801742,08:56:16.801,884,52.77,27.68,1011.36,15.747,0.0,0.0,0.0,-0.26,0.02,0.04,-0.26,1.29,-0.31,9.71,6.93,-1.81,7.56,0,0,0,0.0,0.0,0.0
1787615776.802003,08:56:16.802,885,52.78,27.68,1011.36,15.747,0.0,0.0,0.0,-0.26,0.02,0.04,-0.26,1.29,-0.31,9.71,6.93,-1.81,7.56,0,0,0,0.0,0.0,0.0
1787615776.802269,08:56:16.802,886,52.79,27.68,1011.36,15.747,0.0,0.0,0.0,-0.26,0.02,0.04,-0.26,1.29,-0.31,9.71,6.93,-1.81,7.56,0,0,0,0.0,0.0,0.0
1787615776.903463,08:56:16.903,887,52.8,27.68,1011.36,15.747,0.0,0.0,0.0,-0.26,0.02,0.04,-0.26,1.29,-0.31,9.71,6.93,-1.81,7.56,0,0,0,0.0,0.0,0.0
1787615776.904692,08:56:16.904,888,52.81,27.68,1011.36,15.747,0.0,0.0,0.0,-0.26,0.02,0.04,-0.26,1.29,-0.31,9.71,6.93,-1.81,7.56,0,0,0,0.0,0.0,0.0
1787615776.905074,08:56:16.905,889,52.82,27.68,1011.36,15.747,0.0,0.0,0.0,-0.26,0.02,0.04,-0.26,1.29,-0.31,9.71,6.93,-1.81,7.56,0,0,0,0.0,0.0,0.0
1787615776.905506,08:56:16.905,890,52.83,27.68,1011.36,15.747,0.0,0.0,0.0,-0.27,0.02,0.03,-0.27,1.29,-0.31,9.71,6.93,-1.81,7.56,0,0,0,0.0,0.0,0.0
1787615776.905819,08:56:16.905,891,52.84,27.68,1011.36,15.747,0.0,0.0,0.0,-0.27,0.02,0.03,-0.27,1.29,-0.31,9.71,6.93,-1.81,7.56,0,0,0,0.0,0.0,0.0
1787615776.906108,08:56:16.906,892,52.85,27.68,1011.36,15.747,0.0,0.0,0.0,-0.27,0.02,0.03,-0.27,1.29,-0.31,9.71,6.93,-1.81,7.56,0,0,0,0.0,0.0,0.0
1787615776.906416,08:56:16.906,893,52.86,27.68,1011.36,15.747,0.0,0.0,0.0,-0.27,0.02,0.03,-0.27,1.29,-0.31,9.71,6.93,-1.81,7.56,0,0,0,0.0,0.0,0.0
1787615776.906766,08:56:16.906,894,52.87,27.68,1011.36,15.747,0.0,0.0,0.0,-0.27,0.02,0.03,-0.27,1.29,-0.31,9.71,6.93,-1.81,7.56,0,0,0,0.0,0.0,0.0
1787615776.907062,08:56:16.907,895,52.88,27.68,1011.36,15.747,0.0,0.0,0.0,-0.27,0.02,0.03,-0.27,1.29,-0.31,9.71,6.93,-1.81,7.56,0,0,0,0.0,0.0,0.0
1787615776.907375,08:56:16.907,896,52.89,27.68,1011.36,15.747,0.0,0.0,0.0,-0.27,0.02,0.03,-0.27,1.29,-0.31,9.71,6.93,-1.81,7.56,0,0,0,0.0,0.0,0.0
1787615777.008875,08:56:17.008,897,52.9,27.68,1011.36,15.747,0.0,0.0,0.0,-0.27,0.02,0.03,-0.27,1.29,-0.31,9.71,6.93,-1.81,7.56,0,0,0,0.0,0.0,0.0
1787615777.010233,08:56:17.010,898,52.91,27.68,1011.36,15.747,0.0,0.0,0.0,-0.27,0.02,0.03,-0.27,1.29,-0.31,9.71,6.93,-1.81,7.56,0,0,0,0.0,0.0,0.0
1787615777.010925,08:56:17.010,899,52.92,27.68,1011.36,15.747,0.0,0.0,0.0,-0.27,0.02,0.03,-0.27,1.29,-0.31,9.71,6.93,-1.81,7.56,0,0,0,0.0,0.0,0.0
1787615777.011590,08:56:17.011,900,52.93,27.68,1011.36,15.747,0.0,0.0,0.0,-0.26,0.01,0.01,-0.26,1.29,-0.31,9.71,6.93,-1.81,7.56,0,0,0,0.0,0.0,0.0
1787615777.012252,08:56:17.012,901,52.94,27.68,1011.36,15.747,0.0,0.0,0.0,-0.26,0.01,0.01,-0.26,1.29,-0.31,9.71,6.93,-1.81,7.56,0,0,0,0.0,0.0,0.0
1787615777.012901,08:56:17.012,902,52.95,27.68,1011.36,15.747,0.0,0.0,0.0,-0.26,0.01,0.01,-0.26,1.29,-0.31,9.71,6.93,-1.81,7.56,0,0,0,0.0,0.0,0.0
1787615777.013527,08:56:17.013,903,52.96,27.68,1011.36,15.747,0.0,0.0,0.0,-0.26,0.01,0.01,-0.26,1.29,-0.31,9.71,6.93,-1.81,7.56,0,0,0,0.0,0.0,0.0
1787615777.013805,08:56:17.013,904,52.97,27.68,1011.37,15.663,0.0,0.0,0.0,-0.26,0.01,0.01,-0.26,1.29,-0.31,9.71,6.93,-1.81,7.56,0,0,0,0.0,0.0,0.0
1787615777.014093,08:56:17.014,905,52.98,27.68,1011.37,15.663,0.0,0.0,0.0,-0.26,0.01,0.01,-0.26,1.29,-0.31,9.71,6.93,-1.81,7.56,0,0,0,0.0,0.0,0.0
1787615777.014390,08:56:17.014,906,52.99,27.68,1011.37,15.663,0.0,0.0,0.0,-0.26,0.01,0.01,-0.26,1.29,-0.31,9.71,6.93,-1.81,7.56,0,0,0,0.0,0.0,0.0
1787615777.014685,08:56:17.014,907,53.0,27.68,1011.37,15.663,0.0,0.0,0.0,-0.26,0.01,0.01,-0.26,1.29,-0.31,9.71,6.93,-1.81,7.56,0,0,0,0.0,0.0,0.0
1787615777.116383,08:56:17.116,908,53.01,27.68,1011.37,15.663,0.0,0.0,0.0,-0.26,0.01,0.01,-0.26,1.29,-0.31,9.71,6.93,-1.81,7.56,0,0,0,0.0,0.0,0.0
1787615777.117723,08:56:17.117,909,53.02,27.68,1011.37,15.663,0.0,0.0,0.0,-0.26,0.01,0.01,-0.26,1.29,-0.31,9.71,6.93,-1.81,7.56,0,0,0,0.0,0.0,0.0
1787615777.118413,08:56:17.118,910,53.03,27.68,1011.37,15.663,0.0,0.0,0.0,-0.27,0.03,0.03,-0.27,1.29,-0.31,9.71,6.93,-1.81,7.56,0,0,0,0.0,0.0,0.0
1787615777.119218,08:56:17.119,911,53.04,27.68,1011.37,15.663,0.0,0.0,0.0,-0.27,0.03,0.03,-0.27,1.29,-0.31,9.71,6.93,-1.81,7.56,0,0,0,0.0,0.0,0.0
1787615777.119770,08:56:17.119,912,53.05,27.68,1011.37,15.663,0.0,0.0,0.0,-0.27,0.03,0.03,-0.27,1.29,-0.31,9.71,6.93,-1.81,7.56,0,0,0,0.0,0.0,0.0
1787615777.120105,08:56:17.120,913,53.06,27.68,1011.37,15.663,0.0,0.0,0.0,-0.27,0.03,0.03,-0.27,1.29,-0.31,9.71,6.93,-1.81,7.56,0,0,0,0.0,0.0,0.0
1787615777.120432,08:56:17.120,914,53.07,27.68,1011.37,15.663,0.0,0.0,0.0,-0.27,0.03,0.03,-0.27,1.29,-0.31,9.71,6.93,-1.81,7.56,0,0,0,0.0,0.0,0.0
1787615777.120764,08:56:17.120,915,53.08,27.68,1011.37,15.663,0.0,0.0,0.0,-0.27,0.03,0.03,-0.27,1.29,-0.31,9.71,6.93,-1.81,7.56,0,0,0,0.0,0.0,0.0
1787615777.121100,08:56:17.121,916,53.09,27.68,1011.37,15.663,0.0,0.0,0.0,-0.27,0.03,0.03,-0.27,1.29,-0.31,9.71,6.93,-1.81,7.56,0,0,0,0.0,0.0,0.0
1787615777.121424,08:56:17.121,917,53.1,27.68,1011.37,15.663,0.0,0.0,0.0,-0.27,0.03,0.03,-0.27,1.29,-0.31,9.71,6.93,-1.81,7.56,0,0,0,0.0,0.0,0.0
1787615777.121760,08:56:17.121,918,53.11,27.68,1011.37,15.663,0.0,0.0,0.0,-0.27,0.03,0.03,-0.27,1.29,-0.31,9.71,6.93,-1.81,7.56,0,0,0,0.0,0.0,0.0
1787615777.222862,08:56:17.222,919,53.12,27.68,1011.37,15.663,0.0,0.0,0.0,-0.27,0.03,0.03,-0.27,1.29,-0.31,9.71,6.93,-1.81,7.56,0,0,0,0.0,0.0,0.0
1787615777.224283,08:56:17.224,920,53.13,27.68,1011.37,15.663,0.0,0.0,0.0,-0.29,0.03,0.02,-0.29,1.29,-0.31,9.71,6.93,-1.81,7.56,0,0,0,0.0,0.0,0.0
1787615777.224986,08:56:17.224,921,53.14,27.68,1011.37,15.663,0.0,0.0,0.0,-0.29,0.03,0.02,-0.29,1.29,-0.31,9.71,6.93,-1.81,7.56,0,0,0,0.0,0.0,0.0
1787615777.225653,08:56:17.225,922,53.15,27.68,1011.37,15.663,0.0,0.0,0.0,-0.29,0.03,0.02,-0.29,1.29,-0.31,9.71,6.93,-1.81,7.56,0,0,0,0.0,0.0,0.0
1787615777.226349,08:56:17.226,923,53.16,27.68,1011.37,15.663,0.0,0.0,0.0,-0.29,0.03,0.02,-0.29,1.29,-0.31,9.71,6.93,-1.81,7.56,0,0,0,0.0,0.0,0.0
1787615777.226893,08:56:17.226,924,53.17,27.67,1011.38,15.581,0.0,0.0,0.0,-0.29,0.03,0.02,-0.29,1.29,-0.31,9.71,6.93,-1.81,7.56,0,0,0,0.0,0.0,0.0
1787615777.227288,08:56:17.227,925,53.18,27.67,1011.38,15.581,0.0,0.0,0.0,-0.29,0.03,0.02,-0.29,1.29,-0.31,9.71,6.93,-1.81,7.56,0,0,0,0.0,0.0,0.0
1787615777.227690,08:56:17.227,926,53.19,27.67,1011.38,15.581,0.0,0.0,0.0,-0.29,0.03,0.02,-0.29,1.29,-0.31,9.71,6.93,-1.81,7.56,0,0,0,0.0,0.0,0.0
1787615777.228094,08:56:17.228,927,53.2,27.67,1011.38,15.581,0.0,0.0,0.0,-0.29,0.03,0.02,-0.29,1.29,-0.31,9.71,6.93,-1.81,7.56,0,0,0,0.0,0.0,0.0
1787615777.228518,08:56:17.228,928,53.21,27.67,1011.38,15.581,0.0,0.0,0.0,-0.29,0.03,0.02,-0.29,1.29,-0.31,9.71,6.93,-1.81,7.56,0,0,0,0.0,0.0,0.0
1787615777.346621,08:56:17.346,929,53.22,27.67,1011.38,15.581,0.0,0.0,0.0,-0.29,0.03,0.02,-0.29,1.29,-0.31,9.71,6.93,-1.81,7.56,0,0,0,0.0,0.0,0.0
1787615777.346933,08:56:17.346,930,53.23,27.67,1011.38,15.581,0.0,0.0,0.0,-0.24,0.03,0.05,-0.24,1.29,-0.31,9.71,6.93,-1.81,7.56,0,0,0,0.0,0.0,0.0
1787615777.347096,08:56:17.347,931,53.24,27.67,1011.38,15.581,0.0,0.0,0.0,-0.24,0.03,0.05,-0.24,1.29,-0.31,9.71,6.93,-1.81,7.56,0,0,0,0.0,0.0,0.0
1787615777.347255,08:56:17.347,932,53.25,27.67,1011.38,15.581,0.0,0.0,0.0,-0.24,0.03,0.05,-0.24,1.29,-0.31,9.71,6.93,-1.81,7.56,0,0,0,0.0,0.0,0.0
1787615777.347408,08:56:17.347,933,53.26,27.67,1011.38,15.581,0.0,0.0,0.0,-0.24,0.03,0.05,-0.24,1.29,-0.31,9.71,6.93,-1.81,7.56,0,0,0,0.0,0.0,0.0
1787615777.347560,08:56:17.347,934,53.27,27.67,1011.38,15.581,0.0,0.0,0.0,-0.24,0.03,0.05,-0.24,1.29,-0.31,9.71,6.93,-1.81,7.56,0,0,0,0.0,0.0,0.0
1787615777.347697,08:56:17.347,935,53.28,27.67,1011.38,15.581,0.0,0.0,0.0,-0.24,0.03,0.05,-0.24,1.29,-0.31,9.71,6.93,-1.81,7.56,0,0,0,0.0,0.0,0.0
1787615777.347835,08:56:17.347,936,53.29,27.67,1011.38,15.581,0.0,0.0,0.0,-0.24,0.03,0.05,-0.24,1.29,-0.31,9.71,6.93,-1.81,7.56,0,0,0,0.0,0.0,0.0
1787615777.347971,08:56:17.347,937,53.3,27.67,1011.38,15.581,0.0,0.0,0.0,-0.24,0.03,0.05,-0.24,1.29,-0.31,9.71,6.93,-1.81,7.56,0,0,0,0.0,0.0,0.0
1787615777.348108,08:56:17.348,938,53.31,27.67,1011.38,15.581,0.0,0.0,0.0,-0.24,0.03,0.05,-0.24,1.29,-0.31,9.71,6.93,-1.81,7.56,0,0,0,0.0,0.0,0.0
1787615777.348244,08:56:17.348,939,53.32,27.67,1011.38,15.581,0.0,0.0,0.0,-0.24,0.03,0.05,-0.24,1.29,-0.31,9.71,6.93,-1.81,7.56,0,0,0,0.0,0.0,0.0
1787615777.348379,08:56:17.348,940,53.33,27.67,1011.38,15.581,0.0,0.0,0.0,-0.24,0.03,0.05,-0.24,1.29,-0.31,9.71,6.93,-1.81,7.56,0,0,0,0.0,0.0,0.0
1787615777.449783,08:56:17.449,941,53.34,27.67,1011.38,15.581,0.0,0.0,0.0,-0.26,0.03,0.03,-0.26,1.29,-0.31,9.71,6.93,-1.81,7.56,0,0,0,0.0,0.0,0.0
1787615777.450613,08:56:17.450,942,53.35,27.67,1011.38,15.581,0.0,0.0,0.0,-0.26,0.03,0.03,-0.26,1.29,-0.31,9.71,6.93,-1.81,7.56,0,0,0,0.0,0.0,0.0
1787615777.450941,08:56:17.450,943,53.36,27.67,1011.38,15.581,0.0,0.0,0.0,-0.26,0.03,0.03,-0.26,1.29,-0.31,9.71,6.93,-1.81,7.56,0,0,0,0.0,0.0,0.0
1787615777.451247,08:56:17.451,944,53.37,27.7,1011.4,15.412,0.0,0.0,0.0,-0.26,0.03,0.03,-0.26,1.29,-0.31,9.71,6.93,-1.81,7.56,0,0,0,0.0,0.0,0.0
1787615777.451564,08:56:17.451,945,53.38,27.7,1011.4,15.412,0.0,0.0,0.0,-0.26,0.03,0.03,-0.26,1.29,-0.31,9.71,6.93,-1.81,7.56,0,0,0,0.0,0.0,0.0
1787615777.451862,08:56:17.451,946,53.39,27.7,1011.4,15.412,0.0,0.0,0.0,-0.26,0.03,0.03,-0.26,1.29,-0.31,9.71,6.93,-1.81,7.56,0,0,0,0.0,0.0,0.0
1787615777.452193,08:56:17.452,947,53.4,27.7,1011.4,15.412,0.0,0.0,0.0,-0.26,0.03,0.03,-0.26,1.29,-0.31,9.71,6.93,-1.81,7.56,0,0,0,0.0,0.0,0.0
1787615777.452513,08:56:17.452,948,53.41,27.7,1011.4,15.412,0.0,0.0,0.0,-0.26,0.03,0.03,-0.26,1.29,-0.31,9.71,6.93,-1.81,7.56,0,0,0,0.0,0.0,0.0
1787615777.452801,08:56:17.452,949,53.42,27.7,1011.4,15.412,0.0,0.0,0.0,-0.26,0.03,0.03,-0.26,1.29,-0.31,9.71,6.93,-1.81,7.56,0,0,0,0.0,0.0,0.0
1787615777.453101,08:56:17.453,950,53.43,27.7,1011.4,15.412,0.0,0.0,0.0,-0.26,0.03,0.03,-0.26,1.29,-0.31,9.71,6.93,-1.81,7.56,0,0,0,0.0,0.0,0.0
1787615777.554756,08:56:17.554,951,53.44,27.7,1011.4,15.412,0.0,0.0,0.0,-0.25,0.02,0.04,-0.25,1.29,-0.31,9.71,6.93,-1.81,7.56,0,0,0,0.0,0.0,0.0
1787615777.556028,08:56:17.556,952,53.45,27.7,1011.4,15.412,0.0,0.0,0.0,-0.25,0.02,0.04,-0.25,1.29,-0.31,9.71,6.93,-1.81,7.56,0,0,0,0.0,0.0,0.0
1787615777.556738,08:56:17.556,953,53.46,27.7,1011.4,15.412,0.0,0.0,0.0,-0.25,0.02,0.04,-0.25,1.29,-0.31,9.71,6.93,-1.81,7.56,0,0,0,0.0,0.0,0.0
1787615777.557424,08:56:17.557,954,53.47,27.7,1011.4,15.412,0.0,0.0,0.0,-0.25,0.02,0.04,-0.25,1.29,-0.31,9.71,6.93,-1.81,7.56,0,0,0,0.0,0.0,0.0
1787615777.558100,08:56:17.558,955,53.48,27.7,1011.4,15.412,0.0,0.0,0.0,-0.25,0.02,0.04,-0.25,1.29,-0.31,9.71,6.93,-1.81,7.56,0,0,0,0.0,0.0,0.0
1787615777.558792,08:56:17.558,956,53.49,27.7,1011.4,15.412,0.0,0.0,0.0,-0.25,0.02,0.04,-0.25,1.29,-0.31,9.71,6.93,-1.81,7.56,0,0,0,0.0,0.0,0.0
1787615777.559451,08:56:17.559,957,53.5,27.7,1011.4,15.412,0.0,0.0,0.0,-0.25,0.02,0.04,-0.25,1.29,-0.31,9.71,6.93,-1.81,7.56,0,0,0,0.0,0.0,0.0
1787615777.559901,08:56:17.559,958,53.51,27.7,1011.4,15.412,0.0,0.0,0.0,-0.25,0.02,0.04,-0.25,1.29,-0.31,9.71,6.93,-1.81,7.56,0,0,0,0.0,0.0,0.0
1787615777.560244,08:56:17.560,959,53.52,27.7,1011.4,15.412,0.0,0.0,0.0,-0.25,0.02,0.04,-0.25,1.29,-0.31,9.71,6.93,-1.81,7.56,0,0,0,0.0,0.0,0.0
1787615777.560606,08:56:17.560,960,53.53,27.7,1011.4,15.412,0.0,0.0,0.0,-0.26,0.02,0.01,-0.26,1.29,-0.31,9.71,6.93,-1.81,7.56,0,0,0,0.0,0.0,0.0
1787615777.561060,08:56:17.561,961,53.54,27.7,1011.4,15.412,0.0,0.0,0.0,-0.26,0.02,0.01,-0.26,1.29,-0.31,9.71,6.93,-1.81,7.56,0,0,0,0.0,0.0,0.0
1787615777.662425,08:56:17.662,962,53.55,27.7,1011.4,15.412,0.0,0.0,0.0,-0.26,0.02,0.01,-0.26,1.29,-0.31,9.71,6.93,-1.81,7.56,0,0,0,0.0,0.0,0.0
1787615777.663736,08:56:17.663,963,53.56,27.7,1011.4,15.412,0.0,0.0,0.0,-0.26,0.02,0.01,-0.26,1.29,-0.31,9.71,6.93,-1.81,7.56,0,0,0,0.0,0.0,0.0
1787615777.664442,08:56:17.664,964,53.57,27.68,1011.37,15.663,0.0,0.0,0.0,-0.26,0.02,0.01,-0.26,1.29,-0.31,9.71,6.93,-1.81,7.56,0,0,0,0.0,0.0,0.0
1787615777.665114,08:56:17.665,965,53.58,27.68,1011.37,15.663,0.0,0.0,0.0,-0.26,0.02,0.01,-0.26,1.29,-0.31,9.71,6.93,-1.81,7.56,0,0,0,0.0,0.0,0.0
1787615777.665502,08:56:17.665,966,53.59,27.68,1011.37,15.663,0.0,0.0,0.0,-0.26,0.02,0.01,-0.26,1.29,-0.31,9.71,6.93,-1.81,7.56,0,0,0,0.0,0.0,0.0
1787615777.665885,08:56:17.665,967,53.6,27.68,1011.37,15.663,0.0,0.0,0.0,-0.26,0.02,0.01,-0.26,1.29,-0.31,9.71,6.93,-1.81,7.56,0,0,0,0.0,0.0,0.0
1787615777.666267,08:56:17.666,968,53.61,27.68,1011.37,15.663,0.0,0.0,0.0,-0.26,0.02,0.01,-0.26,1.29,-0.31,9.71,6.93,-1.81,7.56,0,0,0,0.0,0.0,0.0
1787615777.666647,08:56:17.666,969,53.62,27.68,1011.37,15.663,0.0,0.0,0.0,-0.26,0.02,0.01,-0.26,1.29,-0.31,9.71,6.93,-1.81,7.56,0,0,0,0.0,0.0,0.0
1787615777.667046,08:56:17.667,970,53.63,27.68,1011.37,15.663,0.0,0.0,0.0,-0.26,0.04,0.03,-0.26,1.29,-0.31,9.71,6.93,-1.81,7.56,0,0,0,0.0,0.0,0.0
1787615777.667704,08:56:17.667,971,53.64,27.68,1011.37,15.663,0.0,0.0,0.0,-0.26,0.04,0.03,-0.26,1.29,-0.31,9.71,6.93,-1.81,7.56,0,0,0,0.0,0.0,0.0
1787615777.769547,08:56:17.769,972,53.65,27.68,1011.37,15.663,0.0,0.0,0.0,-0.26,0.04,0.03,-0.26,1.29,-0.31,9.71,6.93,-1.81,7.56,0,0,0,0.0,0.0,0.0
1787615777.770924,08:56:17.770,973,53.66,27.68,1011.37,15.663,0.0,0.0,0.0,-0.26,0.04,0.03,-0.26,1.29,-0.31,9.71,6.93,-1.81,7.56,0,0,0,0.0,0.0,0.0
1787615777.771561,08:56:17.771,974,53.67,27.68,1011.37,15.663,0.0,0.0,0.0,-0.26,0.04,0.03,-0.26,1.29,-0.31,9.71,6.93,-1.81,7.56,0,0,0,0.0,0.0,0.0
1787615777.771965,08:56:17.771,975,53.68,27.68,1011.37,15.663,0.0,0.0,0.0,-0.26,0.04,0.03,-0.26,1.29,-0.31,9.71,6.93,-1.81,7.56,0,0,0,0.0,0.0,0.0
1787615777.772358,08:56:17.772,976,53.69,27.68,1011.37,15.663,0.0,0.0,0.0,-0.26,0.04,0.03,-0.26,1.29,-0.31,9.71,6.93,-1.81,7.56,0,0,0,0.0,0.0,0.0
1787615777.772776,08:56:17.772,977,53.7,27.68,1011.37,15.663,0.0,0.0,0.0,-0.26,0.04,0.03,-0.26,1.29,-0.31,9.71,6.93,-1.81,7.56,0,0,0,0.0,0.0,0.0
1787615777.773212,08:56:17.773,978,53.71,27.68,1011.37,15.663,0.0,0.0,0.0,-0.26,0.04,0.03,-0.26,1.29,-0.31,9.71,6.93,-1.81,7.56,0,0,0,0.0,0.0,0.0
1787615777.773584,08:56:17.773,979,53.72,27.68,1011.37,15.663,0.0,0.0,0.0,-0.26,0.04,0.03,-0.26,1.29,-0.31,9.71,6.93,-1.81,7.56,0,0,0,0.0,0.0,0.0
1787615777.773931,08:56:17.773,980,53.73,27.68,1011.37,15.663,0.0,0.0,0.0,-0.29,0.04,0.03,-0.29,1.29,-0.31,9.71,6.93,-1.81,7.56,0,0,0,0.0,0.0,0.0
1787615777.774282,08:56:17.774,981,53.74,27.68,1011.37,15.663,0.0,0.0,0.0,-0.29,0.04,0.03,-0.29,1.29,-0.31,9.71,6.93,-1.81,7.56,0,0,0,0.0,0.0,0.0
1787615777.774630,08:56:17.774,982,53.75,27.68,1011.37,15.663,0.0,0.0,0.0,-0.29,0.04,0.03,-0.29,1.29,-0.31,9.71,6.93,-1.81,7.56,0,0,0,0.0,0.0,0.0
1787615777.875963,08:56:17.875,983,53.76,27.68,1011.37,15.663,0.0,0.0,0.0,-0.29,0.04,0.03,-0.29,1.29,-0.31,9.71,6.93,-1.81,7.56,0,0,0,0.0,0.0,0.0
1787615777.877803,08:56:17.877,984,53.77,27.67,1011.35,15.829,0.0,0.0,0.0,-0.29,0.04,0.03,-0.29,1.29,-0.31,9.71,6.93,-1.81,7.56,0,0,0,0.0,0.0,0.0
1787615777.878324,08:56:17.878,985,53.78,27.67,1011.35,15.829,0.0,0.0,0.0,-0.29,0.04,0.03,-0.29,1.29,-0.31,9.71,6.93,-1.81,7.56,0,0,0,0.0,0.0,0.0
1787615777.878723,08:56:17.878,986,53.79,27.67,1011.35,15.829,0.0,0.0,0.0,-0.29,0.04,0.03,-0.29,1.29,-0.31,9.71,6.93,-1.81,7.56,0,0,0,0.0,0.0,0.0
1787615777.879134,08:56:17.879,987,53.8,27.67,1011.35,15.829,0.0,0.0,0.0,-0.29,0.04,0.03,-0.29,1.29,-0.31,9.71,6.93,-1.81,7.56,0,0,0,0.0,0.0,0.0
1787615777.879543,08:56:17.879,988,53.81,27.67,1011.35,15.829,0.0,0.0,0.0,-0.29,0.04,0.03,-0.29,1.29,-0.31,9.71,6.93,-1.81,7.56,0,0,0,0.0,0.0,0.0
1787615777.880447,08:56:17.880,989,53.82,27.67,1011.35,15.829,0.0,0.0,0.0,-0.29,0.04,0.03,-0.29,1.29,-0.31,9.71,6.93,-1.81,7.56,0,0,0,0.0,0.0,0.0
1787615777.880818,08:56:17.880,990,53.83,27.67,1011.35,15.829,0.0,0.0,0.0,-0.26,0.03,0.03,-0.26,1.29,-0.31,9.71,6.93,-1.81,7.56,0,0,0,0.0,0.0,0.0
1787615777.881165,08:56:17.881,991,53.84,27.67,1011.35,15.829,0.0,0.0,0.0,-0.26,0.03,0.03,-0.26,1.29,-0.31,9.71,6.93,-1.81,7.56,0,0,0,0.0,0.0,0.0
1787615777.881522,08:56:17.881,992,53.85,27.67,1011.35,15.829,0.0,0.0,0.0,-0.26,0.03,0.03,-0.26,1.29,-0.31,9.71,6.93,-1.81,7.56,0,0,0,0.0,0.0,0.0
1787615777.881884,08:56:17.881,993,53.86,27.67,1011.35,15.829,0.0,0.0,0.0,-0.26,0.03,0.03,-0.26,1.29,-0.31,9.71,6.93,-1.81,7.56,0,0,0,0.0,0.0,0.0
1787615777.882232,08:56:17.882,994,53.87,27.67,1011.35,15.829,0.0,0.0,0.0,-0.26,0.03,0.03,-0.26,1.29,-0.31,9.71,6.93,-1.81,7.56,0,0,0,0.0,0.0,0.0
1787615777.982999,08:56:17.982,995,53.88,27.67,1011.35,15.829,0.0,0.0,0.0,-0.26,0.03,0.03,-0.26,1.29,-0.31,9.71,6.93,-1.81,7.56,0,0,0,0.0,0.0,0.0
1787615777.984742,08:56:17.984,996,53.89,27.67,1011.35,15.829,0.0,0.0,0.0,-0.26,0.03,0.03,-0.26,1.29,-0.31,9.71,6.93,-1.81,7.56,0,0,0,0.0,0.0,0.0
1787615777.985559,08:56:17.985,997,53.9,27.67,1011.35,15.829,0.0,0.0,0.0,-0.26,0.03,0.03,-0.26,1.29,-0.31,9.71,6.93,-1.81,7.56,0,0,0,0.0,0.0,0.0
1787615777.986255,08:56:17.986,998,53.91,27.67,1011.35,15.829,0.0,0.0,0.0,-0.26,0.03,0.03,-0.26,1.29,-0.31,9.71,6.93,-1.81,7.56,0,0,0,0.0,0.0,0.0
1787615777.986883,08:56:17.986,999,53.92,27.67,1011.35,15.829,0.0,0.0,0.0,-0.26,0.03,0.03,-0.26,1.29,-0.31,9.71,6.93,-1.81,7.56,0,0,0,0.0,0.0,0.0
1787615777.987366,08:56:17.987,1000,53.93,27.67,1011.35,15.829,0.0,0.0,0.0,-0.27,0.03,0.02,-0.27,1.29,-0.31,9.71,6.93,-1.81,7.56,0,0,0,0.0,0.0,0.0
1787615777.987748,08:56:17.987,1001,53.94,27.67,1011.35,15.829,0.0,0.0,0.0,-0.27,0.03,0.02,-0.27,1.29,-0.31,9.71,6.93,-1.81,7.56,0,0,0,0.0,0.0,0.0
1787615777.988114,08:56:17.988,1002,53.95,27.67,1011.35,15.829,0.0,0.0,0.0,-0.27,0.03,0.02,-0.27,1.29,-0.31,9.71,6.93,-1.81,7.56,0,0,0,0.0,0.0,0.0
1787615777.988486,08:56:17.988,1003,53.96,27.67,1011.35,15.829,0.0,0.0,0.0,-0.27,0.03,0.02,-0.27,1.29,-0.31,9.71,6.93,-1.81,7.56,0,0,0,0.0,0.0,0.0
1787615777.988857,08:56:17.988,1004,53.97,27.68,1011.36,15.747,0.0,0.0,0.0,-0.27,0.03,0.02,-0.27,1.29,-0.31,9.71,6.93,-1.81,7.56,0,0,0,0.0,0.0,0.0
1787615777.989203,08:56:17.989,1005,53.98,27.68,1011.36,15.747,0.0,0.0,0.0,-0.27,0.03,0.02,-0.27,1.29,-0.31,9.71,6.93,-1.81,7.56,0,0,0,0.0,0.0,0.0
1787615778.090744,08:56:18.090,1006,53.99,27.68,1011.36,15.747,0.0,0.0,0.0,-0.27,0.03,0.02,-0.27,1.29,-0.31,9.71,6.93,-1.81,7.56,0,0,0,0.0,0.0,0.0
1787615778.091162,08:56:18.091,1007,54.0,27.68,1011.36,15.747,0.0,0.0,0.0,-0.27,0.03,0.02,-0.27,1.29,-0.31,9.71,6.93,-1.81,7.56,0,0,0,0.0,0.0,0.0
1787615778.091400,08:56:18.091,1008,54.01,27.68,1011.36,15.747,0.0,0.0,0.0,-0.27,0.03,0.02,-0.27,1.29,-0.31,9.71,6.93,-1.81,7.56,0,0,0,0.0,0.0,0.0
1787615778.091629,08:56:18.091,1009,54.02,27.68,1011.36,15.747,0.0,0.0,0.0,-0.27,0.03,0.02,-0.27,1.29,-0.31,9.71,6.93,-1.81,7.56,0,0,0,0.0,0.0,0.0
1787615778.091853,08:56:18.091,1010,54.03,27.68,1011.36,15.747,0.0,0.0,0.0,-0.22,0.03,0.04,-0.22,1.29,-0.31,9.71,6.93,-1.81,7.56,0,0,0,0.0,0.0,0.0
1787615778.092123,08:56:18.092,1011,54.04,27.68,1011.36,15.747,0.0,0.0,0.0,-0.22,0.03,0.04,-0.22,1.29,-0.31,9.71,6.93,-1.81,7.56,0,0,0,0.0,0.0,0.0
1787615778.092348,08:56:18.092,1012,54.05,27.68,1011.36,15.747,0.0,0.0,0.0,-0.22,0.03,0.04,-0.22,1.29,-0.31,9.71,6.93,-1.81,7.56,0,0,0,0.0,0.0,0.0
1787615778.092568,08:56:18.092,1013,54.06,27.68,1011.36,15.747,0.0,0.0,0.0,-0.22,0.03,0.04,-0.22,1.29,-0.31,9.71,6.93,-1.81,7.56,0,0,0,0.0,0.0,0.0
1787615778.092786,08:56:18.092,1014,54.07,27.68,1011.36,15.747,0.0,0.0,0.0,-0.22,0.03,0.04,-0.22,1.29,-0.31,9.71,6.93,-1.81,7.56,0,0,0,0.0,0.0,0.0
1787615778.093005,08:56:18.093,1015,54.08,27.68,1011.36,15.747,0.0,0.0,0.0,-0.22,0.03,0.04,-0.22,1.29,-0.31,9.71,6.93,-1.81,7.56,0,0,0,0.0,0.0,0.0
1787615778.194500,08:56:18.194,1016,54.09,27.68,1011.36,15.747,0.0,0.0,0.0,-0.22,0.03,0.04,-0.22,1.29,-0.31,9.71,6.93,-1.81,7.56,0,0,0,0.0,0.0,0.0
1787615778.195899,08:56:18.195,1017,54.1,27.68,1011.36,15.747,0.0,0.0,0.0,-0.22,0.03,0.04,-0.22,1.29,-0.31,9.71,6.93,-1.81,7.56,0,0,0,0.0,0.0,0.0
1787615778.197186,08:56:18.197,1018,54.11,27.68,1011.36,15.747,0.0,0.0,0.0,-0.22,0.03,0.04,-0.22,1.29,-0.31,9.71,6.93,-1.81,7.56,0,0,0,0.0,0.0,0.0
1787615778.197943,08:56:18.197,1019,54.12,27.68,1011.36,15.747,0.0,0.0,0.0,-0.22,0.03,0.04,-0.22,1.29,-0.31,9.71,6.93,-1.81,7.56,0,0,0,0.0,0.0,0.0
1787615778.198666,08:56:18.198,1020,54.13,27.68,1011.36,15.747,0.0,0.0,0.0,-0.26,0.04,0.04,-0.26,1.29,-0.31,9.71,6.93,-1.81,7.56,0,0,0,0.0,0.0,0.0
1787615778.199130,08:56:18.199,1021,54.14,27.68,1011.36,15.747,0.0,0.0,0.0,-0.26,0.04,0.04,-0.26,1.29,-0.31,9.71,6.93,-1.81,7.56,0,0,0,0.0,0.0,0.0
1787615778.199454,08:56:18.199,1022,54.15,27.68,1011.36,15.747,0.0,0.0,0.0,-0.26,0.04,0.04,-0.26,1.29,-0.31,9.71,6.93,-1.81,7.56,0,0,0,0.0,0.0,0.0
1787615778.199763,08:56:18.199,1023,54.16,27.68,1011.36,15.747,0.0,0.0,0.0,-0.26,0.04,0.04,-0.26,1.29,-0.31,9.71,6.93,-1.81,7.56,0,0,0,0.0,0.0,0.0
1787615778.200076,08:56:18.200,1024,54.17,27.67,1011.38,15.581,0.0,0.0,0.0,-0.26,0.04,0.04,-0.26,1.29,-0.31,9.71,6.93,-1.81,7.56,0,0,0,0.0,0.0,0.0
1787615778.200376,08:56:18.200,1025,54.18,27.67,1011.38,15.581,0.0,0.0,0.0,-0.26,0.04,0.04,-0.26,1.29,-0.31,9.71,6.93,-1.81,7.56,0,0,0,0.0,0.0,0.0
1787615778.302048,08:56:18.302,1026,54.19,27.67,1011.38,15.581,0.0,0.0,0.0,-0.26,0.04,0.04,-0.26,1.29,-0.31,9.71,6.93,-1.81,7.56,0,0,0,0.0,0.0,0.0
1787615778.303478,08:56:18.303,1027,54.2,27.67,1011.38,15.581,0.0,0.0,0.0,-0.26,0.04,0.04,-0.26,1.29,-0.31,9.71,6.93,-1.81,7.56,0,0,0,0.0,0.0,0.0
1787615778.304201,08:56:18.304,1028,54.21,27.67,1011.38,15.581,0.0,0.0,0.0,-0.26,0.04,0.04,-0.26,1.29,-0.31,9.71,6.93,-1.81,7.56,0,0,0,0.0,0.0,0.0
1787615778.304890,08:56:18.304,1029,54.22,27.67,1011.38,15.581,0.0,0.0,0.0,-0.26,0.04,0.04,-0.26,1.29,-0.31,9.71,6.93,-1.81,7.56,0,0,0,0.0,0.0,0.0
1787615778.305498,08:56:18.305,1030,54.23,27.67,1011.38,15.581,0.0,0.0,0.0,-0.24,0.03,0.05,-0.24,1.29,-0.31,9.71,6.93,-1.81,7.56,0,0,0,0.0,0.0,0.0
1787615778.305780,08:56:18.305,1031,54.24,27.67,1011.38,15.581,0.0,0.0,0.0,-0.24,0.03,0.05,-0.24,1.29,-0.31,9.71,6.93,-1.81,7.56,0,0,0,0.0,0.0,0.0
1787615778.306039,08:56:18.306,1032,54.25,27.67,1011.38,15.581,0.0,0.0,0.0,-0.24,0.03,0.05,-0.24,1.29,-0.31,9.71,6.93,-1.81,7.56,0,0,0,0.0,0.0,0.0
1787615778.306294,08:56:18.306,1033,54.26,27.67,1011.38,15.581,0.0,0.0,0.0,-0.24,0.03,0.05,-0.24,1.29,-0.31,9.71,6.93,-1.81,7.56,0,0,0,0.0,0.0,0.0
1787615778.306550,08:56:18.306,1034,54.27,27.67,1011.38,15.581,0.0,0.0,0.0,-0.24,0.03,0.05,-0.24,1.29,-0.31,9.71,6.93,-1.81,7.56,0,0,0,0.0,0.0,0.0
1787615778.306804,08:56:18.306,1035,54.28,27.67,1011.38,15.581,0.0,0.0,0.0,-0.24,0.03,0.05,-0.24,1.29,-0.31,9.71,6.93,-1.81,7.56,0,0,0,0.0,0.0,0.0
1787615778.307059,08:56:18.307,1036,54.29,27.67,1011.38,15.581,0.0,0.0,0.0,-0.24,0.03,0.05,-0.24,1.29,-0.31,9.71,6.93,-1.81,7.56,0,0,0,0.0,0.0,0.0
1787615778.408511,08:56:18.408,1037,54.3,27.67,1011.38,15.581,0.0,0.0,0.0,-0.24,0.03,0.05,-0.24,1.29,-0.31,9.71,6.93,-1.81,7.56,0,0,0,0.0,0.0,0.0
1787615778.408885,08:56:18.408,1038,54.31,27.67,1011.38,15.581,0.0,0.0,0.0,-0.24,0.03,0.05,-0.24,1.29,-0.31,9.71,6.93,-1.81,7.56,0,0,0,0.0,0.0,0.0
1787615778.409118,08:56:18.409,1039,54.32,27.67,1011.38,15.581,0.0,0.0,0.0,-0.24,0.03,0.05,-0.24,1.29,-0.31,9.71,6.93,-1.81,7.56,0,0,0,0.0,0.0,0.0
1787615778.409343,08:56:18.409,1040,54.33,27.67,1011.38,15.581,0.0,0.0,0.0,-0.25,0.03,0.04,-0.25,1.29,-0.31,9.71,6.93,-1.81,7.56,0,0,0,0.0,0.0,0.0
1787615778.409566,08:56:18.409,1041,54.34,27.67,1011.38,15.581,0.0,0.0,0.0,-0.25,0.03,0.04,-0.25,1.29,-0.31,9.71,6.93,-1.81,7.56,0,0,0,0.0,0.0,0.0
1787615778.409785,08:56:18.409,1042,54.35,27.67,1011.38,15.581,0.0,0.0,0.0,-0.25,0.03,0.04,-0.25,1.29,-0.31,9.71,6.93,-1.81,7.56,0,0,0,0.0,0.0,0.0
1787615778.410002,08:56:18.410,1043,54.36,27.67,1011.38,15.581,0.0,0.0,0.0,-0.25,0.03,0.04,-0.25,1.29,-0.31,9.71,6.93,-1.81,7.56,0,0,0,0.0,0.0,0.0
1787615778.410220,08:56:18.410,1044,54.37,27.67,1011.33,15.996,0.0,0.0,0.0,-0.25,0.03,0.04,-0.25,1.29,-0.31,9.71,6.93,-1.81,7.56,0,0,0,0.0,0.0,0.0
1787615778.410439,08:56:18.410,1045,54.38,27.67,1011.33,15.996,0.0,0.0,0.0,-0.25,0.03,0.04,-0.25,1.29,-0.31,9.71,6.93,-1.81,7.56,0,0,0,0.0,0.0,0.0
1787615778.410660,08:56:18.410,1046,54.39,27.67,1011.33,15.996,0.0,0.0,0.0,-0.25,0.03,0.04,-0.25,1.29,-0.31,9.71,6.93,-1.81,7.56,0,0,0,0.0,0.0,0.0
1787615778.410878,08:56:18.410,1047,54.4,27.67,1011.33,15.996,0.0,0.0,0.0,-0.25,0.03,0.04,-0.25,1.29,-0.31,9.71,6.93,-1.81,7.56,0,0,0,0.0,0.0,0.0
1787615778.512385,08:56:18.512,1048,54.41,27.67,1011.33,15.996,0.0,0.0,0.0,-0.25,0.03,0.04,-0.25,1.29,-0.31,9.71,6.93,-1.81,7.56,0,0,0,0.0,0.0,0.0
1787615778.513652,08:56:18.513,1049,54.42,27.67,1011.33,15.996,0.0,0.0,0.0,-0.25,0.03,0.04,-0.25,1.29,-0.31,9.71,6.93,-1.81,7.56,0,0,0,0.0,0.0,0.0
1787615778.514215,08:56:18.514,1050,54.43,27.67,1011.33,15.996,0.0,0.0,0.0,-0.25,0.02,0.05,-0.25,1.29,-0.31,9.71,6.93,-1.81,7.56,0,0,0,0.0,0.0,0.0
1787615778.514710,08:56:18.514,1051,54.44,27.67,1011.33,15.996,0.0,0.0,0.0,-0.25,0.02,0.05,-0.25,1.29,-0.31,9.71,6.93,-1.81,7.56,0,0,0,0.0,0.0,0.0
1787615778.515199,08:56:18.515,1052,54.45,27.67,1011.33,15.996,0.0,0.0,0.0,-0.25,0.02,0.05,-0.25,1.29,-0.31,9.71,6.93,-1.81,7.56,0,0,0,0.0,0.0,0.0
1787615778.515679,08:56:18.515,1053,54.46,27.67,1011.33,15.996,0.0,0.0,0.0,-0.25,0.02,0.05,-0.25,1.29,-0.31,9.71,6.93,-1.81,7.56,0,0,0,0.0,0.0,0.0
1787615778.516184,08:56:18.516,1054,54.47,27.67,1011.33,15.996,0.0,0.0,0.0,-0.25,0.02,0.05,-0.25,1.29,-0.31,9.71,6.93,-1.81,7.56,0,0,0,0.0,0.0,0.0
1787615778.516687,08:56:18.516,1055,54.48,27.67,1011.33,15.996,0.0,0.0,0.0,-0.25,0.02,0.05,-0.25,1.29,-0.31,9.71,6.93,-1.81,7.56,0,0,0,0.0,0.0,0.0
1787615778.517101,08:56:18.517,1056,54.49,27.67,1011.33,15.996,0.0,0.0,0.0,-0.25,0.02,0.05,-0.25,1.29,-0.31,9.71,6.93,-1.81,7.56,0,0,0,0.0,0.0,0.0
1787615778.517427,08:56:18.517,1057,54.5,27.67,1011.33,15.996,0.0,0.0,0.0,-0.25,0.02,0.05,-0.25,1.29,-0.31,9.71,6.93,-1.81,7.56,0,0,0,0.0,0.0,0.0
1787615778.619057,08:56:18.619,1058,54.51,27.67,1011.33,15.996,0.0,0.0,0.0,-0.25,0.02,0.05,-0.25,1.29,-0.31,9.71,6.93,-1.81,7.56,0,0,0,0.0,0.0,0.0
1787615778.620363,08:56:18.620,1059,54.52,27.67,1011.33,15.996,0.0,0.0,0.0,-0.25,0.02,0.05,-0.25,1.29,-0.31,9.71,6.93,-1.81,7.56,0,0,0,0.0,0.0,0.0
1787615778.621084,08:56:18.621,1060,54.53,27.67,1011.33,15.996,0.0,0.0,0.0,-0.27,0.04,0.02,-0.27,1.29,-0.31,9.71,6.93,-1.81,7.56,0,0,0,0.0,0.0,0.0
1787615778.621895,08:56:18.621,1061,54.54,27.67,1011.33,15.996,0.0,0.0,0.0,-0.27,0.04,0.02,-0.27,1.29,-0.31,9.71,6.93,-1.81,7.56,0,0,0,0.0,0.0,0.0
1787615778.622381,08:56:18.622,1062,54.55,27.67,1011.33,15.996,0.0,0.0,0.0,-0.27,0.04,0.02,-0.27,1.29,-0.31,9.71,6.93,-1.81,7.56,0,0,0,0.0,0.0,0.0
1787615778.622714,08:56:18.622,1063,54.56,27.67,1011.33,15.996,0.0,0.0,0.0,-0.27,0.04,0.02,-0.27,1.29,-0.31,9.71,6.93,-1.81,7.56,0,0,0,0.0,0.0,0.0
1787615778.623027,08:56:18.623,1064,54.57,27.68,1011.38,15.581,0.0,0.0,0.0,-0.27,0.04,0.02,-0.27,1.29,-0.31,9.71,6.93,-1.81,7.56,0,0,0,0.0,0.0,0.0
1787615778.623362,08:56:18.623,1065,54.58,27.68,1011.38,15.581,0.0,0.0,0.0,-0.27,0.04,0.02,-0.27,1.29,-0.31,9.71,6.93,-1.81,7.56,0,0,0,0.0,0.0,0.0
1787615778.623696,08:56:18.623,1066,54.59,27.68,1011.38,15.581,0.0,0.0,0.0,-0.27,0.04,0.02,-0.27,1.29,-0.31,9.71,6.93,-1.81,7.56,0,0,0,0.0,0.0,0.0
1787615778.624017,08:56:18.624,1067,54.6,27.68,1011.38,15.581,0.0,0.0,0.0,-0.27,0.04,0.02,-0.27,1.29,-0.31,9.71,6.93,-1.81,7.56,0,0,0,0.0,0.0,0.0
1787615778.624333,08:56:18.624,1068,54.61,27.68,1011.38,15.581,0.0,0.0,0.0,-0.27,0.04,0.02,-0.27,1.29,-0.31,9.71,6.93,-1.81,7.56,0,0,0,0.0,0.0,0.0
1787615778.725941,08:56:18.725,1069,54.62,27.68,1011.38,15.581,0.0,0.0,0.0,-0.27,0.04,0.02,-0.27,1.29,-0.31,9.71,6.93,-1.81,7.56,0,0,0,0.0,0.0,0.0
1787615778.726869,08:56:18.726,1070,54.63,27.68,1011.38,15.581,0.0,0.0,0.0,-0.28,0.03,0.04,-0.28,1.29,-0.31,9.71,6.93,-1.81,7.56,0,0,0,0.0,0.0,0.0
1787615778.727253,08:56:18.727,1071,54.64,27.68,1011.38,15.581,0.0,0.0,0.0,-0.28,0.03,0.04,-0.28,1.29,-0.31,9.71,6.93,-1.81,7.56,0,0,0,0.0,0.0,0.0
1787615778.727624,08:56:18.727,1072,54.65,27.68,1011.38,15.581,0.0,0.0,0.0,-0.28,0.03,0.04,-0.28,1.29,-0.31,9.71,6.93,-1.81,7.56,0,0,0,0.0,0.0,0.0
1787615778.727990,08:56:18.727,1073,54.66,27.68,1011.38,15.581,0.0,0.0,0.0,-0.28,0.03,0.04,-0.28,1.29,-0.31,9.71,6.93,-1.81,7.56,0,0,0,0.0,0.0,0.0
1787615778.728330,08:56:18.728,1074,54.67,27.68,1011.38,15.581,0.0,0.0,0.0,-0.28,0.03,0.04,-0.28,1.29,-0.31,9.71,6.93,-1.81,7.56,0,0,0,0.0,0.0,0.0
1787615778.728664,08:56:18.728,1075,54.68,27.68,1011.38,15.581,0.0,0.0,0.0,-0.28,0.03,0.04,-0.28,1.29,-0.31,9.71,6.93,-1.81,7.56,0,0,0,0.0,0.0,0.0
1787615778.729341,08:56:18.729,1076,54.69,27.68,1011.38,15.581,0.0,0.0,0.0,-0.28,0.03,0.04,-0.28,1.29,-0.31,9.71,6.93,-1.81,7.56,0,0,0,0.0,0.0,0.0
1787615778.729729,08:56:18.729,1077,54.7,27.68,1011.38,15.581,0.0,0.0,0.0,-0.28,0.03,0.04,-0.28,1.29,-0.31,9.71,6.93,-1.81,7.56,0,0,0,0.0,0.0,0.0
1787615778.730061,08:56:18.730,1078,54.71,27.68,1011.38,15.581,0.0,0.0,0.0,-0.28,0.03,0.04,-0.28,1.29,-0.31,9.71,6.93,-1.81,7.56,0,0,0,0.0,0.0,0.0
1787615778.852893,08:56:18.852,1079,54.72,27.68,1011.38,15.581,0.0,0.0,0.0,-0.28,0.03,0.04,-0.28,1.29,-0.31,9.71,6.93,-1.81,7.56,0,0,0,0.0,0.0,0.0
1787615778.853158,08:56:18.853,1080,54.73,27.68,1011.38,15.581,0.0,0.0,0.0,-0.2,0.0,0.05,-0.2,1.29,-0.31,9.71,6.93,-1.81,7.56,0,0,0,0.0,0.0,0.0
1787615778.853317,08:56:18.853,1081,54.74,27.68,1011.38,15.581,0.0,0.0,0.0,-0.2,0.0,0.05,-0.2,1.29,-0.31,9.71,6.93,-1.81,7.56,0,0,0,0.0,0.0,0.0
1787615778.853470,08:56:18.853,1082,54.75,27.68,1011.38,15.581,0.0,0.0,0.0,-0.2,0.0,0.05,-0.2,1.29,-0.31,9.71,6.93,-1.81,7.56,0,0,0,0.0,0.0,0.0
1787615778.853621,08:56:18.853,1083,54.76,27.68,1011.38,15.581,0.0,0.0,0.0,-0.2,0.0,0.05,-0.2,1.29,-0.31,9.71,6.93,-1.81,7.56,0,0,0,0.0,0.0,0.0
1787615778.853770,08:56:18.853,1084,54.77,27.68,1011.35,15.829,0.0,0.0,0.0,-0.2,0.0,0.05,-0.2,1.29,-0.31,9.71,6.93,-1.81,7.56,0,0,0,0.0,0.0,0.0
1787615778.853919,08:56:18.853,1085,54.78,27.68,1011.35,15.829,0.0,0.0,0.0,-0.2,0.0,0.05,-0.2,1.29,-0.31,9.71,6.93,-1.81,7.56,0,0,0,0.0,0.0,0.0
1787615778.854068,08:56:18.854,1086,54.79,27.68,1011.35,15.829,0.0,0.0,0.0,-0.2,0.0,0.05,-0.2,1.29,-0.31,9.71,6.93,-1.81,7.56,0,0,0,0.0,0.0,0.0
1787615778.854216,08:56:18.854,1087,54.8,27.68,1011.35,15.829,0.0,0.0,0.0,-0.2,0.0,0.05,-0.2,1.29,-0.31,9.71,6.93,-1.81,7.56,0,0,0,0.0,0.0,0.0
1787615778.854365,08:56:18.854,1088,54.81,27.68,1011.35,15.829,0.0,0.0,0.0,-0.2,0.0,0.05,-0.2,1.29,-0.31,9.71,6.93,-1.81,7.56,0,0,0,0.0,0.0,0.0
1787615778.854663,08:56:18.854,1089,54.82,27.68,1011.35,15.829,0.0,0.0,0.0,-0.2,0.0,0.05,-0.2,1.29,-0.31,9.71,6.93,-1.81,7.56,0,0,0,0.0,0.0,0.0
1787615778.854835,08:56:18.854,1090,54.83,27.68,1011.35,15.829,0.0,0.0,0.0,-0.27,0.04,0.01,-0.27,1.29,-0.31,9.71,6.93,-1.81,7.56,0,0,0,0.0,0.0,0.0
1787615778.854995,08:56:18.854,1091,54.84,27.68,1011.35,15.829,0.0,0.0,0.0,-0.27,0.04,0.01,-0.27,1.29,-0.31,9.71,6.93,-1.81,7.56,0,0,0,0.0,0.0,0.0
1787615778.956147,08:56:18.956,1092,54.85,27.68,1011.35,15.829,0.0,0.0,0.0,-0.27,0.04,0.01,-0.27,1.29,-0.31,9.71,6.93,-1.81,7.56,0,0,0,0.0,0.0,0.0
1787615778.957463,08:56:18.957,1093,54.86,27.68,1011.35,15.829,0.0,0.0,0.0,-0.27,0.04,0.01,-0.27,1.29,-0.31,9.71,6.93,-1.81,7.56,0,0,0,0.0,0.0,0.0
1787615778.957920,08:56:18.957,1094,54.87,27.68,1011.35,15.829,0.0,0.0,0.0,-0.27,0.04,0.01,-0.27,1.29,-0.31,9.71,6.93,-1.81,7.56,0,0,0,0.0,0.0,0.0
1787615778.958333,08:56:18.958,1095,54.88,27.68,1011.35,15.829,0.0,0.0,0.0,-0.27,0.04,0.01,-0.27,1.29,-0.31,9.71,6.93,-1.81,7.56,0,0,0,0.0,0.0,0.0
1787615778.958667,08:56:18.958,1096,54.89,27.68,1011.35,15.829,0.0,0.0,0.0,-0.27,0.04,0.01,-0.27,1.29,-0.31,9.71,6.93,-1.81,7.56,0,0,0,0.0,0.0,0.0
1787615778.958980,08:56:18.958,1097,54.9,27.68,1011.35,15.829,0.0,0.0,0.0,-0.27,0.04,0.01,-0.27,1.29,-0.31,9.71,6.93,-1.81,7.56,0,0,0,0.0,0.0,0.0
1787615778.959306,08:56:18.959,1098,54.91,27.68,1011.35,15.829,0.0,0.0,0.0,-0.27,0.04,0.01,-0.27,1.29,-0.31,9.71,6.93,-1.81,7.56,0,0,0,0.0,0.0,0.0
1787615778.960088,08:56:18.960,1099,54.92,27.68,1011.35,15.829,0.0,0.0,0.0,-0.27,0.04,0.01,-0.27,1.29,-0.31,9.71,6.93,-1.81,7.56,0,0,0,0.0,0.0,0.0
1787615778.960415,08:56:18.960,1100,54.93,27.68,1011.35,15.829,0.0,0.0,0.0,-0.25,0.02,0.03,-0.25,1.29,-0.31,9.71,6.93,-1.81,7.56,0,0,0,0.0,0.0,0.0
1787615778.960729,08:56:18.960,1101,54.94,27.68,1011.35,15.829,0.0,0.0,0.0,-0.25,0.02,0.03,-0.25,1.29,-0.31,9.71,6.93,-1.81,7.56,0,0,0,0.0,0.0,0.0
1787615778.961037,08:56:18.961,1102,54.95,27.68,1011.35,15.829,0.0,0.0,0.0,-0.25,0.02,0.03,-0.25,1.29,-0.31,9.71,6.93,-1.81,7.56,0,0,0,0.0,0.0,0.0
1787615779.062706,08:56:19.062,1103,54.96,27.68,1011.35,15.829,0.0,0.0,0.0,-0.25,0.02,0.03,-0.25,1.29,-0.31,9.71,6.93,-1.81,7.56,0,0,0,0.0,0.0,0.0
1787615779.064092,08:56:19.064,1104,54.97,27.68,1011.38,15.581,0.0,0.0,0.0,-0.25,0.02,0.03,-0.25,1.29,-0.31,9.71,6.93,-1.81,7.56,0,0,0,0.0,0.0,0.0
1787615779.065466,08:56:19.065,1105,54.98,27.68,1011.38,15.581,0.0,0.0,0.0,-0.25,0.02,0.03,-0.25,1.29,-0.31,9.71,6.93,-1.81,7.56,0,0,0,0.0,0.0,0.0
1787615779.066223,08:56:19.066,1106,54.99,27.68,1011.38,15.581,0.0,0.0,0.0,-0.25,0.02,0.03,-0.25,1.29,-0.31,9.71,6.93,-1.81,7.56,0,0,0,0.0,0.0,0.0
1787615779.066702,08:56:19.066,1107,55.0,27.68,1011.38,15.581,0.0,0.0,0.0,-0.25,0.02,0.03,-0.25,1.29,-0.31,9.71,6.93,-1.81,7.56,0,0,0,0.0,0.0,0.0
1787615779.067102,08:56:19.067,1108,55.01,27.68,1011.38,15.581,0.0,0.0,0.0,-0.25,0.02,0.03,-0.25,1.29,-0.31,9.71,6.93,-1.81,7.56,0,0,0,0.0,0.0,0.0
1787615779.067494,08:56:19.067,1109,55.02,27.68,1011.38,15.581,0.0,0.0,0.0,-0.25,0.02,0.03,-0.25,1.29,-0.31,9.71,6.93,-1.81,7.56,0,0,0,0.0,0.0,0.0
1787615779.067895,08:56:19.067,1110,55.03,27.68,1011.38,15.581,0.0,0.0,0.0,-0.25,0.02,0.03,-0.25,1.29,-0.31,9.71,6.93,-1.81,7.56,0,0,0,0.0,0.0,0.0
1787615779.068379,08:56:19.068,1111,55.04,27.68,1011.38,15.581,0.0,0.0,0.0,-0.25,0.02,0.02,-0.25,1.29,-0.31,9.71,6.93,-1.81,7.56,0,0,0,0.0,0.0,0.0
1787615779.068710,08:56:19.068,1112,55.05,27.68,1011.38,15.581,0.0,0.0,0.0,-0.25,0.02,0.02,-0.25,1.29,-0.31,9.71,6.93,-1.81,7.56,0,0,0,0.0,0.0,0.0
1787615779.069043,08:56:19.069,1113,55.06,27.68,1011.38,15.581,0.0,0.0,0.0,-0.25,0.02,0.02,-0.25,1.29,-0.31,9.71,6.93,-1.81,7.56,0,0,0,0.0,0.0,0.0
1787615779.170503,08:56:19.170,1114,55.07,27.68,1011.38,15.581,0.0,0.0,0.0,-0.25,0.02,0.02,-0.25,1.29,-0.31,9.71,6.93,-1.81,7.56,0,0,0,0.0,0.0,0.0
1787615779.171919,08:56:19.171,1115,55.08,27.68,1011.38,15.581,0.0,0.0,0.0,-0.25,0.02,0.02,-0.25,1.29,-0.31,9.71,6.93,-1.81,7.56,0,0,0,0.0,0.0,0.0
1787615779.172461,08:56:19.172,1116,55.09,27.68,1011.38,15.581,0.0,0.0,0.0,-0.25,0.02,0.02,-0.25,1.29,-0.31,9.71,6.93,-1.81,7.56,0,0,0,0.0,0.0,0.0
1787615779.172879,08:56:19.172,1117,55.1,27.68,1011.38,15.581,0.0,0.0,0.0,-0.25,0.02,0.02,-0.25,1.29,-0.31,9.71,6.93,-1.81,7.56,0,0,0,0.0,0.0,0.0
1787615779.173288,08:56:19.173,1118,55.11,27.68,1011.38,15.581,0.0,0.0,0.0,-0.25,0.02,0.02,-0.25,1.29,-0.31,9.71,6.93,-1.81,7.56,0,0,0,0.0,0.0,0.0
1787615779.173689,08:56:19.173,1119,55.12,27.68,1011.38,15.581,0.0,0.0,0.0,-0.25,0.02,0.02,-0.25,1.29,-0.31,9.71,6.93,-1.81,7.56,0,0,0,0.0,0.0,0.0
1787615779.174111,08:56:19.174,1120,55.13,27.68,1011.38,15.581,0.0,0.0,0.0,-0.25,0.02,0.02,-0.25,1.29,-0.31,9.71,6.93,-1.81,7.56,0,0,0,0.0,0.0,0.0
1787615779.174516,08:56:19.174,1121,55.14,27.68,1011.38,15.581,0.0,0.0,0.0,-0.27,0.04,0.03,-0.27,1.29,-0.31,9.71,6.93,-1.81,7.56,0,0,0,0.0,0.0,0.0
1787615779.174961,08:56:19.174,1122,55.15,27.68,1011.38,15.581,0.0,0.0,0.0,-0.27,0.04,0.03,-0.27,1.29,-0.31,9.71,6.93,-1.81,7.56,0,0,0,0.0,0.0,0.0
1787615779.175348,08:56:19.175,1123,55.16,27.68,1011.38,15.581,0.0,0.0,0.0,-0.27,0.04,0.03,-0.27,1.29,-0.31,9.71,6.93,-1.81,7.56,0,0,0,0.0,0.0,0.0
1787615779.277062,08:56:19.277,1124,55.17,27.69,1011.4,15.412,0.0,0.0,0.0,-0.27,0.04,0.03,-0.27,1.29,-0.31,9.71,6.93,-1.81,7.56,0,0,0,0.0,0.0,0.0
1787615779.278511,08:56:19.278,1125,55.18,27.69,1011.4,15.412,0.0,0.0,0.0,-0.27,0.04,0.03,-0.27,1.29,-0.31,9.71,6.93,-1.81,7.56,0,0,0,0.0,0.0,0.0
1787615779.279257,08:56:19.279,1126,55.19,27.69,1011.4,15.412,0.0,0.0,0.0,-0.27,0.04,0.03,-0.27,1.29,-0.31,9.71,6.93,-1.81,7.56,0,0,0,0.0,0.0,0.0
1787615779.279971,08:56:19.279,1127,55.2,27.69,1011.4,15.412,0.0,0.0,0.0,-0.27,0.04,0.03,-0.27,1.29,-0.31,9.71,6.93,-1.81,7.56,0,0,0,0.0,0.0,0.0
1787615779.280467,08:56:19.280,1128,55.21,27.69,1011.4,15.412,0.0,0.0,0.0,-0.27,0.04,0.03,-0.27,1.29,-0.31,9.71,6.93,-1.81,7.56,0,0,0,0.0,0.0,0.0
1787615779.280775,08:56:19.280,1129,55.22,27.69,1011.4,15.412,0.0,0.0,0.0,-0.27,0.04,0.03,-0.27,1.29,-0.31,9.71,6.93,-1.81,7.56,0,0,0,0.0,0.0,0.0
1787615779.281082,08:56:19.281,1130,55.23,27.69,1011.4,15.412,0.0,0.0,0.0,-0.26,0.01,0.03,-0.26,1.29,-0.31,9.71,6.93,-1.81,7.56,0,0,0,0.0,0.0,0.0
1787615779.281393,08:56:19.281,1131,55.24,27.69,1011.4,15.412,0.0,0.0,0.0,-0.26,0.01,0.03,-0.26,1.29,-0.31,9.71,6.93,-1.81,7.56,0,0,0,0.0,0.0,0.0
1787615779.281696,08:56:19.281,1132,55.25,27.69,1011.4,15.412,0.0,0.0,0.0,-0.26,0.01,0.03,-0.26,1.29,-0.31,9.71,6.93,-1.81,7.56,0,0,0,0.0,0.0,0.0
1787615779.281999,08:56:19.281,1133,55.26,27.69,1011.4,15.412,0.0,0.0,0.0,-0.26,0.01,0.03,-0.26,1.29,-0.31,9.71,6.93,-1.81,7.56,0,0,0,0.0,0.0,0.0
1787615779.282300,08:56:19.282,1134,55.27,27.69,1011.4,15.412,0.0,0.0,0.0,-0.26,0.01,0.03,-0.26,1.29,-0.31,9.71,6.93,-1.81,7.56,0,0,0,0.0,0.0,0.0
1787615779.383717,08:56:19.383,1135,55.28,27.69,1011.4,15.412,0.0,0.0,0.0,-0.26,0.01,0.03,-0.26,1.29,-0.31,9.71,6.93,-1.81,7.56,0,0,0,0.0,0.0,0.0
1787615779.384029,08:56:19.384,1136,55.29,27.69,1011.4,15.412,0.0,0.0,0.0,-0.26,0.01,0.03,-0.26,1.29,-0.31,9.71,6.93,-1.81,7.56,0,0,0,0.0,0.0,0.0
1787615779.384209,08:56:19.384,1137,55.3,27.69,1011.4,15.412,0.0,0.0,0.0,-0.26,0.01,0.03,-0.26,1.29,-0.31,9.71,6.93,-1.81,7.56,0,0,0,0.0,0.0,0.0
1787615779.384380,08:56:19.384,1138,55.31,27.69,1011.4,15.412,0.0,0.0,0.0,-0.26,0.01,0.03,-0.26,1.29,-0.31,9.71,6.93,-1.81,7.56,0,0,0,0.0,0.0,0.0
1787615779.384553,08:56:19.384,1139,55.32,27.69,1011.4,15.412,0.0,0.0,0.0,-0.26,0.01,0.03,-0.26,1.29,-0.31,9.71,6.93,-1.81,7.56,0,0,0,0.0,0.0,0.0
1787615779.384722,08:56:19.384,1140,55.33,27.69,1011.4,15.412,0.0,0.0,0.0,-0.22,0.04,0.02,-0.22,1.29,-0.31,9.71,6.93,-1.81,7.56,0,0,0,0.0,0.0,0.0
1787615779.384891,08:56:19.384,1141,55.34,27.69,1011.4,15.412,0.0,0.0,0.0,-0.22,0.04,0.02,-0.22,1.29,-0.31,9.71,6.93,-1.81,7.56,0,0,0,0.0,0.0,0.0
1787615779.385058,08:56:19.385,1142,55.35,27.69,1011.4,15.412,0.0,0.0,0.0,-0.22,0.04,0.02,-0.22,1.29,-0.31,9.71,6.93,-1.81,7.56,0,0,0,0.0,0.0,0.0
1787615779.385227,08:56:19.385,1143,55.36,27.69,1011.4,15.412,0.0,0.0,0.0,-0.22,0.04,0.02,-0.22,1.29,-0.31,9.71,6.93,-1.81,7.56,0,0,0,0.0,0.0,0.0
1787615779.385395,08:56:19.385,1144,55.37,27.69,1011.37,15.663,0.0,0.0,0.0,-0.22,0.04,0.02,-0.22,1.29,-0.31,9.71,6.93,-1.81,7.56,0,0,0,0.0,0.0,0.0
1787615779.486223,08:56:19.486,1145,55.38,27.69,1011.37,15.663,0.0,0.0,0.0,-0.22,0.04,0.02,-0.22,1.29,-0.31,9.71,6.93,-1.81,7.56,0,0,0,0.0,0.0,0.0
1787615779.487017,08:56:19.487,1146,55.39,27.69,1011.37,15.663,0.0,0.0,0.0,-0.22,0.04,0.02,-0.22,1.29,-0.31,9.71,6.93,-1.81,7.56,0,0,0,0.0,0.0,0.0
1787615779.487398,08:56:19.487,1147,55.4,27.69,1011.37,15.663,0.0,0.0,0.0,-0.22,0.04,0.02,-0.22,1.29,-0.31,9.71,6.93,-1.81,7.56,0,0,0,0.0,0.0,0.0
1787615779.487745,08:56:19.487,1148,55.41,27.69,1011.37,15.663,0.0,0.0,0.0,-0.22,0.04,0.02,-0.22,1.29,-0.31,9.71,6.93,-1.81,7.56,0,0,0,0.0,0.0,0.0
1787615779.488087,08:56:19.488,1149,55.42,27.69,1011.37,15.663,0.0,0.0,0.0,-0.22,0.04,0.02,-0.22,1.29,-0.31,9.71,6.93,-1.81,7.56,0,0,0,0.0,0.0,0.0
1787615779.488431,08:56:19.488,1150,55.43,27.69,1011.37,15.663,0.0,0.0,0.0,-0.27,0.03,0.04,-0.27,1.29,-0.31,9.71,6.93,-1.81,7.56,0,0,0,0.0,0.0,0.0
1787615779.488772,08:56:19.488,1151,55.44,27.69,1011.37,15.663,0.0,0.0,0.0,-0.27,0.03,0.04,-0.27,1.29,-0.31,9.71,6.93,-1.81,7.56,0,0,0,0.0,0.0,0.0
1787615779.489137,08:56:19.489,1152,55.45,27.69,1011.37,15.663,0.0,0.0,0.0,-0.27,0.03,0.04,-0.27,1.29,-0.31,9.71,6.93,-1.81,7.56,0,0,0,0.0,0.0,0.0
1787615779.489479,08:56:19.489,1153,55.46,27.69,1011.37,15.663,0.0,0.0,0.0,-0.27,0.03,0.04,-0.27,1.29,-0.31,9.71,6.93,-1.81,7.56,0,0,0,0.0,0.0,0.0
1787615779.489828,08:56:19.489,1154,55.47,27.69,1011.37,15.663,0.0,0.0,0.0,-0.27,0.03,0.04,-0.27,1.29,-0.31,9.71,6.93,-1.81,7.56,0,0,0,0.0,0.0,0.0
1787615779.590553,08:56:19.590,1155,55.48,27.69,1011.37,15.663,0.0,0.0,0.0,-0.27,0.03,0.04,-0.27,1.29,-0.31,9.71,6.93,-1.81,7.56,0,0,0,0.0,0.0,0.0
1787615779.591955,08:56:19.591,1156,55.49,27.69,1011.37,15.663,0.0,0.0,0.0,-0.27,0.03,0.04,-0.27,1.29,-0.31,9.71,6.93,-1.81,7.56,0,0,0,0.0,0.0,0.0
1787615779.592419,08:56:19.592,1157,55.5,27.69,1011.37,15.663,0.0,0.0,0.0,-0.27,0.03,0.04,-0.27,1.29,-0.31,9.71,6.93,-1.81,7.56,0,0,0,0.0,0.0,0.0
1787615779.592833,08:56:19.592,1158,55.51,27.69,1011.37,15.663,0.0,0.0,0.0,-0.27,0.03,0.04,-0.27,1.29,-0.31,9.71,6.93,-1.81,7.56,0,0,0,0.0,0.0,0.0
1787615779.593235,08:56:19.593,1159,55.52,27.69,1011.37,15.663,0.0,0.0,0.0,-0.27,0.03,0.04,-0.27,1.29,-0.31,9.71,6.93,-1.81,7.56,0,0,0,0.0,0.0,0.0
1787615779.593630,08:56:19.593,1160,55.53,27.69,1011.37,15.663,0.0,0.0,0.0,-0.27,0.02,0.04,-0.27,1.29,-0.31,9.71,6.93,-1.81,7.56,0,0,0,0.0,0.0,0.0
1787615779.594153,08:56:19.594,1161,55.54,27.69,1011.37,15.663,0.0,0.0,0.0,-0.27,0.02,0.04,-0.27,1.29,-0.31,9.71,6.93,-1.81,7.56,0,0,0,0.0,0.0,0.0
1787615779.594559,08:56:19.594,1162,55.55,27.69,1011.37,15.663,0.0,0.0,0.0,-0.27,0.02,0.04,-0.27,1.29,-0.31,9.71,6.93,-1.81,7.56,0,0,0,0.0,0.0,0.0
1787615779.594921,08:56:19.594,1163,55.56,27.69,1011.37,15.663,0.0,0.0,0.0,-0.27,0.02,0.04,-0.27,1.29,-0.31,9.71,6.93,-1.81,7.56,0,0,0,0.0,0.0,0.0
1787615779.595258,08:56:19.595,1164,55.57,27.69,1011.39,15.496,0.0,0.0,0.0,-0.27,0.02,0.04,-0.27,1.29,-0.31,9.71,6.93,-1.81,7.56,0,0,0,0.0,0.0,0.0
1787615779.595607,08:56:19.595,1165,55.58,27.69,1011.39,15.496,0.0,0.0,0.0,-0.27,0.02,0.04,-0.27,1.29,-0.31,9.71,6.93,-1.81,7.56,0,0,0,0.0,0.0,0.0
1787615779.697312,08:56:19.697,1166,55.59,27.69,1011.39,15.496,0.0,0.0,0.0,-0.27,0.02,0.04,-0.27,1.29,-0.31,9.71,6.93,-1.81,7.56,0,0,0,0.0,0.0,0.0
1787615779.698694,08:56:19.698,1167,55.6,27.69,1011.39,15.496,0.0,0.0,0.0,-0.27,0.02,0.04,-0.27,1.29,-0.31,9.71,6.93,-1.81,7.56,0,0,0,0.0,0.0,0.0
1787615779.699396,08:56:19.699,1168,55.61,27.69,1011.39,15.496,0.0,0.0,0.0,-0.27,0.02,0.04,-0.27,1.29,-0.31,9.71,6.93,-1.81,7.56,0,0,0,0.0,0.0,0.0
1787615779.700071,08:56:19.700,1169,55.62,27.69,1011.39,15.496,0.0,0.0,0.0,-0.27,0.02,0.04,-0.27,1.29,-0.31,9.71,6.93,-1.81,7.56,0,0,0,0.0,0.0,0.0
1787615779.700753,08:56:19.700,1170,55.63,27.69,1011.39,15.496,0.0,0.0,0.0,-0.25,0.03,0.03,-0.25,1.29,-0.31,9.71,6.93,-1.81,7.56,0,0,0,0.0,0.0,0.0
1787615779.701414,08:56:19.701,1171,55.64,27.69,1011.39,15.496,0.0,0.0,0.0,-0.25,0.03,0.03,-0.25,1.29,-0.31,9.71,6.93,-1.81,7.56,0,0,0,0.0,0.0,0.0
1787615779.702015,08:56:19.702,1172,55.65,27.69,1011.39,15.496,0.0,0.0,0.0,-0.25,0.03,0.03,-0.25,1.29,-0.31,9.71,6.93,-1.81,7.56,0,0,0,0.0,0.0,0.0
1787615779.702308,08:56:19.702,1173,55.66,27.69,1011.39,15.496,0.0,0.0,0.0,-0.25,0.03,0.03,-0.25,1.29,-0.31,9.71,6.93,-1.81,7.56,0,0,0,0.0,0.0,0.0
1787615779.702607,08:56:19.702,1174,55.67,27.69,1011.39,15.496,0.0,0.0,0.0,-0.25,0.03,0.03,-0.25,1.29,-0.31,9.71,6.93,-1.81,7.56,0,0,0,0.0,0.0,0.0
1787615779.702921,08:56:19.702,1175,55.68,27.69,1011.39,15.496,0.0,0.0,0.0,-0.25,0.03,0.03,-0.25,1.29,-0.31,9.71,6.93,-1.81,7.56,0,0,0,0.0,0.0,0.0
1787615779.703223,08:56:19.703,1176,55.69,27.69,1011.39,15.496,0.0,0.0,0.0,-0.25,0.03,0.03,-0.25,1.29,-0.31,9.71,6.93,-1.81,7.56,0,0,0,0.0,0.0,0.0
1787615779.804829,08:56:19.804,1177,55.7,27.69,1011.39,15.496,0.0,0.0,0.0,-0.25,0.03,0.03,-0.25,1.29,-0.31,9.71,6.93,-1.81,7.56,0,0,0,0.0,0.0,0.0
1787615779.806232,08:56:19.806,1178,55.71,27.69,1011.39,15.496,0.0,0.0,0.0,-0.25,0.03,0.03,-0.25,1.29,-0.31,9.71,6.93,-1.81,7.56,0,0,0,0.0,0.0,0.0
1787615779.806947,08:56:19.806,1179,55.72,27.69,1011.39,15.496,0.0,0.0,0.0,-0.25,0.03,0.03,-0.25,1.29,-0.31,9.71,6.93,-1.81,7.56,0,0,0,0.0,0.0,0.0
1787615779.807620,08:56:19.807,1180,55.73,27.69,1011.39,15.496,0.0,0.0,0.0,-0.26,0.02,0.03,-0.26,1.29,-0.31,9.71,6.93,-1.81,7.56,0,0,0,0.0,0.0,0.0
1787615779.808404,08:56:19.808,1181,55.74,27.69,1011.39,15.496,0.0,0.0,0.0,-0.26,0.02,0.03,-0.26,1.29,-0.31,9.71,6.93,-1.81,7.56,0,0,0,0.0,0.0,0.0
1787615779.808811,08:56:19.808,1182,55.75,27.69,1011.39,15.496,0.0,0.0,0.0,-0.26,0.02,0.03,-0.26,1.29,-0.31,9.71,6.93,-1.81,7.56,0,0,0,0.0,0.0,0.0
1787615779.809177,08:56:19.809,1183,55.76,27.69,1011.39,15.496,0.0,0.0,0.0,-0.26,0.02,0.03,-0.26,1.29,-0.31,9.71,6.93,-1.81,7.56,0,0,0,0.0,0.0,0.0
1787615779.809517,08:56:19.809,1184,55.77,27.68,1011.35,15.829,0.0,0.0,0.0,-0.26,0.02,0.03,-0.26,1.29,-0.31,9.71,6.93,-1.81,7.56,0,0,0,0.0,0.0,0.0
1787615779.809854,08:56:19.809,1185,55.78,27.68,1011.35,15.829,0.0,0.0,0.0,-0.26,0.02,0.03,-0.26,1.29,-0.31,9.71,6.93,-1.81,7.56,0,0,0,0.0,0.0,0.0
1787615779.810189,08:56:19.810,1186,55.79,27.68,1011.35,15.829,0.0,0.0,0.0,-0.26,0.02,0.03,-0.26,1.29,-0.31,9.71,6.93,-1.81,7.56,0,0,0,0.0,0.0,0.0
1787615779.911897,08:56:19.911,1187,55.8,27.68,1011.35,15.829,0.0,0.0,0.0,-0.26,0.02,0.03,-0.26,1.29,-0.31,9.71,6.93,-1.81,7.56,0,0,0,0.0,0.0,0.0
1787615779.912692,08:56:19.912,1188,55.81,27.68,1011.35,15.829,0.0,0.0,0.0,-0.26,0.02,0.03,-0.26,1.29,-0.31,9.71,6.93,-1.81,7.56,0,0,0,0.0,0.0,0.0
1787615779.913010,08:56:19.913,1189,55.82,27.68,1011.35,15.829,0.0,0.0,0.0,-0.26,0.02,0.03,-0.26,1.29,-0.31,9.71,6.93,-1.81,7.56,0,0,0,0.0,0.0,0.0
1787615779.913568,08:56:19.913,1190,55.83,27.68,1011.35,15.829,0.0,0.0,0.0,-0.34,0.05,-0.11,-0.34,1.29,-0.31,9.71,6.93,-1.81,7.56,0,0,0,0.0,0.0,0.0
1787615779.913949,08:56:19.913,1191,55.84,27.68,1011.35,15.829,0.0,0.0,0.0,-0.34,0.05,-0.11,-0.34,1.29,-0.31,9.71,6.93,-1.81,7.56,0,0,0,0.0,0.0,0.0
1787615779.914239,08:56:19.914,1192,55.85,27.68,1011.35,15.829,0.0,0.0,0.0,-0.34,0.05,-0.11,-0.34,1.29,-0.31,9.71,6.93,-1.81,7.56,0,0,0,0.0,0.0,0.0
1787615779.914555,08:56:19.914,1193,55.86,27.68,1011.35,15.829,0.0,0.0,0.0,-0.34,0.05,-0.11,-0.34,1.29,-0.31,9.71,6.93,-1.81,7.56,0,0,0,0.0,0.0,0.0
1787615779.914852,08:56:19.914,1194,55.87,27.68,1011.35,15.829,0.0,0.0,0.0,-0.34,0.05,-0.11,-0.34,1.29,-0.31,9.71,6.93,-1.81,7.56,0,0,0,0.0,0.0,0.0
1787615779.915144,08:56:19.915,1195,55.88,27.68,1011.35,15.829,0.0,0.0,0.0,-0.34,0.05,-0.11,-0.34,1.29,-0.31,9.71,6.93,-1.81,7.56,0,0,0,0.0,0.0,0.0
1787615779.915452,08:56:19.915,1196,55.89,27.68,1011.35,15.829,0.0,0.0,0.0,-0.34,0.05,-0.11,-0.34,1.29,-0.31,9.71,6.93,-1.81,7.56,0,0,0,0.0,0.0,0.0
1787615780.016955,08:56:20.016,1197,55.9,27.68,1011.35,15.829,0.0,0.0,0.0,-0.34,0.05,-0.11,-0.34,1.29,-0.31,9.71,6.93,-1.81,7.56,0,0,0,0.0,0.0,0.0
1787615780.017568,08:56:20.017,1198,55.91,27.68,1011.35,15.829,0.0,0.0,0.0,-0.34,0.05,-0.11,-0.34,1.29,-0.31,9.71,6.93,-1.81,7.56,0,0,0,0.0,0.0,0.0
1787615780.017833,08:56:20.017,1199,55.92,27.68,1011.35,15.829,0.0,0.0,0.0,-0.34,0.05,-0.11,-0.34,1.29,-0.31,9.71,6.93,-1.81,7.56,0,0,0,0.0,0.0,0.0
1787615780.018062,08:56:20.018,1200,55.93,27.68,1011.35,15.829,0.0,0.0,0.0,-0.34,0.03,0.01,-0.34,1.29,-0.31,9.71,6.93,-1.81,7.56,0,0,0,0.0,0.0,0.0
1787615780.018286,08:56:20.018,1201,55.94,27.68,1011.35,15.829,0.0,0.0,0.0,-0.34,0.03,0.01,-0.34,1.29,-0.31,9.71,6.93,-1.81,7.56,0,0,0,0.0,0.0,0.0
1787615780.018510,08:56:20.018,1202,55.95,27.68,1011.35,15.829,0.0,0.0,0.0,-0.34,0.03,0.01,-0.34,1.29,-0.31,9.71,6.93,-1.81,7.56,0,0,0,0.0,0.0,0.0
1787615780.018731,08:56:20.018,1203,55.96,27.68,1011.35,15.829,0.0,0.0,0.0,-0.34,0.03,0.01,-0.34,1.29,-0.31,9.71,6.93,-1.81,7.56,0,0,0,0.0,0.0,0.0
1787615780.018949,08:56:20.018,1204,55.97,27.69,1011.4,15.412,0.0,0.0,0.0,-0.34,0.03,0.01,-0.34,1.29,-0.31,9.71,6.93,-1.81,7.56,0,0,0,0.0,0.0,0.0
1787615780.019168,08:56:20.019,1205,55.98,27.69,1011.4,15.412,0.0,0.0,0.0,-0.34,0.03,0.01,-0.34,1.29,-0.31,9.71,6.93,-1.81,7.56,0,0,0,0.0,0.0,0.0
1787615780.019388,08:56:20.019,1206,55.99,27.69,1011.4,15.412,0.0,0.0,0.0,-0.34,0.03,0.01,-0.34,1.29,-0.31,9.71,6.93,-1.81,7.56,0,0,0,0.0,0.0,0.0
1787615780.019606,08:56:20.019,1207,56.0,27.69,1011.4,15.412,0.0,0.0,0.0,-0.34,0.03,0.01,-0.34,1.29,-0.31,9.71,6.93,-1.81,7.56,0,0,0,0.0,0.0,0.0
1787615780.120548,08:56:20.120,1208,56.01,27.69,1011.4,15.412,0.0,0.0,0.0,-0.34,0.03,0.01,-0.34,1.29,-0.31,9.71,6.93,-1.81,7.56,0,0,0,0.0,0.0,0.0
1787615780.120854,08:56:20.120,1209,56.02,27.69,1011.4,15.412,0.0,0.0,0.0,-0.34,0.03,0.01,-0.34,1.29,-0.31,9.71,6.93,-1.81,7.56,0,0,0,0.0,0.0,0.0
1787615780.121054,08:56:20.121,1210,56.03,27.69,1011.4,15.412,0.0,0.0,0.0,-0.22,0.04,0.05,-0.22,1.29,-0.31,9.71,6.93,-1.81,7.56,0,0,0,0.0,0.0,0.0
1787615780.121289,08:56:20.121,1211,56.04,27.69,1011.4,15.412,0.0,0.0,0.0,-0.22,0.04,0.05,-0.22,1.29,-0.31,9.71,6.93,-1.81,7.56,0,0,0,0.0,0.0,0.0
1787615780.121480,08:56:20.121,1212,56.05,27.69,1011.4,15.412,0.0,0.0,0.0,-0.22,0.04,0.05,-0.22,1.29,-0.31,9.71,6.93,-1.81,7.56,0,0,0,0.0,0.0,0.0
1787615780.121670,08:56:20.121,1213,56.06,27.69,1011.4,15.412,0.0,0.0,0.0,-0.22,0.04,0.05,-0.22,1.29,-0.31,9.71,6.93,-1.81,7.56,0,0,0,0.0,0.0,0.0
1787615780.121862,08:56:20.121,1214,56.07,27.69,1011.4,15.412,0.0,0.0,0.0,-0.22,0.04,0.05,-0.22,1.29,-0.31,9.71,6.93,-1.81,7.56,0,0,0,0.0,0.0,0.0
1787615780.122050,08:56:20.122,1215,56.08,27.69,1011.4,15.412,0.0,0.0,0.0,-0.22,0.04,0.05,-0.22,1.29,-0.31,9.71,6.93,-1.81,7.56,0,0,0,0.0,0.0,0.0
1787615780.122241,08:56:20.122,1216,56.09,27.69,1011.4,15.412,0.0,0.0,0.0,-0.22,0.04,0.05,-0.22,1.29,-0.31,9.71,6.93,-1.81,7.56,0,0,0,0.0,0.0,0.0
1787615780.122429,08:56:20.122,1217,56.1,27.69,1011.4,15.412,0.0,0.0,0.0,-0.22,0.04,0.05,-0.22,1.29,-0.31,9.71,6.93,-1.81,7.56,0,0,0,0.0,0.0,0.0
1787615780.223903,08:56:20.223,1218,56.11,27.69,1011.4,15.412,0.0,0.0,0.0,-0.22,0.04,0.05,-0.22,1.29,-0.31,9.71,6.93,-1.81,7.56,0,0,0,0.0,0.0,0.0
1787615780.225255,08:56:20.225,1219,56.12,27.69,1011.4,15.412,0.0,0.0,0.0,-0.22,0.04,0.05,-0.22,1.29,-0.31,9.71,6.93,-1.81,7.56,0,0,0,0.0,0.0,0.0
1787615780.225946,08:56:20.225,1220,56.13,27.69,1011.4,15.412,0.0,0.0,0.0,-0.27,0.04,0.03,-0.27,1.29,-0.31,9.71,6.93,-1.81,7.56,0,0,0,0.0,0.0,0.0
1787615780.226344,08:56:20.226,1221,56.14,27.69,1011.4,15.412,0.0,0.0,0.0,-0.27,0.04,0.03,-0.27,1.29,-0.31,9.71,6.93,-1.81,7.56,0,0,0,0.0,0.0,0.0
1787615780.226769,08:56:20.226,1222,56.15,27.69,1011.4,15.412,0.0,0.0,0.0,-0.27,0.04,0.03,-0.27,1.29,-0.31,9.71,6.93,-1.81,7.56,0,0,0,0.0,0.0,0.0
1787615780.227199,08:56:20.227,1223,56.16,27.69,1011.4,15.412,0.0,0.0,0.0,-0.27,0.04,0.03,-0.27,1.29,-0.31,9.71,6.93,-1.81,7.56,0,0,0,0.0,0.0,0.0
1787615780.227598,08:56:20.227,1224,56.17,27.71,1011.38,15.581,0.0,0.0,0.0,-0.27,0.04,0.03,-0.27,1.29,-0.31,9.71,6.93,-1.81,7.56,0,0,0,0.0,0.0,0.0
1787615780.227992,08:56:20.227,1225,56.18,27.71,1011.38,15.581,0.0,0.0,0.0,-0.27,0.04,0.03,-0.27,1.29,-0.31,9.71,6.93,-1.81,7.56,0,0,0,0.0,0.0,0.0
1787615780.228344,08:56:20.228,1226,56.19,27.71,1011.38,15.581,0.0,0.0,0.0,-0.27,0.04,0.03,-0.27,1.29,-0.31,9.71,6.93,-1.81,7.56,0,0,0,0.0,0.0,0.0
1787615780.228683,08:56:20.228,1227,56.2,27.71,1011.38,15.581,0.0,0.0,0.0,-0.27,0.04,0.03,-0.27,1.29,-0.31,9.71,6.93,-1.81,7.56,0,0,0,0.0,0.0,0.0
1787615780.229034,08:56:20.229,1228,56.21,27.71,1011.38,15.581,0.0,0.0,0.0,-0.27,0.04,0.03,-0.27,1.29,-0.31,9.71,6.93,-1.81,7.56,0,0,0,0.0,0.0,0.0
1787615780.330276,08:56:20.330,1229,56.22,27.71,1011.38,15.581,0.0,0.0,0.0,-0.27,0.04,0.03,-0.27,1.29,-0.31,9.71,6.93,-1.81,7.56,0,0,0,0.0,0.0,0.0
1787615780.330948,08:56:20.330,1230,56.23,27.71,1011.38,15.581,0.0,0.0,0.0,-0.24,0.02,0.0,-0.24,1.29,-0.31,9.71,6.93,-1.81,7.56,0,0,0,0.0,0.0,0.0
1787615780.331250,08:56:20.331,1231,56.24,27.71,1011.38,15.581,0.0,0.0,0.0,-0.24,0.02,0.0,-0.24,1.29,-0.31,9.71,6.93,-1.81,7.56,0,0,0,0.0,0.0,0.0
1787615780.331539,08:56:20.331,1232,56.25,27.71,1011.38,15.581,0.0,0.0,0.0,-0.24,0.02,0.0,-0.24,1.29,-0.31,9.71,6.93,-1.81,7.56,0,0,0,0.0,0.0,0.0
1787615780.331831,08:56:20.331,1233,56.26,27.71,1011.38,15.581,0.0,0.0,0.0,-0.24,0.02,0.0,-0.24,1.29,-0.31,9.71,6.93,-1.81,7.56,0,0,0,0.0,0.0,0.0
1787615780.332118,08:56:20.332,1234,56.27,27.71,1011.38,15.581,0.0,0.0,0.0,-0.24,0.02,0.0,-0.24,1.29,-0.31,9.71,6.93,-1.81,7.56,0,0,0,0.0,0.0,0.0
1787615780.332403,08:56:20.332,1235,56.28,27.71,1011.38,15.581,0.0,0.0,0.0,-0.24,0.02,0.0,-0.24,1.29,-0.31,9.71,6.93,-1.81,7.56,0,0,0,0.0,0.0,0.0
1787615780.332688,08:56:20.332,1236,56.29,27.71,1011.38,15.581,0.0,0.0,0.0,-0.24,0.02,0.0,-0.24,1.29,-0.31,9.71,6.93,-1.81,7.56,0,0,0,0.0,0.0,0.0
1787615780.332973,08:56:20.332,1237,56.3,27.71,1011.38,15.581,0.0,0.0,0.0,-0.24,0.02,0.0,-0.24,1.29,-0.31,9.71,6.93,-1.81,7.56,0,0,0,0.0,0.0,0.0
1787615780.434682,08:56:20.434,1238,56.31,27.71,1011.38,15.581,0.0,0.0,0.0,-0.24,0.02,0.0,-0.24,1.29,-0.31,9.71,6.93,-1.81,7.56,0,0,0,0.0,0.0,0.0
1787615780.435972,08:56:20.435,1239,56.32,27.71,1011.38,15.581,0.0,0.0,0.0,-0.24,0.02,0.0,-0.24,1.29,-0.31,9.71,6.93,-1.81,7.56,0,0,0,0.0,0.0,0.0
1787615780.436660,08:56:20.436,1240,56.33,27.71,1011.38,15.581,0.0,0.0,0.0,0.12,0.1,0.5,0.12,1.29,-0.3,9.71,6.93,-1.75,7.56,0,0,0,0.0,0.0,0.0
1787615780.437121,08:56:20.437,1241,56.34,27.71,1011.38,15.581,0.0,0.0,0.0,0.12,0.1,0.5,0.12,1.29,-0.3,9.71,6.93,-1.75,7.56,0,0,0,0.0,0.0,0.0
1787615780.437449,08:56:20.437,1242,56.35,27.71,1011.38,15.581,0.0,0.0,0.0,0.12,0.1,0.5,0.12,1.29,-0.3,9.71,6.93,-1.75,7.56,0,0,0,0.0,0.0,0.0
1787615780.437773,08:56:20.437,1243,56.36,27.71,1011.38,15.581,0.0,0.0,0.0,0.12,0.1,0.5,0.12,1.29,-0.3,9.71,6.93,-1.75,7.56,0,0,0,0.0,0.0,0.0
1787615780.438098,08:56:20.438,1244,56.37,27.6,1011.23,16.831,0.0,0.0,0.0,0.12,0.1,0.5,0.12,1.29,-0.3,9.71,6.93,-1.75,7.56,0,0,0,0.0,0.0,0.0
1787615780.438428,08:56:20.438,1245,56.38,27.6,1011.23,16.831,0.0,0.0,0.0,0.12,0.1,0.5,0.12,1.29,-0.3,9.71,6.93,-1.75,7.56,0,0,0,0.0,0.0,0.0
1787615780.438750,08:56:20.438,1246,56.39,27.6,1011.23,16.831,0.0,0.0,0.0,0.12,0.1,0.5,0.12,1.29,-0.3,9.71,6.93,-1.75,7.56,0,0,0,0.0,0.0,0.0
1787615780.439075,08:56:20.439,1247,56.4,27.6,1011.23,16.831,0.0,0.0,0.0,0.12,0.1,0.5,0.12,1.29,-0.3,9.71,6.93,-1.75,7.56,0,0,0,0.0,0.0,0.0
1787615780.439402,08:56:20.439,1248,56.41,27.6,1011.23,16.831,0.0,0.0,0.0,0.12,0.1,0.5,0.12,1.29,-0.3,9.71,6.93,-1.75,7.56,0,0,0,0.0,0.0,0.0
1787615780.439725,08:56:20.439,1249,56.42,27.6,1011.23,16.831,0.0,0.0,0.0,0.12,0.1,0.5,0.12,1.29,-0.3,9.71,6.93,-1.75,7.56,0,0,0,0.0,0.0,0.0
1787615780.541091,08:56:20.541,1250,56.43,27.6,1011.23,16.831,0.0,0.0,0.0,-0.48,0.49,-0.66,-0.48,1.29,-0.33,9.71,6.93,-1.93,7.56,0,0,0,0.0,0.0,0.0
1787615780.541440,08:56:20.541,1251,56.44,27.6,1011.23,16.831,0.0,0.0,0.0,-0.48,0.49,-0.66,-0.48,1.29,-0.33,9.71,6.93,-1.93,7.56,0,0,0,0.0,0.0,0.0
1787615780.541671,08:56:20.541,1252,56.45,27.6,1011.23,16.831,0.0,0.0,0.0,-0.48,0.49,-0.66,-0.48,1.29,-0.33,9.71,6.93,-1.93,7.56,0,0,0,0.0,0.0,0.0
1787615780.541902,08:56:20.541,1253,56.46,27.6,1011.23,16.831,0.0,0.0,0.0,-0.48,0.49,-0.66,-0.48,1.29,-0.33,9.71,6.93,-1.93,7.56,0,0,0,0.0,0.0,0.0
1787615780.542123,08:56:20.542,1254,56.47,27.6,1011.23,16.831,0.0,0.0,0.0,-0.48,0.49,-0.66,-0.48,1.29,-0.33,9.71,6.93,-1.93,7.56,0,0,0,0.0,0.0,0.0
1787615780.542341,08:56:20.542,1255,56.48,27.6,1011.23,16.831,0.0,0.0,0.0,-0.48,0.49,-0.66,-0.48,1.29,-0.33,9.71,6.93,-1.93,7.56,0,0,0,0.0,0.0,0.0
1787615780.542558,08:56:20.542,1256,56.49,27.6,1011.23,16.831,0.0,0.0,0.0,-0.48,0.49,-0.66,-0.48,1.29,-0.33,9.71,6.93,-1.93,7.56,0,0,0,0.0,0.0,0.0
1787615780.542775,08:56:20.542,1257,56.5,27.6,1011.23,16.831,0.0,0.0,0.0,-0.48,0.49,-0.66,-0.48,1.29,-0.33,9.71,6.93,-1.93,7.56,0,0,0,0.0,0.0,0.0
1787615780.542993,08:56:20.542,1258,56.51,27.6,1011.23,16.831,0.0,0.0,0.0,-0.48,0.49,-0.66,-0.48,1.29,-0.33,9.71,6.93,-1.93,7.56,0,0,0,0.0,0.0,0.0
1787615780.543210,08:56:20.543,1259,56.52,27.6,1011.23,16.831,0.0,0.0,0.0,-0.48,0.49,-0.66,-0.48,1.29,-0.33,9.71,6.93,-1.93,7.56,0,0,0,0.0,0.0,0.0
1787615780.644629,08:56:20.644,1260,56.53,27.6,1011.23,16.831,0.0,0.0,0.0,-1.55,-0.56,-1.37,-1.55,1.28,-0.36,9.71,6.93,-2.12,7.5,0,0,0,0.0,0.0,0.0
1787615780.645006,08:56:20.645,1261,56.54,27.6,1011.23,16.831,0.0,0.0,0.0,-1.55,-0.56,-1.37,-1.55,1.28,-0.36,9.71,6.93,-2.12,7.5,0,0,0,0.0,0.0,0.0
1787615780.645177,08:56:20.645,1262,56.55,27.6,1011.23,16.831,0.0,0.0,0.0,-1.55,-0.56,-1.37,-1.55,1.28,-0.36,9.71,6.93,-2.12,7.5,0,0,0,0.0,0.0,0.0
1787615780.645330,08:56:20.645,1263,56.56,27.6,1011.23,16.831,0.0,0.0,0.0,-1.55,-0.56,-1.37,-1.55,1.28,-0.36,9.71,6.93,-2.12,7.5,0,0,0,0.0,0.0,0.0
1787615780.645481,08:56:20.645,1264,56.57,27.71,1011.38,15.581,0.0,0.0,0.0,-1.55,-0.56,-1.37,-1.55,1.28,-0.36,9.71,6.93,-2.12,7.5,0,0,0,0.0,0.0,0.0
1787615780.645632,08:56:20.645,1265,56.58,27.71,1011.38,15.581,0.0,0.0,0.0,-1.55,-0.56,-1.37,-1.55,1.28,-0.36,9.71,6.93,-2.12,7.5,0,0,0,0.0,0.0,0.0
1787615780.645780,08:56:20.645,1266,56.59,27.71,1011.38,15.581,0.0,0.0,0.0,-1.55,-0.56,-1.37,-1.55,1.28,-0.36,9.71,6.93,-2.12,7.5,0,0,0,0.0,0.0,0.0
1787615780.645935,08:56:20.645,1267,56.6,27.71,1011.38,15.581,0.0,0.0,0.0,-1.55,-0.56,-1.37,-1.55,1.28,-0.36,9.71,6.93,-2.12,7.5,0,0,0,0.0,0.0,0.0
1787615780.646085,08:56:20.646,1268,56.61,27.71,1011.38,15.581,0.0,0.0,0.0,-1.55,-0.56,-1.37,-1.55,1.28,-0.36,9.71,6.93,-2.12,7.5,0,0,0,0.0,0.0,0.0
1787615780.646233,08:56:20.646,1269,56.62,27.71,1011.38,15.581,0.0,0.0,0.0,-1.55,-0.56,-1.37,-1.55,1.28,-0.36,9.71,6.93,-2.12,7.5,0,0,0,0.0,0.0,0.0
1787615780.646381,08:56:20.646,1270,56.63,27.71,1011.38,15.581,0.0,0.0,0.0,-3.2,2.52,-0.96,-3.2,1.29,-0.38,9.71,6.93,-2.25,7.56,0,0,0,0.0,0.0,0.0
1787615780.747789,08:56:20.747,1271,56.64,27.71,1011.38,15.581,0.0,0.0,0.0,-3.2,2.52,-0.96,-3.2,1.29,-0.38,9.71,6.93,-2.25,7.56,0,0,0,0.0,0.0,0.0
1787615780.748610,08:56:20.748,1272,56.65,27.71,1011.38,15.581,0.0,0.0,0.0,-3.2,2.52,-0.96,-3.2,1.29,-0.38,9.71,6.93,-2.25,7.56,0,0,0,0.0,0.0,0.0
1787615780.748917,08:56:20.748,1273,56.66,27.71,1011.38,15.581,0.0,0.0,0.0,-3.2,2.52,-0.96,-3.2,1.29,-0.38,9.71,6.93,-2.25,7.56,0,0,0,0.0,0.0,0.0
1787615780.749206,08:56:20.749,1274,56.67,27.71,1011.38,15.581,0.0,0.0,0.0,-3.2,2.52,-0.96,-3.2,1.29,-0.38,9.71,6.93,-2.25,7.56,0,0,0,0.0,0.0,0.0
1787615780.749494,08:56:20.749,1275,56.68,27.71,1011.38,15.581,0.0,0.0,0.0,-3.2,2.52,-0.96,-3.2,1.29,-0.38,9.71,6.93,-2.25,7.56,0,0,0,0.0,0.0,0.0
1787615780.749808,08:56:20.749,1276,56.69,27.71,1011.38,15.581,0.0,0.0,0.0,-3.2,2.52,-0.96,-3.2,1.29,-0.38,9.71,6.93,-2.25,7.56,0,0,0,0.0,0.0,0.0
1787615780.750142,08:56:20.750,1277,56.7,27.71,1011.38,15.581,0.0,0.0,0.0,-3.2,2.52,-0.96,-3.2,1.29,-0.38,9.71,6.93,-2.25,7.56,0,0,0,0.0,0.0,0.0
1787615780.750465,08:56:20.750,1278,56.71,27.71,1011.38,15.581,0.0,0.0,0.0,-3.2,2.52,-0.96,-3.2,1.29,-0.38,9.71,6.93,-2.25,7.56,0,0,0,0.0,0.0,0.0
1787615780.750759,08:56:20.750,1279,56.72,27.71,1011.38,15.581,0.0,0.0,0.0,-3.2,2.52,-0.96,-3.2,1.29,-0.38,9.71,6.93,-2.25,7.56,0,0,0,0.0,0.0,0.0
1787615780.751085,08:56:20.751,1280,56.73,27.71,1011.38,15.581,0.0,0.0,0.0,1.67,-1.13,2.8,1.67,1.29,-0.52,9.7,6.93,-3.06,7.56,0,0,0,0.0,0.0,0.0
1787615780.751443,08:56:20.751,1281,56.74,27.71,1011.38,15.581,0.0,0.0,0.0,1.67,-1.13,2.8,1.67,1.29,-0.52,9.7,6.93,-3.06,7.56,0,0,0,0.0,0.0,0.0
1787615780.852962,08:56:20.852,1282,56.75,27.71,1011.38,15.581,0.0,0.0,0.0,1.67,-1.13,2.8,1.67,1.29,-0.52,9.7,6.93,-3.06,7.56,0,0,0,0.0,0.0,0.0
1787615780.853282,08:56:20.853,1283,56.76,27.71,1011.38,15.581,0.0,0.0,0.0,1.67,-1.13,2.8,1.67,1.29,-0.52,9.7,6.93,-3.06,7.56,0,0,0,0.0,0.0,0.0
1787615780.853447,08:56:20.853,1284,56.77,27.69,1011.37,15.663,0.0,0.0,0.0,1.67,-1.13,2.8,1.67,1.29,-0.52,9.7,6.93,-3.06,7.56,0,0,0,0.0,0.0,0.0
1787615780.853705,08:56:20.853,1285,56.78,27.69,1011.37,15.663,0.0,0.0,0.0,1.67,-1.13,2.8,1.67,1.29,-0.52,9.7,6.93,-3.06,7.56,0,0,0,0.0,0.0,0.0
1787615780.853882,08:56:20.853,1286,56.79,27.69,1011.37,15.663,0.0,0.0,0.0,1.67,-1.13,2.8,1.67,1.29,-0.52,9.7,6.93,-3.06,7.56,0,0,0,0.0,0.0,0.0
1787615780.854034,08:56:20.854,1287,56.8,27.69,1011.37,15.663,0.0,0.0,0.0,1.67,-1.13,2.8,1.67,1.29,-0.52,9.7,6.93,-3.06,7.56,0,0,0,0.0,0.0,0.0
1787615780.854195,08:56:20.854,1288,56.81,27.69,1011.37,15.663,0.0,0.0,0.0,1.67,-1.13,2.8,1.67,1.29,-0.52,9.7,6.93,-3.06,7.56,0,0,0,0.0,0.0,0.0
1787615780.854345,08:56:20.854,1289,56.82,27.69,1011.37,15.663,0.0,0.0,0.0,1.67,-1.13,2.8,1.67,1.29,-0.52,9.7,6.93,-3.06,7.56,0,0,0,0.0,0.0,0.0
1787615780.854493,08:56:20.854,1290,56.83,27.69,1011.37,15.663,0.0,0.0,0.0,-5.19,4.88,5.38,-5.19,1.3,-0.78,9.68,6.87,-4.62,7.62,0,0,0,0.0,0.0,0.0
1787615780.854641,08:56:20.854,1291,56.84,27.69,1011.37,15.663,0.0,0.0,0.0,-5.19,4.88,5.38,-5.19,1.3,-0.78,9.68,6.87,-4.62,7.62,0,0,0,0.0,0.0,0.0
1787615780.955568,08:56:20.955,1292,56.85,27.69,1011.37,15.663,0.0,0.0,0.0,-5.19,4.88,5.38,-5.19,1.3,-0.78,9.68,6.87,-4.62,7.62,0,0,0,0.0,0.0,0.0
1787615780.955855,08:56:20.955,1293,56.86,27.69,1011.37,15.663,0.0,0.0,0.0,-5.19,4.88,5.38,-5.19,1.3,-0.78,9.68,6.87,-4.62,7.62,0,0,0,0.0,0.0,0.0
1787615780.956018,08:56:20.956,1294,56.87,27.69,1011.37,15.663,0.0,0.0,0.0,-5.19,4.88,5.38,-5.19,1.3,-0.78,9.68,6.87,-4.62,7.62,0,0,0,0.0,0.0,0.0
1787615780.956165,08:56:20.956,1295,56.88,27.69,1011.37,15.663,0.0,0.0,0.0,-5.19,4.88,5.38,-5.19,1.3,-0.78,9.68,6.87,-4.62,7.62,0,0,0,0.0,0.0,0.0
1787615780.956308,08:56:20.956,1296,56.89,27.69,1011.37,15.663,0.0,0.0,0.0,-5.19,4.88,5.38,-5.19,1.3,-0.78,9.68,6.87,-4.62,7.62,0,0,0,0.0,0.0,0.0
1787615780.956449,08:56:20.956,1297,56.9,27.69,1011.37,15.663,0.0,0.0,0.0,-5.19,4.88,5.38,-5.19,1.3,-0.78,9.68,6.87,-4.62,7.62,0,0,0,0.0,0.0,0.0
1787615780.956589,08:56:20.956,1298,56.91,27.69,1011.37,15.663,0.0,0.0,0.0,-5.19,4.88,5.38,-5.19,1.3,-0.78,9.68,6.87,-4.62,7.62,0,0,0,0.0,0.0,0.0
1787615780.956727,08:56:20.956,1299,56.92,27.69,1011.37,15.663,0.0,0.0,0.0,-5.19,4.88,5.38,-5.19,1.3,-0.78,9.68,6.87,-4.62,7.62,0,0,0,0.0,0.0,0.0
1787615780.956866,08:56:20.956,1300,56.93,27.69,1011.37,15.663,0.0,0.0,0.0,4.08,4.88,-1.62,4.08,1.26,-1.06,9.66,6.68,-6.31,7.37,0,0,0,0.0,0.0,0.0
1787615780.957007,08:56:20.957,1301,56.94,27.69,1011.37,15.663,0.0,0.0,0.0,4.08,4.88,-1.62,4.08,1.26,-1.06,9.66,6.68,-6.31,7.37,0,0,0,0.0,0.0,0.0
1787615780.957145,08:56:20.957,1302,56.95,27.69,1011.37,15.663,0.0,0.0,0.0,4.08,4.88,-1.62,4.08,1.26,-1.06,9.66,6.68,-6.31,7.37,0,0,0,0.0,0.0,0.0
1787615781.057716,08:56:21.057,1303,56.96,27.69,1011.37,15.663,0.0,0.0,0.0,4.08,4.88,-1.62,4.08,1.26,-1.06,9.66,6.68,-6.31,7.37,0,0,0,0.0,0.0,0.0
1787615781.058091,08:56:21.058,1304,56.97,27.71,1011.38,15.581,0.0,0.0,0.0,4.08,4.88,-1.62,4.08,1.26,-1.06,9.66,6.68,-6.31,7.37,0,0,0,0.0,0.0,0.0
1787615781.058261,08:56:21.058,1305,56.98,27.71,1011.38,15.581,0.0,0.0,0.0,4.08,4.88,-1.62,4.08,1.26,-1.06,9.66,6.68,-6.31,7.37,0,0,0,0.0,0.0,0.0
1787615781.058407,08:56:21.058,1306,56.99,27.71,1011.38,15.581,0.0,0.0,0.0,4.08,4.88,-1.62,4.08,1.26,-1.06,9.66,6.68,-6.31,7.37,0,0,0,0.0,0.0,0.0
1787615781.058550,08:56:21.058,1307,57.0,27.71,1011.38,15.581,0.0,0.0,0.0,4.08,4.88,-1.62,4.08,1.26,-1.06,9.66,6.68,-6.31,7.37,0,0,0,0.0,0.0,0.0
1787615781.058690,08:56:21.058,1308,57.01,27.71,1011.38,15.581,0.0,0.0,0.0,4.08,4.88,-1.62,4.08,1.26,-1.06,9.66,6.68,-6.31,7.37,0,0,0,0.0,0.0,0.0
1787615781.058830,08:56:21.058,1309,57.02,27.71,1011.38,15.581,0.0,0.0,0.0,4.08,4.88,-1.62,4.08,1.26,-1.06,9.66,6.68,-6.31,7.37,0,0,0,0.0,0.0,0.0
1787615781.058970,08:56:21.058,1310,57.03,27.71,1011.38,15.581,0.0,0.0,0.0,-0.1,-3.8,-3.4,-0.1,1.24,-1.07,9.66,6.75,-6.31,7.31,0,0,0,0.0,0.0,0.0
1787615781.059244,08:56:21.059,1311,57.04,27.71,1011.38,15.581,0.0,0.0,0.0,-0.1,-3.8,-3.4,-0.1,1.24,-1.07,9.66,6.75,-6.31,7.31,0,0,0,0.0,0.0,0.0
1787615781.059399,08:56:21.059,1312,57.05,27.71,1011.38,15.581,0.0,0.0,0.0,-0.1,-3.8,-3.4,-0.1,1.24,-1.07,9.66,6.75,-6.31,7.31,0,0,0,0.0,0.0,0.0
1787615781.160726,08:56:21.160,1313,57.06,27.71,1011.38,15.581,0.0,0.0,0.0,-0.1,-3.8,-3.4,-0.1,1.24,-1.07,9.66,6.75,-6.31,7.31,0,0,0,0.0,0.0,0.0
1787615781.161015,08:56:21.161,1314,57.07,27.71,1011.38,15.581,0.0,0.0,0.0,-0.1,-3.8,-3.4,-0.1,1.24,-1.07,9.66,6.75,-6.31,7.31,0,0,0,0.0,0.0,0.0
1787615781.161178,08:56:21.161,1315,57.08,27.71,1011.38,15.581,0.0,0.0,0.0,-0.1,-3.8,-3.4,-0.1,1.24,-1.07,9.66,6.75,-6.31,7.31,0,0,0,0.0,0.0,0.0
1787615781.161332,08:56:21.161,1316,57.09,27.71,1011.38,15.581,0.0,0.0,0.0,-0.1,-3.8,-3.4,-0.1,1.24,-1.07,9.66,6.75,-6.31,7.31,0,0,0,0.0,0.0,0.0
1787615781.161482,08:56:21.161,1317,57.1,27.71,1011.38,15.581,0.0,0.0,0.0,-0.1,-3.8,-3.4,-0.1,1.24,-1.07,9.66,6.75,-6.31,7.31,0,0,0,0.0,0.0,0.0
1787615781.161632,08:56:21.161,1318,57.11,27.71,1011.38,15.581,0.0,0.0,0.0,-0.1,-3.8,-3.4,-0.1,1.24,-1.07,9.66,6.75,-6.31,7.31,0,0,0,0.0,0.0,0.0
1787615781.161781,08:56:21.161,1319,57.12,27.71,1011.38,15.581,0.0,0.0,0.0,-0.1,-3.8,-3.4,-0.1,1.24,-1.07,9.66,6.75,-6.31,7.31,0,0,0,0.0,0.0,0.0
1787615781.161930,08:56:21.161,1320,57.13,27.71,1011.38,15.581,0.0,0.0,0.0,-1.42,0.06,-3.2,-1.42,1.25,-0.87,9.68,7.37,-5.12,7.37,0,0,0,0.0,0.0,0.0
1787615781.162082,08:56:21.162,1321,57.14,27.71,1011.38,15.581,0.0,0.0,0.0,-1.42,0.06,-3.2,-1.42,1.25,-0.87,9.68,7.37,-5.12,7.37,0,0,0,0.0,0.0,0.0
1787615781.263420,08:56:21.263,1322,57.15,27.71,1011.38,15.581,0.0,0.0,0.0,-1.42,0.06,-3.2,-1.42,1.25,-0.87,9.68,7.37,-5.12,7.37,0,0,0,0.0,0.0,0.0
1787615781.263763,08:56:21.263,1323,57.16,27.71,1011.38,15.581,0.0,0.0,0.0,-1.42,0.06,-3.2,-1.42,1.25,-0.87,9.68,7.37,-5.12,7.37,0,0,0,0.0,0.0,0.0
1787615781.263966,08:56:21.263,1324,57.17,27.71,1011.37,15.663,0.0,0.0,0.0,-1.42,0.06,-3.2,-1.42,1.25,-0.87,9.68,7.37,-5.12,7.37,0,0,0,0.0,0.0,0.0
1787615781.264161,08:56:21.264,1325,57.18,27.71,1011.37,15.663,0.0,0.0,0.0,-1.42,0.06,-3.2,-1.42,1.25,-0.87,9.68,7.37,-5.12,7.37,0,0,0,0.0,0.0,0.0
1787615781.264352,08:56:21.264,1326,57.19,27.71,1011.37,15.663,0.0,0.0,0.0,-1.42,0.06,-3.2,-1.42,1.25,-0.87,9.68,7.37,-5.12,7.37,0,0,0,0.0,0.0,0.0
1787615781.264540,08:56:21.264,1327,57.2,27.71,1011.37,15.663,0.0,0.0,0.0,-1.42,0.06,-3.2,-1.42,1.25,-0.87,9.68,7.37,-5.12,7.37,0,0,0,0.0,0.0,0.0
1787615781.264730,08:56:21.264,1328,57.21,27.71,1011.37,15.663,0.0,0.0,0.0,-1.42,0.06,-3.2,-1.42,1.25,-0.87,9.68,7.37,-5.12,7.37,0,0,0,0.0,0.0,0.0
1787615781.264918,08:56:21.264,1329,57.22,27.71,1011.37,15.663,0.0,0.0,0.0,-1.42,0.06,-3.2,-1.42,1.25,-0.87,9.68,7.37,-5.12,7.37,0,0,0,0.0,0.0,0.0
1787615781.265105,08:56:21.265,1330,57.23,27.71,1011.37,15.663,0.0,0.0,0.0,-1.13,-2.16,0.49,-1.13,1.25,-0.83,9.69,7.31,-4.87,7.31,0,0,0,0.0,0.0,0.0
1787615781.265297,08:56:21.265,1331,57.24,27.71,1011.37,15.663,0.0,0.0,0.0,-1.13,-2.16,0.49,-1.13,1.25,-0.83,9.69,7.31,-4.87,7.31,0,0,0,0.0,0.0,0.0
1787615781.366213,08:56:21.366,1332,57.25,27.71,1011.37,15.663,0.0,0.0,0.0,-1.13,-2.16,0.49,-1.13,1.25,-0.83,9.69,7.31,-4.87,7.31,0,0,0,0.0,0.0,0.0
1787615781.366473,08:56:21.366,1333,57.26,27.71,1011.37,15.663,0.0,0.0,0.0,-1.13,-2.16,0.49,-1.13,1.25,-0.83,9.69,7.31,-4.87,7.31,0,0,0,0.0,0.0,0.0
1787615781.366621,08:56:21.366,1334,57.27,27.71,1011.37,15.663,0.0,0.0,0.0,-1.13,-2.16,0.49,-1.13,1.25,-0.83,9.69,7.31,-4.87,7.31,0,0,0,0.0,0.0,0.0
1787615781.366764,08:56:21.366,1335,57.28,27.71,1011.37,15.663,0.0,0.0,0.0,-1.13,-2.16,0.49,-1.13,1.25,-0.83,9.69,7.31,-4.87,7.31,0,0,0,0.0,0.0,0.0
1787615781.366905,08:56:21.366,1336,57.29,27.71,1011.37,15.663,0.0,0.0,0.0,-1.13,-2.16,0.49,-1.13,1.25,-0.83,9.69,7.31,-4.87,7.31,0,0,0,0.0,0.0,0.0
1787615781.367044,08:56:21.367,1337,57.3,27.71,1011.37,15.663,0.0,0.0,0.0,-1.13,-2.16,0.49,-1.13,1.25,-0.83,9.69,7.31,-4.87,7.31,0,0,0,0.0,0.0,0.0
1787615781.367187,08:56:21.367,1338,57.31,27.71,1011.37,15.663,0.0,0.0,0.0,-1.13,-2.16,0.49,-1.13,1.25,-0.83,9.69,7.31,-4.87,7.31,0,0,0,0.0,0.0,0.0
1787615781.367326,08:56:21.367,1339,57.32,27.71,1011.37,15.663,0.0,0.0,0.0,-1.13,-2.16,0.49,-1.13,1.25,-0.83,9.69,7.31,-4.87,7.31,0,0,0,0.0,0.0,0.0
1787615781.367464,08:56:21.367,1340,57.33,27.71,1011.37,15.663,0.0,0.0,0.0,0.15,-0.8,0.15,0.15,1.24,-1.0,9.67,6.25,-5.93,7.31,0,0,0,0.0,0.0,0.0
1787615781.367603,08:56:21.367,1341,57.34,27.71,1011.37,15.663,0.0,0.0,0.0,0.15,-0.8,0.15,0.15,1.24,-1.0,9.67,6.25,-5.93,7.31,0,0,0,0.0,0.0,0.0
1787615781.367743,08:56:21.367,1342,57.35,27.71,1011.37,15.663,0.0,0.0,0.0,0.15,-0.8,0.15,0.15,1.24,-1.0,9.67,6.25,-5.93,7.31,0,0,0,0.0,0.0,0.0
1787615781.468584,08:56:21.468,1343,57.36,27.71,1011.37,15.663,0.0,0.0,0.0,0.15,-0.8,0.15,0.15,1.24,-1.0,9.67,6.25,-5.93,7.31,0,0,0,0.0,0.0,0.0
1787615781.468879,08:56:21.468,1344,57.37,27.7,1011.34,15.914,0.0,0.0,0.0,0.15,-0.8,0.15,0.15,1.24,-1.0,9.67,6.25,-5.93,7.31,0,0,0,0.0,0.0,0.0
1787615781.469076,08:56:21.469,1345,57.38,27.7,1011.34,15.914,0.0,0.0,0.0,0.15,-0.8,0.15,0.15,1.24,-1.0,9.67,6.25,-5.93,7.31,0,0,0,0.0,0.0,0.0
1787615781.469265,08:56:21.469,1346,57.39,27.7,1011.34,15.914,0.0,0.0,0.0,0.15,-0.8,0.15,0.15,1.24,-1.0,9.67,6.25,-5.93,7.31,0,0,0,0.0,0.0,0.0
1787615781.469452,08:56:21.469,1347,57.4,27.7,1011.34,15.914,0.0,0.0,0.0,0.15,-0.8,0.15,0.15,1.24,-1.0,9.67,6.25,-5.93,7.31,0,0,0,0.0,0.0,0.0
1787615781.469639,08:56:21.469,1348,57.41,27.7,1011.34,15.914,0.0,0.0,0.0,0.15,-0.8,0.15,0.15,1.24,-1.0,9.67,6.25,-5.93,7.31,0,0,0,0.0,0.0,0.0
1787615781.469825,08:56:21.469,1349,57.42,27.7,1011.34,15.914,0.0,0.0,0.0,0.15,-0.8,0.15,0.15,1.24,-1.0,9.67,6.25,-5.93,7.31,0,0,0,0.0,0.0,0.0
1787615781.470014,08:56:21.470,1350,57.43,27.7,1011.34,15.914,0.0,0.0,0.0,-1.85,-0.03,-1.94,-1.85,1.22,-1.16,9.65,4.43,-6.87,7.12,0,0,0,0.0,0.0,0.0
1787615781.470201,08:56:21.470,1351,57.44,27.7,1011.34,15.914,0.0,0.0,0.0,-1.85,-0.03,-1.94,-1.85,1.22,-1.16,9.65,4.43,-6.87,7.12,0,0,0,0.0,0.0,0.0
1787615781.470387,08:56:21.470,1352,57.45,27.7,1011.34,15.914,0.0,0.0,0.0,-1.85,-0.03,-1.94,-1.85,1.22,-1.16,9.65,4.43,-6.87,7.12,0,0,0,0.0,0.0,0.0
1787615781.571658,08:56:21.571,1353,57.46,27.7,1011.34,15.914,0.0,0.0,0.0,-1.85,-0.03,-1.94,-1.85,1.22,-1.16,9.65,4.43,-6.87,7.12,0,0,0,0.0,0.0,0.0
1787615781.571927,08:56:21.571,1354,57.47,27.7,1011.34,15.914,0.0,0.0,0.0,-1.85,-0.03,-1.94,-1.85,1.22,-1.16,9.65,4.43,-6.87,7.12,0,0,0,0.0,0.0,0.0
1787615781.572087,08:56:21.572,1355,57.48,27.7,1011.34,15.914,0.0,0.0,0.0,-1.85,-0.03,-1.94,-1.85,1.22,-1.16,9.65,4.43,-6.87,7.12,0,0,0,0.0,0.0,0.0
1787615781.572243,08:56:21.572,1356,57.49,27.7,1011.34,15.914,0.0,0.0,0.0,-1.85,-0.03,-1.94,-1.85,1.22,-1.16,9.65,4.43,-6.87,7.12,0,0,0,0.0,0.0,0.0
1787615781.572394,08:56:21.572,1357,57.5,27.7,1011.34,15.914,0.0,0.0,0.0,-1.85,-0.03,-1.94,-1.85,1.22,-1.16,9.65,4.43,-6.87,7.12,0,0,0,0.0,0.0,0.0
1787615781.572548,08:56:21.572,1358,57.51,27.7,1011.34,15.914,0.0,0.0,0.0,-1.85,-0.03,-1.94,-1.85,1.22,-1.16,9.65,4.43,-6.87,7.12,0,0,0,0.0,0.0,0.0
1787615781.572700,08:56:21.572,1359,57.52,27.7,1011.34,15.914,0.0,0.0,0.0,-1.85,-0.03,-1.94,-1.85,1.22,-1.16,9.65,4.43,-6.87,7.12,0,0,0,0.0,0.0,0.0
1787615781.572852,08:56:21.572,1360,57.53,27.7,1011.34,15.914,0.0,0.0,0.0,-1.03,-2.84,1.31,-1.03,1.22,-1.17,9.65,2.56,-6.87,7.12,0,0,0,0.0,0.0,0.0
1787615781.573043,08:56:21.573,1361,57.54,27.7,1011.34,15.914,0.0,0.0,0.0,-1.03,-2.84,1.31,-1.03,1.22,-1.17,9.65,2.56,-6.87,7.12,0,0,0,0.0,0.0,0.0
1787615781.573198,08:56:21.573,1362,57.55,27.7,1011.34,15.914,0.0,0.0,0.0,-1.03,-2.84,1.31,-1.03,1.22,-1.17,9.65,2.56,-6.87,7.12,0,0,0,0.0,0.0,0.0
1787615781.573349,08:56:21.573,1363,57.56,27.7,1011.34,15.914,0.0,0.0,0.0,-1.03,-2.84,1.31,-1.03,1.22,-1.17,9.65,2.56,-6.87,7.12,0,0,0,0.0,0.0,0.0
1787615781.674667,08:56:21.674,1364,57.57,27.7,1011.35,15.829,0.0,0.0,0.0,-1.03,-2.84,1.31,-1.03,1.22,-1.17,9.65,2.56,-6.87,7.12,0,0,0,0.0,0.0,0.0
1787615781.675047,08:56:21.675,1365,57.58,27.7,1011.35,15.829,0.0,0.0,0.0,-1.03,-2.84,1.31,-1.03,1.22,-1.17,9.65,2.56,-6.87,7.12,0,0,0,0.0,0.0,0.0
1787615781.675282,08:56:21.675,1366,57.59,27.7,1011.35,15.829,0.0,0.0,0.0,-1.03,-2.84,1.31,-1.03,1.22,-1.17,9.65,2.56,-6.87,7.12,0,0,0,0.0,0.0,0.0
1787615781.675505,08:56:21.675,1367,57.6,27.7,1011.35,15.829,0.0,0.0,0.0,-1.03,-2.84,1.31,-1.03,1.22,-1.17,9.65,2.56,-6.87,7.12,0,0,0,0.0,0.0,0.0
1787615781.675725,08:56:21.675,1368,57.61,27.7,1011.35,15.829,0.0,0.0,0.0,-1.03,-2.84,1.31,-1.03,1.22,-1.17,9.65,2.56,-6.87,7.12,0,0,0,0.0,0.0,0.0
1787615781.675951,08:56:21.675,1369,57.62,27.7,1011.35,15.829,0.0,0.0,0.0,-1.03,-2.84,1.31,-1.03,1.22,-1.17,9.65,2.56,-6.87,7.12,0,0,0,0.0,0.0,0.0
1787615781.676171,08:56:21.676,1370,57.63,27.7,1011.35,15.829,0.0,0.0,0.0,0.08,2.51,2.81,0.08,1.24,-1.12,9.66,1.5,-6.62,7.25,0,0,0,0.0,0.0,0.0
1787615781.676390,08:56:21.676,1371,57.64,27.7,1011.35,15.829,0.0,0.0,0.0,0.08,2.51,2.81,0.08,1.24,-1.12,9.66,1.5,-6.62,7.25,0,0,0,0.0,0.0,0.0
1787615781.676606,08:56:21.676,1372,57.65,27.7,1011.35,15.829,0.0,0.0,0.0,0.08,2.51,2.81,0.08,1.24,-1.12,9.66,1.5,-6.62,7.25,0,0,0,0.0,0.0,0.0
1787615781.676822,08:56:21.676,1373,57.66,27.7,1011.35,15.829,0.0,0.0,0.0,0.08,2.51,2.81,0.08,1.24,-1.12,9.66,1.5,-6.62,7.25,0,0,0,0.0,0.0,0.0
1787615781.677049,08:56:21.677,1374,57.67,27.7,1011.35,15.829,0.0,0.0,0.0,0.08,2.51,2.81,0.08,1.24,-1.12,9.66,1.5,-6.62,7.25,0,0,0,0.0,0.0,0.0
1787615781.777740,08:56:21.777,1375,57.68,27.7,1011.35,15.829,0.0,0.0,0.0,0.08,2.51,2.81,0.08,1.24,-1.12,9.66,1.5,-6.62,7.25,0,0,0,0.0,0.0,0.0
1787615781.778061,08:56:21.778,1376,57.69,27.7,1011.35,15.829,0.0,0.0,0.0,0.08,2.51,2.81,0.08,1.24,-1.12,9.66,1.5,-6.62,7.25,0,0,0,0.0,0.0,0.0
1787615781.778255,08:56:21.778,1377,57.7,27.7,1011.35,15.829,0.0,0.0,0.0,0.08,2.51,2.81,0.08,1.24,-1.12,9.66,1.5,-6.62,7.25,0,0,0,0.0,0.0,0.0
1787615781.778446,08:56:21.778,1378,57.71,27.7,1011.35,15.829,0.0,0.0,0.0,0.08,2.51,2.81,0.08,1.24,-1.12,9.66,1.5,-6.62,7.25,0,0,0,0.0,0.0,0.0
1787615781.778633,08:56:21.778,1379,57.72,27.7,1011.35,15.829,0.0,0.0,0.0,0.08,2.51,2.81,0.08,1.24,-1.12,9.66,1.5,-6.62,7.25,0,0,0,0.0,0.0,0.0
1787615781.778826,08:56:21.778,1380,57.73,27.7,1011.35,15.829,0.0,0.0,0.0,-0.78,1.21,0.72,-0.78,1.27,-1.03,9.66,1.75,-6.18,7.43,0,0,0,0.0,0.0,0.0
1787615781.779027,08:56:21.779,1381,57.74,27.7,1011.35,15.829,0.0,0.0,0.0,-0.78,1.21,0.72,-0.78,1.27,-1.03,9.66,1.75,-6.18,7.43,0,0,0,0.0,0.0,0.0
1787615781.779401,08:56:21.779,1382,57.75,27.7,1011.35,15.829,0.0,0.0,0.0,-0.78,1.21,0.72,-0.78,1.27,-1.03,9.66,1.75,-6.18,7.43,0,0,0,0.0,0.0,0.0
1787615781.779602,08:56:21.779,1383,57.76,27.7,1011.35,15.829,0.0,0.0,0.0,-0.78,1.21,0.72,-0.78,1.27,-1.03,9.66,1.75,-6.18,7.43,0,0,0,0.0,0.0,0.0
1787615781.779799,08:56:21.779,1384,57.77,27.69,1011.34,15.914,0.0,0.0,0.0,-0.78,1.21,0.72,-0.78,1.27,-1.03,9.66,1.75,-6.18,7.43,0,0,0,0.0,0.0,0.0
1787615781.880560,08:56:21.880,1385,57.78,27.69,1011.34,15.914,0.0,0.0,0.0,-0.78,1.21,0.72,-0.78,1.27,-1.03,9.66,1.75,-6.18,7.43,0,0,0,0.0,0.0,0.0
1787615781.880788,08:56:21.880,1386,57.79,27.69,1011.34,15.914,0.0,0.0,0.0,-0.78,1.21,0.72,-0.78,1.27,-1.03,9.66,1.75,-6.18,7.43,0,0,0,0.0,0.0,0.0
1787615781.880918,08:56:21.880,1387,57.8,27.69,1011.34,15.914,0.0,0.0,0.0,-0.78,1.21,0.72,-0.78,1.27,-1.03,9.66,1.75,-6.18,7.43,0,0,0,0.0,0.0,0.0
1787615781.881041,08:56:21.881,1388,57.81,27.69,1011.34,15.914,0.0,0.0,0.0,-0.78,1.21,0.72,-0.78,1.27,-1.03,9.66,1.75,-6.18,7.43,0,0,0,0.0,0.0,0.0
1787615781.881161,08:56:21.881,1389,57.82,27.69,1011.34,15.914,0.0,0.0,0.0,-0.78,1.21,0.72,-0.78,1.27,-1.03,9.66,1.75,-6.18,7.43,0,0,0,0.0,0.0,0.0
1787615781.881344,08:56:21.881,1390,57.83,27.69,1011.34,15.914,0.0,0.0,0.0,-0.08,1.43,2.82,-0.08,1.31,-0.93,9.67,2.87,-5.5,7.68,0,0,0,0.0,0.0,0.0
1787615781.881482,08:56:21.881,1391,57.84,27.69,1011.34,15.914,0.0,0.0,0.0,-0.08,1.43,2.82,-0.08,1.31,-0.93,9.67,2.87,-5.5,7.68,0,0,0,0.0,0.0,0.0
1787615781.881605,08:56:21.881,1392,57.85,27.69,1011.34,15.914,0.0,0.0,0.0,-0.08,1.43,2.82,-0.08,1.31,-0.93,9.67,2.87,-5.5,7.68,0,0,0,0.0,0.0,0.0
1787615781.881724,08:56:21.881,1393,57.86,27.69,1011.34,15.914,0.0,0.0,0.0,-0.08,1.43,2.82,-0.08,1.31,-0.93,9.67,2.87,-5.5,7.68,0,0,0,0.0,0.0,0.0
1787615781.982241,08:56:21.982,1394,57.87,27.69,1011.34,15.914,0.0,0.0,0.0,-0.08,1.43,2.82,-0.08,1.31,-0.93,9.67,2.87,-5.5,7.68,0,0,0,0.0,0.0,0.0
1787615781.982599,08:56:21.982,1395,57.88,27.69,1011.34,15.914,0.0,0.0,0.0,-0.08,1.43,2.82,-0.08,1.31,-0.93,9.67,2.87,-5.5,7.68,0,0,0,0.0,0.0,0.0
1787615781.982833,08:56:21.982,1396,57.89,27.69,1011.34,15.914,0.0,0.0,0.0,-0.08,1.43,2.82,-0.08,1.31,-0.93,9.67,2.87,-5.5,7.68,0,0,0,0.0,0.0,0.0
1787615781.983058,08:56:21.983,1397,57.9,27.69,1011.34,15.914,0.0,0.0,0.0,-0.08,1.43,2.82,-0.08,1.31,-0.93,9.67,2.87,-5.5,7.68,0,0,0,0.0,0.0,0.0
1787615781.983278,08:56:21.983,1398,57.91,27.69,1011.34,15.914,0.0,0.0,0.0,-0.08,1.43,2.82,-0.08,1.31,-0.93,9.67,2.87,-5.5,7.68,0,0,0,0.0,0.0,0.0
1787615781.983497,08:56:21.983,1399,57.92,27.69,1011.34,15.914,0.0,0.0,0.0,-0.08,1.43,2.82,-0.08,1.31,-0.93,9.67,2.87,-5.5,7.68,0,0,0,0.0,0.0,0.0
1787615781.983715,08:56:21.983,1400,57.93,27.69,1011.34,15.914,0.0,0.0,0.0,-1.91,1.39,1.9,-1.91,1.36,-0.8,9.67,4.75,-4.81,7.93,0,0,0,0.0,0.0,0.0
1787615781.983934,08:56:21.983,1401,57.94,27.69,1011.34,15.914,0.0,0.0,0.0,-1.91,1.39,1.9,-1.91,1.36,-0.8,9.67,4.75,-4.81,7.93,0,0,0,0.0,0.0,0.0
1787615781.984152,08:56:21.984,1402,57.95,27.69,1011.34,15.914,0.0,0.0,0.0,-1.91,1.39,1.9,-1.91,1.36,-0.8,9.67,4.75,-4.81,7.93,0,0,0,0.0,0.0,0.0
1787615781.984368,08:56:21.984,1403,57.96,27.69,1011.34,15.914,0.0,0.0,0.0,-1.91,1.39,1.9,-1.91,1.36,-0.8,9.67,4.75,-4.81,7.93,0,0,0,0.0,0.0,0.0
1787615781.984584,08:56:21.984,1404,57.97,27.66,1011.31,16.162,0.0,0.0,0.0,-1.91,1.39,1.9,-1.91,1.36,-0.8,9.67,4.75,-4.81,7.93,0,0,0,0.0,0.0,0.0
1787615782.086131,08:56:22.086,1405,57.98,27.66,1011.31,16.162,0.0,0.0,0.0,-1.91,1.39,1.9,-1.91,1.36,-0.8,9.67,4.75,-4.81,7.93,0,0,0,0.0,0.0,0.0
1787615782.087849,08:56:22.087,1406,57.99,27.66,1011.31,16.162,0.0,0.0,0.0,-1.91,1.39,1.9,-1.91,1.36,-0.8,9.67,4.75,-4.81,7.93,0,0,0,0.0,0.0,0.0
1787615782.088394,08:56:22.088,1407,58.0,27.66,1011.31,16.162,0.0,0.0,0.0,-1.91,1.39,1.9,-1.91,1.36,-0.8,9.67,4.75,-4.81,7.93,0,0,0,0.0,0.0,0.0
1787615782.088794,08:56:22.088,1408,58.01,27.66,1011.31,16.162,0.0,0.0,0.0,-1.91,1.39,1.9,-1.91,1.36,-0.8,9.67,4.75,-4.81,7.93,0,0,0,0.0,0.0,0.0
1787615782.089184,08:56:22.089,1409,58.02,27.66,1011.31,16.162,0.0,0.0,0.0,-1.91,1.39,1.9,-1.91,1.36,-0.8,9.67,4.75,-4.81,7.93,0,0,0,0.0,0.0,0.0
1787615782.089578,08:56:22.089,1410,58.03,27.66,1011.31,16.162,0.0,0.0,0.0,0.36,3.46,1.01,0.36,1.37,-0.51,9.69,7.12,-3.25,8.0,0,0,0,0.0,0.0,0.0
1787615782.090028,08:56:22.090,1411,58.04,27.66,1011.31,16.162,0.0,0.0,0.0,0.36,3.46,1.01,0.36,1.37,-0.51,9.69,7.12,-3.25,8.0,0,0,0,0.0,0.0,0.0
1787615782.090368,08:56:22.090,1412,58.05,27.66,1011.31,16.162,0.0,0.0,0.0,0.36,3.46,1.01,0.36,1.37,-0.51,9.69,7.12,-3.25,8.0,0,0,0,0.0,0.0,0.0
1787615782.090701,08:56:22.090,1413,58.06,27.66,1011.31,16.162,0.0,0.0,0.0,0.36,3.46,1.01,0.36,1.37,-0.51,9.69,7.12,-3.25,8.0,0,0,0,0.0,0.0,0.0
1787615782.192246,08:56:22.192,1414,58.07,27.66,1011.31,16.162,0.0,0.0,0.0,0.36,3.46,1.01,0.36,1.37,-0.51,9.69,7.12,-3.25,8.0,0,0,0,0.0,0.0,0.0
1787615782.192594,08:56:22.192,1415,58.08,27.66,1011.31,16.162,0.0,0.0,0.0,0.36,3.46,1.01,0.36,1.37,-0.51,9.69,7.12,-3.25,8.0,0,0,0,0.0,0.0,0.0
1787615782.192825,08:56:22.192,1416,58.09,27.66,1011.31,16.162,0.0,0.0,0.0,0.36,3.46,1.01,0.36,1.37,-0.51,9.69,7.12,-3.25,8.0,0,0,0,0.0,0.0,0.0
1787615782.193049,08:56:22.193,1417,58.1,27.66,1011.31,16.162,0.0,0.0,0.0,0.36,3.46,1.01,0.36,1.37,-0.51,9.69,7.12,-3.25,8.0,0,0,0,0.0,0.0,0.0
1787615782.193268,08:56:22.193,1418,58.11,27.66,1011.31,16.162,0.0,0.0,0.0,0.36,3.46,1.01,0.36,1.37,-0.51,9.69,7.12,-3.25,8.0,0,0,0,0.0,0.0,0.0
1787615782.193486,08:56:22.193,1419,58.12,27.66,1011.31,16.162,0.0,0.0,0.0,0.36,3.46,1.01,0.36,1.37,-0.51,9.69,7.12,-3.25,8.0,0,0,0,0.0,0.0,0.0
1787615782.193703,08:56:22.193,1420,58.13,27.66,1011.31,16.162,0.0,0.0,0.0,-2.1,-1.45,5.32,-2.1,1.4,-0.06,9.7,9.37,-0.62,8.18,0,0,0,0.0,0.0,0.0
1787615782.193924,08:56:22.193,1421,58.14,27.66,1011.31,16.162,0.0,0.0,0.0,-2.1,-1.45,5.32,-2.1,1.4,-0.06,9.7,9.37,-0.62,8.18,0,0,0,0.0,0.0,0.0
1787615782.194142,08:56:22.194,1422,58.15,27.66,1011.31,16.162,0.0,0.0,0.0,-2.1,-1.45,5.32,-2.1,1.4,-0.06,9.7,9.37,-0.62,8.18,0,0,0,0.0,0.0,0.0
1787615782.194362,08:56:22.194,1423,58.16,27.66,1011.31,16.162,0.0,0.0,0.0,-2.1,-1.45,5.32,-2.1,1.4,-0.06,9.7,9.37,-0.62,8.18,0,0,0,0.0,0.0,0.0
1787615782.194579,08:56:22.194,1424,58.17,27.67,1011.3,16.247,0.0,0.0,0.0,-2.1,-1.45,5.32,-2.1,1.4,-0.06,9.7,9.37,-0.62,8.18,0,0,0,0.0,0.0,0.0
1787615782.194795,08:56:22.194,1425,58.18,27.67,1011.3,16.247,0.0,0.0,0.0,-2.1,-1.45,5.32,-2.1,1.4,-0.06,9.7,9.37,-0.62,8.18,0,0,0,0.0,0.0,0.0
1787615782.296204,08:56:22.296,1426,58.19,27.67,1011.3,16.247,0.0,0.0,0.0,-2.1,-1.45,5.32,-2.1,1.4,-0.06,9.7,9.37,-0.62,8.18,0,0,0,0.0,0.0,0.0
1787615782.296471,08:56:22.296,1427,58.2,27.67,1011.3,16.247,0.0,0.0,0.0,-2.1,-1.45,5.32,-2.1,1.4,-0.06,9.7,9.37,-0.62,8.18,0,0,0,0.0,0.0,0.0
1787615782.296627,08:56:22.296,1428,58.21,27.67,1011.3,16.247,0.0,0.0,0.0,-2.1,-1.45,5.32,-2.1,1.4,-0.06,9.7,9.37,-0.62,8.18,0,0,0,0.0,0.0,0.0
1787615782.296778,08:56:22.296,1429,58.22,27.67,1011.3,16.247,0.0,0.0,0.0,-2.1,-1.45,5.32,-2.1,1.4,-0.06,9.7,9.37,-0.62,8.18,0,0,0,0.0,0.0,0.0
1787615782.296930,08:56:22.296,1430,58.23,27.67,1011.3,16.247,0.0,0.0,0.0,-2.1,-1.45,5.32,-2.1,1.4,-0.06,9.7,9.37,-0.62,8.18,0,0,0,0.0,0.0,0.0
1787615782.297080,08:56:22.297,1431,58.24,27.67,1011.3,16.247,0.0,0.0,0.0,0.92,0.48,5.28,0.92,1.41,0.68,9.67,11.31,3.56,8.31,0,0,0,0.0,0.0,0.0
1787615782.297234,08:56:22.297,1432,58.25,27.67,1011.3,16.247,0.0,0.0,0.0,0.92,0.48,5.28,0.92,1.41,0.68,9.67,11.31,3.56,8.31,0,0,0,0.0,0.0,0.0
1787615782.297382,08:56:22.297,1433,58.26,27.67,1011.3,16.247,0.0,0.0,0.0,0.92,0.48,5.28,0.92,1.41,0.68,9.67,11.31,3.56,8.31,0,0,0,0.0,0.0,0.0
1787615782.297533,08:56:22.297,1434,58.27,27.67,1011.3,16.247,0.0,0.0,0.0,0.92,0.48,5.28,0.92,1.41,0.68,9.67,11.31,3.56,8.31,0,0,0,0.0,0.0,0.0
1787615782.297682,08:56:22.297,1435,58.28,27.67,1011.3,16.247,0.0,0.0,0.0,0.92,0.48,5.28,0.92,1.41,0.68,9.67,11.31,3.56,8.31,0,0,0,0.0,0.0,0.0
1787615782.398983,08:56:22.398,1436,58.29,27.67,1011.3,16.247,0.0,0.0,0.0,0.92,0.48,5.28,0.92,1.41,0.68,9.67,11.31,3.56,8.31,0,0,0,0.0,0.0,0.0
1787615782.399208,08:56:22.399,1437,58.3,27.67,1011.3,16.247,0.0,0.0,0.0,0.92,0.48,5.28,0.92,1.41,0.68,9.67,11.31,3.56,8.31,0,0,0,0.0,0.0,0.0
1787615782.399351,08:56:22.399,1438,58.31,27.67,1011.3,16.247,0.0,0.0,0.0,0.92,0.48,5.28,0.92,1.41,0.68,9.67,11.31,3.56,8.31,0,0,0,0.0,0.0,0.0
1787615782.399492,08:56:22.399,1439,58.32,27.67,1011.3,16.247,0.0,0.0,0.0,0.92,0.48,5.28,0.92,1.41,0.68,9.67,11.31,3.56,8.31,0,0,0,0.0,0.0,0.0
1787615782.399629,08:56:22.399,1440,58.33,27.67,1011.3,16.247,0.0,0.0,0.0,0.92,0.48,5.28,0.92,1.41,0.68,9.67,11.31,3.56,8.31,0,0,0,0.0,0.0,0.0
1787615782.399767,08:56:22.399,1441,58.34,27.67,1011.3,16.247,0.0,0.0,0.0,-0.63,-0.29,0.02,-0.63,1.42,1.37,9.6,11.75,7.75,8.31,0,0,0,0.0,0.0,0.0
1787615782.399905,08:56:22.399,1442,58.35,27.67,1011.3,16.247,0.0,0.0,0.0,-0.63,-0.29,0.02,-0.63,1.42,1.37,9.6,11.75,7.75,8.31,0,0,0,0.0,0.0,0.0
1787615782.400042,08:56:22.400,1443,58.36,27.67,1011.3,16.247,0.0,0.0,0.0,-0.63,-0.29,0.02,-0.63,1.42,1.37,9.6,11.75,7.75,8.31,0,0,0,0.0,0.0,0.0
1787615782.400179,08:56:22.400,1444,58.37,27.66,1011.28,16.413,0.0,0.0,0.0,-0.63,-0.29,0.02,-0.63,1.42,1.37,9.6,11.75,7.75,8.31,0,0,0,0.0,0.0,0.0
1787615782.400319,08:56:22.400,1445,58.38,27.66,1011.28,16.413,0.0,0.0,0.0,-0.63,-0.29,0.02,-0.63,1.42,1.37,9.6,11.75,7.75,8.31,0,0,0,0.0,0.0,0.0
1787615782.501634,08:56:22.501,1446,58.39,27.66,1011.28,16.413,0.0,0.0,0.0,-0.63,-0.29,0.02,-0.63,1.42,1.37,9.6,11.75,7.75,8.31,0,0,0,0.0,0.0,0.0
1787615782.501890,08:56:22.501,1447,58.4,27.66,1011.28,16.413,0.0,0.0,0.0,-0.63,-0.29,0.02,-0.63,1.42,1.37,9.6,11.75,7.75,8.31,0,0,0,0.0,0.0,0.0
1787615782.502034,08:56:22.502,1448,58.41,27.66,1011.28,16.413,0.0,0.0,0.0,-0.63,-0.29,0.02,-0.63,1.42,1.37,9.6,11.75,7.75,8.31,0,0,0,0.0,0.0,0.0
1787615782.502174,08:56:22.502,1449,58.42,27.66,1011.28,16.413,0.0,0.0,0.0,-0.63,-0.29,0.02,-0.63,1.42,1.37,9.6,11.75,7.75,8.31,0,0,0,0.0,0.0,0.0
1787615782.502313,08:56:22.502,1450,58.43,27.66,1011.28,16.413,0.0,0.0,0.0,-0.63,-0.29,0.02,-0.63,1.42,1.37,9.6,11.75,7.75,8.31,0,0,0,0.0,0.0,0.0
1787615782.502450,08:56:22.502,1451,58.44,27.66,1011.28,16.413,0.0,0.0,0.0,0.21,-0.93,1.61,0.21,1.42,1.78,9.53,10.5,10.56,8.31,0,0,0,0.0,0.0,0.0
1787615782.502592,08:56:22.502,1452,58.45,27.66,1011.28,16.413,0.0,0.0,0.0,0.21,-0.93,1.61,0.21,1.42,1.78,9.53,10.5,10.56,8.31,0,0,0,0.0,0.0,0.0
1787615782.502729,08:56:22.502,1453,58.46,27.66,1011.28,16.413,0.0,0.0,0.0,0.21,-0.93,1.61,0.21,1.42,1.78,9.53,10.5,10.56,8.31,0,0,0,0.0,0.0,0.0
1787615782.502865,08:56:22.502,1454,58.47,27.66,1011.28,16.413,0.0,0.0,0.0,0.21,-0.93,1.61,0.21,1.42,1.78,9.53,10.5,10.56,8.31,0,0,0,0.0,0.0,0.0
1787615782.604177,08:56:22.604,1455,58.48,27.66,1011.28,16.413,0.0,0.0,0.0,0.21,-0.93,1.61,0.21,1.42,1.78,9.53,10.5,10.56,8.31,0,0,0,0.0,0.0,0.0
1787615782.604437,08:56:22.604,1456,58.49,27.66,1011.28,16.413,0.0,0.0,0.0,0.21,-0.93,1.61,0.21,1.42,1.78,9.53,10.5,10.56,8.31,0,0,0,0.0,0.0,0.0
1787615782.604593,08:56:22.604,1457,58.5,27.66,1011.28,16.413,0.0,0.0,0.0,0.21,-0.93,1.61,0.21,1.42,1.78,9.53,10.5,10.56,8.31,0,0,0,0.0,0.0,0.0
1787615782.604737,08:56:22.604,1458,58.51,27.66,1011.28,16.413,0.0,0.0,0.0,0.21,-0.93,1.61,0.21,1.42,1.78,9.53,10.5,10.56,8.31,0,0,0,0.0,0.0,0.0
1787615782.604877,08:56:22.604,1459,58.52,27.66,1011.28,16.413,0.0,0.0,0.0,0.21,-0.93,1.61,0.21,1.42,1.78,9.53,10.5,10.56,8.31,0,0,0,0.0,0.0,0.0
1787615782.605016,08:56:22.605,1460,58.53,27.66,1011.28,16.413,0.0,0.0,0.0,0.47,1.62,1.63,0.47,1.38,1.79,9.54,8.0,10.62,8.12,0,0,0,0.0,0.0,0.0
1787615782.605192,08:56:22.605,1461,58.54,27.66,1011.28,16.413,0.0,0.0,0.0,0.47,1.62,1.63,0.47,1.38,1.79,9.54,8.0,10.62,8.12,0,0,0,0.0,0.0,0.0
1787615782.605346,08:56:22.605,1462,58.55,27.66,1011.28,16.413,0.0,0.0,0.0,0.47,1.62,1.63,0.47,1.38,1.79,9.54,8.0,10.62,8.12,0,0,0,0.0,0.0,0.0
1787615782.605490,08:56:22.605,1463,58.56,27.66,1011.28,16.413,0.0,0.0,0.0,0.47,1.62,1.63,0.47,1.38,1.79,9.54,8.0,10.62,8.12,0,0,0,0.0,0.0,0.0
1787615782.605627,08:56:22.605,1464,58.57,27.63,1011.3,16.247,0.0,0.0,0.0,0.47,1.62,1.63,0.47,1.38,1.79,9.54,8.0,10.62,8.12,0,0,0,0.0,0.0,0.0
1787615782.605771,08:56:22.605,1465,58.58,27.63,1011.3,16.247,0.0,0.0,0.0,0.47,1.62,1.63,0.47,1.38,1.79,9.54,8.0,10.62,8.12,0,0,0,0.0,0.0,0.0
1787615782.605950,08:56:22.605,1466,58.59,27.63,1011.3,16.247,0.0,0.0,0.0,0.47,1.62,1.63,0.47,1.38,1.79,9.54,8.0,10.62,8.12,0,0,0,0.0,0.0,0.0
1787615782.707272,08:56:22.707,1467,58.6,27.63,1011.3,16.247,0.0,0.0,0.0,0.47,1.62,1.63,0.47,1.38,1.79,9.54,8.0,10.62,8.12,0,0,0,0.0,0.0,0.0
1787615782.707593,08:56:22.707,1468,58.61,27.63,1011.3,16.247,0.0,0.0,0.0,0.47,1.62,1.63,0.47,1.38,1.79,9.54,8.0,10.62,8.12,0,0,0,0.0,0.0,0.0
1787615782.707791,08:56:22.707,1469,58.62,27.63,1011.3,16.247,0.0,0.0,0.0,0.47,1.62,1.63,0.47,1.38,1.79,9.54,8.0,10.62,8.12,0,0,0,0.0,0.0,0.0
1787615782.707984,08:56:22.707,1470,58.63,27.63,1011.3,16.247,0.0,0.0,0.0,-2.1,-0.59,3.19,-2.1,1.44,1.47,9.58,4.81,8.68,8.43,0,0,0,0.0,0.0,0.0
1787615782.708179,08:56:22.708,1471,58.64,27.63,1011.3,16.247,0.0,0.0,0.0,-2.1,-0.59,3.19,-2.1,1.44,1.47,9.58,4.81,8.68,8.43,0,0,0,0.0,0.0,0.0
1787615782.708369,08:56:22.708,1472,58.65,27.63,1011.3,16.247,0.0,0.0,0.0,-2.1,-0.59,3.19,-2.1,1.44,1.47,9.58,4.81,8.68,8.43,0,0,0,0.0,0.0,0.0
1787615782.708562,08:56:22.708,1473,58.66,27.63,1011.3,16.247,0.0,0.0,0.0,-2.1,-0.59,3.19,-2.1,1.44,1.47,9.58,4.81,8.68,8.43,0,0,0,0.0,0.0,0.0
1787615782.708751,08:56:22.708,1474,58.67,27.63,1011.3,16.247,0.0,0.0,0.0,-2.1,-0.59,3.19,-2.1,1.44,1.47,9.58,4.81,8.68,8.43,0,0,0,0.0,0.0,0.0
1787615782.708936,08:56:22.708,1475,58.68,27.63,1011.3,16.247,0.0,0.0,0.0,-2.1,-0.59,3.19,-2.1,1.44,1.47,9.58,4.81,8.68,8.43,0,0,0,0.0,0.0,0.0
1787615782.810291,08:56:22.810,1476,58.69,27.63,1011.3,16.247,0.0,0.0,0.0,-2.1,-0.59,3.19,-2.1,1.44,1.47,9.58,4.81,8.68,8.43,0,0,0,0.0,0.0,0.0
1787615782.810557,08:56:22.810,1477,58.7,27.63,1011.3,16.247,0.0,0.0,0.0,-2.1,-0.59,3.19,-2.1,1.44,1.47,9.58,4.81,8.68,8.43,0,0,0,0.0,0.0,0.0
1787615782.810720,08:56:22.810,1478,58.71,27.63,1011.3,16.247,0.0,0.0,0.0,-2.1,-0.59,3.19,-2.1,1.44,1.47,9.58,4.81,8.68,8.43,0,0,0,0.0,0.0,0.0
1787615782.810875,08:56:22.810,1479,58.72,27.63,1011.3,16.247,0.0,0.0,0.0,-2.1,-0.59,3.19,-2.1,1.44,1.47,9.58,4.81,8.68,8.43,0,0,0,0.0,0.0,0.0
1787615782.811029,08:56:22.811,1480,58.73,27.63,1011.3,16.247,0.0,0.0,0.0,0.45,-0.11,1.06,0.45,1.54,0.79,9.65,1.75,4.68,9.06,0,0,0,0.0,0.0,0.0
1787615782.811182,08:56:22.811,1481,58.74,27.63,1011.3,16.247,0.0,0.0,0.0,0.45,-0.11,1.06,0.45,1.54,0.79,9.65,1.75,4.68,9.06,0,0,0,0.0,0.0,0.0
1787615782.811333,08:56:22.811,1482,58.75,27.63,1011.3,16.247,0.0,0.0,0.0,0.45,-0.11,1.06,0.45,1.54,0.79,9.65,1.75,4.68,9.06,0,0,0,0.0,0.0,0.0
1787615782.811483,08:56:22.811,1483,58.76,27.63,1011.3,16.247,0.0,0.0,0.0,0.45,-0.11,1.06,0.45,1.54,0.79,9.65,1.75,4.68,9.06,0,0,0,0.0,0.0,0.0
1787615782.811632,08:56:22.811,1484,58.77,27.6,1011.27,16.498,0.0,0.0,0.0,0.45,-0.11,1.06,0.45,1.54,0.79,9.65,1.75,4.68,9.06,0,0,0,0.0,0.0,0.0
1787615782.811783,08:56:22.811,1485,58.78,27.6,1011.27,16.498,0.0,0.0,0.0,0.45,-0.11,1.06,0.45,1.54,0.79,9.65,1.75,4.68,9.06,0,0,0,0.0,0.0,0.0
1787615782.811933,08:56:22.811,1486,58.79,27.6,1011.27,16.498,0.0,0.0,0.0,0.45,-0.11,1.06,0.45,1.54,0.79,9.65,1.75,4.68,9.06,0,0,0,0.0,0.0,0.0
1787615782.912264,08:56:22.912,1487,58.8,27.6,1011.27,16.498,0.0,0.0,0.0,0.45,-0.11,1.06,0.45,1.54,0.79,9.65,1.75,4.68,9.06,0,0,0,0.0,0.0,0.0
1787615782.912579,08:56:22.912,1488,58.81,27.6,1011.27,16.498,0.0,0.0,0.0,0.45,-0.11,1.06,0.45,1.54,0.79,9.65,1.75,4.68,9.06,0,0,0,0.0,0.0,0.0
1787615782.912778,08:56:22.912,1489,58.82,27.6,1011.27,16.498,0.0,0.0,0.0,0.45,-0.11,1.06,0.45,1.54,0.79,9.65,1.75,4.68,9.06,0,0,0,0.0,0.0,0.0
1787615782.912976,08:56:22.912,1490,58.83,27.6,1011.27,16.498,0.0,0.0,0.0,-0.21,0.56,3.57,-0.21,1.55,0.07,9.68,359.62,0.43,9.12,0,0,0,0.0,0.0,0.0
1787615782.913171,08:56:22.913,1491,58.84,27.6,1011.27,16.498,0.0,0.0,0.0,-0.21,0.56,3.57,-0.21,1.55,0.07,9.68,359.62,0.43,9.12,0,0,0,0.0,0.0,0.0
1787615782.913375,08:56:22.913,1492,58.85,27.6,1011.27,16.498,0.0,0.0,0.0,-0.21,0.56,3.57,-0.21,1.55,0.07,9.68,359.62,0.43,9.12,0,0,0,0.0,0.0,0.0
1787615782.913565,08:56:22.913,1493,58.86,27.6,1011.27,16.498,0.0,0.0,0.0,-0.21,0.56,3.57,-0.21,1.55,0.07,9.68,359.62,0.43,9.12,0,0,0,0.0,0.0,0.0
1787615782.913755,08:56:22.913,1494,58.87,27.6,1011.27,16.498,0.0,0.0,0.0,-0.21,0.56,3.57,-0.21,1.55,0.07,9.68,359.62,0.43,9.12,0,0,0,0.0,0.0,0.0
1787615782.914039,08:56:22.914,1495,58.88,27.6,1011.27,16.498,0.0,0.0,0.0,-0.21,0.56,3.57,-0.21,1.55,0.07,9.68,359.62,0.43,9.12,0,0,0,0.0,0.0,0.0
1787615782.914249,08:56:22.914,1496,58.89,27.6,1011.27,16.498,0.0,0.0,0.0,-0.21,0.56,3.57,-0.21,1.55,0.07,9.68,359.62,0.43,9.12,0,0,0,0.0,0.0,0.0
1787615783.015557,08:56:23.015,1497,58.9,27.6,1011.27,16.498,0.0,0.0,0.0,-0.21,0.56,3.57,-0.21,1.55,0.07,9.68,359.62,0.43,9.12,0,0,0,0.0,0.0,0.0
1787615783.015937,08:56:23.015,1498,58.91,27.6,1011.27,16.498,0.0,0.0,0.0,-0.21,0.56,3.57,-0.21,1.55,0.07,9.68,359.62,0.43,9.12,0,0,0,0.0,0.0,0.0
1787615783.016179,08:56:23.016,1499,58.92,27.6,1011.27,16.498,0.0,0.0,0.0,-0.21,0.56,3.57,-0.21,1.55,0.07,9.68,359.62,0.43,9.12,0,0,0,0.0,0.0,0.0
1787615783.016412,08:56:23.016,1500,58.93,27.6,1011.27,16.498,0.0,0.0,0.0,-2.19,-2.41,4.38,-2.19,1.57,-0.46,9.66,358.56,-2.68,9.18,0,0,0,0.0,0.0,0.0
1787615783.016643,08:56:23.016,1501,58.94,27.6,1011.27,16.498,0.0,0.0,0.0,-2.19,-2.41,4.38,-2.19,1.57,-0.46,9.66,358.56,-2.68,9.18,0,0,0,0.0,0.0,0.0
1787615783.016869,08:56:23.016,1502,58.95,27.6,1011.27,16.498,0.0,0.0,0.0,-2.19,-2.41,4.38,-2.19,1.57,-0.46,9.66,358.56,-2.68,9.18,0,0,0,0.0,0.0,0.0
1787615783.017093,08:56:23.017,1503,58.96,27.6,1011.27,16.498,0.0,0.0,0.0,-2.19,-2.41,4.38,-2.19,1.57,-0.46,9.66,358.56,-2.68,9.18,0,0,0,0.0,0.0,0.0
1787615783.017319,08:56:23.017,1504,58.97,27.6,1011.29,16.329,0.0,0.0,0.0,-2.19,-2.41,4.38,-2.19,1.57,-0.46,9.66,358.56,-2.68,9.18,0,0,0,0.0,0.0,0.0
1787615783.017541,08:56:23.017,1505,58.98,27.6,1011.29,16.329,0.0,0.0,0.0,-2.19,-2.41,4.38,-2.19,1.57,-0.46,9.66,358.56,-2.68,9.18,0,0,0,0.0,0.0,0.0
1787615783.017764,08:56:23.017,1506,58.99,27.6,1011.29,16.329,0.0,0.0,0.0,-2.19,-2.41,4.38,-2.19,1.57,-0.46,9.66,358.56,-2.68,9.18,0,0,0,0.0,0.0,0.0
1787615783.017974,08:56:23.017,1507,59.0,27.6,1011.29,16.329,0.0,0.0,0.0,-2.19,-2.41,4.38,-2.19,1.57,-0.46,9.66,358.56,-2.68,9.18,0,0,0,0.0,0.0,0.0
1787615783.119343,08:56:23.119,1508,59.01,27.6,1011.29,16.329,0.0,0.0,0.0,-2.19,-2.41,4.38,-2.19,1.57,-0.46,9.66,358.56,-2.68,9.18,0,0,0,0.0,0.0,0.0
1787615783.119657,08:56:23.119,1509,59.02,27.6,1011.29,16.329,0.0,0.0,0.0,-2.19,-2.41,4.38,-2.19,1.57,-0.46,9.66,358.56,-2.68,9.18,0,0,0,0.0,0.0,0.0
1787615783.119833,08:56:23.119,1510,59.03,27.6,1011.29,16.329,0.0,0.0,0.0,-0.36,-4.83,1.06,-0.36,1.58,-0.37,9.67,358.75,-2.18,9.25,0,0,0,0.0,0.0,0.0
1787615783.120030,08:56:23.120,1511,59.04,27.6,1011.29,16.329,0.0,0.0,0.0,-0.36,-4.83,1.06,-0.36,1.58,-0.37,9.67,358.75,-2.18,9.25,0,0,0,0.0,0.0,0.0
1787615783.120185,08:56:23.120,1512,59.05,27.6,1011.29,16.329,0.0,0.0,0.0,-0.36,-4.83,1.06,-0.36,1.58,-0.37,9.67,358.75,-2.18,9.25,0,0,0,0.0,0.0,0.0
1787615783.120339,08:56:23.120,1513,59.06,27.6,1011.29,16.329,0.0,0.0,0.0,-0.36,-4.83,1.06,-0.36,1.58,-0.37,9.67,358.75,-2.18,9.25,0,0,0,0.0,0.0,0.0
1787615783.120489,08:56:23.120,1514,59.07,27.6,1011.29,16.329,0.0,0.0,0.0,-0.36,-4.83,1.06,-0.36,1.58,-0.37,9.67,358.75,-2.18,9.25,0,0,0,0.0,0.0,0.0
1787615783.120640,08:56:23.120,1515,59.08,27.6,1011.29,16.329,0.0,0.0,0.0,-0.36,-4.83,1.06,-0.36,1.58,-0.37,9.67,358.75,-2.18,9.25,0,0,0,0.0,0.0,0.0
1787615783.120789,08:56:23.120,1516,59.09,27.6,1011.29,16.329,0.0,0.0,0.0,-0.36,-4.83,1.06,-0.36,1.58,-0.37,9.67,358.75,-2.18,9.25,0,0,0,0.0,0.0,0.0
1787615783.120939,08:56:23.120,1517,59.1,27.6,1011.29,16.329,0.0,0.0,0.0,-0.36,-4.83,1.06,-0.36,1.58,-0.37,9.67,358.75,-2.18,9.25,0,0,0,0.0,0.0,0.0
1787615783.222326,08:56:23.222,1518,59.11,27.6,1011.29,16.329,0.0,0.0,0.0,-0.36,-4.83,1.06,-0.36,1.58,-0.37,9.67,358.75,-2.18,9.25,0,0,0,0.0,0.0,0.0
1787615783.223203,08:56:23.223,1519,59.12,27.6,1011.29,16.329,0.0,0.0,0.0,-0.36,-4.83,1.06,-0.36,1.58,-0.37,9.67,358.75,-2.18,9.25,0,0,0,0.0,0.0,0.0
1787615783.223550,08:56:23.223,1520,59.13,27.6,1011.29,16.329,0.0,0.0,0.0,0.23,0.05,-1.41,0.23,1.54,0.62,9.66,0.0,3.68,9.0,0,0,0,0.0,0.0,0.0
1787615783.223916,08:56:23.223,1521,59.14,27.6,1011.29,16.329,0.0,0.0,0.0,0.23,0.05,-1.41,0.23,1.54,0.62,9.66,0.0,3.68,9.0,0,0,0,0.0,0.0,0.0
1787615783.224247,08:56:23.224,1522,59.15,27.6,1011.29,16.329,0.0,0.0,0.0,0.23,0.05,-1.41,0.23,1.54,0.62,9.66,0.0,3.68,9.0,0,0,0,0.0,0.0,0.0
1787615783.224572,08:56:23.224,1523,59.16,27.6,1011.29,16.329,0.0,0.0,0.0,0.23,0.05,-1.41,0.23,1.54,0.62,9.66,0.0,3.68,9.0,0,0,0,0.0,0.0,0.0
1787615783.224901,08:56:23.224,1524,59.17,27.56,1011.31,16.162,0.0,0.0,0.0,0.23,0.05,-1.41,0.23,1.54,0.62,9.66,0.0,3.68,9.0,0,0,0,0.0,0.0,0.0
1787615783.225239,08:56:23.225,1525,59.18,27.56,1011.31,16.162,0.0,0.0,0.0,0.23,0.05,-1.41,0.23,1.54,0.62,9.66,0.0,3.68,9.0,0,0,0,0.0,0.0,0.0
1787615783.225581,08:56:23.225,1526,59.19,27.56,1011.31,16.162,0.0,0.0,0.0,0.23,0.05,-1.41,0.23,1.54,0.62,9.66,0.0,3.68,9.0,0,0,0,0.0,0.0,0.0
1787615783.225911,08:56:23.225,1527,59.2,27.56,1011.31,16.162,0.0,0.0,0.0,0.23,0.05,-1.41,0.23,1.54,0.62,9.66,0.0,3.68,9.0,0,0,0,0.0,0.0,0.0
1787615783.226234,08:56:23.226,1528,59.21,27.56,1011.31,16.162,0.0,0.0,0.0,0.23,0.05,-1.41,0.23,1.54,0.62,9.66,0.0,3.68,9.0,0,0,0,0.0,0.0,0.0
1787615783.327226,08:56:23.327,1529,59.22,27.56,1011.31,16.162,0.0,0.0,0.0,0.23,0.05,-1.41,0.23,1.54,0.62,9.66,0.0,3.68,9.0,0,0,0,0.0,0.0,0.0
1787615783.327486,08:56:23.327,1530,59.23,27.56,1011.31,16.162,0.0,0.0,0.0,0.62,-0.86,-3.45,0.62,1.52,2.47,9.36,2.12,14.75,8.93,0,0,0,0.0,0.0,0.0
1787615783.327634,08:56:23.327,1531,59.24,27.56,1011.31,16.162,0.0,0.0,0.0,0.62,-0.86,-3.45,0.62,1.52,2.47,9.36,2.12,14.75,8.93,0,0,0,0.0,0.0,0.0
1787615783.327775,08:56:23.327,1532,59.25,27.56,1011.31,16.162,0.0,0.0,0.0,0.62,-0.86,-3.45,0.62,1.52,2.47,9.36,2.12,14.75,8.93,0,0,0,0.0,0.0,0.0
1787615783.327915,08:56:23.327,1533,59.26,27.56,1011.31,16.162,0.0,0.0,0.0,0.62,-0.86,-3.45,0.62,1.52,2.47,9.36,2.12,14.75,8.93,0,0,0,0.0,0.0,0.0
1787615783.328052,08:56:23.328,1534,59.27,27.56,1011.31,16.162,0.0,0.0,0.0,0.62,-0.86,-3.45,0.62,1.52,2.47,9.36,2.12,14.75,8.93,0,0,0,0.0,0.0,0.0
1787615783.328190,08:56:23.328,1535,59.28,27.56,1011.31,16.162,0.0,0.0,0.0,0.62,-0.86,-3.45,0.62,1.52,2.47,9.36,2.12,14.75,8.93,0,0,0,0.0,0.0,0.0
1787615783.328327,08:56:23.328,1536,59.29,27.56,1011.31,16.162,0.0,0.0,0.0,0.62,-0.86,-3.45,0.62,1.52,2.47,9.36,2.12,14.75,8.93,0,0,0,0.0,0.0,0.0
1787615783.328463,08:56:23.328,1537,59.3,27.56,1011.31,16.162,0.0,0.0,0.0,0.62,-0.86,-3.45,0.62,1.52,2.47,9.36,2.12,14.75,8.93,0,0,0,0.0,0.0,0.0
1787615783.328601,08:56:23.328,1538,59.31,27.56,1011.31,16.162,0.0,0.0,0.0,0.62,-0.86,-3.45,0.62,1.52,2.47,9.36,2.12,14.75,8.93,0,0,0,0.0,0.0,0.0
1787615783.328737,08:56:23.328,1539,59.32,27.56,1011.31,16.162,0.0,0.0,0.0,0.62,-0.86,-3.45,0.62,1.52,2.47,9.36,2.12,14.75,8.93,0,0,0,0.0,0.0,0.0
1787615783.429858,08:56:23.429,1540,59.33,27.56,1011.31,16.162,0.0,0.0,0.0,2.56,-4.31,-4.43,2.56,1.48,4.93,8.34,4.87,28.87,8.75,0,0,0,0.0,0.0,0.0
1787615783.430119,08:56:23.430,1541,59.34,27.56,1011.31,16.162,0.0,0.0,0.0,2.56,-4.31,-4.43,2.56,1.48,4.93,8.34,4.87,28.87,8.75,0,0,0,0.0,0.0,0.0
1787615783.430272,08:56:23.430,1542,59.35,27.56,1011.31,16.162,0.0,0.0,0.0,2.56,-4.31,-4.43,2.56,1.48,4.93,8.34,4.87,28.87,8.75,0,0,0,0.0,0.0,0.0
1787615783.430416,08:56:23.430,1543,59.36,27.56,1011.31,16.162,0.0,0.0,0.0,2.56,-4.31,-4.43,2.56,1.48,4.93,8.34,4.87,28.87,8.75,0,0,0,0.0,0.0,0.0
1787615783.430560,08:56:23.430,1544,59.37,27.53,1011.2,17.082,0.0,0.0,0.0,2.56,-4.31,-4.43,2.56,1.48,4.93,8.34,4.87,28.87,8.75,0,0,0,0.0,0.0,0.0
1787615783.430699,08:56:23.430,1545,59.38,27.53,1011.2,17.082,0.0,0.0,0.0,2.56,-4.31,-4.43,2.56,1.48,4.93,8.34,4.87,28.87,8.75,0,0,0,0.0,0.0,0.0
1787615783.430840,08:56:23.430,1546,59.39,27.53,1011.2,17.082,0.0,0.0,0.0,2.56,-4.31,-4.43,2.56,1.48,4.93,8.34,4.87,28.87,8.75,0,0,0,0.0,0.0,0.0
1787615783.430981,08:56:23.430,1547,59.4,27.53,1011.2,17.082,0.0,0.0,0.0,2.56,-4.31,-4.43,2.56,1.48,4.93,8.34,4.87,28.87,8.75,0,0,0,0.0,0.0,0.0
1787615783.431118,08:56:23.431,1548,59.41,27.53,1011.2,17.082,0.0,0.0,0.0,2.56,-4.31,-4.43,2.56,1.48,4.93,8.34,4.87,28.87,8.75,0,0,0,0.0,0.0,0.0
1787615783.431258,08:56:23.431,1549,59.42,27.53,1011.2,17.082,0.0,0.0,0.0,2.56,-4.31,-4.43,2.56,1.48,4.93,8.34,4.87,28.87,8.75,0,0,0,0.0,0.0,0.0
1787615783.532508,08:56:23.532,1550,59.43,27.53,1011.2,17.082,0.0,0.0,0.0,1.8,-4.29,-7.55,1.8,0.92,7.41,6.35,9.37,47.43,5.93,0,0,0,0.0,0.0,0.0
1787615783.533404,08:56:23.533,1551,59.44,27.53,1011.2,17.082,0.0,0.0,0.0,1.8,-4.29,-7.55,1.8,0.92,7.41,6.35,9.37,47.43,5.93,0,0,0,0.0,0.0,0.0
1787615783.533754,08:56:23.533,1552,59.45,27.53,1011.2,17.082,0.0,0.0,0.0,1.8,-4.29,-7.55,1.8,0.92,7.41,6.35,9.37,47.43,5.93,0,0,0,0.0,0.0,0.0
1787615783.534109,08:56:23.534,1553,59.46,27.53,1011.2,17.082,0.0,0.0,0.0,1.8,-4.29,-7.55,1.8,0.92,7.41,6.35,9.37,47.43,5.93,0,0,0,0.0,0.0,0.0
1787615783.534611,08:56:23.534,1554,59.47,27.53,1011.2,17.082,0.0,0.0,0.0,1.8,-4.29,-7.55,1.8,0.92,7.41,6.35,9.37,47.43,5.93,0,0,0,0.0,0.0,0.0
1787615783.534925,08:56:23.534,1555,59.48,27.53,1011.2,17.082,0.0,0.0,0.0,1.8,-4.29,-7.55,1.8,0.92,7.41,6.35,9.37,47.43,5.93,0,0,0,0.0,0.0,0.0
1787615783.535227,08:56:23.535,1556,59.49,27.53,1011.2,17.082,0.0,0.0,0.0,1.8,-4.29,-7.55,1.8,0.92,7.41,6.35,9.37,47.43,5.93,0,0,0,0.0,0.0,0.0
1787615783.535556,08:56:23.535,1557,59.5,27.53,1011.2,17.082,0.0,0.0,0.0,1.8,-4.29,-7.55,1.8,0.92,7.41,6.35,9.37,47.43,5.93,0,0,0,0.0,0.0,0.0
1787615783.535876,08:56:23.535,1558,59.51,27.53,1011.2,17.082,0.0,0.0,0.0,1.8,-4.29,-7.55,1.8,0.92,7.41,6.35,9.37,47.43,5.93,0,0,0,0.0,0.0,0.0
1787615783.536182,08:56:23.536,1559,59.52,27.53,1011.2,17.082,0.0,0.0,0.0,1.8,-4.29,-7.55,1.8,0.92,7.41,6.35,9.37,47.43,5.93,0,0,0,0.0,0.0,0.0
1787615783.637146,08:56:23.637,1560,59.53,27.53,1011.2,17.082,0.0,0.0,0.0,6.14,-0.33,-4.42,6.14,0.13,9.12,3.58,15.87,66.75,1.18,0,0,0,0.0,0.0,0.0
1787615783.638670,08:56:23.638,1561,59.54,27.53,1011.2,17.082,0.0,0.0,0.0,6.14,-0.33,-4.42,6.14,0.13,9.12,3.58,15.87,66.75,1.18,0,0,0,0.0,0.0,0.0
1787615783.639683,08:56:23.639,1562,59.55,27.53,1011.2,17.082,0.0,0.0,0.0,6.14,-0.33,-4.42,6.14,0.13,9.12,3.58,15.87,66.75,1.18,0,0,0,0.0,0.0,0.0
1787615783.640326,08:56:23.640,1563,59.56,27.53,1011.2,17.082,0.0,0.0,0.0,6.14,-0.33,-4.42,6.14,0.13,9.12,3.58,15.87,66.75,1.18,0,0,0,0.0,0.0,0.0
1787615783.640728,08:56:23.640,1564,59.57,27.52,1011.26,16.58,0.0,0.0,0.0,6.14,-0.33,-4.42,6.14,0.13,9.12,3.58,15.87,66.75,1.18,0,0,0,0.0,0.0,0.0
1787615783.641140,08:56:23.641,1565,59.58,27.52,1011.26,16.58,0.0,0.0,0.0,6.14,-0.33,-4.42,6.14,0.13,9.12,3.58,15.87,66.75,1.18,0,0,0,0.0,0.0,0.0
1787615783.641542,08:56:23.641,1566,59.59,27.52,1011.26,16.58,0.0,0.0,0.0,6.14,-0.33,-4.42,6.14,0.13,9.12,3.58,15.87,66.75,1.18,0,0,0,0.0,0.0,0.0
1787615783.641938,08:56:23.641,1567,59.6,27.52,1011.26,16.58,0.0,0.0,0.0,6.14,-0.33,-4.42,6.14,0.13,9.12,3.58,15.87,66.75,1.18,0,0,0,0.0,0.0,0.0
1787615783.642315,08:56:23.642,1568,59.61,27.52,1011.26,16.58,0.0,0.0,0.0,6.14,-0.33,-4.42,6.14,0.13,9.12,3.58,15.87,66.75,1.18,0,0,0,0.0,0.0,0.0
1787615783.743885,08:56:23.743,1569,59.62,27.52,1011.26,16.58,0.0,0.0,0.0,6.14,-0.33,-4.42,6.14,0.13,9.12,3.58,15.87,66.75,1.18,0,0,0,0.0,0.0,0.0
1787615783.744351,08:56:23.744,1570,59.63,27.52,1011.26,16.58,0.0,0.0,0.0,11.03,0.87,-6.09,11.03,-0.69,9.75,0.67,24.0,84.12,-3.5,0,0,0,0.0,0.0,0.0
1787615783.744589,08:56:23.744,1571,59.64,27.52,1011.26,16.58,0.0,0.0,0.0,11.03,0.87,-6.09,11.03,-0.69,9.75,0.67,24.0,84.12,-3.5,0,0,0,0.0,0.0,0.0
1787615783.744813,08:56:23.744,1572,59.65,27.52,1011.26,16.58,0.0,0.0,0.0,11.03,0.87,-6.09,11.03,-0.69,9.75,0.67,24.0,84.12,-3.5,0,0,0,0.0,0.0,0.0
1787615783.745036,08:56:23.745,1573,59.66,27.52,1011.26,16.58,0.0,0.0,0.0,11.03,0.87,-6.09,11.03,-0.69,9.75,0.67,24.0,84.12,-3.5,0,0,0,0.0,0.0,0.0
1787615783.745258,08:56:23.745,1574,59.67,27.52,1011.26,16.58,0.0,0.0,0.0,11.03,0.87,-6.09,11.03,-0.69,9.75,0.67,24.0,84.12,-3.5,0,0,0,0.0,0.0,0.0
1787615783.745476,08:56:23.745,1575,59.68,27.52,1011.26,16.58,0.0,0.0,0.0,11.03,0.87,-6.09,11.03,-0.69,9.75,0.67,24.0,84.12,-3.5,0,0,0,0.0,0.0,0.0
1787615783.745695,08:56:23.745,1576,59.69,27.52,1011.26,16.58,0.0,0.0,0.0,11.03,0.87,-6.09,11.03,-0.69,9.75,0.67,24.0,84.12,-3.5,0,0,0,0.0,0.0,0.0
1787615783.745913,08:56:23.745,1577,59.7,27.52,1011.26,16.58,0.0,0.0,0.0,11.03,0.87,-6.09,11.03,-0.69,9.75,0.67,24.0,84.12,-3.5,0,0,0,0.0,0.0,0.0
1787615783.746130,08:56:23.746,1578,59.71,27.52,1011.26,16.58,0.0,0.0,0.0,11.03,0.87,-6.09,11.03,-0.69,9.75,0.67,24.0,84.12,-3.5,0,0,0,0.0,0.0,0.0
1787615783.847215,08:56:23.847,1579,59.72,27.52,1011.26,16.58,0.0,0.0,0.0,11.03,0.87,-6.09,11.03,-0.69,9.75,0.67,24.0,84.12,-3.5,0,0,0,0.0,0.0,0.0
1787615783.847574,08:56:23.847,1580,59.73,27.52,1011.26,16.58,0.0,0.0,0.0,5.68,3.05,-7.82,5.68,-0.92,9.71,-0.97,31.06,95.25,-5.43,0,0,0,0.0,0.0,0.0
1787615783.847810,08:56:23.847,1581,59.74,27.52,1011.26,16.58,0.0,0.0,0.0,5.68,3.05,-7.82,5.68,-0.92,9.71,-0.97,31.06,95.25,-5.43,0,0,0,0.0,0.0,0.0
1787615783.848034,08:56:23.848,1582,59.75,27.52,1011.26,16.58,0.0,0.0,0.0,5.68,3.05,-7.82,5.68,-0.92,9.71,-0.97,31.06,95.25,-5.43,0,0,0,0.0,0.0,0.0
1787615783.848254,08:56:23.848,1583,59.76,27.52,1011.26,16.58,0.0,0.0,0.0,5.68,3.05,-7.82,5.68,-0.92,9.71,-0.97,31.06,95.25,-5.43,0,0,0,0.0,0.0,0.0
1787615783.848473,08:56:23.848,1584,59.77,27.49,1011.26,16.58,0.0,0.0,0.0,5.68,3.05,-7.82,5.68,-0.92,9.71,-0.97,31.06,95.25,-5.43,0,0,0,0.0,0.0,0.0
1787615783.848689,08:56:23.848,1585,59.78,27.49,1011.26,16.58,0.0,0.0,0.0,5.68,3.05,-7.82,5.68,-0.92,9.71,-0.97,31.06,95.25,-5.43,0,0,0,0.0,0.0,0.0
1787615783.848906,08:56:23.848,1586,59.79,27.49,1011.26,16.58,0.0,0.0,0.0,5.68,3.05,-7.82,5.68,-0.92,9.71,-0.97,31.06,95.25,-5.43,0,0,0,0.0,0.0,0.0
1787615783.849123,08:56:23.849,1587,59.8,27.49,1011.26,16.58,0.0,0.0,0.0,5.68,3.05,-7.82,5.68,-0.92,9.71,-0.97,31.06,95.25,-5.43,0,0,0,0.0,0.0,0.0
1787615783.849342,08:56:23.849,1588,59.81,27.49,1011.26,16.58,0.0,0.0,0.0,5.68,3.05,-7.82,5.68,-0.92,9.71,-0.97,31.06,95.25,-5.43,0,0,0,0.0,0.0,0.0
1787615783.849558,08:56:23.849,1589,59.82,27.49,1011.26,16.58,0.0,0.0,0.0,5.68,3.05,-7.82,5.68,-0.92,9.71,-0.97,31.06,95.25,-5.43,0,0,0,0.0,0.0,0.0
1787615783.950556,08:56:23.950,1590,59.83,27.49,1011.26,16.58,0.0,0.0,0.0,5.38,-2.26,-5.26,5.38,-1.13,9.61,-1.53,37.5,98.87,-6.62,0,0,0,0.0,0.0,0.0
1787615783.950916,08:56:23.950,1591,59.84,27.49,1011.26,16.58,0.0,0.0,0.0,5.38,-2.26,-5.26,5.38,-1.13,9.61,-1.53,37.5,98.87,-6.62,0,0,0,0.0,0.0,0.0
1787615783.951149,08:56:23.951,1592,59.85,27.49,1011.26,16.58,0.0,0.0,0.0,5.38,-2.26,-5.26,5.38,-1.13,9.61,-1.53,37.5,98.87,-6.62,0,0,0,0.0,0.0,0.0
1787615783.951377,08:56:23.951,1593,59.86,27.49,1011.26,16.58,0.0,0.0,0.0,5.38,-2.26,-5.26,5.38,-1.13,9.61,-1.53,37.5,98.87,-6.62,0,0,0,0.0,0.0,0.0
1787615783.951600,08:56:23.951,1594,59.87,27.49,1011.26,16.58,0.0,0.0,0.0,5.38,-2.26,-5.26,5.38,-1.13,9.61,-1.53,37.5,98.87,-6.62,0,0,0,0.0,0.0,0.0
1787615783.951822,08:56:23.951,1595,59.88,27.49,1011.26,16.58,0.0,0.0,0.0,5.38,-2.26,-5.26,5.38,-1.13,9.61,-1.53,37.5,98.87,-6.62,0,0,0,0.0,0.0,0.0
1787615783.952136,08:56:23.952,1596,59.89,27.49,1011.26,16.58,0.0,0.0,0.0,5.38,-2.26,-5.26,5.38,-1.13,9.61,-1.53,37.5,98.87,-6.62,0,0,0,0.0,0.0,0.0
1787615783.952383,08:56:23.952,1597,59.9,27.49,1011.26,16.58,0.0,0.0,0.0,5.38,-2.26,-5.26,5.38,-1.13,9.61,-1.53,37.5,98.87,-6.62,0,0,0,0.0,0.0,0.0
1787615783.952604,08:56:23.952,1598,59.91,27.49,1011.26,16.58,0.0,0.0,0.0,5.38,-2.26,-5.26,5.38,-1.13,9.61,-1.53,37.5,98.87,-6.62,0,0,0,0.0,0.0,0.0
1787615784.054001,08:56:24.054,1599,59.92,27.49,1011.26,16.58,0.0,0.0,0.0,5.38,-2.26,-5.26,5.38,-1.13,9.61,-1.53,37.5,98.87,-6.62,0,0,0,0.0,0.0,0.0
1787615784.054280,08:56:24.054,1600,59.93,27.49,1011.26,16.58,0.0,0.0,0.0,5.38,-2.26,-5.26,5.38,-1.13,9.61,-1.53,37.5,98.87,-6.62,0,0,0,0.0,0.0,0.0
1787615784.054442,08:56:24.054,1601,59.94,27.49,1011.26,16.58,0.0,0.0,0.0,6.78,-7.27,-2.16,6.78,-1.11,9.56,-1.84,42.56,100.62,-6.62,0,0,0,0.0,0.0,0.0
1787615784.054599,08:56:24.054,1602,59.95,27.49,1011.26,16.58,0.0,0.0,0.0,6.78,-7.27,-2.16,6.78,-1.11,9.56,-1.84,42.56,100.62,-6.62,0,0,0,0.0,0.0,0.0
1787615784.054751,08:56:24.054,1603,59.96,27.49,1011.26,16.58,0.0,0.0,0.0,6.78,-7.27,-2.16,6.78,-1.11,9.56,-1.84,42.56,100.62,-6.62,0,0,0,0.0,0.0,0.0
1787615784.054902,08:56:24.054,1604,59.97,27.45,1011.27,16.498,0.0,0.0,0.0,6.78,-7.27,-2.16,6.78,-1.11,9.56,-1.84,42.56,100.62,-6.62,0,0,0,0.0,0.0,0.0
1787615784.055055,08:56:24.055,1605,59.98,27.45,1011.27,16.498,0.0,0.0,0.0,6.78,-7.27,-2.16,6.78,-1.11,9.56,-1.84,42.56,100.62,-6.62,0,0,0,0.0,0.0,0.0
1787615784.055207,08:56:24.055,1606,59.99,27.45,1011.27,16.498,0.0,0.0,0.0,6.78,-7.27,-2.16,6.78,-1.11,9.56,-1.84,42.56,100.62,-6.62,0,0,0,0.0,0.0,0.0
1787615784.055357,08:56:24.055,1607,60.0,27.45,1011.27,16.498,0.0,0.0,0.0,6.78,-7.27,-2.16,6.78,-1.11,9.56,-1.84,42.56,100.62,-6.62,0,0,0,0.0,0.0,0.0
1787615784.156681,08:56:24.156,1608,60.01,27.45,1011.27,16.498,0.0,0.0,0.0,6.78,-7.27,-2.16,6.78,-1.11,9.56,-1.84,42.56,100.62,-6.62,0,0,0,0.0,0.0,0.0
1787615784.157045,08:56:24.157,1609,60.02,27.45,1011.27,16.498,0.0,0.0,0.0,6.78,-7.27,-2.16,6.78,-1.11,9.56,-1.84,42.56,100.62,-6.62,0,0,0,0.0,0.0,0.0
1787615784.157260,08:56:24.157,1610,60.03,27.45,1011.27,16.498,0.0,0.0,0.0,6.78,-7.27,-2.16,6.78,-1.11,9.56,-1.84,42.56,100.62,-6.62,0,0,0,0.0,0.0,0.0
1787615784.157492,08:56:24.157,1611,60.04,27.45,1011.27,16.498,0.0,0.0,0.0,5.68,-2.76,-5.35,5.68,-1.03,9.55,-1.95,47.68,101.5,-6.0,0,0,0,0.0,0.0,0.0
1787615784.157684,08:56:24.157,1612,60.05,27.45,1011.27,16.498,0.0,0.0,0.0,5.68,-2.76,-5.35,5.68,-1.03,9.55,-1.95,47.68,101.5,-6.0,0,0,0,0.0,0.0,0.0
1787615784.157877,08:56:24.157,1613,60.06,27.45,1011.27,16.498,0.0,0.0,0.0,5.68,-2.76,-5.35,5.68,-1.03,9.55,-1.95,47.68,101.5,-6.0,0,0,0,0.0,0.0,0.0
1787615784.158078,08:56:24.158,1614,60.07,27.45,1011.27,16.498,0.0,0.0,0.0,5.68,-2.76,-5.35,5.68,-1.03,9.55,-1.95,47.68,101.5,-6.0,0,0,0,0.0,0.0,0.0
1787615784.158298,08:56:24.158,1615,60.08,27.45,1011.27,16.498,0.0,0.0,0.0,5.68,-2.76,-5.35,5.68,-1.03,9.55,-1.95,47.68,101.5,-6.0,0,0,0,0.0,0.0,0.0
1787615784.158514,08:56:24.158,1616,60.09,27.45,1011.27,16.498,0.0,0.0,0.0,5.68,-2.76,-5.35,5.68,-1.03,9.55,-1.95,47.68,101.5,-6.0,0,0,0,0.0,0.0,0.0
1787615784.158740,08:56:24.158,1617,60.1,27.45,1011.27,16.498,0.0,0.0,0.0,5.68,-2.76,-5.35,5.68,-1.03,9.55,-1.95,47.68,101.5,-6.0,0,0,0,0.0,0.0,0.0
1787615784.158957,08:56:24.158,1618,60.11,27.45,1011.27,16.498,0.0,0.0,0.0,5.68,-2.76,-5.35,5.68,-1.03,9.55,-1.95,47.68,101.5,-6.0,0,0,0,0.0,0.0,0.0
1787615784.159179,08:56:24.159,1619,60.12,27.45,1011.27,16.498,0.0,0.0,0.0,5.68,-2.76,-5.35,5.68,-1.03,9.55,-1.95,47.68,101.5,-6.0,0,0,0,0.0,0.0,0.0
1787615784.159396,08:56:24.159,1620,60.13,27.45,1011.27,16.498,0.0,0.0,0.0,5.21,-13.81,-1.34,5.21,-1.01,9.56,-1.92,53.87,101.31,-5.93,0,0,0,0.0,0.0,0.0
1787615784.159598,08:56:24.159,1621,60.14,27.45,1011.27,16.498,0.0,0.0,0.0,5.21,-13.81,-1.34,5.21,-1.01,9.56,-1.92,53.87,101.31,-5.93,0,0,0,0.0,0.0,0.0
1787615784.260977,08:56:24.260,1622,60.15,27.45,1011.27,16.498,0.0,0.0,0.0,5.21,-13.81,-1.34,5.21,-1.01,9.56,-1.92,53.87,101.31,-5.93,0,0,0,0.0,0.0,0.0
1787615784.261257,08:56:24.261,1623,60.16,27.45,1011.27,16.498,0.0,0.0,0.0,5.21,-13.81,-1.34,5.21,-1.01,9.56,-1.92,53.87,101.31,-5.93,0,0,0,0.0,0.0,0.0
1787615784.261419,08:56:24.261,1624,60.17,27.42,1011.28,16.413,0.0,0.0,0.0,5.21,-13.81,-1.34,5.21,-1.01,9.56,-1.92,53.87,101.31,-5.93,0,0,0,0.0,0.0,0.0
1787615784.261575,08:56:24.261,1625,60.18,27.42,1011.28,16.413,0.0,0.0,0.0,5.21,-13.81,-1.34,5.21,-1.01,9.56,-1.92,53.87,101.31,-5.93,0,0,0,0.0,0.0,0.0
1787615784.261729,08:56:24.261,1626,60.19,27.42,1011.28,16.413,0.0,0.0,0.0,5.21,-13.81,-1.34,5.21,-1.01,9.56,-1.92,53.87,101.31,-5.93,0,0,0,0.0,0.0,0.0
1787615784.261884,08:56:24.261,1627,60.2,27.42,1011.28,16.413,0.0,0.0,0.0,5.21,-13.81,-1.34,5.21,-1.01,9.56,-1.92,53.87,101.31,-5.93,0,0,0,0.0,0.0,0.0
1787615784.262036,08:56:24.262,1628,60.21,27.42,1011.28,16.413,0.0,0.0,0.0,5.21,-13.81,-1.34,5.21,-1.01,9.56,-1.92,53.87,101.31,-5.93,0,0,0,0.0,0.0,0.0
1787615784.262189,08:56:24.262,1629,60.22,27.42,1011.28,16.413,0.0,0.0,0.0,5.21,-13.81,-1.34,5.21,-1.01,9.56,-1.92,53.87,101.31,-5.93,0,0,0,0.0,0.0,0.0
1787615784.262340,08:56:24.262,1630,60.23,27.42,1011.28,16.413,0.0,0.0,0.0,1.34,-1.72,4.44,1.34,-1.02,9.59,-1.75,61.43,100.31,-6.0,0,0,0,0.0,0.0,0.0
1787615784.262492,08:56:24.262,1631,60.24,27.42,1011.28,16.413,0.0,0.0,0.0,1.34,-1.72,4.44,1.34,-1.02,9.59,-1.75,61.43,100.31,-6.0,0,0,0,0.0,0.0,0.0
1787615784.376587,08:56:24.376,1632,60.25,27.42,1011.28,16.413,0.0,0.0,0.0,1.34,-1.72,4.44,1.34,-1.02,9.59,-1.75,61.43,100.31,-6.0,0,0,0,0.0,0.0,0.0
1787615784.376778,08:56:24.376,1633,60.26,27.42,1011.28,16.413,0.0,0.0,0.0,1.34,-1.72,4.44,1.34,-1.02,9.59,-1.75,61.43,100.31,-6.0,0,0,0,0.0,0.0,0.0
1787615784.376909,08:56:24.376,1634,60.27,27.42,1011.28,16.413,0.0,0.0,0.0,1.34,-1.72,4.44,1.34,-1.02,9.59,-1.75,61.43,100.31,-6.0,0,0,0,0.0,0.0,0.0
1787615784.377038,08:56:24.377,1635,60.28,27.42,1011.28,16.413,0.0,0.0,0.0,1.34,-1.72,4.44,1.34,-1.02,9.59,-1.75,61.43,100.31,-6.0,0,0,0,0.0,0.0,0.0
1787615784.377172,08:56:24.377,1636,60.29,27.42,1011.28,16.413,0.0,0.0,0.0,1.34,-1.72,4.44,1.34,-1.02,9.59,-1.75,61.43,100.31,-6.0,0,0,0,0.0,0.0,0.0
1787615784.377308,08:56:24.377,1637,60.3,27.42,1011.28,16.413,0.0,0.0,0.0,1.34,-1.72,4.44,1.34,-1.02,9.59,-1.75,61.43,100.31,-6.0,0,0,0,0.0,0.0,0.0
1787615784.377443,08:56:24.377,1638,60.31,27.42,1011.28,16.413,0.0,0.0,0.0,1.34,-1.72,4.44,1.34,-1.02,9.59,-1.75,61.43,100.31,-6.0,0,0,0,0.0,0.0,0.0
1787615784.377570,08:56:24.377,1639,60.32,27.42,1011.28,16.413,0.0,0.0,0.0,1.34,-1.72,4.44,1.34,-1.02,9.59,-1.75,61.43,100.31,-6.0,0,0,0,0.0,0.0,0.0
1787615784.377696,08:56:24.377,1640,60.33,27.42,1011.28,16.413,0.0,0.0,0.0,8.24,-17.47,-3.08,8.24,-0.95,9.64,-1.49,68.56,98.75,-5.56,0,0,0,0.0,0.0,0.0
1787615784.377830,08:56:24.377,1641,60.34,27.42,1011.28,16.413,0.0,0.0,0.0,8.24,-17.47,-3.08,8.24,-0.95,9.64,-1.49,68.56,98.75,-5.56,0,0,0,0.0,0.0,0.0
1787615784.377956,08:56:24.377,1642,60.35,27.42,1011.28,16.413,0.0,0.0,0.0,8.24,-17.47,-3.08,8.24,-0.95,9.64,-1.49,68.56,98.75,-5.56,0,0,0,0.0,0.0,0.0
1787615784.479086,08:56:24.479,1643,60.36,27.42,1011.28,16.413,0.0,0.0,0.0,8.24,-17.47,-3.08,8.24,-0.95,9.64,-1.49,68.56,98.75,-5.56,0,0,0,0.0,0.0,0.0
1787615784.479334,08:56:24.479,1644,60.37,27.4,1011.31,16.162,0.0,0.0,0.0,8.24,-17.47,-3.08,8.24,-0.95,9.64,-1.49,68.56,98.75,-5.56,0,0,0,0.0,0.0,0.0
1787615784.479482,08:56:24.479,1645,60.38,27.4,1011.31,16.162,0.0,0.0,0.0,8.24,-17.47,-3.08,8.24,-0.95,9.64,-1.49,68.56,98.75,-5.56,0,0,0,0.0,0.0,0.0
1787615784.479624,08:56:24.479,1646,60.39,27.4,1011.31,16.162,0.0,0.0,0.0,8.24,-17.47,-3.08,8.24,-0.95,9.64,-1.49,68.56,98.75,-5.56,0,0,0,0.0,0.0,0.0
1787615784.479765,08:56:24.479,1647,60.4,27.4,1011.31,16.162,0.0,0.0,0.0,8.24,-17.47,-3.08,8.24,-0.95,9.64,-1.49,68.56,98.75,-5.56,0,0,0,0.0,0.0,0.0
1787615784.479904,08:56:24.479,1648,60.41,27.4,1011.31,16.162,0.0,0.0,0.0,8.24,-17.47,-3.08,8.24,-0.95,9.64,-1.49,68.56,98.75,-5.56,0,0,0,0.0,0.0,0.0
1787615784.480041,08:56:24.480,1649,60.42,27.4,1011.31,16.162,0.0,0.0,0.0,8.24,-17.47,-3.08,8.24,-0.95,9.64,-1.49,68.56,98.75,-5.56,0,0,0,0.0,0.0,0.0
1787615784.480179,08:56:24.480,1650,60.43,27.4,1011.31,16.162,0.0,0.0,0.0,0.65,-14.12,3.3,0.65,-0.91,9.69,-1.12,75.5,96.56,-5.31,0,0,0,0.0,0.0,0.0
1787615784.480318,08:56:24.480,1651,60.44,27.4,1011.31,16.162,0.0,0.0,0.0,0.65,-14.12,3.3,0.65,-0.91,9.69,-1.12,75.5,96.56,-5.31,0,0,0,0.0,0.0,0.0
1787615784.480461,08:56:24.480,1652,60.45,27.4,1011.31,16.162,0.0,0.0,0.0,0.65,-14.12,3.3,0.65,-0.91,9.69,-1.12,75.5,96.56,-5.31,0,0,0,0.0,0.0,0.0
1787615784.581796,08:56:24.581,1653,60.46,27.4,1011.31,16.162,0.0,0.0,0.0,0.65,-14.12,3.3,0.65,-0.91,9.69,-1.12,75.5,96.56,-5.31,0,0,0,0.0,0.0,0.0
1787615784.582122,08:56:24.582,1654,60.47,27.4,1011.31,16.162,0.0,0.0,0.0,0.65,-14.12,3.3,0.65,-0.91,9.69,-1.12,75.5,96.56,-5.31,0,0,0,0.0,0.0,0.0
1787615784.582326,08:56:24.582,1655,60.48,27.4,1011.31,16.162,0.0,0.0,0.0,0.65,-14.12,3.3,0.65,-0.91,9.69,-1.12,75.5,96.56,-5.31,0,0,0,0.0,0.0,0.0
1787615784.582524,08:56:24.582,1656,60.49,27.4,1011.31,16.162,0.0,0.0,0.0,0.65,-14.12,3.3,0.65,-0.91,9.69,-1.12,75.5,96.56,-5.31,0,0,0,0.0,0.0,0.0
1787615784.582719,08:56:24.582,1657,60.5,27.4,1011.31,16.162,0.0,0.0,0.0,0.65,-14.12,3.3,0.65,-0.91,9.69,-1.12,75.5,96.56,-5.31,0,0,0,0.0,0.0,0.0
1787615784.582912,08:56:24.582,1658,60.51,27.4,1011.31,16.162,0.0,0.0,0.0,0.65,-14.12,3.3,0.65,-0.91,9.69,-1.12,75.5,96.56,-5.31,0,0,0,0.0,0.0,0.0
1787615784.583103,08:56:24.583,1659,60.52,27.4,1011.31,16.162,0.0,0.0,0.0,0.65,-14.12,3.3,0.65,-0.91,9.69,-1.12,75.5,96.56,-5.31,0,0,0,0.0,0.0,0.0
1787615784.583294,08:56:24.583,1660,60.53,27.4,1011.31,16.162,0.0,0.0,0.0,2.79,-15.36,-0.86,2.79,-0.71,9.76,-0.46,80.06,92.68,-4.18,0,0,0,0.0,0.0,0.0
1787615784.583526,08:56:24.583,1661,60.54,27.4,1011.31,16.162,0.0,0.0,0.0,2.79,-15.36,-0.86,2.79,-0.71,9.76,-0.46,80.06,92.68,-4.18,0,0,0,0.0,0.0,0.0
1787615784.583720,08:56:24.583,1662,60.55,27.4,1011.31,16.162,0.0,0.0,0.0,2.79,-15.36,-0.86,2.79,-0.71,9.76,-0.46,80.06,92.68,-4.18,0,0,0,0.0,0.0,0.0
1787615784.583909,08:56:24.583,1663,60.56,27.4,1011.31,16.162,0.0,0.0,0.0,2.79,-15.36,-0.86,2.79,-0.71,9.76,-0.46,80.06,92.68,-4.18,0,0,0,0.0,0.0,0.0
1787615784.684495,08:56:24.684,1664,60.57,27.37,1011.31,16.162,0.0,0.0,0.0,2.79,-15.36,-0.86,2.79,-0.71,9.76,-0.46,80.06,92.68,-4.18,0,0,0,0.0,0.0,0.0
1787615784.684827,08:56:24.684,1665,60.58,27.37,1011.31,16.162,0.0,0.0,0.0,2.79,-15.36,-0.86,2.79,-0.71,9.76,-0.46,80.06,92.68,-4.18,0,0,0,0.0,0.0,0.0
1787615784.685054,08:56:24.685,1666,60.59,27.37,1011.31,16.162,0.0,0.0,0.0,2.79,-15.36,-0.86,2.79,-0.71,9.76,-0.46,80.06,92.68,-4.18,0,0,0,0.0,0.0,0.0
1787615784.685275,08:56:24.685,1667,60.6,27.37,1011.31,16.162,0.0,0.0,0.0,2.79,-15.36,-0.86,2.79,-0.71,9.76,-0.46,80.06,92.68,-4.18,0,0,0,0.0,0.0,0.0
1787615784.685495,08:56:24.685,1668,60.61,27.37,1011.31,16.162,0.0,0.0,0.0,2.79,-15.36,-0.86,2.79,-0.71,9.76,-0.46,80.06,92.68,-4.18,0,0,0,0.0,0.0,0.0
1787615784.685713,08:56:24.685,1669,60.62,27.37,1011.31,16.162,0.0,0.0,0.0,2.79,-15.36,-0.86,2.79,-0.71,9.76,-0.46,80.06,92.68,-4.18,0,0,0,0.0,0.0,0.0
1787615784.685932,08:56:24.685,1670,60.63,27.37,1011.31,16.162,0.0,0.0,0.0,0.56,-2.27,-0.92,0.56,-0.55,9.78,0.45,84.56,87.31,-3.18,0,0,0,0.0,0.0,0.0
1787615784.686155,08:56:24.686,1671,60.64,27.37,1011.31,16.162,0.0,0.0,0.0,0.56,-2.27,-0.92,0.56,-0.55,9.78,0.45,84.56,87.31,-3.18,0,0,0,0.0,0.0,0.0
1787615784.686373,08:56:24.686,1672,60.65,27.37,1011.31,16.162,0.0,0.0,0.0,0.56,-2.27,-0.92,0.56,-0.55,9.78,0.45,84.56,87.31,-3.18,0,0,0,0.0,0.0,0.0
1787615784.686591,08:56:24.686,1673,60.66,27.37,1011.31,16.162,0.0,0.0,0.0,0.56,-2.27,-0.92,0.56,-0.55,9.78,0.45,84.56,87.31,-3.18,0,0,0,0.0,0.0,0.0
1787615784.787098,08:56:24.787,1674,60.67,27.37,1011.31,16.162,0.0,0.0,0.0,0.56,-2.27,-0.92,0.56,-0.55,9.78,0.45,84.56,87.31,-3.18,0,0,0,0.0,0.0,0.0
1787615784.787484,08:56:24.787,1675,60.68,27.37,1011.31,16.162,0.0,0.0,0.0,0.56,-2.27,-0.92,0.56,-0.55,9.78,0.45,84.56,87.31,-3.18,0,0,0,0.0,0.0,0.0
1787615784.787718,08:56:24.787,1676,60.69,27.37,1011.31,16.162,0.0,0.0,0.0,0.56,-2.27,-0.92,0.56,-0.55,9.78,0.45,84.56,87.31,-3.18,0,0,0,0.0,0.0,0.0
1787615784.787945,08:56:24.787,1677,60.7,27.37,1011.31,16.162,0.0,0.0,0.0,0.56,-2.27,-0.92,0.56,-0.55,9.78,0.45,84.56,87.31,-3.18,0,0,0,0.0,0.0,0.0
1787615784.788167,08:56:24.788,1678,60.71,27.37,1011.31,16.162,0.0,0.0,0.0,0.56,-2.27,-0.92,0.56,-0.55,9.78,0.45,84.56,87.31,-3.18,0,0,0,0.0,0.0,0.0
1787615784.788387,08:56:24.788,1679,60.72,27.37,1011.31,16.162,0.0,0.0,0.0,0.56,-2.27,-0.92,0.56,-0.55,9.78,0.45,84.56,87.31,-3.18,0,0,0,0.0,0.0,0.0
1787615784.788608,08:56:24.788,1680,60.73,27.37,1011.31,16.162,0.0,0.0,0.0,4.18,-4.37,-0.72,4.18,0.0,9.52,2.35,85.81,76.12,0.0,0,0,0,0.0,0.0,0.0
1787615784.788832,08:56:24.788,1681,60.74,27.37,1011.31,16.162,0.0,0.0,0.0,4.18,-4.37,-0.72,4.18,0.0,9.52,2.35,85.81,76.12,0.0,0,0,0,0.0,0.0,0.0
1787615784.789050,08:56:24.789,1682,60.75,27.37,1011.31,16.162,0.0,0.0,0.0,4.18,-4.37,-0.72,4.18,0.0,9.52,2.35,85.81,76.12,0.0,0,0,0,0.0,0.0,0.0
1787615784.789269,08:56:24.789,1683,60.76,27.37,1011.31,16.162,0.0,0.0,0.0,4.18,-4.37,-0.72,4.18,0.0,9.52,2.35,85.81,76.12,0.0,0,0,0,0.0,0.0,0.0
1787615784.789502,08:56:24.789,1684,60.77,27.36,1011.32,16.08,0.0,0.0,0.0,4.18,-4.37,-0.72,4.18,0.0,9.52,2.35,85.81,76.12,0.0,0,0,0,0.0,0.0,0.0
1787615784.890296,08:56:24.890,1685,60.78,27.36,1011.32,16.08,0.0,0.0,0.0,4.18,-4.37,-0.72,4.18,0.0,9.52,2.35,85.81,76.12,0.0,0,0,0,0.0,0.0,0.0
1787615784.890662,08:56:24.890,1686,60.79,27.36,1011.32,16.08,0.0,0.0,0.0,4.18,-4.37,-0.72,4.18,0.0,9.52,2.35,85.81,76.12,0.0,0,0,0,0.0,0.0,0.0
1787615784.890894,08:56:24.890,1687,60.8,27.36,1011.32,16.08,0.0,0.0,0.0,4.18,-4.37,-0.72,4.18,0.0,9.52,2.35,85.81,76.12,0.0,0,0,0,0.0,0.0,0.0
1787615784.891117,08:56:24.891,1688,60.81,27.36,1011.32,16.08,0.0,0.0,0.0,4.18,-4.37,-0.72,4.18,0.0,9.52,2.35,85.81,76.12,0.0,0,0,0,0.0,0.0,0.0
1787615784.891336,08:56:24.891,1689,60.82,27.36,1011.32,16.08,0.0,0.0,0.0,4.18,-4.37,-0.72,4.18,0.0,9.52,2.35,85.81,76.12,0.0,0,0,0,0.0,0.0,0.0
1787615784.891554,08:56:24.891,1690,60.83,27.36,1011.32,16.08,0.0,0.0,0.0,4.39,-6.26,0.29,4.39,0.71,8.39,5.01,86.62,59.12,4.12,0,0,0,0.0,0.0,0.0
1787615784.891773,08:56:24.891,1691,60.84,27.36,1011.32,16.08,0.0,0.0,0.0,4.39,-6.26,0.29,4.39,0.71,8.39,5.01,86.62,59.12,4.12,0,0,0,0.0,0.0,0.0
1787615784.892005,08:56:24.892,1692,60.85,27.36,1011.32,16.08,0.0,0.0,0.0,4.39,-6.26,0.29,4.39,0.71,8.39,5.01,86.62,59.12,4.12,0,0,0,0.0,0.0,0.0
1787615784.892222,08:56:24.892,1693,60.86,27.36,1011.32,16.08,0.0,0.0,0.0,4.39,-6.26,0.29,4.39,0.71,8.39,5.01,86.62,59.12,4.12,0,0,0,0.0,0.0,0.0
1787615784.892440,08:56:24.892,1694,60.87,27.36,1011.32,16.08,0.0,0.0,0.0,4.39,-6.26,0.29,4.39,0.71,8.39,5.01,86.62,59.12,4.12,0,0,0,0.0,0.0,0.0
1787615784.992940,08:56:24.992,1695,60.88,27.36,1011.32,16.08,0.0,0.0,0.0,4.39,-6.26,0.29,4.39,0.71,8.39,5.01,86.62,59.12,4.12,0,0,0,0.0,0.0,0.0
1787615784.993277,08:56:24.993,1696,60.89,27.36,1011.32,16.08,0.0,0.0,0.0,4.39,-6.26,0.29,4.39,0.71,8.39,5.01,86.62,59.12,4.12,0,0,0,0.0,0.0,0.0
1787615784.993502,08:56:24.993,1697,60.9,27.36,1011.32,16.08,0.0,0.0,0.0,4.39,-6.26,0.29,4.39,0.71,8.39,5.01,86.62,59.12,4.12,0,0,0,0.0,0.0,0.0
1787615784.993724,08:56:24.993,1698,60.91,27.36,1011.32,16.08,0.0,0.0,0.0,4.39,-6.26,0.29,4.39,0.71,8.39,5.01,86.62,59.12,4.12,0,0,0,0.0,0.0,0.0
1787615784.993942,08:56:24.993,1699,60.92,27.36,1011.32,16.08,0.0,0.0,0.0,4.39,-6.26,0.29,4.39,0.71,8.39,5.01,86.62,59.12,4.12,0,0,0,0.0,0.0,0.0
1787615784.994160,08:56:24.994,1700,60.93,27.36,1011.32,16.08,0.0,0.0,0.0,-2.52,-4.4,3.44,-2.52,1.73,5.53,7.9,87.06,37.56,9.68,0,0,0,0.0,0.0,0.0
1787615784.994379,08:56:24.994,1701,60.94,27.36,1011.32,16.08,0.0,0.0,0.0,-2.52,-4.4,3.44,-2.52,1.73,5.53,7.9,87.06,37.56,9.68,0,0,0,0.0,0.0,0.0
1787615784.994598,08:56:24.994,1702,60.95,27.36,1011.32,16.08,0.0,0.0,0.0,-2.52,-4.4,3.44,-2.52,1.73,5.53,7.9,87.06,37.56,9.68,0,0,0,0.0,0.0,0.0
1787615784.994813,08:56:24.994,1703,60.96,27.36,1011.32,16.08,0.0,0.0,0.0,-2.52,-4.4,3.44,-2.52,1.73,5.53,7.9,87.06,37.56,9.68,0,0,0,0.0,0.0,0.0
1787615784.995031,08:56:24.995,1704,60.97,27.38,1011.35,15.829,0.0,0.0,0.0,-2.52,-4.4,3.44,-2.52,1.73,5.53,7.9,87.06,37.56,9.68,0,0,0,0.0,0.0,0.0
1787615784.995332,08:56:24.995,1705,60.98,27.38,1011.35,15.829,0.0,0.0,0.0,-2.52,-4.4,3.44,-2.52,1.73,5.53,7.9,87.06,37.56,9.68,0,0,0,0.0,0.0,0.0
1787615785.096681,08:56:25.096,1706,60.99,27.38,1011.35,15.829,0.0,0.0,0.0,-2.52,-4.4,3.44,-2.52,1.73,5.53,7.9,87.06,37.56,9.68,0,0,0,0.0,0.0,0.0
1787615785.096947,08:56:25.096,1707,61.0,27.38,1011.35,15.829,0.0,0.0,0.0,-2.52,-4.4,3.44,-2.52,1.73,5.53,7.9,87.06,37.56,9.68,0,0,0,0.0,0.0,0.0
1787615785.097105,08:56:25.097,1708,61.01,27.38,1011.35,15.829,0.0,0.0,0.0,-2.52,-4.4,3.44,-2.52,1.73,5.53,7.9,87.06,37.56,9.68,0,0,0,0.0,0.0,0.0
1787615785.097259,08:56:25.097,1709,61.02,27.38,1011.35,15.829,0.0,0.0,0.0,-2.52,-4.4,3.44,-2.52,1.73,5.53,7.9,87.06,37.56,9.68,0,0,0,0.0,0.0,0.0
1787615785.097410,08:56:25.097,1710,61.03,27.38,1011.35,15.829,0.0,0.0,0.0,-1.25,-4.22,-0.18,-1.25,1.91,2.56,9.26,88.31,17.06,11.0,0,0,0,0.0,0.0,0.0
1787615785.097604,08:56:25.097,1711,61.04,27.38,1011.35,15.829,0.0,0.0,0.0,-1.25,-4.22,-0.18,-1.25,1.91,2.56,9.26,88.31,17.06,11.0,0,0,0,0.0,0.0,0.0
1787615785.097754,08:56:25.097,1712,61.05,27.38,1011.35,15.829,0.0,0.0,0.0,-1.25,-4.22,-0.18,-1.25,1.91,2.56,9.26,88.31,17.06,11.0,0,0,0,0.0,0.0,0.0
1787615785.097905,08:56:25.097,1713,61.06,27.38,1011.35,15.829,0.0,0.0,0.0,-1.25,-4.22,-0.18,-1.25,1.91,2.56,9.26,88.31,17.06,11.0,0,0,0,0.0,0.0,0.0
1787615785.199230,08:56:25.199,1714,61.07,27.38,1011.35,15.829,0.0,0.0,0.0,-1.25,-4.22,-0.18,-1.25,1.91,2.56,9.26,88.31,17.06,11.0,0,0,0,0.0,0.0,0.0
1787615785.199594,08:56:25.199,1715,61.08,27.38,1011.35,15.829,0.0,0.0,0.0,-1.25,-4.22,-0.18,-1.25,1.91,2.56,9.26,88.31,17.06,11.0,0,0,0,0.0,0.0,0.0
1787615785.199788,08:56:25.199,1716,61.09,27.38,1011.35,15.829,0.0,0.0,0.0,-1.25,-4.22,-0.18,-1.25,1.91,2.56,9.26,88.31,17.06,11.0,0,0,0,0.0,0.0,0.0
1787615785.199961,08:56:25.199,1717,61.1,27.38,1011.35,15.829,0.0,0.0,0.0,-1.25,-4.22,-0.18,-1.25,1.91,2.56,9.26,88.31,17.06,11.0,0,0,0,0.0,0.0,0.0
1787615785.200130,08:56:25.200,1718,61.11,27.38,1011.35,15.829,0.0,0.0,0.0,-1.25,-4.22,-0.18,-1.25,1.91,2.56,9.26,88.31,17.06,11.0,0,0,0,0.0,0.0,0.0
1787615785.200298,08:56:25.200,1719,61.12,27.38,1011.35,15.829,0.0,0.0,0.0,-1.25,-4.22,-0.18,-1.25,1.91,2.56,9.26,88.31,17.06,11.0,0,0,0,0.0,0.0,0.0
1787615785.200466,08:56:25.200,1720,61.13,27.38,1011.35,15.829,0.0,0.0,0.0,-0.06,-2.98,1.89,-0.06,1.9,0.43,9.6,85.75,3.56,11.25,0,0,0,0.0,0.0,0.0
1787615785.200635,08:56:25.200,1721,61.14,27.38,1011.35,15.829,0.0,0.0,0.0,-0.06,-2.98,1.89,-0.06,1.9,0.43,9.6,85.75,3.56,11.25,0,0,0,0.0,0.0,0.0
1787615785.200804,08:56:25.200,1722,61.15,27.38,1011.35,15.829,0.0,0.0,0.0,-0.06,-2.98,1.89,-0.06,1.9,0.43,9.6,85.75,3.56,11.25,0,0,0,0.0,0.0,0.0
1787615785.200971,08:56:25.200,1723,61.16,27.38,1011.35,15.829,0.0,0.0,0.0,-0.06,-2.98,1.89,-0.06,1.9,0.43,9.6,85.75,3.56,11.25,0,0,0,0.0,0.0,0.0
1787615785.302328,08:56:25.302,1724,61.17,27.37,1011.35,15.829,0.0,0.0,0.0,-0.06,-2.98,1.89,-0.06,1.9,0.43,9.6,85.75,3.56,11.25,0,0,0,0.0,0.0,0.0
1787615785.302655,08:56:25.302,1725,61.18,27.37,1011.35,15.829,0.0,0.0,0.0,-0.06,-2.98,1.89,-0.06,1.9,0.43,9.6,85.75,3.56,11.25,0,0,0,0.0,0.0,0.0
1787615785.302855,08:56:25.302,1726,61.19,27.37,1011.35,15.829,0.0,0.0,0.0,-0.06,-2.98,1.89,-0.06,1.9,0.43,9.6,85.75,3.56,11.25,0,0,0,0.0,0.0,0.0
1787615785.303048,08:56:25.303,1727,61.2,27.37,1011.35,15.829,0.0,0.0,0.0,-0.06,-2.98,1.89,-0.06,1.9,0.43,9.6,85.75,3.56,11.25,0,0,0,0.0,0.0,0.0
1787615785.303239,08:56:25.303,1728,61.21,27.37,1011.35,15.829,0.0,0.0,0.0,-0.06,-2.98,1.89,-0.06,1.9,0.43,9.6,85.75,3.56,11.25,0,0,0,0.0,0.0,0.0
1787615785.303430,08:56:25.303,1729,61.22,27.37,1011.35,15.829,0.0,0.0,0.0,-0.06,-2.98,1.89,-0.06,1.9,0.43,9.6,85.75,3.56,11.25,0,0,0,0.0,0.0,0.0
1787615785.303617,08:56:25.303,1730,61.23,27.37,1011.35,15.829,0.0,0.0,0.0,-3.05,-1.36,-6.41,-3.05,1.83,-1.31,9.54,83.12,-6.93,10.87,0,0,0,0.0,0.0,0.0
1787615785.303809,08:56:25.303,1731,61.24,27.37,1011.35,15.829,0.0,0.0,0.0,-3.05,-1.36,-6.41,-3.05,1.83,-1.31,9.54,83.12,-6.93,10.87,0,0,0,0.0,0.0,0.0
1787615785.303998,08:56:25.303,1732,61.25,27.37,1011.35,15.829,0.0,0.0,0.0,-3.05,-1.36,-6.41,-3.05,1.83,-1.31,9.54,83.12,-6.93,10.87,0,0,0,0.0,0.0,0.0
1787615785.304190,08:56:25.304,1733,61.26,27.37,1011.35,15.829,0.0,0.0,0.0,-3.05,-1.36,-6.41,-3.05,1.83,-1.31,9.54,83.12,-6.93,10.87,0,0,0,0.0,0.0,0.0
1787615785.304378,08:56:25.304,1734,61.27,27.37,1011.35,15.829,0.0,0.0,0.0,-3.05,-1.36,-6.41,-3.05,1.83,-1.31,9.54,83.12,-6.93,10.87,0,0,0,0.0,0.0,0.0
1787615785.304573,08:56:25.304,1735,61.28,27.37,1011.35,15.829,0.0,0.0,0.0,-3.05,-1.36,-6.41,-3.05,1.83,-1.31,9.54,83.12,-6.93,10.87,0,0,0,0.0,0.0,0.0
1787615785.405559,08:56:25.405,1736,61.29,27.37,1011.35,15.829,0.0,0.0,0.0,-3.05,-1.36,-6.41,-3.05,1.83,-1.31,9.54,83.12,-6.93,10.87,0,0,0,0.0,0.0,0.0
1787615785.405773,08:56:25.405,1737,61.3,27.37,1011.35,15.829,0.0,0.0,0.0,-3.05,-1.36,-6.41,-3.05,1.83,-1.31,9.54,83.12,-6.93,10.87,0,0,0,0.0,0.0,0.0
1787615785.405917,08:56:25.405,1738,61.31,27.37,1011.35,15.829,0.0,0.0,0.0,-3.05,-1.36,-6.41,-3.05,1.83,-1.31,9.54,83.12,-6.93,10.87,0,0,0,0.0,0.0,0.0
1787615785.406056,08:56:25.406,1739,61.32,27.37,1011.35,15.829,0.0,0.0,0.0,-3.05,-1.36,-6.41,-3.05,1.83,-1.31,9.54,83.12,-6.93,10.87,0,0,0,0.0,0.0,0.0
1787615785.406194,08:56:25.406,1740,61.33,27.37,1011.35,15.829,0.0,0.0,0.0,-0.5,-3.97,-2.1,-0.5,1.81,-1.66,9.49,81.93,-10.0,10.56,0,0,0,0.0,0.0,0.0
1787615785.406336,08:56:25.406,1741,61.34,27.37,1011.35,15.829,0.0,0.0,0.0,-0.5,-3.97,-2.1,-0.5,1.81,-1.66,9.49,81.93,-10.0,10.56,0,0,0,0.0,0.0,0.0
1787615785.406472,08:56:25.406,1742,61.35,27.37,1011.35,15.829,0.0,0.0,0.0,-0.5,-3.97,-2.1,-0.5,1.81,-1.66,9.49,81.93,-10.0,10.56,0,0,0,0.0,0.0,0.0
1787615785.406608,08:56:25.406,1743,61.36,27.37,1011.35,15.829,0.0,0.0,0.0,-0.5,-3.97,-2.1,-0.5,1.81,-1.66,9.49,81.93,-10.0,10.56,0,0,0,0.0,0.0,0.0
1787615785.507177,08:56:25.507,1744,61.37,27.37,1011.36,15.747,0.0,0.0,0.0,-0.5,-3.97,-2.1,-0.5,1.81,-1.66,9.49,81.93,-10.0,10.56,0,0,0,0.0,0.0,0.0
1787615785.507443,08:56:25.507,1745,61.38,27.37,1011.36,15.747,0.0,0.0,0.0,-0.5,-3.97,-2.1,-0.5,1.81,-1.66,9.49,81.93,-10.0,10.56,0,0,0,0.0,0.0,0.0
1787615785.507636,08:56:25.507,1746,61.39,27.37,1011.36,15.747,0.0,0.0,0.0,-0.5,-3.97,-2.1,-0.5,1.81,-1.66,9.49,81.93,-10.0,10.56,0,0,0,0.0,0.0,0.0
1787615785.507825,08:56:25.507,1747,61.4,27.37,1011.36,15.747,0.0,0.0,0.0,-0.5,-3.97,-2.1,-0.5,1.81,-1.66,9.49,81.93,-10.0,10.56,0,0,0,0.0,0.0,0.0
1787615785.508012,08:56:25.508,1748,61.41,27.37,1011.36,15.747,0.0,0.0,0.0,-0.5,-3.97,-2.1,-0.5,1.81,-1.66,9.49,81.93,-10.0,10.56,0,0,0,0.0,0.0,0.0
1787615785.508200,08:56:25.508,1749,61.42,27.37,1011.36,15.747,0.0,0.0,0.0,-0.5,-3.97,-2.1,-0.5,1.81,-1.66,9.49,81.93,-10.0,10.56,0,0,0,0.0,0.0,0.0
1787615785.508389,08:56:25.508,1750,61.43,27.37,1011.36,15.747,0.0,0.0,0.0,-1.59,-0.46,0.21,-1.59,1.89,-1.13,9.55,82.56,-7.18,11.12,0,0,0,0.0,0.0,0.0
1787615785.508578,08:56:25.508,1751,61.44,27.37,1011.36,15.747,0.0,0.0,0.0,-1.59,-0.46,0.21,-1.59,1.89,-1.13,9.55,82.56,-7.18,11.12,0,0,0,0.0,0.0,0.0
1787615785.508765,08:56:25.508,1752,61.45,27.37,1011.36,15.747,0.0,0.0,0.0,-1.59,-0.46,0.21,-1.59,1.89,-1.13,9.55,82.56,-7.18,11.12,0,0,0,0.0,0.0,0.0
1787615785.508952,08:56:25.508,1753,61.46,27.37,1011.36,15.747,0.0,0.0,0.0,-1.59,-0.46,0.21,-1.59,1.89,-1.13,9.55,82.56,-7.18,11.12,0,0,0,0.0,0.0,0.0
1787615785.509138,08:56:25.509,1754,61.47,27.37,1011.36,15.747,0.0,0.0,0.0,-1.59,-0.46,0.21,-1.59,1.89,-1.13,9.55,82.56,-7.18,11.12,0,0,0,0.0,0.0,0.0
1787615785.509324,08:56:25.509,1755,61.48,27.37,1011.36,15.747,0.0,0.0,0.0,-1.59,-0.46,0.21,-1.59,1.89,-1.13,9.55,82.56,-7.18,11.12,0,0,0,0.0,0.0,0.0
1787615785.509512,08:56:25.509,1756,61.49,27.37,1011.36,15.747,0.0,0.0,0.0,-1.59,-0.46,0.21,-1.59,1.89,-1.13,9.55,82.56,-7.18,11.12,0,0,0,0.0,0.0,0.0
1787615785.610623,08:56:25.610,1757,61.5,27.37,1011.36,15.747,0.0,0.0,0.0,-1.59,-0.46,0.21,-1.59,1.89,-1.13,9.55,82.56,-7.18,11.12,0,0,0,0.0,0.0,0.0
1787615785.611035,08:56:25.611,1758,61.51,27.37,1011.36,15.747,0.0,0.0,0.0,-1.59,-0.46,0.21,-1.59,1.89,-1.13,9.55,82.56,-7.18,11.12,0,0,0,0.0,0.0,0.0
1787615785.611278,08:56:25.611,1759,61.52,27.37,1011.36,15.747,0.0,0.0,0.0,-1.59,-0.46,0.21,-1.59,1.89,-1.13,9.55,82.56,-7.18,11.12,0,0,0,0.0,0.0,0.0
1787615785.611510,08:56:25.611,1760,61.53,27.37,1011.36,15.747,0.0,0.0,0.0,-0.19,-0.37,1.28,-0.19,1.88,-0.53,9.6,83.25,-3.12,11.06,0,0,0,0.0,0.0,0.0
1787615785.611797,08:56:25.611,1761,61.54,27.37,1011.36,15.747,0.0,0.0,0.0,-0.19,-0.37,1.28,-0.19,1.88,-0.53,9.6,83.25,-3.12,11.06,0,0,0,0.0,0.0,0.0
1787615785.612022,08:56:25.612,1762,61.55,27.37,1011.36,15.747,0.0,0.0,0.0,-0.19,-0.37,1.28,-0.19,1.88,-0.53,9.6,83.25,-3.12,11.06,0,0,0,0.0,0.0,0.0
1787615785.612247,08:56:25.612,1763,61.56,27.37,1011.36,15.747,0.0,0.0,0.0,-0.19,-0.37,1.28,-0.19,1.88,-0.53,9.6,83.25,-3.12,11.06,0,0,0,0.0,0.0,0.0
1787615785.612471,08:56:25.612,1764,61.57,27.37,1011.36,15.747,0.0,0.0,0.0,-0.19,-0.37,1.28,-0.19,1.88,-0.53,9.6,83.25,-3.12,11.06,0,0,0,0.0,0.0,0.0
1787615785.612693,08:56:25.612,1765,61.58,27.37,1011.36,15.747,0.0,0.0,0.0,-0.19,-0.37,1.28,-0.19,1.88,-0.53,9.6,83.25,-3.12,11.06,0,0,0,0.0,0.0,0.0
1787615785.612913,08:56:25.612,1766,61.59,27.37,1011.36,15.747,0.0,0.0,0.0,-0.19,-0.37,1.28,-0.19,1.88,-0.53,9.6,83.25,-3.12,11.06,0,0,0,0.0,0.0,0.0
1787615785.613136,08:56:25.613,1767,61.6,27.37,1011.36,15.747,0.0,0.0,0.0,-0.19,-0.37,1.28,-0.19,1.88,-0.53,9.6,83.25,-3.12,11.06,0,0,0,0.0,0.0,0.0
1787615785.714697,08:56:25.714,1768,61.61,27.37,1011.36,15.747,0.0,0.0,0.0,-0.19,-0.37,1.28,-0.19,1.88,-0.53,9.6,83.25,-3.12,11.06,0,0,0,0.0,0.0,0.0
1787615785.716114,08:56:25.716,1769,61.62,27.37,1011.36,15.747,0.0,0.0,0.0,-0.19,-0.37,1.28,-0.19,1.88,-0.53,9.6,83.25,-3.12,11.06,0,0,0,0.0,0.0,0.0
1787615785.716706,08:56:25.716,1770,61.63,27.37,1011.36,15.747,0.0,0.0,0.0,0.05,-0.57,-0.6,0.05,1.85,-0.1,9.62,40.43,-0.62,10.87,0,0,0,0.0,0.0,0.0
1787615785.717137,08:56:25.717,1771,61.64,27.37,1011.36,15.747,0.0,0.0,0.0,0.05,-0.57,-0.6,0.05,1.85,-0.1,9.62,40.43,-0.62,10.87,0,0,0,0.0,0.0,0.0
1787615785.717545,08:56:25.717,1772,61.65,27.37,1011.36,15.747,0.0,0.0,0.0,0.05,-0.57,-0.6,0.05,1.85,-0.1,9.62,40.43,-0.62,10.87,0,0,0,0.0,0.0,0.0
1787615785.717954,08:56:25.717,1773,61.66,27.37,1011.36,15.747,0.0,0.0,0.0,0.05,-0.57,-0.6,0.05,1.85,-0.1,9.62,40.43,-0.62,10.87,0,0,0,0.0,0.0,0.0
1787615785.718375,08:56:25.718,1774,61.67,27.37,1011.36,15.747,0.0,0.0,0.0,0.05,-0.57,-0.6,0.05,1.85,-0.1,9.62,40.43,-0.62,10.87,0,0,0,0.0,0.0,0.0
1787615785.819957,08:56:25.819,1775,61.68,27.37,1011.36,15.747,0.0,0.0,0.0,0.05,-0.57,-0.6,0.05,1.85,-0.1,9.62,40.43,-0.62,10.87,0,0,0,0.0,0.0,0.0
1787615785.820223,08:56:25.820,1776,61.69,27.37,1011.36,15.747,0.0,0.0,0.0,0.05,-0.57,-0.6,0.05,1.85,-0.1,9.62,40.43,-0.62,10.87,0,0,0,0.0,0.0,0.0
1787615785.820372,08:56:25.820,1777,61.7,27.37,1011.36,15.747,0.0,0.0,0.0,0.05,-0.57,-0.6,0.05,1.85,-0.1,9.62,40.43,-0.62,10.87,0,0,0,0.0,0.0,0.0
1787615785.820519,08:56:25.820,1778,61.71,27.37,1011.36,15.747,0.0,0.0,0.0,0.05,-0.57,-0.6,0.05,1.85,-0.1,9.62,40.43,-0.62,10.87,0,0,0,0.0,0.0,0.0
1787615785.820663,08:56:25.820,1779,61.72,27.37,1011.36,15.747,0.0,0.0,0.0,0.05,-0.57,-0.6,0.05,1.85,-0.1,9.62,40.43,-0.62,10.87,0,0,0,0.0,0.0,0.0
1787615785.820803,08:56:25.820,1780,61.73,27.37,1011.36,15.747,0.0,0.0,0.0,-0.84,-0.63,0.5,-0.84,1.87,0.05,9.62,40.62,0.25,11.0,0,0,0,0.0,0.0,0.0
1787615785.820949,08:56:25.820,1781,61.74,27.37,1011.36,15.747,0.0,0.0,0.0,-0.84,-0.63,0.5,-0.84,1.87,0.05,9.62,40.62,0.25,11.0,0,0,0,0.0,0.0,0.0
1787615785.821089,08:56:25.821,1782,61.75,27.37,1011.36,15.747,0.0,0.0,0.0,-0.84,-0.63,0.5,-0.84,1.87,0.05,9.62,40.62,0.25,11.0,0,0,0,0.0,0.0,0.0
1787615785.821230,08:56:25.821,1783,61.76,27.37,1011.36,15.747,0.0,0.0,0.0,-0.84,-0.63,0.5,-0.84,1.87,0.05,9.62,40.62,0.25,11.0,0,0,0,0.0,0.0,0.0
1787615785.821368,08:56:25.821,1784,61.77,27.37,1011.37,15.663,0.0,0.0,0.0,-0.84,-0.63,0.5,-0.84,1.87,0.05,9.62,40.62,0.25,11.0,0,0,0,0.0,0.0,0.0
1787615785.821509,08:56:25.821,1785,61.78,27.37,1011.37,15.663,0.0,0.0,0.0,-0.84,-0.63,0.5,-0.84,1.87,0.05,9.62,40.62,0.25,11.0,0,0,0,0.0,0.0,0.0
1787615785.821650,08:56:25.821,1786,61.79,27.37,1011.37,15.663,0.0,0.0,0.0,-0.84,-0.63,0.5,-0.84,1.87,0.05,9.62,40.62,0.25,11.0,0,0,0,0.0,0.0,0.0
1787615785.821788,08:56:25.821,1787,61.8,27.37,1011.37,15.663,0.0,0.0,0.0,-0.84,-0.63,0.5,-0.84,1.87,0.05,9.62,40.62,0.25,11.0,0,0,0,0.0,0.0,0.0
1787615785.821927,08:56:25.821,1788,61.81,27.37,1011.37,15.663,0.0,0.0,0.0,-0.84,-0.63,0.5,-0.84,1.87,0.05,9.62,40.62,0.25,11.0,0,0,0,0.0,0.0,0.0
1787615785.923279,08:56:25.923,1789,61.82,27.37,1011.37,15.663,0.0,0.0,0.0,-0.84,-0.63,0.5,-0.84,1.87,0.05,9.62,40.62,0.25,11.0,0,0,0,0.0,0.0,0.0
1787615785.923541,08:56:25.923,1790,61.83,27.37,1011.37,15.663,0.0,0.0,0.0,-0.23,-0.62,-0.2,-0.23,1.86,-0.03,9.62,40.62,-0.12,10.93,0,0,0,0.0,0.0,0.0
1787615785.923689,08:56:25.923,1791,61.84,27.37,1011.37,15.663,0.0,0.0,0.0,-0.23,-0.62,-0.2,-0.23,1.86,-0.03,9.62,40.62,-0.12,10.93,0,0,0,0.0,0.0,0.0
1787615785.923832,08:56:25.923,1792,61.85,27.37,1011.37,15.663,0.0,0.0,0.0,-0.23,-0.62,-0.2,-0.23,1.86,-0.03,9.62,40.62,-0.12,10.93,0,0,0,0.0,0.0,0.0
1787615785.923974,08:56:25.923,1793,61.86,27.37,1011.37,15.663,0.0,0.0,0.0,-0.23,-0.62,-0.2,-0.23,1.86,-0.03,9.62,40.62,-0.12,10.93,0,0,0,0.0,0.0,0.0
1787615785.924118,08:56:25.924,1794,61.87,27.37,1011.37,15.663,0.0,0.0,0.0,-0.23,-0.62,-0.2,-0.23,1.86,-0.03,9.62,40.62,-0.12,10.93,0,0,0,0.0,0.0,0.0
1787615785.924268,08:56:25.924,1795,61.88,27.37,1011.37,15.663,0.0,0.0,0.0,-0.23,-0.62,-0.2,-0.23,1.86,-0.03,9.62,40.62,-0.12,10.93,0,0,0,0.0,0.0,0.0
1787615785.924410,08:56:25.924,1796,61.89,27.37,1011.37,15.663,0.0,0.0,0.0,-0.23,-0.62,-0.2,-0.23,1.86,-0.03,9.62,40.62,-0.12,10.93,0,0,0,0.0,0.0,0.0
1787615786.025709,08:56:26.025,1797,61.9,27.37,1011.37,15.663,0.0,0.0,0.0,-0.23,-0.62,-0.2,-0.23,1.86,-0.03,9.62,40.62,-0.12,10.93,0,0,0,0.0,0.0,0.0
1787615786.026026,08:56:26.026,1798,61.91,27.37,1011.37,15.663,0.0,0.0,0.0,-0.23,-0.62,-0.2,-0.23,1.86,-0.03,9.62,40.62,-0.12,10.93,0,0,0,0.0,0.0,0.0
1787615786.026230,08:56:26.026,1799,61.92,27.37,1011.37,15.663,0.0,0.0,0.0,-0.23,-0.62,-0.2,-0.23,1.86,-0.03,9.62,40.62,-0.12,10.93,0,0,0,0.0,0.0,0.0
1787615786.026427,08:56:26.026,1800,61.93,27.37,1011.37,15.663,0.0,0.0,0.0,-0.36,-0.45,0.21,-0.36,1.82,-0.25,9.63,40.62,-1.5,10.68,0,0,0,0.0,0.0,0.0
1787615786.026624,08:56:26.026,1801,61.94,27.37,1011.37,15.663,0.0,0.0,0.0,-0.36,-0.45,0.21,-0.36,1.82,-0.25,9.63,40.62,-1.5,10.68,0,0,0,0.0,0.0,0.0
1787615786.026821,08:56:26.026,1802,61.95,27.37,1011.37,15.663,0.0,0.0,0.0,-0.36,-0.45,0.21,-0.36,1.82,-0.25,9.63,40.62,-1.5,10.68,0,0,0,0.0,0.0,0.0
1787615786.027012,08:56:26.027,1803,61.96,27.37,1011.37,15.663,0.0,0.0,0.0,-0.36,-0.45,0.21,-0.36,1.82,-0.25,9.63,40.62,-1.5,10.68,0,0,0,0.0,0.0,0.0
1787615786.027217,08:56:26.027,1804,61.97,27.36,1011.37,15.663,0.0,0.0,0.0,-0.36,-0.45,0.21,-0.36,1.82,-0.25,9.63,40.62,-1.5,10.68,0,0,0,0.0,0.0,0.0
1787615786.027513,08:56:26.027,1805,61.98,27.36,1011.37,15.663,0.0,0.0,0.0,-0.36,-0.45,0.21,-0.36,1.82,-0.25,9.63,40.62,-1.5,10.68,0,0,0,0.0,0.0,0.0
1787615786.027736,08:56:26.027,1806,61.99,27.36,1011.37,15.663,0.0,0.0,0.0,-0.36,-0.45,0.21,-0.36,1.82,-0.25,9.63,40.62,-1.5,10.68,0,0,0,0.0,0.0,0.0
1787615786.027935,08:56:26.027,1807,62.0,27.36,1011.37,15.663,0.0,0.0,0.0,-0.36,-0.45,0.21,-0.36,1.82,-0.25,9.63,40.62,-1.5,10.68,0,0,0,0.0,0.0,0.0
1787615786.028131,08:56:26.028,1808,62.01,27.36,1011.37,15.663,0.0,0.0,0.0,-0.36,-0.45,0.21,-0.36,1.82,-0.25,9.63,40.62,-1.5,10.68,0,0,0,0.0,0.0,0.0
1787615786.028320,08:56:26.028,1809,62.02,27.36,1011.37,15.663,0.0,0.0,0.0,-0.36,-0.45,0.21,-0.36,1.82,-0.25,9.63,40.62,-1.5,10.68,0,0,0,0.0,0.0,0.0
1787615786.129852,08:56:26.129,1810,62.03,27.36,1011.37,15.663,0.0,0.0,0.0,-0.14,-0.61,-0.85,-0.14,1.8,-0.6,9.62,40.56,-3.56,10.56,0,0,0,0.0,0.0,0.0
1787615786.130263,08:56:26.130,1811,62.04,27.36,1011.37,15.663,0.0,0.0,0.0,-0.14,-0.61,-0.85,-0.14,1.8,-0.6,9.62,40.56,-3.56,10.56,0,0,0,0.0,0.0,0.0
1787615786.130500,08:56:26.130,1812,62.05,27.36,1011.37,15.663,0.0,0.0,0.0,-0.14,-0.61,-0.85,-0.14,1.8,-0.6,9.62,40.56,-3.56,10.56,0,0,0,0.0,0.0,0.0
1787615786.130725,08:56:26.130,1813,62.06,27.36,1011.37,15.663,0.0,0.0,0.0,-0.14,-0.61,-0.85,-0.14,1.8,-0.6,9.62,40.56,-3.56,10.56,0,0,0,0.0,0.0,0.0
1787615786.130945,08:56:26.130,1814,62.07,27.36,1011.37,15.663,0.0,0.0,0.0,-0.14,-0.61,-0.85,-0.14,1.8,-0.6,9.62,40.56,-3.56,10.56,0,0,0,0.0,0.0,0.0
1787615786.131163,08:56:26.131,1815,62.08,27.36,1011.37,15.663,0.0,0.0,0.0,-0.14,-0.61,-0.85,-0.14,1.8,-0.6,9.62,40.56,-3.56,10.56,0,0,0,0.0,0.0,0.0
1787615786.131380,08:56:26.131,1816,62.09,27.36,1011.37,15.663,0.0,0.0,0.0,-0.14,-0.61,-0.85,-0.14,1.8,-0.6,9.62,40.56,-3.56,10.56,0,0,0,0.0,0.0,0.0
1787615786.232468,08:56:26.232,1817,62.1,27.36,1011.37,15.663,0.0,0.0,0.0,-0.14,-0.61,-0.85,-0.14,1.8,-0.6,9.62,40.56,-3.56,10.56,0,0,0,0.0,0.0,0.0
1787615786.232913,08:56:26.232,1818,62.11,27.36,1011.37,15.663,0.0,0.0,0.0,-0.14,-0.61,-0.85,-0.14,1.8,-0.6,9.62,40.56,-3.56,10.56,0,0,0,0.0,0.0,0.0
1787615786.233169,08:56:26.233,1819,62.12,27.36,1011.37,15.663,0.0,0.0,0.0,-0.14,-0.61,-0.85,-0.14,1.8,-0.6,9.62,40.56,-3.56,10.56,0,0,0,0.0,0.0,0.0
1787615786.233395,08:56:26.233,1820,62.13,27.36,1011.37,15.663,0.0,0.0,0.0,-0.51,-0.48,-0.21,-0.51,1.79,-0.74,9.61,40.62,-4.43,10.5,0,0,0,0.0,0.0,0.0
1787615786.233621,08:56:26.233,1821,62.14,27.36,1011.37,15.663,0.0,0.0,0.0,-0.51,-0.48,-0.21,-0.51,1.79,-0.74,9.61,40.62,-4.43,10.5,0,0,0,0.0,0.0,0.0
1787615786.233844,08:56:26.233,1822,62.15,27.36,1011.37,15.663,0.0,0.0,0.0,-0.51,-0.48,-0.21,-0.51,1.79,-0.74,9.61,40.62,-4.43,10.5,0,0,0,0.0,0.0,0.0
1787615786.234065,08:56:26.234,1823,62.16,27.36,1011.37,15.663,0.0,0.0,0.0,-0.51,-0.48,-0.21,-0.51,1.79,-0.74,9.61,40.62,-4.43,10.5,0,0,0,0.0,0.0,0.0
1787615786.234289,08:56:26.234,1824,62.17,27.35,1011.35,15.829,0.0,0.0,0.0,-0.51,-0.48,-0.21,-0.51,1.79,-0.74,9.61,40.62,-4.43,10.5,0,0,0,0.0,0.0,0.0
1787615786.234509,08:56:26.234,1825,62.18,27.35,1011.35,15.829,0.0,0.0,0.0,-0.51,-0.48,-0.21,-0.51,1.79,-0.74,9.61,40.62,-4.43,10.5,0,0,0,0.0,0.0,0.0
1787615786.336076,08:56:26.336,1826,62.19,27.35,1011.35,15.829,0.0,0.0,0.0,-0.51,-0.48,-0.21,-0.51,1.79,-0.74,9.61,40.62,-4.43,10.5,0,0,0,0.0,0.0,0.0
1787615786.337517,08:56:26.337,1827,62.2,27.35,1011.35,15.829,0.0,0.0,0.0,-0.51,-0.48,-0.21,-0.51,1.79,-0.74,9.61,40.62,-4.43,10.5,0,0,0,0.0,0.0,0.0
1787615786.338213,08:56:26.338,1828,62.21,27.35,1011.35,15.829,0.0,0.0,0.0,-0.51,-0.48,-0.21,-0.51,1.79,-0.74,9.61,40.62,-4.43,10.5,0,0,0,0.0,0.0,0.0
1787615786.338920,08:56:26.338,1829,62.22,27.35,1011.35,15.829,0.0,0.0,0.0,-0.51,-0.48,-0.21,-0.51,1.79,-0.74,9.61,40.62,-4.43,10.5,0,0,0,0.0,0.0,0.0
1787615786.339655,08:56:26.339,1830,62.23,27.35,1011.35,15.829,0.0,0.0,0.0,-0.2,-0.5,-0.2,-0.2,1.76,-0.69,9.62,40.68,-4.12,10.37,0,0,0,0.0,0.0,0.0
1787615786.340342,08:56:26.340,1831,62.24,27.35,1011.35,15.829,0.0,0.0,0.0,-0.2,-0.5,-0.2,-0.2,1.76,-0.69,9.62,40.68,-4.12,10.37,0,0,0,0.0,0.0,0.0
1787615786.341030,08:56:26.341,1832,62.25,27.35,1011.35,15.829,0.0,0.0,0.0,-0.2,-0.5,-0.2,-0.2,1.76,-0.69,9.62,40.68,-4.12,10.37,0,0,0,0.0,0.0,0.0
1787615786.341587,08:56:26.341,1833,62.26,27.35,1011.35,15.829,0.0,0.0,0.0,-0.2,-0.5,-0.2,-0.2,1.76,-0.69,9.62,40.68,-4.12,10.37,0,0,0,0.0,0.0,0.0
1787615786.341910,08:56:26.341,1834,62.27,27.35,1011.35,15.829,0.0,0.0,0.0,-0.2,-0.5,-0.2,-0.2,1.76,-0.69,9.62,40.68,-4.12,10.37,0,0,0,0.0,0.0,0.0
1787615786.342202,08:56:26.342,1835,62.28,27.35,1011.35,15.829,0.0,0.0,0.0,-0.2,-0.5,-0.2,-0.2,1.76,-0.69,9.62,40.68,-4.12,10.37,0,0,0,0.0,0.0,0.0
1787615786.342497,08:56:26.342,1836,62.29,27.35,1011.35,15.829,0.0,0.0,0.0,-0.2,-0.5,-0.2,-0.2,1.76,-0.69,9.62,40.68,-4.12,10.37,0,0,0,0.0,0.0,0.0
1787615786.342784,08:56:26.342,1837,62.3,27.35,1011.35,15.829,0.0,0.0,0.0,-0.2,-0.5,-0.2,-0.2,1.76,-0.69,9.62,40.68,-4.12,10.37,0,0,0,0.0,0.0,0.0
1787615786.343069,08:56:26.343,1838,62.31,27.35,1011.35,15.829,0.0,0.0,0.0,-0.2,-0.5,-0.2,-0.2,1.76,-0.69,9.62,40.68,-4.12,10.37,0,0,0,0.0,0.0,0.0
1787615786.343361,08:56:26.343,1839,62.32,27.35,1011.35,15.829,0.0,0.0,0.0,-0.2,-0.5,-0.2,-0.2,1.76,-0.69,9.62,40.68,-4.12,10.37,0,0,0,0.0,0.0,0.0
1787615786.444265,08:56:26.444,1840,62.33,27.35,1011.35,15.829,0.0,0.0,0.0,-0.13,-0.4,0.0,-0.13,1.74,-0.55,9.63,40.81,-3.25,10.18,0,0,0,0.0,0.0,0.0
1787615786.445713,08:56:26.445,1841,62.34,27.35,1011.35,15.829,0.0,0.0,0.0,-0.13,-0.4,0.0,-0.13,1.74,-0.55,9.63,40.81,-3.25,10.18,0,0,0,0.0,0.0,0.0
1787615786.446824,08:56:26.446,1842,62.35,27.35,1011.35,15.829,0.0,0.0,0.0,-0.13,-0.4,0.0,-0.13,1.74,-0.55,9.63,40.81,-3.25,10.18,0,0,0,0.0,0.0,0.0
1787615786.447556,08:56:26.447,1843,62.36,27.35,1011.35,15.829,0.0,0.0,0.0,-0.13,-0.4,0.0,-0.13,1.74,-0.55,9.63,40.81,-3.25,10.18,0,0,0,0.0,0.0,0.0
1787615786.448116,08:56:26.448,1844,62.37,27.35,1011.36,15.747,0.0,0.0,0.0,-0.13,-0.4,0.0,-0.13,1.74,-0.55,9.63,40.81,-3.25,10.18,0,0,0,0.0,0.0,0.0
1787615786.448495,08:56:26.448,1845,62.38,27.35,1011.36,15.747,0.0,0.0,0.0,-0.13,-0.4,0.0,-0.13,1.74,-0.55,9.63,40.81,-3.25,10.18,0,0,0,0.0,0.0,0.0
1787615786.448872,08:56:26.448,1846,62.39,27.35,1011.36,15.747,0.0,0.0,0.0,-0.13,-0.4,0.0,-0.13,1.74,-0.55,9.63,40.81,-3.25,10.18,0,0,0,0.0,0.0,0.0
1787615786.449256,08:56:26.449,1847,62.4,27.35,1011.36,15.747,0.0,0.0,0.0,-0.13,-0.4,0.0,-0.13,1.74,-0.55,9.63,40.81,-3.25,10.18,0,0,0,0.0,0.0,0.0
1787615786.449663,08:56:26.449,1848,62.41,27.35,1011.36,15.747,0.0,0.0,0.0,-0.13,-0.4,0.0,-0.13,1.74,-0.55,9.63,40.81,-3.25,10.18,0,0,0,0.0,0.0,0.0
1787615786.450035,08:56:26.450,1849,62.42,27.35,1011.36,15.747,0.0,0.0,0.0,-0.13,-0.4,0.0,-0.13,1.74,-0.55,9.63,40.81,-3.25,10.18,0,0,0,0.0,0.0,0.0
1787615786.450366,08:56:26.450,1850,62.43,27.35,1011.36,15.747,0.0,0.0,0.0,-0.25,-0.45,-0.07,-0.25,1.68,-0.49,9.64,40.87,-2.93,9.87,0,0,0,0.0,0.0,0.0
1787615786.450700,08:56:26.450,1851,62.44,27.35,1011.36,15.747,0.0,0.0,0.0,-0.25,-0.45,-0.07,-0.25,1.68,-0.49,9.64,40.87,-2.93,9.87,0,0,0,0.0,0.0,0.0
1787615786.552244,08:56:26.552,1852,62.45,27.35,1011.36,15.747,0.0,0.0,0.0,-0.25,-0.45,-0.07,-0.25,1.68,-0.49,9.64,40.87,-2.93,9.87,0,0,0,0.0,0.0,0.0
1787615786.552704,08:56:26.552,1853,62.46,27.35,1011.36,15.747,0.0,0.0,0.0,-0.25,-0.45,-0.07,-0.25,1.68,-0.49,9.64,40.87,-2.93,9.87,0,0,0,0.0,0.0,0.0
1787615786.552943,08:56:26.552,1854,62.47,27.35,1011.36,15.747,0.0,0.0,0.0,-0.25,-0.45,-0.07,-0.25,1.68,-0.49,9.64,40.87,-2.93,9.87,0,0,0,0.0,0.0,0.0
1787615786.553172,08:56:26.553,1855,62.48,27.35,1011.36,15.747,0.0,0.0,0.0,-0.25,-0.45,-0.07,-0.25,1.68,-0.49,9.64,40.87,-2.93,9.87,0,0,0,0.0,0.0,0.0
1787615786.553399,08:56:26.553,1856,62.49,27.35,1011.36,15.747,0.0,0.0,0.0,-0.25,-0.45,-0.07,-0.25,1.68,-0.49,9.64,40.87,-2.93,9.87,0,0,0,0.0,0.0,0.0
1787615786.553626,08:56:26.553,1857,62.5,27.35,1011.36,15.747,0.0,0.0,0.0,-0.25,-0.45,-0.07,-0.25,1.68,-0.49,9.64,40.87,-2.93,9.87,0,0,0,0.0,0.0,0.0
1787615786.553849,08:56:26.553,1858,62.51,27.35,1011.36,15.747,0.0,0.0,0.0,-0.25,-0.45,-0.07,-0.25,1.68,-0.49,9.64,40.87,-2.93,9.87,0,0,0,0.0,0.0,0.0
1787615786.554083,08:56:26.554,1859,62.52,27.35,1011.36,15.747,0.0,0.0,0.0,-0.25,-0.45,-0.07,-0.25,1.68,-0.49,9.64,40.87,-2.93,9.87,0,0,0,0.0,0.0,0.0
1787615786.554303,08:56:26.554,1860,62.53,27.35,1011.36,15.747,0.0,0.0,0.0,-0.16,-0.44,-0.07,-0.16,1.64,-0.53,9.65,40.87,-3.12,9.62,0,0,0,0.0,0.0,0.0
1787615786.655910,08:56:26.655,1861,62.54,27.35,1011.36,15.747,0.0,0.0,0.0,-0.16,-0.44,-0.07,-0.16,1.64,-0.53,9.65,40.87,-3.12,9.62,0,0,0,0.0,0.0,0.0
1787615786.657578,08:56:26.657,1862,62.55,27.35,1011.36,15.747,0.0,0.0,0.0,-0.16,-0.44,-0.07,-0.16,1.64,-0.53,9.65,40.87,-3.12,9.62,0,0,0,0.0,0.0,0.0
1787615786.658274,08:56:26.658,1863,62.56,27.35,1011.36,15.747,0.0,0.0,0.0,-0.16,-0.44,-0.07,-0.16,1.64,-0.53,9.65,40.87,-3.12,9.62,0,0,0,0.0,0.0,0.0
1787615786.658977,08:56:26.658,1864,62.57,27.34,1011.38,15.581,0.0,0.0,0.0,-0.16,-0.44,-0.07,-0.16,1.64,-0.53,9.65,40.87,-3.12,9.62,0,0,0,0.0,0.0,0.0
1787615786.659610,08:56:26.659,1865,62.58,27.34,1011.38,15.581,0.0,0.0,0.0,-0.16,-0.44,-0.07,-0.16,1.64,-0.53,9.65,40.87,-3.12,9.62,0,0,0,0.0,0.0,0.0
1787615786.659957,08:56:26.659,1866,62.59,27.34,1011.38,15.581,0.0,0.0,0.0,-0.16,-0.44,-0.07,-0.16,1.64,-0.53,9.65,40.87,-3.12,9.62,0,0,0,0.0,0.0,0.0
1787615786.660306,08:56:26.660,1867,62.6,27.34,1011.38,15.581,0.0,0.0,0.0,-0.16,-0.44,-0.07,-0.16,1.64,-0.53,9.65,40.87,-3.12,9.62,0,0,0,0.0,0.0,0.0
1787615786.660670,08:56:26.660,1868,62.61,27.34,1011.38,15.581,0.0,0.0,0.0,-0.16,-0.44,-0.07,-0.16,1.64,-0.53,9.65,40.87,-3.12,9.62,0,0,0,0.0,0.0,0.0
1787615786.661023,08:56:26.661,1869,62.62,27.34,1011.38,15.581,0.0,0.0,0.0,-0.16,-0.44,-0.07,-0.16,1.64,-0.53,9.65,40.87,-3.12,9.62,0,0,0,0.0,0.0,0.0
1787615786.661366,08:56:26.661,1870,62.63,27.34,1011.38,15.581,0.0,0.0,0.0,-0.11,-0.36,0.09,-0.11,1.6,-0.58,9.65,41.06,-3.43,9.43,0,0,0,0.0,0.0,0.0
1787615786.661688,08:56:26.661,1871,62.64,27.34,1011.38,15.581,0.0,0.0,0.0,-0.11,-0.36,0.09,-0.11,1.6,-0.58,9.65,41.06,-3.43,9.43,0,0,0,0.0,0.0,0.0
1787615786.662003,08:56:26.662,1872,62.65,27.34,1011.38,15.581,0.0,0.0,0.0,-0.11,-0.36,0.09,-0.11,1.6,-0.58,9.65,41.06,-3.43,9.43,0,0,0,0.0,0.0,0.0
1787615786.763532,08:56:26.763,1873,62.66,27.34,1011.38,15.581,0.0,0.0,0.0,-0.11,-0.36,0.09,-0.11,1.6,-0.58,9.65,41.06,-3.43,9.43,0,0,0,0.0,0.0,0.0
1787615786.763912,08:56:26.763,1874,62.67,27.34,1011.38,15.581,0.0,0.0,0.0,-0.11,-0.36,0.09,-0.11,1.6,-0.58,9.65,41.06,-3.43,9.43,0,0,0,0.0,0.0,0.0
1787615786.764146,08:56:26.764,1875,62.68,27.34,1011.38,15.581,0.0,0.0,0.0,-0.11,-0.36,0.09,-0.11,1.6,-0.58,9.65,41.06,-3.43,9.43,0,0,0,0.0,0.0,0.0
1787615786.764373,08:56:26.764,1876,62.69,27.34,1011.38,15.581,0.0,0.0,0.0,-0.11,-0.36,0.09,-0.11,1.6,-0.58,9.65,41.06,-3.43,9.43,0,0,0,0.0,0.0,0.0
1787615786.764596,08:56:26.764,1877,62.7,27.34,1011.38,15.581,0.0,0.0,0.0,-0.11,-0.36,0.09,-0.11,1.6,-0.58,9.65,41.06,-3.43,9.43,0,0,0,0.0,0.0,0.0
1787615786.764816,08:56:26.764,1878,62.71,27.34,1011.38,15.581,0.0,0.0,0.0,-0.11,-0.36,0.09,-0.11,1.6,-0.58,9.65,41.06,-3.43,9.43,0,0,0,0.0,0.0,0.0
1787615786.765038,08:56:26.765,1879,62.72,27.34,1011.38,15.581,0.0,0.0,0.0,-0.11,-0.36,0.09,-0.11,1.6,-0.58,9.65,41.06,-3.43,9.43,0,0,0,0.0,0.0,0.0
1787615786.765260,08:56:26.765,1880,62.73,27.34,1011.38,15.581,0.0,0.0,0.0,-0.25,-0.37,0.02,-0.25,1.58,-0.58,9.66,41.06,-3.43,9.31,0,0,0,0.0,0.0,0.0
1787615786.765480,08:56:26.765,1881,62.74,27.34,1011.38,15.581,0.0,0.0,0.0,-0.25,-0.37,0.02,-0.25,1.58,-0.58,9.66,41.06,-3.43,9.31,0,0,0,0.0,0.0,0.0
1787615786.765700,08:56:26.765,1882,62.75,27.34,1011.38,15.581,0.0,0.0,0.0,-0.25,-0.37,0.02,-0.25,1.58,-0.58,9.66,41.06,-3.43,9.31,0,0,0,0.0,0.0,0.0
1787615786.868703,08:56:26.868,1883,62.76,27.34,1011.38,15.581,0.0,0.0,0.0,-0.25,-0.37,0.02,-0.25,1.58,-0.58,9.66,41.06,-3.43,9.31,0,0,0,0.0,0.0,0.0
1787615786.869496,08:56:26.869,1884,62.77,27.34,1011.38,15.581,0.0,0.0,0.0,-0.25,-0.37,0.02,-0.25,1.58,-0.58,9.66,41.06,-3.43,9.31,0,0,0,0.0,0.0,0.0
1787615786.869890,08:56:26.869,1885,62.78,27.34,1011.38,15.581,0.0,0.0,0.0,-0.25,-0.37,0.02,-0.25,1.58,-0.58,9.66,41.06,-3.43,9.31,0,0,0,0.0,0.0,0.0
1787615786.870243,08:56:26.870,1886,62.79,27.34,1011.38,15.581,0.0,0.0,0.0,-0.25,-0.37,0.02,-0.25,1.58,-0.58,9.66,41.06,-3.43,9.31,0,0,0,0.0,0.0,0.0
1787615786.870596,08:56:26.870,1887,62.8,27.34,1011.38,15.581,0.0,0.0,0.0,-0.25,-0.37,0.02,-0.25,1.58,-0.58,9.66,41.06,-3.43,9.31,0,0,0,0.0,0.0,0.0
1787615786.870934,08:56:26.870,1888,62.81,27.34,1011.38,15.581,0.0,0.0,0.0,-0.25,-0.37,0.02,-0.25,1.58,-0.58,9.66,41.06,-3.43,9.31,0,0,0,0.0,0.0,0.0
1787615786.871264,08:56:26.871,1889,62.82,27.34,1011.38,15.581,0.0,0.0,0.0,-0.25,-0.37,0.02,-0.25,1.58,-0.58,9.66,41.06,-3.43,9.31,0,0,0,0.0,0.0,0.0
1787615786.871611,08:56:26.871,1890,62.83,27.34,1011.38,15.581,0.0,0.0,0.0,-0.28,-0.17,0.0,-0.28,1.56,-0.58,9.66,41.37,-3.43,9.12,0,0,0,0.0,0.0,0.0
1787615786.871950,08:56:26.871,1891,62.84,27.34,1011.38,15.581,0.0,0.0,0.0,-0.28,-0.17,0.0,-0.28,1.56,-0.58,9.66,41.37,-3.43,9.12,0,0,0,0.0,0.0,0.0
1787615786.872300,08:56:26.872,1892,62.85,27.34,1011.38,15.581,0.0,0.0,0.0,-0.28,-0.17,0.0,-0.28,1.56,-0.58,9.66,41.37,-3.43,9.12,0,0,0,0.0,0.0,0.0
1787615786.973624,08:56:26.973,1893,62.86,27.34,1011.38,15.581,0.0,0.0,0.0,-0.28,-0.17,0.0,-0.28,1.56,-0.58,9.66,41.37,-3.43,9.12,0,0,0,0.0,0.0,0.0
1787615786.975020,08:56:26.975,1894,62.87,27.34,1011.38,15.581,0.0,0.0,0.0,-0.28,-0.17,0.0,-0.28,1.56,-0.58,9.66,41.37,-3.43,9.12,0,0,0,0.0,0.0,0.0
1787615786.975739,08:56:26.975,1895,62.88,27.34,1011.38,15.581,0.0,0.0,0.0,-0.28,-0.17,0.0,-0.28,1.56,-0.58,9.66,41.37,-3.43,9.12,0,0,0,0.0,0.0,0.0
1787615786.976427,08:56:26.976,1896,62.89,27.34,1011.38,15.581,0.0,0.0,0.0,-0.28,-0.17,0.0,-0.28,1.56,-0.58,9.66,41.37,-3.43,9.12,0,0,0,0.0,0.0,0.0
1787615786.977113,08:56:26.977,1897,62.9,27.34,1011.38,15.581,0.0,0.0,0.0,-0.28,-0.17,0.0,-0.28,1.56,-0.58,9.66,41.37,-3.43,9.12,0,0,0,0.0,0.0,0.0
1787615786.977459,08:56:26.977,1898,62.91,27.34,1011.38,15.581,0.0,0.0,0.0,-0.28,-0.17,0.0,-0.28,1.56,-0.58,9.66,41.37,-3.43,9.12,0,0,0,0.0,0.0,0.0
1787615786.977796,08:56:26.977,1899,62.92,27.34,1011.38,15.581,0.0,0.0,0.0,-0.28,-0.17,0.0,-0.28,1.56,-0.58,9.66,41.37,-3.43,9.12,0,0,0,0.0,0.0,0.0
1787615786.978153,08:56:26.978,1900,62.93,27.34,1011.38,15.581,0.0,0.0,0.0,-0.22,-0.25,-0.03,-0.22,1.54,-0.58,9.66,41.56,-3.43,9.0,0,0,0,0.0,0.0,0.0
1787615786.978496,08:56:26.978,1901,62.94,27.34,1011.38,15.581,0.0,0.0,0.0,-0.22,-0.25,-0.03,-0.22,1.54,-0.58,9.66,41.56,-3.43,9.0,0,0,0,0.0,0.0,0.0
1787615786.978825,08:56:26.978,1902,62.95,27.34,1011.38,15.581,0.0,0.0,0.0,-0.22,-0.25,-0.03,-0.22,1.54,-0.58,9.66,41.56,-3.43,9.0,0,0,0,0.0,0.0,0.0
1787615786.979155,08:56:26.979,1903,62.96,27.34,1011.38,15.581,0.0,0.0,0.0,-0.22,-0.25,-0.03,-0.22,1.54,-0.58,9.66,41.56,-3.43,9.0,0,0,0,0.0,0.0,0.0
1787615787.080545,08:56:27.080,1904,62.97,27.34,1011.34,15.914,0.0,0.0,0.0,-0.22,-0.25,-0.03,-0.22,1.54,-0.58,9.66,41.56,-3.43,9.0,0,0,0,0.0,0.0,0.0
1787615787.080981,08:56:27.080,1905,62.98,27.34,1011.34,15.914,0.0,0.0,0.0,-0.22,-0.25,-0.03,-0.22,1.54,-0.58,9.66,41.56,-3.43,9.0,0,0,0,0.0,0.0,0.0
1787615787.081188,08:56:27.081,1906,62.99,27.34,1011.34,15.914,0.0,0.0,0.0,-0.22,-0.25,-0.03,-0.22,1.54,-0.58,9.66,41.56,-3.43,9.0,0,0,0,0.0,0.0,0.0
1787615787.081387,08:56:27.081,1907,63.0,27.34,1011.34,15.914,0.0,0.0,0.0,-0.22,-0.25,-0.03,-0.22,1.54,-0.58,9.66,41.56,-3.43,9.0,0,0,0,0.0,0.0,0.0
1787615787.081581,08:56:27.081,1908,63.01,27.34,1011.34,15.914,0.0,0.0,0.0,-0.22,-0.25,-0.03,-0.22,1.54,-0.58,9.66,41.56,-3.43,9.0,0,0,0,0.0,0.0,0.0
1787615787.081776,08:56:27.081,1909,63.02,27.34,1011.34,15.914,0.0,0.0,0.0,-0.22,-0.25,-0.03,-0.22,1.54,-0.58,9.66,41.56,-3.43,9.0,0,0,0,0.0,0.0,0.0
1787615787.081967,08:56:27.081,1910,63.03,27.34,1011.34,15.914,0.0,0.0,0.0,-0.27,-0.21,0.0,-0.27,1.52,-0.58,9.66,41.75,-3.43,8.93,0,0,0,0.0,0.0,0.0
1787615787.082234,08:56:27.082,1911,63.04,27.34,1011.34,15.914,0.0,0.0,0.0,-0.27,-0.21,0.0,-0.27,1.52,-0.58,9.66,41.75,-3.43,8.93,0,0,0,0.0,0.0,0.0
1787615787.082425,08:56:27.082,1912,63.05,27.34,1011.34,15.914,0.0,0.0,0.0,-0.27,-0.21,0.0,-0.27,1.52,-0.58,9.66,41.75,-3.43,8.93,0,0,0,0.0,0.0,0.0
1787615787.082617,08:56:27.082,1913,63.06,27.34,1011.34,15.914,0.0,0.0,0.0,-0.27,-0.21,0.0,-0.27,1.52,-0.58,9.66,41.75,-3.43,8.93,0,0,0,0.0,0.0,0.0
1787615787.082810,08:56:27.082,1914,63.07,27.34,1011.34,15.914,0.0,0.0,0.0,-0.27,-0.21,0.0,-0.27,1.52,-0.58,9.66,41.75,-3.43,8.93,0,0,0,0.0,0.0,0.0
1787615787.183588,08:56:27.183,1915,63.08,27.34,1011.34,15.914,0.0,0.0,0.0,-0.27,-0.21,0.0,-0.27,1.52,-0.58,9.66,41.75,-3.43,8.93,0,0,0,0.0,0.0,0.0
1787615787.183872,08:56:27.183,1916,63.09,27.34,1011.34,15.914,0.0,0.0,0.0,-0.27,-0.21,0.0,-0.27,1.52,-0.58,9.66,41.75,-3.43,8.93,0,0,0,0.0,0.0,0.0
1787615787.184074,08:56:27.184,1917,63.1,27.34,1011.34,15.914,0.0,0.0,0.0,-0.27,-0.21,0.0,-0.27,1.52,-0.58,9.66,41.75,-3.43,8.93,0,0,0,0.0,0.0,0.0
1787615787.184266,08:56:27.184,1918,63.11,27.34,1011.34,15.914,0.0,0.0,0.0,-0.27,-0.21,0.0,-0.27,1.52,-0.58,9.66,41.75,-3.43,8.93,0,0,0,0.0,0.0,0.0
1787615787.184457,08:56:27.184,1919,63.12,27.34,1011.34,15.914,0.0,0.0,0.0,-0.27,-0.21,0.0,-0.27,1.52,-0.58,9.66,41.75,-3.43,8.93,0,0,0,0.0,0.0,0.0
1787615787.285906,08:56:27.285,1920,63.13,27.34,1011.34,15.914,0.0,0.0,0.0,-0.16,-0.16,0.04,-0.16,1.51,-0.58,9.67,42.0,-3.43,8.87,0,0,0,0.0,0.0,0.0
1787615787.287559,08:56:27.287,1921,63.14,27.34,1011.34,15.914,0.0,0.0,0.0,-0.16,-0.16,0.04,-0.16,1.51,-0.58,9.67,42.0,-3.43,8.87,0,0,0,0.0,0.0,0.0
1787615787.288048,08:56:27.288,1922,63.15,27.34,1011.34,15.914,0.0,0.0,0.0,-0.16,-0.16,0.04,-0.16,1.51,-0.58,9.67,42.0,-3.43,8.87,0,0,0,0.0,0.0,0.0
1787615787.288391,08:56:27.288,1923,63.16,27.34,1011.34,15.914,0.0,0.0,0.0,-0.16,-0.16,0.04,-0.16,1.51,-0.58,9.67,42.0,-3.43,8.87,0,0,0,0.0,0.0,0.0
1787615787.288753,08:56:27.288,1924,63.17,27.33,1011.35,15.829,0.0,0.0,0.0,-0.16,-0.16,0.04,-0.16,1.51,-0.58,9.67,42.0,-3.43,8.87,0,0,0,0.0,0.0,0.0
1787615787.289104,08:56:27.289,1925,63.18,27.33,1011.35,15.829,0.0,0.0,0.0,-0.16,-0.16,0.04,-0.16,1.51,-0.58,9.67,42.0,-3.43,8.87,0,0,0,0.0,0.0,0.0
1787615787.289445,08:56:27.289,1926,63.19,27.33,1011.35,15.829,0.0,0.0,0.0,-0.16,-0.16,0.04,-0.16,1.51,-0.58,9.67,42.0,-3.43,8.87,0,0,0,0.0,0.0,0.0
1787615787.289809,08:56:27.289,1927,63.2,27.33,1011.35,15.829,0.0,0.0,0.0,-0.16,-0.16,0.04,-0.16,1.51,-0.58,9.67,42.0,-3.43,8.87,0,0,0,0.0,0.0,0.0
1787615787.290150,08:56:27.290,1928,63.21,27.33,1011.35,15.829,0.0,0.0,0.0,-0.16,-0.16,0.04,-0.16,1.51,-0.58,9.67,42.0,-3.43,8.87,0,0,0,0.0,0.0,0.0
1787615787.406329,08:56:27.406,1929,63.22,27.33,1011.35,15.829,0.0,0.0,0.0,-0.16,-0.16,0.04,-0.16,1.51,-0.58,9.67,42.0,-3.43,8.87,0,0,0,0.0,0.0,0.0
1787615787.406546,08:56:27.406,1930,63.23,27.33,1011.35,15.829,0.0,0.0,0.0,-0.16,-0.16,0.04,-0.16,1.51,-0.58,9.67,42.0,-3.43,8.87,0,0,0,0.0,0.0,0.0
1787615787.406692,08:56:27.406,1931,63.24,27.33,1011.35,15.829,0.0,0.0,0.0,-0.24,-0.21,0.01,-0.24,1.5,-0.58,9.67,42.18,-3.37,8.81,0,0,0,0.0,0.0,0.0
1787615787.406833,08:56:27.406,1932,63.25,27.33,1011.35,15.829,0.0,0.0,0.0,-0.24,-0.21,0.01,-0.24,1.5,-0.58,9.67,42.18,-3.37,8.81,0,0,0,0.0,0.0,0.0
1787615787.406974,08:56:27.406,1933,63.26,27.33,1011.35,15.829,0.0,0.0,0.0,-0.24,-0.21,0.01,-0.24,1.5,-0.58,9.67,42.18,-3.37,8.81,0,0,0,0.0,0.0,0.0
1787615787.407113,08:56:27.407,1934,63.27,27.33,1011.35,15.829,0.0,0.0,0.0,-0.24,-0.21,0.01,-0.24,1.5,-0.58,9.67,42.18,-3.37,8.81,0,0,0,0.0,0.0,0.0
1787615787.407251,08:56:27.407,1936,63.29,27.33,1011.35,15.829,0.0,0.0,0.0,-0.24,-0.21,0.01,-0.24,1.5,-0.58,9.67,42.18,-3.37,8.81,0,0,0,0.0,0.0,0.0
1787615787.407389,08:56:27.407,1937,63.3,27.33,1011.35,15.829,0.0,0.0,0.0,-0.24,-0.21,0.01,-0.24,1.5,-0.58,9.67,42.18,-3.37,8.81,0,0,0,0.0,0.0,0.0
1787615787.407527,08:56:27.407,1938,63.31,27.33,1011.35,15.829,0.0,0.0,0.0,-0.24,-0.21,0.01,-0.24,1.5,-0.58,9.67,42.18,-3.37,8.81,0,0,0,0.0,0.0,0.0
1787615787.407664,08:56:27.407,1939,63.32,27.33,1011.35,15.829,0.0,0.0,0.0,-0.24,-0.21,0.01,-0.24,1.5,-0.58,9.67,42.18,-3.37,8.81,0,0,0,0.0,0.0,0.0
1787615787.407800,08:56:27.407,1940,63.33,27.33,1011.35,15.829,0.0,0.0,0.0,-0.24,-0.21,0.01,-0.24,1.5,-0.58,9.67,42.18,-3.37,8.81,0,0,0,0.0,0.0,0.0
1787615787.407937,08:56:27.407,1941,63.34,27.33,1011.35,15.829,0.0,0.0,0.0,-0.34,-0.23,-0.1,-0.34,1.49,-0.58,9.67,42.31,-3.37,8.75,0,0,0,0.0,0.0,0.0
1787615787.408075,08:56:27.408,1942,63.35,27.33,1011.35,15.829,0.0,0.0,0.0,-0.34,-0.23,-0.1,-0.34,1.49,-0.58,9.67,42.31,-3.37,8.75,0,0,0,0.0,0.0,0.0
1787615787.408212,08:56:27.408,1943,63.36,27.33,1011.35,15.829,0.0,0.0,0.0,-0.34,-0.23,-0.1,-0.34,1.49,-0.58,9.67,42.31,-3.37,8.75,0,0,0,0.0,0.0,0.0
1787615787.408349,08:56:27.408,1944,63.37,27.32,1011.31,16.162,0.0,0.0,0.0,-0.34,-0.23,-0.1,-0.34,1.49,-0.58,9.67,42.31,-3.37,8.75,0,0,0,0.0,0.0,0.0
1787615787.408489,08:56:27.408,1945,63.38,27.32,1011.31,16.162,0.0,0.0,0.0,-0.34,-0.23,-0.1,-0.34,1.49,-0.58,9.67,42.31,-3.37,8.75,0,0,0,0.0,0.0,0.0
1787615787.408629,08:56:27.408,1946,63.39,27.32,1011.31,16.162,0.0,0.0,0.0,-0.34,-0.23,-0.1,-0.34,1.49,-0.58,9.67,42.31,-3.37,8.75,0,0,0,0.0,0.0,0.0
1787615787.509754,08:56:27.509,1947,63.4,27.32,1011.31,16.162,0.0,0.0,0.0,-0.34,-0.23,-0.1,-0.34,1.49,-0.58,9.67,42.31,-3.37,8.75,0,0,0,0.0,0.0,0.0
1787615787.510069,08:56:27.510,1948,63.41,27.32,1011.31,16.162,0.0,0.0,0.0,-0.34,-0.23,-0.1,-0.34,1.49,-0.58,9.67,42.31,-3.37,8.75,0,0,0,0.0,0.0,0.0
1787615787.510272,08:56:27.510,1949,63.42,27.32,1011.31,16.162,0.0,0.0,0.0,-0.34,-0.23,-0.1,-0.34,1.49,-0.58,9.67,42.31,-3.37,8.75,0,0,0,0.0,0.0,0.0
1787615787.510465,08:56:27.510,1950,63.43,27.32,1011.31,16.162,0.0,0.0,0.0,-0.22,-0.19,0.19,-0.22,1.48,-0.57,9.67,42.62,-3.37,8.68,0,0,0,0.0,0.0,0.0
1787615787.510657,08:56:27.510,1951,63.44,27.32,1011.31,16.162,0.0,0.0,0.0,-0.22,-0.19,0.19,-0.22,1.48,-0.57,9.67,42.62,-3.37,8.68,0,0,0,0.0,0.0,0.0
1787615787.510847,08:56:27.510,1952,63.45,27.32,1011.31,16.162,0.0,0.0,0.0,-0.22,-0.19,0.19,-0.22,1.48,-0.57,9.67,42.62,-3.37,8.68,0,0,0,0.0,0.0,0.0
1787615787.511036,08:56:27.511,1953,63.46,27.32,1011.31,16.162,0.0,0.0,0.0,-0.22,-0.19,0.19,-0.22,1.48,-0.57,9.67,42.62,-3.37,8.68,0,0,0,0.0,0.0,0.0
1787615787.612415,08:56:27.612,1954,63.47,27.32,1011.31,16.162,0.0,0.0,0.0,-0.22,-0.19,0.19,-0.22,1.48,-0.57,9.67,42.62,-3.37,8.68,0,0,0,0.0,0.0,0.0
1787615787.612760,08:56:27.612,1955,63.48,27.32,1011.31,16.162,0.0,0.0,0.0,-0.22,-0.19,0.19,-0.22,1.48,-0.57,9.67,42.62,-3.37,8.68,0,0,0,0.0,0.0,0.0
1787615787.612988,08:56:27.612,1956,63.49,27.32,1011.31,16.162,0.0,0.0,0.0,-0.22,-0.19,0.19,-0.22,1.48,-0.57,9.67,42.62,-3.37,8.68,0,0,0,0.0,0.0,0.0
1787615787.613213,08:56:27.613,1957,63.5,27.32,1011.31,16.162,0.0,0.0,0.0,-0.22,-0.19,0.19,-0.22,1.48,-0.57,9.67,42.62,-3.37,8.68,0,0,0,0.0,0.0,0.0
1787615787.613437,08:56:27.613,1958,63.51,27.32,1011.31,16.162,0.0,0.0,0.0,-0.22,-0.19,0.19,-0.22,1.48,-0.57,9.67,42.62,-3.37,8.68,0,0,0,0.0,0.0,0.0
1787615787.613658,08:56:27.613,1959,63.52,27.32,1011.31,16.162,0.0,0.0,0.0,-0.22,-0.19,0.19,-0.22,1.48,-0.57,9.67,42.62,-3.37,8.68,0,0,0,0.0,0.0,0.0
1787615787.613878,08:56:27.613,1960,63.53,27.32,1011.31,16.162,0.0,0.0,0.0,-0.15,-0.14,0.08,-0.15,1.47,-0.57,9.67,42.68,-3.37,8.62,0,0,0,0.0,0.0,0.0
1787615787.614099,08:56:27.614,1961,63.54,27.32,1011.31,16.162,0.0,0.0,0.0,-0.15,-0.14,0.08,-0.15,1.47,-0.57,9.67,42.68,-3.37,8.62,0,0,0,0.0,0.0,0.0
1787615787.614359,08:56:27.614,1962,63.55,27.32,1011.31,16.162,0.0,0.0,0.0,-0.15,-0.14,0.08,-0.15,1.47,-0.57,9.67,42.68,-3.37,8.62,0,0,0,0.0,0.0,0.0
1787615787.614578,08:56:27.614,1963,63.56,27.32,1011.31,16.162,0.0,0.0,0.0,-0.15,-0.14,0.08,-0.15,1.47,-0.57,9.67,42.68,-3.37,8.62,0,0,0,0.0,0.0,0.0
1787615787.614799,08:56:27.614,1964,63.57,27.34,1011.36,15.747,0.0,0.0,0.0,-0.15,-0.14,0.08,-0.15,1.47,-0.57,9.67,42.68,-3.37,8.62,0,0,0,0.0,0.0,0.0
1787615787.716334,08:56:27.716,1965,63.58,27.34,1011.36,15.747,0.0,0.0,0.0,-0.15,-0.14,0.08,-0.15,1.47,-0.57,9.67,42.68,-3.37,8.62,0,0,0,0.0,0.0,0.0
1787615787.717681,08:56:27.717,1966,63.59,27.34,1011.36,15.747,0.0,0.0,0.0,-0.15,-0.14,0.08,-0.15,1.47,-0.57,9.67,42.68,-3.37,8.62,0,0,0,0.0,0.0,0.0
1787615787.718791,08:56:27.718,1967,63.6,27.34,1011.36,15.747,0.0,0.0,0.0,-0.15,-0.14,0.08,-0.15,1.47,-0.57,9.67,42.68,-3.37,8.62,0,0,0,0.0,0.0,0.0
1787615787.719777,08:56:27.719,1968,63.61,27.34,1011.36,15.747,0.0,0.0,0.0,-0.15,-0.14,0.08,-0.15,1.47,-0.57,9.67,42.68,-3.37,8.62,0,0,0,0.0,0.0,0.0
1787615787.720417,08:56:27.720,1969,63.62,27.34,1011.36,15.747,0.0,0.0,0.0,-0.15,-0.14,0.08,-0.15,1.47,-0.57,9.67,42.68,-3.37,8.62,0,0,0,0.0,0.0,0.0
1787615787.720849,08:56:27.720,1970,63.63,27.34,1011.36,15.747,0.0,0.0,0.0,-0.33,-0.18,-0.09,-0.33,1.46,-0.57,9.67,42.68,-3.37,8.56,0,0,0,0.0,0.0,0.0
1787615787.721260,08:56:27.721,1971,63.64,27.34,1011.36,15.747,0.0,0.0,0.0,-0.33,-0.18,-0.09,-0.33,1.46,-0.57,9.67,42.68,-3.37,8.56,0,0,0,0.0,0.0,0.0
1787615787.721708,08:56:27.721,1972,63.65,27.34,1011.36,15.747,0.0,0.0,0.0,-0.33,-0.18,-0.09,-0.33,1.46,-0.57,9.67,42.68,-3.37,8.56,0,0,0,0.0,0.0,0.0
1787615787.722125,08:56:27.722,1973,63.66,27.34,1011.36,15.747,0.0,0.0,0.0,-0.33,-0.18,-0.09,-0.33,1.46,-0.57,9.67,42.68,-3.37,8.56,0,0,0,0.0,0.0,0.0
1787615787.722595,08:56:27.722,1974,63.67,27.34,1011.36,15.747,0.0,0.0,0.0,-0.33,-0.18,-0.09,-0.33,1.46,-0.57,9.67,42.68,-3.37,8.56,0,0,0,0.0,0.0,0.0
1787615787.722929,08:56:27.722,1975,63.68,27.34,1011.36,15.747,0.0,0.0,0.0,-0.33,-0.18,-0.09,-0.33,1.46,-0.57,9.67,42.68,-3.37,8.56,0,0,0,0.0,0.0,0.0
1787615787.723280,08:56:27.723,1976,63.69,27.34,1011.36,15.747,0.0,0.0,0.0,-0.33,-0.18,-0.09,-0.33,1.46,-0.57,9.67,42.68,-3.37,8.56,0,0,0,0.0,0.0,0.0
1787615787.723624,08:56:27.723,1977,63.7,27.34,1011.36,15.747,0.0,0.0,0.0,-0.33,-0.18,-0.09,-0.33,1.46,-0.57,9.67,42.68,-3.37,8.56,0,0,0,0.0,0.0,0.0
1787615787.723990,08:56:27.723,1978,63.71,27.34,1011.36,15.747,0.0,0.0,0.0,-0.33,-0.18,-0.09,-0.33,1.46,-0.57,9.67,42.68,-3.37,8.56,0,0,0,0.0,0.0,0.0
1787615787.825559,08:56:27.825,1979,63.72,27.34,1011.36,15.747,0.0,0.0,0.0,-0.33,-0.18,-0.09,-0.33,1.46,-0.57,9.67,42.68,-3.37,8.56,0,0,0,0.0,0.0,0.0
1787615787.825930,08:56:27.825,1980,63.73,27.34,1011.36,15.747,0.0,0.0,0.0,-0.24,-0.12,-0.04,-0.24,1.46,-0.57,9.68,42.68,-3.37,8.56,0,0,0,0.0,0.0,0.0
1787615787.826163,08:56:27.826,1981,63.74,27.34,1011.36,15.747,0.0,0.0,0.0,-0.24,-0.12,-0.04,-0.24,1.46,-0.57,9.68,42.68,-3.37,8.56,0,0,0,0.0,0.0,0.0
1787615787.826386,08:56:27.826,1982,63.75,27.34,1011.36,15.747,0.0,0.0,0.0,-0.24,-0.12,-0.04,-0.24,1.46,-0.57,9.68,42.68,-3.37,8.56,0,0,0,0.0,0.0,0.0
1787615787.826606,08:56:27.826,1983,63.76,27.34,1011.36,15.747,0.0,0.0,0.0,-0.24,-0.12,-0.04,-0.24,1.46,-0.57,9.68,42.68,-3.37,8.56,0,0,0,0.0,0.0,0.0
1787615787.826824,08:56:27.826,1984,63.77,27.33,1011.34,15.914,0.0,0.0,0.0,-0.24,-0.12,-0.04,-0.24,1.46,-0.57,9.68,42.68,-3.37,8.56,0,0,0,0.0,0.0,0.0
1787615787.827041,08:56:27.827,1985,63.78,27.33,1011.34,15.914,0.0,0.0,0.0,-0.24,-0.12,-0.04,-0.24,1.46,-0.57,9.68,42.68,-3.37,8.56,0,0,0,0.0,0.0,0.0
1787615787.827258,08:56:27.827,1986,63.79,27.33,1011.34,15.914,0.0,0.0,0.0,-0.24,-0.12,-0.04,-0.24,1.46,-0.57,9.68,42.68,-3.37,8.56,0,0,0,0.0,0.0,0.0
1787615787.827476,08:56:27.827,1987,63.8,27.33,1011.34,15.914,0.0,0.0,0.0,-0.24,-0.12,-0.04,-0.24,1.46,-0.57,9.68,42.68,-3.37,8.56,0,0,0,0.0,0.0,0.0
1787615787.827692,08:56:27.827,1988,63.81,27.33,1011.34,15.914,0.0,0.0,0.0,-0.24,-0.12,-0.04,-0.24,1.46,-0.57,9.68,42.68,-3.37,8.56,0,0,0,0.0,0.0,0.0
1787615787.928791,08:56:27.928,1989,63.82,27.33,1011.34,15.914,0.0,0.0,0.0,-0.24,-0.12,-0.04,-0.24,1.46,-0.57,9.68,42.68,-3.37,8.56,0,0,0,0.0,0.0,0.0
1787615787.930356,08:56:27.930,1990,63.83,27.33,1011.34,15.914,0.0,0.0,0.0,-0.2,-0.15,0.12,-0.2,1.45,-0.57,9.68,42.68,-3.37,8.5,0,0,0,0.0,0.0,0.0
1787615787.931084,08:56:27.931,1991,63.84,27.33,1011.34,15.914,0.0,0.0,0.0,-0.2,-0.15,0.12,-0.2,1.45,-0.57,9.68,42.68,-3.37,8.5,0,0,0,0.0,0.0,0.0
1787615787.931756,08:56:27.931,1992,63.85,27.33,1011.34,15.914,0.0,0.0,0.0,-0.2,-0.15,0.12,-0.2,1.45,-0.57,9.68,42.68,-3.37,8.5,0,0,0,0.0,0.0,0.0
1787615787.932141,08:56:27.932,1993,63.86,27.33,1011.34,15.914,0.0,0.0,0.0,-0.2,-0.15,0.12,-0.2,1.45,-0.57,9.68,42.68,-3.37,8.5,0,0,0,0.0,0.0,0.0
1787615787.932697,08:56:27.932,1994,63.87,27.33,1011.34,15.914,0.0,0.0,0.0,-0.2,-0.15,0.12,-0.2,1.45,-0.57,9.68,42.68,-3.37,8.5,0,0,0,0.0,0.0,0.0
1787615787.933112,08:56:27.933,1995,63.88,27.33,1011.34,15.914,0.0,0.0,0.0,-0.2,-0.15,0.12,-0.2,1.45,-0.57,9.68,42.68,-3.37,8.5,0,0,0,0.0,0.0,0.0
1787615787.933522,08:56:27.933,1996,63.89,27.33,1011.34,15.914,0.0,0.0,0.0,-0.2,-0.15,0.12,-0.2,1.45,-0.57,9.68,42.68,-3.37,8.5,0,0,0,0.0,0.0,0.0
1787615787.933872,08:56:27.933,1997,63.9,27.33,1011.34,15.914,0.0,0.0,0.0,-0.2,-0.15,0.12,-0.2,1.45,-0.57,9.68,42.68,-3.37,8.5,0,0,0,0.0,0.0,0.0
1787615787.934201,08:56:27.934,1998,63.91,27.33,1011.34,15.914,0.0,0.0,0.0,-0.2,-0.15,0.12,-0.2,1.45,-0.57,9.68,42.68,-3.37,8.5,0,0,0,0.0,0.0,0.0
1787615787.934530,08:56:27.934,1999,63.92,27.33,1011.34,15.914,0.0,0.0,0.0,-0.2,-0.15,0.12,-0.2,1.45,-0.57,9.68,42.68,-3.37,8.5,0,0,0,0.0,0.0,0.0
1787615788.036054,08:56:28.036,2000,63.93,27.33,1011.34,15.914,0.0,0.0,0.0,-0.07,-0.19,-0.07,-0.07,1.44,-0.57,9.68,42.68,-3.37,8.43,0,0,0,0.0,0.0,0.0
1787615788.036534,08:56:28.036,2001,63.94,27.33,1011.34,15.914,0.0,0.0,0.0,-0.07,-0.19,-0.07,-0.07,1.44,-0.57,9.68,42.68,-3.37,8.43,0,0,0,0.0,0.0,0.0
1787615788.036773,08:56:28.036,2002,63.95,27.33,1011.34,15.914,0.0,0.0,0.0,-0.07,-0.19,-0.07,-0.07,1.44,-0.57,9.68,42.68,-3.37,8.43,0,0,0,0.0,0.0,0.0
1787615788.036998,08:56:28.036,2003,63.96,27.33,1011.34,15.914,0.0,0.0,0.0,-0.07,-0.19,-0.07,-0.07,1.44,-0.57,9.68,42.68,-3.37,8.43,0,0,0,0.0,0.0,0.0
1787615788.037218,08:56:28.037,2004,63.97,27.33,1011.35,15.829,0.0,0.0,0.0,-0.07,-0.19,-0.07,-0.07,1.44,-0.57,9.68,42.68,-3.37,8.43,0,0,0,0.0,0.0,0.0
1787615788.037436,08:56:28.037,2005,63.98,27.33,1011.35,15.829,0.0,0.0,0.0,-0.07,-0.19,-0.07,-0.07,1.44,-0.57,9.68,42.68,-3.37,8.43,0,0,0,0.0,0.0,0.0
1787615788.037658,08:56:28.037,2006,63.99,27.33,1011.35,15.829,0.0,0.0,0.0,-0.07,-0.19,-0.07,-0.07,1.44,-0.57,9.68,42.68,-3.37,8.43,0,0,0,0.0,0.0,0.0
1787615788.037872,08:56:28.037,2007,64.0,27.33,1011.35,15.829,0.0,0.0,0.0,-0.07,-0.19,-0.07,-0.07,1.44,-0.57,9.68,42.68,-3.37,8.43,0,0,0,0.0,0.0,0.0
1787615788.038088,08:56:28.038,2008,64.01,27.33,1011.35,15.829,0.0,0.0,0.0,-0.07,-0.19,-0.07,-0.07,1.44,-0.57,9.68,42.68,-3.37,8.43,0,0,0,0.0,0.0,0.0
1787615788.138879,08:56:28.138,2009,64.02,27.33,1011.35,15.829,0.0,0.0,0.0,-0.07,-0.19,-0.07,-0.07,1.44,-0.57,9.68,42.68,-3.37,8.43,0,0,0,0.0,0.0,0.0
1787615788.139257,08:56:28.139,2010,64.03,27.33,1011.35,15.829,0.0,0.0,0.0,-0.15,-0.13,0.1,-0.15,1.44,-0.56,9.68,42.62,-3.31,8.43,0,0,0,0.0,0.0,0.0
1787615788.139487,08:56:28.139,2011,64.04,27.33,1011.35,15.829,0.0,0.0,0.0,-0.15,-0.13,0.1,-0.15,1.44,-0.56,9.68,42.62,-3.31,8.43,0,0,0,0.0,0.0,0.0
1787615788.139751,08:56:28.139,2012,64.05,27.33,1011.35,15.829,0.0,0.0,0.0,-0.15,-0.13,0.1,-0.15,1.44,-0.56,9.68,42.62,-3.31,8.43,0,0,0,0.0,0.0,0.0
1787615788.139969,08:56:28.139,2013,64.06,27.33,1011.35,15.829,0.0,0.0,0.0,-0.15,-0.13,0.1,-0.15,1.44,-0.56,9.68,42.62,-3.31,8.43,0,0,0,0.0,0.0,0.0
1787615788.140193,08:56:28.140,2014,64.07,27.33,1011.35,15.829,0.0,0.0,0.0,-0.15,-0.13,0.1,-0.15,1.44,-0.56,9.68,42.62,-3.31,8.43,0,0,0,0.0,0.0,0.0
1787615788.140583,08:56:28.140,2015,64.08,27.33,1011.35,15.829,0.0,0.0,0.0,-0.15,-0.13,0.1,-0.15,1.44,-0.56,9.68,42.62,-3.31,8.43,0,0,0,0.0,0.0,0.0
1787615788.140804,08:56:28.140,2016,64.09,27.33,1011.35,15.829,0.0,0.0,0.0,-0.15,-0.13,0.1,-0.15,1.44,-0.56,9.68,42.62,-3.31,8.43,0,0,0,0.0,0.0,0.0
1787615788.242342,08:56:28.242,2017,64.1,27.33,1011.35,15.829,0.0,0.0,0.0,-0.15,-0.13,0.1,-0.15,1.44,-0.56,9.68,42.62,-3.31,8.43,0,0,0,0.0,0.0,0.0
1787615788.242720,08:56:28.242,2018,64.11,27.33,1011.35,15.829,0.0,0.0,0.0,-0.15,-0.13,0.1,-0.15,1.44,-0.56,9.68,42.62,-3.31,8.43,0,0,0,0.0,0.0,0.0
1787615788.242962,08:56:28.242,2019,64.12,27.33,1011.35,15.829,0.0,0.0,0.0,-0.15,-0.13,0.1,-0.15,1.44,-0.56,9.68,42.62,-3.31,8.43,0,0,0,0.0,0.0,0.0
1787615788.243192,08:56:28.243,2020,64.13,27.33,1011.35,15.829,0.0,0.0,0.0,-0.2,-0.16,0.09,-0.2,1.43,-0.54,9.68,42.62,-3.18,8.37,0,0,0,0.0,0.0,0.0
1787615788.243421,08:56:28.243,2021,64.14,27.33,1011.35,15.829,0.0,0.0,0.0,-0.2,-0.16,0.09,-0.2,1.43,-0.54,9.68,42.62,-3.18,8.37,0,0,0,0.0,0.0,0.0
1787615788.243648,08:56:28.243,2022,64.15,27.33,1011.35,15.829,0.0,0.0,0.0,-0.2,-0.16,0.09,-0.2,1.43,-0.54,9.68,42.62,-3.18,8.37,0,0,0,0.0,0.0,0.0
1787615788.243872,08:56:28.243,2023,64.16,27.33,1011.35,15.829,0.0,0.0,0.0,-0.2,-0.16,0.09,-0.2,1.43,-0.54,9.68,42.62,-3.18,8.37,0,0,0,0.0,0.0,0.0
1787615788.244096,08:56:28.244,2024,64.17,27.32,1011.35,15.829,0.0,0.0,0.0,-0.2,-0.16,0.09,-0.2,1.43,-0.54,9.68,42.62,-3.18,8.37,0,0,0,0.0,0.0,0.0
1787615788.244318,08:56:28.244,2025,64.18,27.32,1011.35,15.829,0.0,0.0,0.0,-0.2,-0.16,0.09,-0.2,1.43,-0.54,9.68,42.62,-3.18,8.37,0,0,0,0.0,0.0,0.0
1787615788.244541,08:56:28.244,2026,64.19,27.32,1011.35,15.829,0.0,0.0,0.0,-0.2,-0.16,0.09,-0.2,1.43,-0.54,9.68,42.62,-3.18,8.37,0,0,0,0.0,0.0,0.0
1787615788.244763,08:56:28.244,2027,64.2,27.32,1011.35,15.829,0.0,0.0,0.0,-0.2,-0.16,0.09,-0.2,1.43,-0.54,9.68,42.62,-3.18,8.37,0,0,0,0.0,0.0,0.0
1787615788.346326,08:56:28.346,2028,64.21,27.32,1011.35,15.829,0.0,0.0,0.0,-0.2,-0.16,0.09,-0.2,1.43,-0.54,9.68,42.62,-3.18,8.37,0,0,0,0.0,0.0,0.0
1787615788.348246,08:56:28.348,2029,64.22,27.32,1011.35,15.829,0.0,0.0,0.0,-0.2,-0.16,0.09,-0.2,1.43,-0.54,9.68,42.62,-3.18,8.37,0,0,0,0.0,0.0,0.0
1787615788.349106,08:56:28.349,2030,64.23,27.32,1011.35,15.829,0.0,0.0,0.0,-0.31,-0.14,0.14,-0.31,1.43,-0.54,9.68,42.62,-3.18,8.37,0,0,0,0.0,0.0,0.0
1787615788.349638,08:56:28.349,2031,64.24,27.32,1011.35,15.829,0.0,0.0,0.0,-0.31,-0.14,0.14,-0.31,1.43,-0.54,9.68,42.62,-3.18,8.37,0,0,0,0.0,0.0,0.0
1787615788.350130,08:56:28.350,2032,64.25,27.32,1011.35,15.829,0.0,0.0,0.0,-0.31,-0.14,0.14,-0.31,1.43,-0.54,9.68,42.62,-3.18,8.37,0,0,0,0.0,0.0,0.0
1787615788.350501,08:56:28.350,2033,64.26,27.32,1011.35,15.829,0.0,0.0,0.0,-0.31,-0.14,0.14,-0.31,1.43,-0.54,9.68,42.62,-3.18,8.37,0,0,0,0.0,0.0,0.0
1787615788.350854,08:56:28.350,2034,64.27,27.32,1011.35,15.829,0.0,0.0,0.0,-0.31,-0.14,0.14,-0.31,1.43,-0.54,9.68,42.62,-3.18,8.37,0,0,0,0.0,0.0,0.0
1787615788.351225,08:56:28.351,2035,64.28,27.32,1011.35,15.829,0.0,0.0,0.0,-0.31,-0.14,0.14,-0.31,1.43,-0.54,9.68,42.62,-3.18,8.37,0,0,0,0.0,0.0,0.0
1787615788.351730,08:56:28.351,2036,64.29,27.32,1011.35,15.829,0.0,0.0,0.0,-0.31,-0.14,0.14,-0.31,1.43,-0.54,9.68,42.62,-3.18,8.37,0,0,0,0.0,0.0,0.0
1787615788.352103,08:56:28.352,2037,64.3,27.32,1011.35,15.829,0.0,0.0,0.0,-0.31,-0.14,0.14,-0.31,1.43,-0.54,9.68,42.62,-3.18,8.37,0,0,0,0.0,0.0,0.0
1787615788.352473,08:56:28.352,2038,64.31,27.32,1011.35,15.829,0.0,0.0,0.0,-0.31,-0.14,0.14,-0.31,1.43,-0.54,9.68,42.62,-3.18,8.37,0,0,0,0.0,0.0,0.0
1787615788.352827,08:56:28.352,2039,64.32,27.32,1011.35,15.829,0.0,0.0,0.0,-0.31,-0.14,0.14,-0.31,1.43,-0.54,9.68,42.62,-3.18,8.37,0,0,0,0.0,0.0,0.0
1787615788.353198,08:56:28.353,2040,64.33,27.32,1011.35,15.829,0.0,0.0,0.0,-0.19,-0.17,0.14,-0.19,1.43,-0.54,9.68,42.68,-3.18,8.37,0,0,0,0.0,0.0,0.0
1787615788.353550,08:56:28.353,2041,64.34,27.32,1011.35,15.829,0.0,0.0,0.0,-0.19,-0.17,0.14,-0.19,1.43,-0.54,9.68,42.68,-3.18,8.37,0,0,0,0.0,0.0,0.0
1787615788.454839,08:56:28.454,2042,64.35,27.32,1011.35,15.829,0.0,0.0,0.0,-0.19,-0.17,0.14,-0.19,1.43,-0.54,9.68,42.68,-3.18,8.37,0,0,0,0.0,0.0,0.0
1787615788.455186,08:56:28.455,2043,64.36,27.32,1011.35,15.829,0.0,0.0,0.0,-0.19,-0.17,0.14,-0.19,1.43,-0.54,9.68,42.68,-3.18,8.37,0,0,0,0.0,0.0,0.0
1787615788.455396,08:56:28.455,2044,64.37,27.33,1011.35,15.829,0.0,0.0,0.0,-0.19,-0.17,0.14,-0.19,1.43,-0.54,9.68,42.68,-3.18,8.37,0,0,0,0.0,0.0,0.0
1787615788.455592,08:56:28.455,2045,64.38,27.33,1011.35,15.829,0.0,0.0,0.0,-0.19,-0.17,0.14,-0.19,1.43,-0.54,9.68,42.68,-3.18,8.37,0,0,0,0.0,0.0,0.0
1787615788.455788,08:56:28.455,2046,64.39,27.33,1011.35,15.829,0.0,0.0,0.0,-0.19,-0.17,0.14,-0.19,1.43,-0.54,9.68,42.68,-3.18,8.37,0,0,0,0.0,0.0,0.0
1787615788.455979,08:56:28.455,2047,64.4,27.33,1011.35,15.829,0.0,0.0,0.0,-0.19,-0.17,0.14,-0.19,1.43,-0.54,9.68,42.68,-3.18,8.37,0,0,0,0.0,0.0,0.0
1787615788.456175,08:56:28.456,2048,64.41,27.33,1011.35,15.829,0.0,0.0,0.0,-0.19,-0.17,0.14,-0.19,1.43,-0.54,9.68,42.68,-3.18,8.37,0,0,0,0.0,0.0,0.0
1787615788.456367,08:56:28.456,2049,64.42,27.33,1011.35,15.829,0.0,0.0,0.0,-0.19,-0.17,0.14,-0.19,1.43,-0.54,9.68,42.68,-3.18,8.37,0,0,0,0.0,0.0,0.0
1787615788.557873,08:56:28.557,2050,64.43,27.33,1011.35,15.829,0.0,0.0,0.0,-0.27,-0.12,0.07,-0.27,1.43,-0.54,9.68,42.68,-3.18,8.37,0,0,0,0.0,0.0,0.0
1787615788.559228,08:56:28.559,2051,64.44,27.33,1011.35,15.829,0.0,0.0,0.0,-0.27,-0.12,0.07,-0.27,1.43,-0.54,9.68,42.68,-3.18,8.37,0,0,0,0.0,0.0,0.0
1787615788.560136,08:56:28.560,2052,64.45,27.33,1011.35,15.829,0.0,0.0,0.0,-0.27,-0.12,0.07,-0.27,1.43,-0.54,9.68,42.68,-3.18,8.37,0,0,0,0.0,0.0,0.0
1787615788.560851,08:56:28.560,2053,64.46,27.33,1011.35,15.829,0.0,0.0,0.0,-0.27,-0.12,0.07,-0.27,1.43,-0.54,9.68,42.68,-3.18,8.37,0,0,0,0.0,0.0,0.0
1787615788.561541,08:56:28.561,2054,64.47,27.33,1011.35,15.829,0.0,0.0,0.0,-0.27,-0.12,0.07,-0.27,1.43,-0.54,9.68,42.68,-3.18,8.37,0,0,0,0.0,0.0,0.0
1787615788.562233,08:56:28.562,2055,64.48,27.33,1011.35,15.829,0.0,0.0,0.0,-0.27,-0.12,0.07,-0.27,1.43,-0.54,9.68,42.68,-3.18,8.37,0,0,0,0.0,0.0,0.0
1787615788.562675,08:56:28.562,2056,64.49,27.33,1011.35,15.829,0.0,0.0,0.0,-0.27,-0.12,0.07,-0.27,1.43,-0.54,9.68,42.68,-3.18,8.37,0,0,0,0.0,0.0,0.0
1787615788.563037,08:56:28.563,2057,64.5,27.33,1011.35,15.829,0.0,0.0,0.0,-0.27,-0.12,0.07,-0.27,1.43,-0.54,9.68,42.68,-3.18,8.37,0,0,0,0.0,0.0,0.0
1787615788.563392,08:56:28.563,2058,64.51,27.33,1011.35,15.829,0.0,0.0,0.0,-0.27,-0.12,0.07,-0.27,1.43,-0.54,9.68,42.68,-3.18,8.37,0,0,0,0.0,0.0,0.0
1787615788.563746,08:56:28.563,2059,64.52,27.33,1011.35,15.829,0.0,0.0,0.0,-0.27,-0.12,0.07,-0.27,1.43,-0.54,9.68,42.68,-3.18,8.37,0,0,0,0.0,0.0,0.0
1787615788.564094,08:56:28.564,2060,64.53,27.33,1011.35,15.829,0.0,0.0,0.0,-0.26,-0.13,-0.03,-0.26,1.43,-0.54,9.68,42.68,-3.18,8.37,0,0,0,0.0,0.0,0.0
1787615788.564424,08:56:28.564,2061,64.54,27.33,1011.35,15.829,0.0,0.0,0.0,-0.26,-0.13,-0.03,-0.26,1.43,-0.54,9.68,42.68,-3.18,8.37,0,0,0,0.0,0.0,0.0
1787615788.564810,08:56:28.564,2062,64.55,27.33,1011.35,15.829,0.0,0.0,0.0,-0.26,-0.13,-0.03,-0.26,1.43,-0.54,9.68,42.68,-3.18,8.37,0,0,0,0.0,0.0,0.0
1787615788.666348,08:56:28.666,2063,64.56,27.33,1011.35,15.829,0.0,0.0,0.0,-0.26,-0.13,-0.03,-0.26,1.43,-0.54,9.68,42.68,-3.18,8.37,0,0,0,0.0,0.0,0.0
1787615788.666695,08:56:28.666,2064,64.57,27.33,1011.38,15.581,0.0,0.0,0.0,-0.26,-0.13,-0.03,-0.26,1.43,-0.54,9.68,42.68,-3.18,8.37,0,0,0,0.0,0.0,0.0
1787615788.666928,08:56:28.666,2065,64.58,27.33,1011.38,15.581,0.0,0.0,0.0,-0.26,-0.13,-0.03,-0.26,1.43,-0.54,9.68,42.68,-3.18,8.37,0,0,0,0.0,0.0,0.0
1787615788.667156,08:56:28.667,2066,64.59,27.33,1011.38,15.581,0.0,0.0,0.0,-0.26,-0.13,-0.03,-0.26,1.43,-0.54,9.68,42.68,-3.18,8.37,0,0,0,0.0,0.0,0.0
1787615788.667380,08:56:28.667,2067,64.6,27.33,1011.38,15.581,0.0,0.0,0.0,-0.26,-0.13,-0.03,-0.26,1.43,-0.54,9.68,42.68,-3.18,8.37,0,0,0,0.0,0.0,0.0
1787615788.667601,08:56:28.667,2068,64.61,27.33,1011.38,15.581,0.0,0.0,0.0,-0.26,-0.13,-0.03,-0.26,1.43,-0.54,9.68,42.68,-3.18,8.37,0,0,0,0.0,0.0,0.0
1787615788.667821,08:56:28.667,2069,64.62,27.33,1011.38,15.581,0.0,0.0,0.0,-0.26,-0.13,-0.03,-0.26,1.43,-0.54,9.68,42.68,-3.18,8.37,0,0,0,0.0,0.0,0.0
1787615788.668047,08:56:28.668,2070,64.63,27.33,1011.38,15.581,0.0,0.0,0.0,-0.2,-0.16,0.0,-0.2,1.43,-0.54,9.68,42.68,-3.18,8.37,0,0,0,0.0,0.0,0.0
1787615788.769473,08:56:28.769,2071,64.64,27.33,1011.38,15.581,0.0,0.0,0.0,-0.2,-0.16,0.0,-0.2,1.43,-0.54,9.68,42.68,-3.18,8.37,0,0,0,0.0,0.0,0.0
1787615788.769845,08:56:28.769,2072,64.65,27.33,1011.38,15.581,0.0,0.0,0.0,-0.2,-0.16,0.0,-0.2,1.43,-0.54,9.68,42.68,-3.18,8.37,0,0,0,0.0,0.0,0.0
1787615788.770078,08:56:28.770,2073,64.66,27.33,1011.38,15.581,0.0,0.0,0.0,-0.2,-0.16,0.0,-0.2,1.43,-0.54,9.68,42.68,-3.18,8.37,0,0,0,0.0,0.0,0.0
1787615788.770305,08:56:28.770,2074,64.67,27.33,1011.38,15.581,0.0,0.0,0.0,-0.2,-0.16,0.0,-0.2,1.43,-0.54,9.68,42.68,-3.18,8.37,0,0,0,0.0,0.0,0.0
1787615788.770528,08:56:28.770,2075,64.68,27.33,1011.38,15.581,0.0,0.0,0.0,-0.2,-0.16,0.0,-0.2,1.43,-0.54,9.68,42.68,-3.18,8.37,0,0,0,0.0,0.0,0.0
1787615788.770751,08:56:28.770,2076,64.69,27.33,1011.38,15.581,0.0,0.0,0.0,-0.2,-0.16,0.0,-0.2,1.43,-0.54,9.68,42.68,-3.18,8.37,0,0,0,0.0,0.0,0.0
1787615788.770974,08:56:28.770,2077,64.7,27.33,1011.38,15.581,0.0,0.0,0.0,-0.2,-0.16,0.0,-0.2,1.43,-0.54,9.68,42.68,-3.18,8.37,0,0,0,0.0,0.0,0.0
1787615788.872500,08:56:28.872,2078,64.71,27.33,1011.38,15.581,0.0,0.0,0.0,-0.2,-0.16,0.0,-0.2,1.43,-0.54,9.68,42.68,-3.18,8.37,0,0,0,0.0,0.0,0.0
1787615788.873681,08:56:28.873,2079,64.72,27.33,1011.38,15.581,0.0,0.0,0.0,-0.2,-0.16,0.0,-0.2,1.43,-0.54,9.68,42.68,-3.18,8.37,0,0,0,0.0,0.0,0.0
1787615788.874062,08:56:28.874,2080,64.73,27.33,1011.38,15.581,0.0,0.0,0.0,-0.28,-0.15,0.02,-0.28,1.43,-0.54,9.68,42.68,-3.18,8.37,0,0,0,0.0,0.0,0.0
1787615788.874635,08:56:28.874,2081,64.74,27.33,1011.38,15.581,0.0,0.0,0.0,-0.28,-0.15,0.02,-0.28,1.43,-0.54,9.68,42.68,-3.18,8.37,0,0,0,0.0,0.0,0.0
1787615788.874976,08:56:28.874,2082,64.75,27.33,1011.38,15.581,0.0,0.0,0.0,-0.28,-0.15,0.02,-0.28,1.43,-0.54,9.68,42.68,-3.18,8.37,0,0,0,0.0,0.0,0.0
1787615788.875260,08:56:28.875,2083,64.76,27.33,1011.38,15.581,0.0,0.0,0.0,-0.28,-0.15,0.02,-0.28,1.43,-0.54,9.68,42.68,-3.18,8.37,0,0,0,0.0,0.0,0.0
1787615788.875544,08:56:28.875,2084,64.77,27.31,1011.32,16.08,0.0,0.0,0.0,-0.28,-0.15,0.02,-0.28,1.43,-0.54,9.68,42.68,-3.18,8.37,0,0,0,0.0,0.0,0.0
1787615788.875964,08:56:28.875,2085,64.78,27.31,1011.32,16.08,0.0,0.0,0.0,-0.28,-0.15,0.02,-0.28,1.43,-0.54,9.68,42.68,-3.18,8.37,0,0,0,0.0,0.0,0.0
1787615788.876341,08:56:28.876,2086,64.79,27.31,1011.32,16.08,0.0,0.0,0.0,-0.28,-0.15,0.02,-0.28,1.43,-0.54,9.68,42.68,-3.18,8.37,0,0,0,0.0,0.0,0.0
1787615788.876690,08:56:28.876,2087,64.8,27.31,1011.32,16.08,0.0,0.0,0.0,-0.28,-0.15,0.02,-0.28,1.43,-0.54,9.68,42.68,-3.18,8.37,0,0,0,0.0,0.0,0.0
1787615788.877008,08:56:28.877,2088,64.81,27.31,1011.32,16.08,0.0,0.0,0.0,-0.28,-0.15,0.02,-0.28,1.43,-0.54,9.68,42.68,-3.18,8.37,0,0,0,0.0,0.0,0.0
1787615788.877294,08:56:28.877,2089,64.82,27.31,1011.32,16.08,0.0,0.0,0.0,-0.28,-0.15,0.02,-0.28,1.43,-0.54,9.68,42.68,-3.18,8.37,0,0,0,0.0,0.0,0.0
1787615788.877703,08:56:28.877,2090,64.83,27.31,1011.32,16.08,0.0,0.0,0.0,-0.26,-0.14,0.01,-0.26,1.43,-0.54,9.68,42.68,-3.18,8.37,0,0,0,0.0,0.0,0.0
1787615788.878160,08:56:28.878,2091,64.84,27.31,1011.32,16.08,0.0,0.0,0.0,-0.26,-0.14,0.01,-0.26,1.43,-0.54,9.68,42.68,-3.18,8.37,0,0,0,0.0,0.0,0.0
1787615788.878432,08:56:28.878,2092,64.85,27.31,1011.32,16.08,0.0,0.0,0.0,-0.26,-0.14,0.01,-0.26,1.43,-0.54,9.68,42.68,-3.18,8.37,0,0,0,0.0,0.0,0.0
1787615788.878694,08:56:28.878,2093,64.86,27.31,1011.32,16.08,0.0,0.0,0.0,-0.26,-0.14,0.01,-0.26,1.43,-0.54,9.68,42.68,-3.18,8.37,0,0,0,0.0,0.0,0.0
1787615788.878969,08:56:28.878,2094,64.87,27.31,1011.32,16.08,0.0,0.0,0.0,-0.26,-0.14,0.01,-0.26,1.43,-0.54,9.68,42.68,-3.18,8.37,0,0,0,0.0,0.0,0.0
1787615788.980367,08:56:28.980,2095,64.88,27.31,1011.32,16.08,0.0,0.0,0.0,-0.26,-0.14,0.01,-0.26,1.43,-0.54,9.68,42.68,-3.18,8.37,0,0,0,0.0,0.0,0.0
1787615788.981168,08:56:28.981,2096,64.89,27.31,1011.32,16.08,0.0,0.0,0.0,-0.26,-0.14,0.01,-0.26,1.43,-0.54,9.68,42.68,-3.18,8.37,0,0,0,0.0,0.0,0.0
1787615788.981453,08:56:28.981,2097,64.9,27.31,1011.32,16.08,0.0,0.0,0.0,-0.26,-0.14,0.01,-0.26,1.43,-0.54,9.68,42.68,-3.18,8.37,0,0,0,0.0,0.0,0.0
1787615788.981728,08:56:28.981,2098,64.91,27.31,1011.32,16.08,0.0,0.0,0.0,-0.26,-0.14,0.01,-0.26,1.43,-0.54,9.68,42.68,-3.18,8.37,0,0,0,0.0,0.0,0.0
1787615788.982006,08:56:28.982,2099,64.92,27.31,1011.32,16.08,0.0,0.0,0.0,-0.26,-0.14,0.01,-0.26,1.43,-0.54,9.68,42.68,-3.18,8.37,0,0,0,0.0,0.0,0.0
1787615788.982269,08:56:28.982,2100,64.93,27.31,1011.32,16.08,0.0,0.0,0.0,-0.25,-0.14,0.05,-0.25,1.43,-0.54,9.68,42.68,-3.18,8.37,0,0,0,0.0,0.0,0.0
1787615788.982529,08:56:28.982,2101,64.94,27.31,1011.32,16.08,0.0,0.0,0.0,-0.25,-0.14,0.05,-0.25,1.43,-0.54,9.68,42.68,-3.18,8.37,0,0,0,0.0,0.0,0.0
1787615788.982794,08:56:28.982,2102,64.95,27.31,1011.32,16.08,0.0,0.0,0.0,-0.25,-0.14,0.05,-0.25,1.43,-0.54,9.68,42.68,-3.18,8.37,0,0,0,0.0,0.0,0.0
1787615788.983052,08:56:28.983,2103,64.96,27.31,1011.32,16.08,0.0,0.0,0.0,-0.25,-0.14,0.05,-0.25,1.43,-0.54,9.68,42.68,-3.18,8.37,0,0,0,0.0,0.0,0.0
1787615788.983313,08:56:28.983,2104,64.97,27.34,1011.36,15.747,0.0,0.0,0.0,-0.25,-0.14,0.05,-0.25,1.43,-0.54,9.68,42.68,-3.18,8.37,0,0,0,0.0,0.0,0.0
1787615789.084882,08:56:29.084,2105,64.98,27.34,1011.36,15.747,0.0,0.0,0.0,-0.25,-0.14,0.05,-0.25,1.43,-0.54,9.68,42.68,-3.18,8.37,0,0,0,0.0,0.0,0.0
1787615789.086281,08:56:29.086,2106,64.99,27.34,1011.36,15.747,0.0,0.0,0.0,-0.25,-0.14,0.05,-0.25,1.43,-0.54,9.68,42.68,-3.18,8.37,0,0,0,0.0,0.0,0.0
1787615789.086973,08:56:29.086,2107,65.0,27.34,1011.36,15.747,0.0,0.0,0.0,-0.25,-0.14,0.05,-0.25,1.43,-0.54,9.68,42.68,-3.18,8.37,0,0,0,0.0,0.0,0.0
1787615789.087639,08:56:29.087,2108,65.01,27.34,1011.36,15.747,0.0,0.0,0.0,-0.25,-0.14,0.05,-0.25,1.43,-0.54,9.68,42.68,-3.18,8.37,0,0,0,0.0,0.0,0.0
1787615789.088067,08:56:29.088,2109,65.02,27.34,1011.36,15.747,0.0,0.0,0.0,-0.25,-0.14,0.05,-0.25,1.43,-0.54,9.68,42.68,-3.18,8.37,0,0,0,0.0,0.0,0.0
1787615789.088499,08:56:29.088,2110,65.03,27.34,1011.36,15.747,0.0,0.0,0.0,-0.26,-0.14,0.04,-0.26,1.43,-0.54,9.68,42.68,-3.18,8.37,0,0,0,0.0,0.0,0.0
1787615789.088893,08:56:29.088,2111,65.04,27.34,1011.36,15.747,0.0,0.0,0.0,-0.26,-0.14,0.04,-0.26,1.43,-0.54,9.68,42.68,-3.18,8.37,0,0,0,0.0,0.0,0.0
1787615789.089360,08:56:29.089,2112,65.05,27.34,1011.36,15.747,0.0,0.0,0.0,-0.26,-0.14,0.04,-0.26,1.43,-0.54,9.68,42.68,-3.18,8.37,0,0,0,0.0,0.0,0.0
1787615789.089709,08:56:29.089,2113,65.06,27.34,1011.36,15.747,0.0,0.0,0.0,-0.26,-0.14,0.04,-0.26,1.43,-0.54,9.68,42.68,-3.18,8.37,0,0,0,0.0,0.0,0.0
1787615789.090033,08:56:29.090,2114,65.07,27.34,1011.36,15.747,0.0,0.0,0.0,-0.26,-0.14,0.04,-0.26,1.43,-0.54,9.68,42.68,-3.18,8.37,0,0,0,0.0,0.0,0.0
1787615789.090362,08:56:29.090,2115,65.08,27.34,1011.36,15.747,0.0,0.0,0.0,-0.26,-0.14,0.04,-0.26,1.43,-0.54,9.68,42.68,-3.18,8.37,0,0,0,0.0,0.0,0.0
1787615789.191161,08:56:29.191,2116,65.09,27.34,1011.36,15.747,0.0,0.0,0.0,-0.26,-0.14,0.04,-0.26,1.43,-0.54,9.68,42.68,-3.18,8.37,0,0,0,0.0,0.0,0.0
1787615789.192535,08:56:29.192,2117,65.1,27.34,1011.36,15.747,0.0,0.0,0.0,-0.26,-0.14,0.04,-0.26,1.43,-0.54,9.68,42.68,-3.18,8.37,0,0,0,0.0,0.0,0.0
1787615789.193240,08:56:29.193,2118,65.11,27.34,1011.36,15.747,0.0,0.0,0.0,-0.26,-0.14,0.04,-0.26,1.43,-0.54,9.68,42.68,-3.18,8.37,0,0,0,0.0,0.0,0.0
1787615789.193909,08:56:29.193,2119,65.12,27.34,1011.36,15.747,0.0,0.0,0.0,-0.26,-0.14,0.04,-0.26,1.43,-0.54,9.68,42.68,-3.18,8.37,0,0,0,0.0,0.0,0.0
1787615789.194437,08:56:29.194,2120,65.13,27.34,1011.36,15.747,0.0,0.0,0.0,-0.3,-0.14,-0.03,-0.3,1.43,-0.54,9.68,42.68,-3.18,8.37,0,0,0,0.0,0.0,0.0
1787615789.194820,08:56:29.194,2121,65.14,27.34,1011.36,15.747,0.0,0.0,0.0,-0.3,-0.14,-0.03,-0.3,1.43,-0.54,9.68,42.68,-3.18,8.37,0,0,0,0.0,0.0,0.0
1787615789.195208,08:56:29.195,2122,65.15,27.34,1011.36,15.747,0.0,0.0,0.0,-0.3,-0.14,-0.03,-0.3,1.43,-0.54,9.68,42.68,-3.18,8.37,0,0,0,0.0,0.0,0.0
1787615789.195603,08:56:29.195,2123,65.16,27.34,1011.36,15.747,0.0,0.0,0.0,-0.3,-0.14,-0.03,-0.3,1.43,-0.54,9.68,42.68,-3.18,8.37,0,0,0,0.0,0.0,0.0
1787615789.195986,08:56:29.195,2124,65.17,27.33,1011.35,15.829,0.0,0.0,0.0,-0.3,-0.14,-0.03,-0.3,1.43,-0.54,9.68,42.68,-3.18,8.37,0,0,0,0.0,0.0,0.0
1787615789.196675,08:56:29.196,2125,65.18,27.33,1011.35,15.829,0.0,0.0,0.0,-0.3,-0.14,-0.03,-0.3,1.43,-0.54,9.68,42.68,-3.18,8.37,0,0,0,0.0,0.0,0.0
1787615789.298253,08:56:29.298,2126,65.19,27.33,1011.35,15.829,0.0,0.0,0.0,-0.3,-0.14,-0.03,-0.3,1.43,-0.54,9.68,42.68,-3.18,8.37,0,0,0,0.0,0.0,0.0
1787615789.298746,08:56:29.298,2127,65.2,27.33,1011.35,15.829,0.0,0.0,0.0,-0.3,-0.14,-0.03,-0.3,1.43,-0.54,9.68,42.68,-3.18,8.37,0,0,0,0.0,0.0,0.0
1787615789.298979,08:56:29.298,2128,65.21,27.33,1011.35,15.829,0.0,0.0,0.0,-0.3,-0.14,-0.03,-0.3,1.43,-0.54,9.68,42.68,-3.18,8.37,0,0,0,0.0,0.0,0.0
1787615789.299209,08:56:29.299,2129,65.22,27.33,1011.35,15.829,0.0,0.0,0.0,-0.3,-0.14,-0.03,-0.3,1.43,-0.54,9.68,42.68,-3.18,8.37,0,0,0,0.0,0.0,0.0
1787615789.299432,08:56:29.299,2130,65.23,27.33,1011.35,15.829,0.0,0.0,0.0,-0.25,-0.15,-0.03,-0.25,1.43,-0.54,9.68,42.68,-3.18,8.37,0,0,0,0.0,0.0,0.0
1787615789.299654,08:56:29.299,2131,65.24,27.33,1011.35,15.829,0.0,0.0,0.0,-0.25,-0.15,-0.03,-0.25,1.43,-0.54,9.68,42.68,-3.18,8.37,0,0,0,0.0,0.0,0.0
1787615789.299872,08:56:29.299,2132,65.25,27.33,1011.35,15.829,0.0,0.0,0.0,-0.25,-0.15,-0.03,-0.25,1.43,-0.54,9.68,42.68,-3.18,8.37,0,0,0,0.0,0.0,0.0
1787615789.300095,08:56:29.300,2133,65.26,27.33,1011.35,15.829,0.0,0.0,0.0,-0.25,-0.15,-0.03,-0.25,1.43,-0.54,9.68,42.68,-3.18,8.37,0,0,0,0.0,0.0,0.0
1787615789.300315,08:56:29.300,2134,65.27,27.33,1011.35,15.829,0.0,0.0,0.0,-0.25,-0.15,-0.03,-0.25,1.43,-0.54,9.68,42.68,-3.18,8.37,0,0,0,0.0,0.0,0.0
1787615789.300540,08:56:29.300,2135,65.28,27.33,1011.35,15.829,0.0,0.0,0.0,-0.25,-0.15,-0.03,-0.25,1.43,-0.54,9.68,42.68,-3.18,8.37,0,0,0,0.0,0.0,0.0
1787615789.422848,08:56:29.422,2136,65.29,27.33,1011.35,15.829,0.0,0.0,0.0,-0.25,-0.15,-0.03,-0.25,1.43,-0.54,9.68,42.68,-3.18,8.37,0,0,0,0.0,0.0,0.0
1787615789.423217,08:56:29.423,2137,65.3,27.33,1011.35,15.829,0.0,0.0,0.0,-0.25,-0.15,-0.03,-0.25,1.43,-0.54,9.68,42.68,-3.18,8.37,0,0,0,0.0,0.0,0.0
1787615789.423398,08:56:29.423,2138,65.31,27.33,1011.35,15.829,0.0,0.0,0.0,-0.25,-0.15,-0.03,-0.25,1.43,-0.54,9.68,42.68,-3.18,8.37,0,0,0,0.0,0.0,0.0
1787615789.423558,08:56:29.423,2139,65.32,27.33,1011.35,15.829,0.0,0.0,0.0,-0.25,-0.15,-0.03,-0.25,1.43,-0.54,9.68,42.68,-3.18,8.37,0,0,0,0.0,0.0,0.0
1787615789.423712,08:56:29.423,2140,65.33,27.33,1011.35,15.829,0.0,0.0,0.0,-0.37,-0.12,-0.03,-0.37,1.43,-0.54,9.68,42.68,-3.18,8.37,0,0,0,0.0,0.0,0.0
1787615789.423863,08:56:29.423,2141,65.34,27.33,1011.35,15.829,0.0,0.0,0.0,-0.37,-0.12,-0.03,-0.37,1.43,-0.54,9.68,42.68,-3.18,8.37,0,0,0,0.0,0.0,0.0
1787615789.424016,08:56:29.424,2142,65.35,27.33,1011.35,15.829,0.0,0.0,0.0,-0.37,-0.12,-0.03,-0.37,1.43,-0.54,9.68,42.68,-3.18,8.37,0,0,0,0.0,0.0,0.0
1787615789.424166,08:56:29.424,2143,65.36,27.33,1011.35,15.829,0.0,0.0,0.0,-0.37,-0.12,-0.03,-0.37,1.43,-0.54,9.68,42.68,-3.18,8.37,0,0,0,0.0,0.0,0.0
1787615789.424316,08:56:29.424,2144,65.37,27.32,1011.34,15.914,0.0,0.0,0.0,-0.37,-0.12,-0.03,-0.37,1.43,-0.54,9.68,42.68,-3.18,8.37,0,0,0,0.0,0.0,0.0
1787615789.424469,08:56:29.424,2145,65.38,27.32,1011.34,15.914,0.0,0.0,0.0,-0.37,-0.12,-0.03,-0.37,1.43,-0.54,9.68,42.68,-3.18,8.37,0,0,0,0.0,0.0,0.0
1787615789.424620,08:56:29.424,2146,65.39,27.32,1011.34,15.914,0.0,0.0,0.0,-0.37,-0.12,-0.03,-0.37,1.43,-0.54,9.68,42.68,-3.18,8.37,0,0,0,0.0,0.0,0.0
1787615789.424768,08:56:29.424,2147,65.4,27.32,1011.34,15.914,0.0,0.0,0.0,-0.37,-0.12,-0.03,-0.37,1.43,-0.54,9.68,42.68,-3.18,8.37,0,0,0,0.0,0.0,0.0
1787615789.424904,08:56:29.424,2148,65.41,27.32,1011.34,15.914,0.0,0.0,0.0,-0.37,-0.12,-0.03,-0.37,1.43,-0.54,9.68,42.68,-3.18,8.37,0,0,0,0.0,0.0,0.0
1787615789.526305,08:56:29.526,2149,65.42,27.32,1011.34,15.914,0.0,0.0,0.0,-0.37,-0.12,-0.03,-0.37,1.43,-0.54,9.68,42.68,-3.18,8.37,0,0,0,0.0,0.0,0.0
1787615789.527127,08:56:29.527,2150,65.43,27.32,1011.34,15.914,0.0,0.0,0.0,-0.34,-0.14,-0.03,-0.34,1.43,-0.54,9.68,42.68,-3.18,8.37,0,0,0,0.0,0.0,0.0
1787615789.527455,08:56:29.527,2151,65.44,27.32,1011.34,15.914,0.0,0.0,0.0,-0.34,-0.14,-0.03,-0.34,1.43,-0.54,9.68,42.68,-3.18,8.37,0,0,0,0.0,0.0,0.0
1787615789.527758,08:56:29.527,2152,65.45,27.32,1011.34,15.914,0.0,0.0,0.0,-0.34,-0.14,-0.03,-0.34,1.43,-0.54,9.68,42.68,-3.18,8.37,0,0,0,0.0,0.0,0.0
1787615789.528054,08:56:29.528,2153,65.46,27.32,1011.34,15.914,0.0,0.0,0.0,-0.34,-0.14,-0.03,-0.34,1.43,-0.54,9.68,42.68,-3.18,8.37,0,0,0,0.0,0.0,0.0
1787615789.528335,08:56:29.528,2154,65.47,27.32,1011.34,15.914,0.0,0.0,0.0,-0.34,-0.14,-0.03,-0.34,1.43,-0.54,9.68,42.68,-3.18,8.37,0,0,0,0.0,0.0,0.0
1787615789.528618,08:56:29.528,2155,65.48,27.32,1011.34,15.914,0.0,0.0,0.0,-0.34,-0.14,-0.03,-0.34,1.43,-0.54,9.68,42.68,-3.18,8.37,0,0,0,0.0,0.0,0.0
1787615789.528915,08:56:29.528,2156,65.49,27.32,1011.34,15.914,0.0,0.0,0.0,-0.34,-0.14,-0.03,-0.34,1.43,-0.54,9.68,42.68,-3.18,8.37,0,0,0,0.0,0.0,0.0
1787615789.529209,08:56:29.529,2157,65.5,27.32,1011.34,15.914,0.0,0.0,0.0,-0.34,-0.14,-0.03,-0.34,1.43,-0.54,9.68,42.68,-3.18,8.37,0,0,0,0.0,0.0,0.0
1787615789.529467,08:56:29.529,2158,65.51,27.32,1011.34,15.914,0.0,0.0,0.0,-0.34,-0.14,-0.03,-0.34,1.43,-0.54,9.68,42.68,-3.18,8.37,0,0,0,0.0,0.0,0.0
1787615789.630479,08:56:29.630,2159,65.52,27.32,1011.34,15.914,0.0,0.0,0.0,-0.34,-0.14,-0.03,-0.34,1.43,-0.54,9.68,42.68,-3.18,8.37,0,0,0,0.0,0.0,0.0
1787615789.631908,08:56:29.631,2160,65.53,27.32,1011.34,15.914,0.0,0.0,0.0,-0.26,-0.16,0.0,-0.26,1.43,-0.54,9.68,42.68,-3.18,8.37,0,0,0,0.0,0.0,0.0
1787615789.632555,08:56:29.632,2161,65.54,27.32,1011.34,15.914,0.0,0.0,0.0,-0.26,-0.16,0.0,-0.26,1.43,-0.54,9.68,42.68,-3.18,8.37,0,0,0,0.0,0.0,0.0
1787615789.633051,08:56:29.633,2162,65.55,27.32,1011.34,15.914,0.0,0.0,0.0,-0.26,-0.16,0.0,-0.26,1.43,-0.54,9.68,42.68,-3.18,8.37,0,0,0,0.0,0.0,0.0
1787615789.633475,08:56:29.633,2163,65.56,27.32,1011.34,15.914,0.0,0.0,0.0,-0.26,-0.16,0.0,-0.26,1.43,-0.54,9.68,42.68,-3.18,8.37,0,0,0,0.0,0.0,0.0
1787615789.633865,08:56:29.633,2164,65.57,27.32,1011.35,15.829,0.0,0.0,0.0,-0.26,-0.16,0.0,-0.26,1.43,-0.54,9.68,42.68,-3.18,8.37,0,0,0,0.0,0.0,0.0
1787615789.634260,08:56:29.634,2165,65.58,27.32,1011.35,15.829,0.0,0.0,0.0,-0.26,-0.16,0.0,-0.26,1.43,-0.54,9.68,42.68,-3.18,8.37,0,0,0,0.0,0.0,0.0
1787615789.634631,08:56:29.634,2166,65.59,27.32,1011.35,15.829,0.0,0.0,0.0,-0.26,-0.16,0.0,-0.26,1.43,-0.54,9.68,42.68,-3.18,8.37,0,0,0,0.0,0.0,0.0
1787615789.634975,08:56:29.634,2167,65.6,27.32,1011.35,15.829,0.0,0.0,0.0,-0.26,-0.16,0.0,-0.26,1.43,-0.54,9.68,42.68,-3.18,8.37,0,0,0,0.0,0.0,0.0
1787615789.736545,08:56:29.736,2168,65.61,27.32,1011.35,15.829,0.0,0.0,0.0,-0.26,-0.16,0.0,-0.26,1.43,-0.54,9.68,42.68,-3.18,8.37,0,0,0,0.0,0.0,0.0
1787615789.737004,08:56:29.737,2169,65.62,27.32,1011.35,15.829,0.0,0.0,0.0,-0.26,-0.16,0.0,-0.26,1.43,-0.54,9.68,42.68,-3.18,8.37,0,0,0,0.0,0.0,0.0
1787615789.737243,08:56:29.737,2170,65.63,27.32,1011.35,15.829,0.0,0.0,0.0,-0.26,-0.12,0.01,-0.26,1.43,-0.54,9.68,42.68,-3.18,8.37,0,0,0,0.0,0.0,0.0
1787615789.737471,08:56:29.737,2171,65.64,27.32,1011.35,15.829,0.0,0.0,0.0,-0.26,-0.12,0.01,-0.26,1.43,-0.54,9.68,42.68,-3.18,8.37,0,0,0,0.0,0.0,0.0
1787615789.737696,08:56:29.737,2172,65.65,27.32,1011.35,15.829,0.0,0.0,0.0,-0.26,-0.12,0.01,-0.26,1.43,-0.54,9.68,42.68,-3.18,8.37,0,0,0,0.0,0.0,0.0
1787615789.737925,08:56:29.737,2173,65.66,27.32,1011.35,15.829,0.0,0.0,0.0,-0.26,-0.12,0.01,-0.26,1.43,-0.54,9.68,42.68,-3.18,8.37,0,0,0,0.0,0.0,0.0
1787615789.738152,08:56:29.738,2174,65.67,27.32,1011.35,15.829,0.0,0.0,0.0,-0.26,-0.12,0.01,-0.26,1.43,-0.54,9.68,42.68,-3.18,8.37,0,0,0,0.0,0.0,0.0
1787615789.738378,08:56:29.738,2175,65.68,27.32,1011.35,15.829,0.0,0.0,0.0,-0.26,-0.12,0.01,-0.26,1.43,-0.54,9.68,42.68,-3.18,8.37,0,0,0,0.0,0.0,0.0
1787615789.738598,08:56:29.738,2176,65.69,27.32,1011.35,15.829,0.0,0.0,0.0,-0.26,-0.12,0.01,-0.26,1.43,-0.54,9.68,42.68,-3.18,8.37,0,0,0,0.0,0.0,0.0
1787615789.738820,08:56:29.738,2177,65.7,27.32,1011.35,15.829,0.0,0.0,0.0,-0.26,-0.12,0.01,-0.26,1.43,-0.54,9.68,42.68,-3.18,8.37,0,0,0,0.0,0.0,0.0
1787615789.739043,08:56:29.739,2178,65.71,27.32,1011.35,15.829,0.0,0.0,0.0,-0.26,-0.12,0.01,-0.26,1.43,-0.54,9.68,42.68,-3.18,8.37,0,0,0,0.0,0.0,0.0
1787615789.739269,08:56:29.739,2179,65.72,27.32,1011.35,15.829,0.0,0.0,0.0,-0.26,-0.12,0.01,-0.26,1.43,-0.54,9.68,42.68,-3.18,8.37,0,0,0,0.0,0.0,0.0
1787615789.840766,08:56:29.840,2180,65.73,27.32,1011.35,15.829,0.0,0.0,0.0,-0.41,-0.15,-0.04,-0.41,1.43,-0.54,9.68,42.68,-3.18,8.37,0,0,0,0.0,0.0,0.0
1787615789.842188,08:56:29.842,2181,65.74,27.32,1011.35,15.829,0.0,0.0,0.0,-0.41,-0.15,-0.04,-0.41,1.43,-0.54,9.68,42.68,-3.18,8.37,0,0,0,0.0,0.0,0.0
1787615789.842893,08:56:29.842,2182,65.75,27.32,1011.35,15.829,0.0,0.0,0.0,-0.41,-0.15,-0.04,-0.41,1.43,-0.54,9.68,42.68,-3.18,8.37,0,0,0,0.0,0.0,0.0
1787615789.843569,08:56:29.843,2183,65.76,27.32,1011.35,15.829,0.0,0.0,0.0,-0.41,-0.15,-0.04,-0.41,1.43,-0.54,9.68,42.68,-3.18,8.37,0,0,0,0.0,0.0,0.0
1787615789.843946,08:56:29.843,2184,65.77,27.3,1011.31,16.162,0.0,0.0,0.0,-0.41,-0.15,-0.04,-0.41,1.43,-0.54,9.68,42.68,-3.18,8.37,0,0,0,0.0,0.0,0.0
1787615789.844236,08:56:29.844,2185,65.78,27.3,1011.31,16.162,0.0,0.0,0.0,-0.41,-0.15,-0.04,-0.41,1.43,-0.54,9.68,42.68,-3.18,8.37,0,0,0,0.0,0.0,0.0
1787615789.844521,08:56:29.844,2186,65.79,27.3,1011.31,16.162,0.0,0.0,0.0,-0.41,-0.15,-0.04,-0.41,1.43,-0.54,9.68,42.68,-3.18,8.37,0,0,0,0.0,0.0,0.0
1787615789.844821,08:56:29.844,2187,65.8,27.3,1011.31,16.162,0.0,0.0,0.0,-0.41,-0.15,-0.04,-0.41,1.43,-0.54,9.68,42.68,-3.18,8.37,0,0,0,0.0,0.0,0.0
1787615789.845114,08:56:29.845,2188,65.81,27.3,1011.31,16.162,0.0,0.0,0.0,-0.41,-0.15,-0.04,-0.41,1.43,-0.54,9.68,42.68,-3.18,8.37,0,0,0,0.0,0.0,0.0
1787615789.845415,08:56:29.845,2189,65.82,27.3,1011.31,16.162,0.0,0.0,0.0,-0.41,-0.15,-0.04,-0.41,1.43,-0.54,9.68,42.68,-3.18,8.37,0,0,0,0.0,0.0,0.0
1787615789.845717,08:56:29.845,2190,65.83,27.3,1011.31,16.162,0.0,0.0,0.0,-0.25,-0.13,0.02,-0.25,1.43,-0.54,9.68,42.68,-3.18,8.37,0,0,0,0.0,0.0,0.0
1787615789.947320,08:56:29.947,2191,65.84,27.3,1011.31,16.162,0.0,0.0,0.0,-0.25,-0.13,0.02,-0.25,1.43,-0.54,9.68,42.68,-3.18,8.37,0,0,0,0.0,0.0,0.0
1787615789.948618,08:56:29.948,2192,65.85,27.3,1011.31,16.162,0.0,0.0,0.0,-0.25,-0.13,0.02,-0.25,1.43,-0.54,9.68,42.68,-3.18,8.37,0,0,0,0.0,0.0,0.0
1787615789.949329,08:56:29.949,2193,65.86,27.3,1011.31,16.162,0.0,0.0,0.0,-0.25,-0.13,0.02,-0.25,1.43,-0.54,9.68,42.68,-3.18,8.37,0,0,0,0.0,0.0,0.0
1787615789.949766,08:56:29.949,2194,65.87,27.3,1011.31,16.162,0.0,0.0,0.0,-0.25,-0.13,0.02,-0.25,1.43,-0.54,9.68,42.68,-3.18,8.37,0,0,0,0.0,0.0,0.0
1787615789.950175,08:56:29.950,2195,65.88,27.3,1011.31,16.162,0.0,0.0,0.0,-0.25,-0.13,0.02,-0.25,1.43,-0.54,9.68,42.68,-3.18,8.37,0,0,0,0.0,0.0,0.0
1787615789.950581,08:56:29.950,2196,65.89,27.3,1011.31,16.162,0.0,0.0,0.0,-0.25,-0.13,0.02,-0.25,1.43,-0.54,9.68,42.68,-3.18,8.37,0,0,0,0.0,0.0,0.0
1787615789.950992,08:56:29.950,2197,65.9,27.3,1011.31,16.162,0.0,0.0,0.0,-0.25,-0.13,0.02,-0.25,1.43,-0.54,9.68,42.68,-3.18,8.37,0,0,0,0.0,0.0,0.0
1787615789.951387,08:56:29.951,2198,65.91,27.3,1011.31,16.162,0.0,0.0,0.0,-0.25,-0.13,0.02,-0.25,1.43,-0.54,9.68,42.68,-3.18,8.37,0,0,0,0.0,0.0,0.0
1787615789.951739,08:56:29.951,2199,65.92,27.3,1011.31,16.162,0.0,0.0,0.0,-0.25,-0.13,0.02,-0.25,1.43,-0.54,9.68,42.68,-3.18,8.37,0,0,0,0.0,0.0,0.0
1787615789.952090,08:56:29.952,2200,65.93,27.3,1011.31,16.162,0.0,0.0,0.0,-0.22,-0.12,0.0,-0.22,1.43,-0.54,9.68,42.68,-3.18,8.37,0,0,0,0.0,0.0,0.0
1787615790.053580,08:56:30.053,2201,65.94,27.3,1011.31,16.162,0.0,0.0,0.0,-0.22,-0.12,0.0,-0.22,1.43,-0.54,9.68,42.68,-3.18,8.37,0,0,0,0.0,0.0,0.0
1787615790.054460,08:56:30.054,2202,65.95,27.3,1011.31,16.162,0.0,0.0,0.0,-0.22,-0.12,0.0,-0.22,1.43,-0.54,9.68,42.68,-3.18,8.37,0,0,0,0.0,0.0,0.0
1787615790.054825,08:56:30.054,2203,65.96,27.3,1011.31,16.162,0.0,0.0,0.0,-0.22,-0.12,0.0,-0.22,1.43,-0.54,9.68,42.68,-3.18,8.37,0,0,0,0.0,0.0,0.0
1787615790.055160,08:56:30.055,2204,65.97,27.31,1011.34,15.914,0.0,0.0,0.0,-0.22,-0.12,0.0,-0.22,1.43,-0.54,9.68,42.68,-3.18,8.37,0,0,0,0.0,0.0,0.0
1787615790.055493,08:56:30.055,2205,65.98,27.31,1011.34,15.914,0.0,0.0,0.0,-0.22,-0.12,0.0,-0.22,1.43,-0.54,9.68,42.68,-3.18,8.37,0,0,0,0.0,0.0,0.0
1787615790.055828,08:56:30.055,2206,65.99,27.31,1011.34,15.914,0.0,0.0,0.0,-0.22,-0.12,0.0,-0.22,1.43,-0.54,9.68,42.68,-3.18,8.37,0,0,0,0.0,0.0,0.0
1787615790.056165,08:56:30.056,2207,66.0,27.31,1011.34,15.914,0.0,0.0,0.0,-0.22,-0.12,0.0,-0.22,1.43,-0.54,9.68,42.68,-3.18,8.37,0,0,0,0.0,0.0,0.0
1787615790.056521,08:56:30.056,2208,66.01,27.31,1011.34,15.914,0.0,0.0,0.0,-0.22,-0.12,0.0,-0.22,1.43,-0.54,9.68,42.68,-3.18,8.37,0,0,0,0.0,0.0,0.0
1787615790.056867,08:56:30.056,2209,66.02,27.31,1011.34,15.914,0.0,0.0,0.0,-0.22,-0.12,0.0,-0.22,1.43,-0.54,9.68,42.68,-3.18,8.37,0,0,0,0.0,0.0,0.0
1787615790.057207,08:56:30.057,2210,66.03,27.31,1011.34,15.914,0.0,0.0,0.0,-0.09,-0.14,0.03,-0.09,1.43,-0.54,9.68,42.68,-3.18,8.37,0,0,0,0.0,0.0,0.0
1787615790.157983,08:56:30.157,2211,66.04,27.31,1011.34,15.914,0.0,0.0,0.0,-0.09,-0.14,0.03,-0.09,1.43,-0.54,9.68,42.68,-3.18,8.37,0,0,0,0.0,0.0,0.0
1787615790.159487,08:56:30.159,2212,66.05,27.31,1011.34,15.914,0.0,0.0,0.0,-0.09,-0.14,0.03,-0.09,1.43,-0.54,9.68,42.68,-3.18,8.37,0,0,0,0.0,0.0,0.0
1787615790.160203,08:56:30.160,2213,66.06,27.31,1011.34,15.914,0.0,0.0,0.0,-0.09,-0.14,0.03,-0.09,1.43,-0.54,9.68,42.68,-3.18,8.37,0,0,0,0.0,0.0,0.0
1787615790.160921,08:56:30.160,2214,66.07,27.31,1011.34,15.914,0.0,0.0,0.0,-0.09,-0.14,0.03,-0.09,1.43,-0.54,9.68,42.68,-3.18,8.37,0,0,0,0.0,0.0,0.0
1787615790.161514,08:56:30.161,2215,66.08,27.31,1011.34,15.914,0.0,0.0,0.0,-0.09,-0.14,0.03,-0.09,1.43,-0.54,9.68,42.68,-3.18,8.37,0,0,0,0.0,0.0,0.0
1787615790.161931,08:56:30.161,2216,66.09,27.31,1011.34,15.914,0.0,0.0,0.0,-0.09,-0.14,0.03,-0.09,1.43,-0.54,9.68,42.68,-3.18,8.37,0,0,0,0.0,0.0,0.0
1787615790.162353,08:56:30.162,2217,66.1,27.31,1011.34,15.914,0.0,0.0,0.0,-0.09,-0.14,0.03,-0.09,1.43,-0.54,9.68,42.68,-3.18,8.37,0,0,0,0.0,0.0,0.0
1787615790.162770,08:56:30.162,2218,66.11,27.31,1011.34,15.914,0.0,0.0,0.0,-0.09,-0.14,0.03,-0.09,1.43,-0.54,9.68,42.68,-3.18,8.37,0,0,0,0.0,0.0,0.0
1787615790.163181,08:56:30.163,2219,66.12,27.31,1011.34,15.914,0.0,0.0,0.0,-0.09,-0.14,0.03,-0.09,1.43,-0.54,9.68,42.68,-3.18,8.37,0,0,0,0.0,0.0,0.0
1787615790.163571,08:56:30.163,2220,66.13,27.31,1011.34,15.914,0.0,0.0,0.0,-0.26,-0.11,0.0,-0.26,1.43,-0.54,9.68,42.68,-3.18,8.37,0,0,0,0.0,0.0,0.0
1787615790.163922,08:56:30.163,2221,66.14,27.31,1011.34,15.914,0.0,0.0,0.0,-0.26,-0.11,0.0,-0.26,1.43,-0.54,9.68,42.68,-3.18,8.37,0,0,0,0.0,0.0,0.0
1787615790.164495,08:56:30.164,2222,66.15,27.31,1011.34,15.914,0.0,0.0,0.0,-0.26,-0.11,0.0,-0.26,1.43,-0.54,9.68,42.68,-3.18,8.37,0,0,0,0.0,0.0,0.0
1787615790.164862,08:56:30.164,2223,66.16,27.31,1011.34,15.914,0.0,0.0,0.0,-0.26,-0.11,0.0,-0.26,1.43,-0.54,9.68,42.68,-3.18,8.37,0,0,0,0.0,0.0,0.0
1787615790.266464,08:56:30.266,2224,66.17,27.32,1011.35,15.829,0.0,0.0,0.0,-0.26,-0.11,0.0,-0.26,1.43,-0.54,9.68,42.68,-3.18,8.37,0,0,0,0.0,0.0,0.0
1787615790.267519,08:56:30.267,2225,66.18,27.32,1011.35,15.829,0.0,0.0,0.0,-0.26,-0.11,0.0,-0.26,1.43,-0.54,9.68,42.68,-3.18,8.37,0,0,0,0.0,0.0,0.0
1787615790.268047,08:56:30.268,2226,66.19,27.32,1011.35,15.829,0.0,0.0,0.0,-0.26,-0.11,0.0,-0.26,1.43,-0.54,9.68,42.68,-3.18,8.37,0,0,0,0.0,0.0,0.0
1787615790.268493,08:56:30.268,2227,66.2,27.32,1011.35,15.829,0.0,0.0,0.0,-0.26,-0.11,0.0,-0.26,1.43,-0.54,9.68,42.68,-3.18,8.37,0,0,0,0.0,0.0,0.0
1787615790.268883,08:56:30.268,2228,66.21,27.32,1011.35,15.829,0.0,0.0,0.0,-0.26,-0.11,0.0,-0.26,1.43,-0.54,9.68,42.68,-3.18,8.37,0,0,0,0.0,0.0,0.0
1787615790.269263,08:56:30.269,2229,66.22,27.32,1011.35,15.829,0.0,0.0,0.0,-0.26,-0.11,0.0,-0.26,1.43,-0.54,9.68,42.68,-3.18,8.37,0,0,0,0.0,0.0,0.0
1787615790.270010,08:56:30.270,2230,66.23,27.32,1011.35,15.829,0.0,0.0,0.0,-0.28,-0.13,0.04,-0.28,1.43,-0.54,9.68,42.68,-3.18,8.37,0,0,0,0.0,0.0,0.0
1787615790.270641,08:56:30.270,2231,66.24,27.32,1011.35,15.829,0.0,0.0,0.0,-0.28,-0.13,0.04,-0.28,1.43,-0.54,9.68,42.68,-3.18,8.37,0,0,0,0.0,0.0,0.0
1787615790.270999,08:56:30.270,2232,66.25,27.32,1011.35,15.829,0.0,0.0,0.0,-0.28,-0.13,0.04,-0.28,1.43,-0.54,9.68,42.68,-3.18,8.37,0,0,0,0.0,0.0,0.0
1787615790.271341,08:56:30.271,2233,66.26,27.32,1011.35,15.829,0.0,0.0,0.0,-0.28,-0.13,0.04,-0.28,1.43,-0.54,9.68,42.68,-3.18,8.37,0,0,0,0.0,0.0,0.0
1787615790.372817,08:56:30.372,2234,66.27,27.32,1011.35,15.829,0.0,0.0,0.0,-0.28,-0.13,0.04,-0.28,1.43,-0.54,9.68,42.68,-3.18,8.37,0,0,0,0.0,0.0,0.0
1787615790.374227,08:56:30.374,2235,66.28,27.32,1011.35,15.829,0.0,0.0,0.0,-0.28,-0.13,0.04,-0.28,1.43,-0.54,9.68,42.68,-3.18,8.37,0,0,0,0.0,0.0,0.0
1787615790.374929,08:56:30.374,2236,66.29,27.32,1011.35,15.829,0.0,0.0,0.0,-0.28,-0.13,0.04,-0.28,1.43,-0.54,9.68,42.68,-3.18,8.37,0,0,0,0.0,0.0,0.0
1787615790.375567,08:56:30.375,2237,66.3,27.32,1011.35,15.829,0.0,0.0,0.0,-0.28,-0.13,0.04,-0.28,1.43,-0.54,9.68,42.68,-3.18,8.37,0,0,0,0.0,0.0,0.0
1787615790.375956,08:56:30.375,2238,66.31,27.32,1011.35,15.829,0.0,0.0,0.0,-0.28,-0.13,0.04,-0.28,1.43,-0.54,9.68,42.68,-3.18,8.37,0,0,0,0.0,0.0,0.0
1787615790.376539,08:56:30.376,2239,66.32,27.32,1011.35,15.829,0.0,0.0,0.0,-0.28,-0.13,0.04,-0.28,1.43,-0.54,9.68,42.68,-3.18,8.37,0,0,0,0.0,0.0,0.0
1787615790.376958,08:56:30.376,2240,66.33,27.32,1011.35,15.829,0.0,0.0,0.0,-0.28,-0.15,0.04,-0.28,1.43,-0.54,9.68,42.68,-3.18,8.37,0,0,0,0.0,0.0,0.0
1787615790.377354,08:56:30.377,2241,66.34,27.32,1011.35,15.829,0.0,0.0,0.0,-0.28,-0.15,0.04,-0.28,1.43,-0.54,9.68,42.68,-3.18,8.37,0,0,0,0.0,0.0,0.0
1787615790.377706,08:56:30.377,2242,66.35,27.32,1011.35,15.829,0.0,0.0,0.0,-0.28,-0.15,0.04,-0.28,1.43,-0.54,9.68,42.68,-3.18,8.37,0,0,0,0.0,0.0,0.0
1787615790.378048,08:56:30.378,2243,66.36,27.32,1011.35,15.829,0.0,0.0,0.0,-0.28,-0.15,0.04,-0.28,1.43,-0.54,9.68,42.68,-3.18,8.37,0,0,0,0.0,0.0,0.0
1787615790.479596,08:56:30.479,2244,66.37,27.31,1011.35,15.829,0.0,0.0,0.0,-0.28,-0.15,0.04,-0.28,1.43,-0.54,9.68,42.68,-3.18,8.37,0,0,0,0.0,0.0,0.0
1787615790.480139,08:56:30.480,2245,66.38,27.31,1011.35,15.829,0.0,0.0,0.0,-0.28,-0.15,0.04,-0.28,1.43,-0.54,9.68,42.68,-3.18,8.37,0,0,0,0.0,0.0,0.0
1787615790.480426,08:56:30.480,2246,66.39,27.31,1011.35,15.829,0.0,0.0,0.0,-0.28,-0.15,0.04,-0.28,1.43,-0.54,9.68,42.68,-3.18,8.37,0,0,0,0.0,0.0,0.0
1787615790.480657,08:56:30.480,2247,66.4,27.31,1011.35,15.829,0.0,0.0,0.0,-0.28,-0.15,0.04,-0.28,1.43,-0.54,9.68,42.68,-3.18,8.37,0,0,0,0.0,0.0,0.0
1787615790.480884,08:56:30.480,2248,66.41,27.31,1011.35,15.829,0.0,0.0,0.0,-0.28,-0.15,0.04,-0.28,1.43,-0.54,9.68,42.68,-3.18,8.37,0,0,0,0.0,0.0,0.0
1787615790.481110,08:56:30.481,2249,66.42,27.31,1011.35,15.829,0.0,0.0,0.0,-0.28,-0.15,0.04,-0.28,1.43,-0.54,9.68,42.68,-3.18,8.37,0,0,0,0.0,0.0,0.0
1787615790.481333,08:56:30.481,2250,66.43,27.31,1011.35,15.829,0.0,0.0,0.0,-0.28,-0.15,0.04,-0.28,1.43,-0.54,9.68,42.68,-3.18,8.37,0,0,0,0.0,0.0,0.0
1787615790.481557,08:56:30.481,2251,66.44,27.31,1011.35,15.829,0.0,0.0,0.0,-0.19,-0.14,0.04,-0.19,1.43,-0.54,9.68,42.68,-3.18,8.37,0,0,0,0.0,0.0,0.0
1787615790.481778,08:56:30.481,2252,66.45,27.31,1011.35,15.829,0.0,0.0,0.0,-0.19,-0.14,0.04,-0.19,1.43,-0.54,9.68,42.68,-3.18,8.37,0,0,0,0.0,0.0,0.0
1787615790.481999,08:56:30.481,2253,66.46,27.31,1011.35,15.829,0.0,0.0,0.0,-0.19,-0.14,0.04,-0.19,1.43,-0.54,9.68,42.68,-3.18,8.37,0,0,0,0.0,0.0,0.0
1787615790.482221,08:56:30.482,2254,66.47,27.31,1011.35,15.829,0.0,0.0,0.0,-0.19,-0.14,0.04,-0.19,1.43,-0.54,9.68,42.68,-3.18,8.37,0,0,0,0.0,0.0,0.0
1787615790.583785,08:56:30.583,2255,66.48,27.31,1011.35,15.829,0.0,0.0,0.0,-0.19,-0.14,0.04,-0.19,1.43,-0.54,9.68,42.68,-3.18,8.37,0,0,0,0.0,0.0,0.0
1787615790.585025,08:56:30.585,2256,66.49,27.31,1011.35,15.829,0.0,0.0,0.0,-0.19,-0.14,0.04,-0.19,1.43,-0.54,9.68,42.68,-3.18,8.37,0,0,0,0.0,0.0,0.0
1787615790.585721,08:56:30.585,2257,66.5,27.31,1011.35,15.829,0.0,0.0,0.0,-0.19,-0.14,0.04,-0.19,1.43,-0.54,9.68,42.68,-3.18,8.37,0,0,0,0.0,0.0,0.0
1787615790.586400,08:56:30.586,2258,66.51,27.31,1011.35,15.829,0.0,0.0,0.0,-0.19,-0.14,0.04,-0.19,1.43,-0.54,9.68,42.68,-3.18,8.37,0,0,0,0.0,0.0,0.0
1787615790.587006,08:56:30.587,2259,66.52,27.31,1011.35,15.829,0.0,0.0,0.0,-0.19,-0.14,0.04,-0.19,1.43,-0.54,9.68,42.68,-3.18,8.37,0,0,0,0.0,0.0,0.0
1787615790.587388,08:56:30.587,2260,66.53,27.31,1011.35,15.829,0.0,0.0,0.0,-0.19,-0.14,0.04,-0.19,1.43,-0.54,9.68,42.68,-3.18,8.37,0,0,0,0.0,0.0,0.0
1787615790.587769,08:56:30.587,2261,66.54,27.31,1011.35,15.829,0.0,0.0,0.0,-0.28,-0.13,0.02,-0.28,1.43,-0.54,9.68,42.68,-3.18,8.37,0,0,0,0.0,0.0,0.0
1787615790.588222,08:56:30.588,2262,66.55,27.31,1011.35,15.829,0.0,0.0,0.0,-0.28,-0.13,0.02,-0.28,1.43,-0.54,9.68,42.68,-3.18,8.37,0,0,0,0.0,0.0,0.0
1787615790.588475,08:56:30.588,2263,66.56,27.31,1011.35,15.829,0.0,0.0,0.0,-0.28,-0.13,0.02,-0.28,1.43,-0.54,9.68,42.68,-3.18,8.37,0,0,0,0.0,0.0,0.0
1787615790.690051,08:56:30.690,2264,66.57,27.31,1011.34,15.914,0.0,0.0,0.0,-0.28,-0.13,0.02,-0.28,1.43,-0.54,9.68,42.68,-3.18,8.37,0,0,0,0.0,0.0,0.0
1787615790.691372,08:56:30.691,2265,66.58,27.31,1011.34,15.914,0.0,0.0,0.0,-0.28,-0.13,0.02,-0.28,1.43,-0.54,9.68,42.68,-3.18,8.37,0,0,0,0.0,0.0,0.0
1787615790.692707,08:56:30.692,2266,66.59,27.31,1011.34,15.914,0.0,0.0,0.0,-0.28,-0.13,0.02,-0.28,1.43,-0.54,9.68,42.68,-3.18,8.37,0,0,0,0.0,0.0,0.0
1787615790.693430,08:56:30.693,2267,66.6,27.31,1011.34,15.914,0.0,0.0,0.0,-0.28,-0.13,0.02,-0.28,1.43,-0.54,9.68,42.68,-3.18,8.37,0,0,0,0.0,0.0,0.0
1787615790.694023,08:56:30.694,2268,66.61,27.31,1011.34,15.914,0.0,0.0,0.0,-0.28,-0.13,0.02,-0.28,1.43,-0.54,9.68,42.68,-3.18,8.37,0,0,0,0.0,0.0,0.0
1787615790.694388,08:56:30.694,2269,66.62,27.31,1011.34,15.914,0.0,0.0,0.0,-0.28,-0.13,0.02,-0.28,1.43,-0.54,9.68,42.68,-3.18,8.37,0,0,0,0.0,0.0,0.0
1787615790.694756,08:56:30.694,2270,66.63,27.31,1011.34,15.914,0.0,0.0,0.0,-0.28,-0.13,0.02,-0.28,1.43,-0.54,9.68,42.68,-3.18,8.37,0,0,0,0.0,0.0,0.0
1787615790.695145,08:56:30.695,2271,66.64,27.31,1011.34,15.914,0.0,0.0,0.0,-0.19,-0.12,0.01,-0.19,1.43,-0.54,9.68,42.68,-3.18,8.37,0,0,0,0.0,0.0,0.0
1787615790.695493,08:56:30.695,2272,66.65,27.31,1011.34,15.914,0.0,0.0,0.0,-0.19,-0.12,0.01,-0.19,1.43,-0.54,9.68,42.68,-3.18,8.37,0,0,0,0.0,0.0,0.0
1787615790.695850,08:56:30.695,2273,66.66,27.31,1011.34,15.914,0.0,0.0,0.0,-0.19,-0.12,0.01,-0.19,1.43,-0.54,9.68,42.68,-3.18,8.37,0,0,0,0.0,0.0,0.0
1787615790.696205,08:56:30.696,2274,66.67,27.31,1011.34,15.914,0.0,0.0,0.0,-0.19,-0.12,0.01,-0.19,1.43,-0.54,9.68,42.68,-3.18,8.37,0,0,0,0.0,0.0,0.0
1787615790.696565,08:56:30.696,2275,66.68,27.31,1011.34,15.914,0.0,0.0,0.0,-0.19,-0.12,0.01,-0.19,1.43,-0.54,9.68,42.68,-3.18,8.37,0,0,0,0.0,0.0,0.0
1787615790.797338,08:56:30.797,2276,66.69,27.31,1011.34,15.914,0.0,0.0,0.0,-0.19,-0.12,0.01,-0.19,1.43,-0.54,9.68,42.68,-3.18,8.37,0,0,0,0.0,0.0,0.0
1787615790.798747,08:56:30.798,2277,66.7,27.31,1011.34,15.914,0.0,0.0,0.0,-0.19,-0.12,0.01,-0.19,1.43,-0.54,9.68,42.68,-3.18,8.37,0,0,0,0.0,0.0,0.0
1787615790.799465,08:56:30.799,2278,66.71,27.31,1011.34,15.914,0.0,0.0,0.0,-0.19,-0.12,0.01,-0.19,1.43,-0.54,9.68,42.68,-3.18,8.37,0,0,0,0.0,0.0,0.0
1787615790.800149,08:56:30.800,2279,66.72,27.31,1011.34,15.914,0.0,0.0,0.0,-0.19,-0.12,0.01,-0.19,1.43,-0.54,9.68,42.68,-3.18,8.37,0,0,0,0.0,0.0,0.0
1787615790.800829,08:56:30.800,2280,66.73,27.31,1011.34,15.914,0.0,0.0,0.0,-0.22,-0.15,0.01,-0.22,1.43,-0.54,9.68,42.68,-3.18,8.37,0,0,0,0.0,0.0,0.0
1787615790.801254,08:56:30.801,2281,66.74,27.31,1011.34,15.914,0.0,0.0,0.0,-0.22,-0.15,0.01,-0.22,1.43,-0.54,9.68,42.68,-3.18,8.37,0,0,0,0.0,0.0,0.0
1787615790.801648,08:56:30.801,2282,66.75,27.31,1011.34,15.914,0.0,0.0,0.0,-0.22,-0.15,0.01,-0.22,1.43,-0.54,9.68,42.68,-3.18,8.37,0,0,0,0.0,0.0,0.0
1787615790.802039,08:56:30.802,2283,66.76,27.31,1011.34,15.914,0.0,0.0,0.0,-0.22,-0.15,0.01,-0.22,1.43,-0.54,9.68,42.68,-3.18,8.37,0,0,0,0.0,0.0,0.0
1787615790.802437,08:56:30.802,2284,66.77,27.3,1011.33,15.996,0.0,0.0,0.0,-0.22,-0.15,0.01,-0.22,1.43,-0.54,9.68,42.68,-3.18,8.37,0,0,0,0.0,0.0,0.0
1787615790.802822,08:56:30.802,2285,66.78,27.3,1011.33,15.996,0.0,0.0,0.0,-0.22,-0.15,0.01,-0.22,1.43,-0.54,9.68,42.68,-3.18,8.37,0,0,0,0.0,0.0,0.0
1787615790.903645,08:56:30.903,2286,66.79,27.3,1011.33,15.996,0.0,0.0,0.0,-0.22,-0.15,0.01,-0.22,1.43,-0.54,9.68,42.68,-3.18,8.37,0,0,0,0.0,0.0,0.0
1787615790.904805,08:56:30.904,2287,66.8,27.3,1011.33,15.996,0.0,0.0,0.0,-0.22,-0.15,0.01,-0.22,1.43,-0.54,9.68,42.68,-3.18,8.37,0,0,0,0.0,0.0,0.0
1787615790.905491,08:56:30.905,2288,66.81,27.3,1011.33,15.996,0.0,0.0,0.0,-0.22,-0.15,0.01,-0.22,1.43,-0.54,9.68,42.68,-3.18,8.37,0,0,0,0.0,0.0,0.0
1787615790.906170,08:56:30.906,2289,66.82,27.3,1011.33,15.996,0.0,0.0,0.0,-0.22,-0.15,0.01,-0.22,1.43,-0.54,9.68,42.68,-3.18,8.37,0,0,0,0.0,0.0,0.0
1787615790.906830,08:56:30.906,2290,66.83,27.3,1011.33,15.996,0.0,0.0,0.0,-0.22,-0.12,0.05,-0.22,1.43,-0.54,9.68,42.68,-3.18,8.37,0,0,0,0.0,0.0,0.0
1787615790.907303,08:56:30.907,2291,66.84,27.3,1011.33,15.996,0.0,0.0,0.0,-0.22,-0.12,0.05,-0.22,1.43,-0.54,9.68,42.68,-3.18,8.37,0,0,0,0.0,0.0,0.0
1787615790.907629,08:56:30.907,2292,66.85,27.3,1011.33,15.996,0.0,0.0,0.0,-0.22,-0.12,0.05,-0.22,1.43,-0.54,9.68,42.68,-3.18,8.37,0,0,0,0.0,0.0,0.0
1787615790.907950,08:56:30.907,2293,66.86,27.3,1011.33,15.996,0.0,0.0,0.0,-0.22,-0.12,0.05,-0.22,1.43,-0.54,9.68,42.68,-3.18,8.37,0,0,0,0.0,0.0,0.0
1787615790.908268,08:56:30.908,2294,66.87,27.3,1011.33,15.996,0.0,0.0,0.0,-0.22,-0.12,0.05,-0.22,1.43,-0.54,9.68,42.68,-3.18,8.37,0,0,0,0.0,0.0,0.0
1787615790.908592,08:56:30.908,2295,66.88,27.3,1011.33,15.996,0.0,0.0,0.0,-0.22,-0.12,0.05,-0.22,1.43,-0.54,9.68,42.68,-3.18,8.37,0,0,0,0.0,0.0,0.0
1787615791.010259,08:56:31.010,2296,66.89,27.3,1011.33,15.996,0.0,0.0,0.0,-0.22,-0.12,0.05,-0.22,1.43,-0.54,9.68,42.68,-3.18,8.37,0,0,0,0.0,0.0,0.0
1787615791.011636,08:56:31.011,2297,66.9,27.3,1011.33,15.996,0.0,0.0,0.0,-0.22,-0.12,0.05,-0.22,1.43,-0.54,9.68,42.68,-3.18,8.37,0,0,0,0.0,0.0,0.0
1787615791.012259,08:56:31.012,2298,66.91,27.3,1011.33,15.996,0.0,0.0,0.0,-0.22,-0.12,0.05,-0.22,1.43,-0.54,9.68,42.68,-3.18,8.37,0,0,0,0.0,0.0,0.0
1787615791.012613,08:56:31.012,2299,66.92,27.3,1011.33,15.996,0.0,0.0,0.0,-0.22,-0.12,0.05,-0.22,1.43,-0.54,9.68,42.68,-3.18,8.37,0,0,0,0.0,0.0,0.0
1787615791.012960,08:56:31.012,2300,66.93,27.3,1011.33,15.996,0.0,0.0,0.0,-0.25,-0.14,0.02,-0.25,1.43,-0.54,9.68,42.68,-3.18,8.37,0,0,0,0.0,0.0,0.0
1787615791.013291,08:56:31.013,2301,66.94,27.3,1011.33,15.996,0.0,0.0,0.0,-0.25,-0.14,0.02,-0.25,1.43,-0.54,9.68,42.68,-3.18,8.37,0,0,0,0.0,0.0,0.0
1787615791.013633,08:56:31.013,2302,66.95,27.3,1011.33,15.996,0.0,0.0,0.0,-0.25,-0.14,0.02,-0.25,1.43,-0.54,9.68,42.68,-3.18,8.37,0,0,0,0.0,0.0,0.0
1787615791.013982,08:56:31.013,2303,66.96,27.3,1011.33,15.996,0.0,0.0,0.0,-0.25,-0.14,0.02,-0.25,1.43,-0.54,9.68,42.68,-3.18,8.37,0,0,0,0.0,0.0,0.0
1787615791.014330,08:56:31.014,2304,66.97,27.3,1011.34,15.914,0.0,0.0,0.0,-0.25,-0.14,0.02,-0.25,1.43,-0.54,9.68,42.68,-3.18,8.37,0,0,0,0.0,0.0,0.0
1787615791.014659,08:56:31.014,2305,66.98,27.3,1011.34,15.914,0.0,0.0,0.0,-0.25,-0.14,0.02,-0.25,1.43,-0.54,9.68,42.68,-3.18,8.37,0,0,0,0.0,0.0,0.0
1787615791.014989,08:56:31.014,2306,66.99,27.3,1011.34,15.914,0.0,0.0,0.0,-0.25,-0.14,0.02,-0.25,1.43,-0.54,9.68,42.68,-3.18,8.37,0,0,0,0.0,0.0,0.0
1787615791.015323,08:56:31.015,2307,67.0,27.3,1011.34,15.914,0.0,0.0,0.0,-0.25,-0.14,0.02,-0.25,1.43,-0.54,9.68,42.68,-3.18,8.37,0,0,0,0.0,0.0,0.0
1787615791.116991,08:56:31.116,2308,67.01,27.3,1011.34,15.914,0.0,0.0,0.0,-0.25,-0.14,0.02,-0.25,1.43,-0.54,9.68,42.68,-3.18,8.37,0,0,0,0.0,0.0,0.0
1787615791.118352,08:56:31.118,2309,67.02,27.3,1011.34,15.914,0.0,0.0,0.0,-0.25,-0.14,0.02,-0.25,1.43,-0.54,9.68,42.68,-3.18,8.37,0,0,0,0.0,0.0,0.0
1787615791.118923,08:56:31.118,2310,67.03,27.3,1011.34,15.914,0.0,0.0,0.0,-0.35,-0.17,-0.04,-0.35,1.43,-0.54,9.68,42.68,-3.18,8.37,0,0,0,0.0,0.0,0.0
1787615791.119322,08:56:31.119,2311,67.04,27.3,1011.34,15.914,0.0,0.0,0.0,-0.35,-0.17,-0.04,-0.35,1.43,-0.54,9.68,42.68,-3.18,8.37,0,0,0,0.0,0.0,0.0
1787615791.119797,08:56:31.119,2312,67.05,27.3,1011.34,15.914,0.0,0.0,0.0,-0.35,-0.17,-0.04,-0.35,1.43,-0.54,9.68,42.68,-3.18,8.37,0,0,0,0.0,0.0,0.0
1787615791.120179,08:56:31.120,2313,67.06,27.3,1011.34,15.914,0.0,0.0,0.0,-0.35,-0.17,-0.04,-0.35,1.43,-0.54,9.68,42.68,-3.18,8.37,0,0,0,0.0,0.0,0.0
1787615791.120572,08:56:31.120,2314,67.07,27.3,1011.34,15.914,0.0,0.0,0.0,-0.35,-0.17,-0.04,-0.35,1.43,-0.54,9.68,42.68,-3.18,8.37,0,0,0,0.0,0.0,0.0
1787615791.120922,08:56:31.120,2315,67.08,27.3,1011.34,15.914,0.0,0.0,0.0,-0.35,-0.17,-0.04,-0.35,1.43,-0.54,9.68,42.68,-3.18,8.37,0,0,0,0.0,0.0,0.0
1787615791.121244,08:56:31.121,2316,67.09,27.3,1011.34,15.914,0.0,0.0,0.0,-0.35,-0.17,-0.04,-0.35,1.43,-0.54,9.68,42.68,-3.18,8.37,0,0,0,0.0,0.0,0.0
1787615791.222199,08:56:31.222,2317,67.1,27.3,1011.34,15.914,0.0,0.0,0.0,-0.35,-0.17,-0.04,-0.35,1.43,-0.54,9.68,42.68,-3.18,8.37,0,0,0,0.0,0.0,0.0
1787615791.222583,08:56:31.222,2318,67.11,27.3,1011.34,15.914,0.0,0.0,0.0,-0.35,-0.17,-0.04,-0.35,1.43,-0.54,9.68,42.68,-3.18,8.37,0,0,0,0.0,0.0,0.0
1787615791.222823,08:56:31.222,2319,67.12,27.3,1011.34,15.914,0.0,0.0,0.0,-0.35,-0.17,-0.04,-0.35,1.43,-0.54,9.68,42.68,-3.18,8.37,0,0,0,0.0,0.0,0.0
1787615791.223052,08:56:31.223,2320,67.13,27.3,1011.34,15.914,0.0,0.0,0.0,-0.31,-0.17,0.03,-0.31,1.43,-0.54,9.68,42.68,-3.18,8.37,0,0,0,0.0,0.0,0.0
1787615791.223277,08:56:31.223,2321,67.14,27.3,1011.34,15.914,0.0,0.0,0.0,-0.31,-0.17,0.03,-0.31,1.43,-0.54,9.68,42.68,-3.18,8.37,0,0,0,0.0,0.0,0.0
1787615791.223497,08:56:31.223,2322,67.15,27.3,1011.34,15.914,0.0,0.0,0.0,-0.31,-0.17,0.03,-0.31,1.43,-0.54,9.68,42.68,-3.18,8.37,0,0,0,0.0,0.0,0.0
1787615791.223717,08:56:31.223,2323,67.16,27.3,1011.34,15.914,0.0,0.0,0.0,-0.31,-0.17,0.03,-0.31,1.43,-0.54,9.68,42.68,-3.18,8.37,0,0,0,0.0,0.0,0.0
1787615791.223937,08:56:31.223,2324,67.17,27.3,1011.37,15.663,0.0,0.0,0.0,-0.31,-0.17,0.03,-0.31,1.43,-0.54,9.68,42.68,-3.18,8.37,0,0,0,0.0,0.0,0.0
1787615791.224158,08:56:31.224,2325,67.18,27.3,1011.37,15.663,0.0,0.0,0.0,-0.31,-0.17,0.03,-0.31,1.43,-0.54,9.68,42.68,-3.18,8.37,0,0,0,0.0,0.0,0.0
1787615791.224379,08:56:31.224,2326,67.19,27.3,1011.37,15.663,0.0,0.0,0.0,-0.31,-0.17,0.03,-0.31,1.43,-0.54,9.68,42.68,-3.18,8.37,0,0,0,0.0,0.0,0.0
1787615791.224598,08:56:31.224,2327,67.2,27.3,1011.37,15.663,0.0,0.0,0.0,-0.31,-0.17,0.03,-0.31,1.43,-0.54,9.68,42.68,-3.18,8.37,0,0,0,0.0,0.0,0.0
1787615791.326015,08:56:31.326,2328,67.21,27.3,1011.37,15.663,0.0,0.0,0.0,-0.31,-0.17,0.03,-0.31,1.43,-0.54,9.68,42.68,-3.18,8.37,0,0,0,0.0,0.0,0.0
1787615791.326394,08:56:31.326,2329,67.22,27.3,1011.37,15.663,0.0,0.0,0.0,-0.31,-0.17,0.03,-0.31,1.43,-0.54,9.68,42.68,-3.18,8.37,0,0,0,0.0,0.0,0.0
1787615791.326626,08:56:31.326,2330,67.23,27.3,1011.37,15.663,0.0,0.0,0.0,-0.27,-0.13,0.01,-0.27,1.43,-0.54,9.68,42.68,-3.18,8.37,0,0,0,0.0,0.0,0.0
1787615791.326850,08:56:31.326,2331,67.24,27.3,1011.37,15.663,0.0,0.0,0.0,-0.27,-0.13,0.01,-0.27,1.43,-0.54,9.68,42.68,-3.18,8.37,0,0,0,0.0,0.0,0.0
1787615791.327073,08:56:31.327,2332,67.25,27.3,1011.37,15.663,0.0,0.0,0.0,-0.27,-0.13,0.01,-0.27,1.43,-0.54,9.68,42.68,-3.18,8.37,0,0,0,0.0,0.0,0.0
1787615791.327296,08:56:31.327,2333,67.26,27.3,1011.37,15.663,0.0,0.0,0.0,-0.27,-0.13,0.01,-0.27,1.43,-0.54,9.68,42.68,-3.18,8.37,0,0,0,0.0,0.0,0.0
1787615791.327517,08:56:31.327,2334,67.27,27.3,1011.37,15.663,0.0,0.0,0.0,-0.27,-0.13,0.01,-0.27,1.43,-0.54,9.68,42.68,-3.18,8.37,0,0,0,0.0,0.0,0.0
1787615791.327738,08:56:31.327,2335,67.28,27.3,1011.37,15.663,0.0,0.0,0.0,-0.27,-0.13,0.01,-0.27,1.43,-0.54,9.68,42.68,-3.18,8.37,0,0,0,0.0,0.0,0.0
1787615791.328073,08:56:31.328,2336,67.29,27.3,1011.37,15.663,0.0,0.0,0.0,-0.27,-0.13,0.01,-0.27,1.43,-0.54,9.68,42.68,-3.18,8.37,0,0,0,0.0,0.0,0.0
1787615791.328319,08:56:31.328,2337,67.3,27.3,1011.37,15.663,0.0,0.0,0.0,-0.27,-0.13,0.01,-0.27,1.43,-0.54,9.68,42.68,-3.18,8.37,0,0,0,0.0,0.0,0.0
1787615791.328541,08:56:31.328,2338,67.31,27.3,1011.37,15.663,0.0,0.0,0.0,-0.27,-0.13,0.01,-0.27,1.43,-0.54,9.68,42.68,-3.18,8.37,0,0,0,0.0,0.0,0.0
1787615791.429379,08:56:31.429,2339,67.32,27.3,1011.37,15.663,0.0,0.0,0.0,-0.27,-0.13,0.01,-0.27,1.43,-0.54,9.68,42.68,-3.18,8.37,0,0,0,0.0,0.0,0.0
1787615791.429651,08:56:31.429,2340,67.33,27.3,1011.37,15.663,0.0,0.0,0.0,-0.33,-0.18,-0.03,-0.33,1.43,-0.54,9.68,42.68,-3.18,8.37,0,0,0,0.0,0.0,0.0
1787615791.429813,08:56:31.429,2341,67.34,27.3,1011.37,15.663,0.0,0.0,0.0,-0.33,-0.18,-0.03,-0.33,1.43,-0.54,9.68,42.68,-3.18,8.37,0,0,0,0.0,0.0,0.0
1787615791.429967,08:56:31.429,2342,67.35,27.3,1011.37,15.663,0.0,0.0,0.0,-0.33,-0.18,-0.03,-0.33,1.43,-0.54,9.68,42.68,-3.18,8.37,0,0,0,0.0,0.0,0.0
1787615791.430121,08:56:31.430,2343,67.36,27.3,1011.37,15.663,0.0,0.0,0.0,-0.33,-0.18,-0.03,-0.33,1.43,-0.54,9.68,42.68,-3.18,8.37,0,0,0,0.0,0.0,0.0
1787615791.430272,08:56:31.430,2344,67.37,27.28,1011.34,15.914,0.0,0.0,0.0,-0.33,-0.18,-0.03,-0.33,1.43,-0.54,9.68,42.68,-3.18,8.37,0,0,0,0.0,0.0,0.0
1787615791.430426,08:56:31.430,2345,67.38,27.28,1011.34,15.914,0.0,0.0,0.0,-0.33,-0.18,-0.03,-0.33,1.43,-0.54,9.68,42.68,-3.18,8.37,0,0,0,0.0,0.0,0.0
1787615791.430583,08:56:31.430,2346,67.39,27.28,1011.34,15.914,0.0,0.0,0.0,-0.33,-0.18,-0.03,-0.33,1.43,-0.54,9.68,42.68,-3.18,8.37,0,0,0,0.0,0.0,0.0
1787615791.430733,08:56:31.430,2347,67.4,27.28,1011.34,15.914,0.0,0.0,0.0,-0.33,-0.18,-0.03,-0.33,1.43,-0.54,9.68,42.68,-3.18,8.37,0,0,0,0.0,0.0,0.0
1787615791.430883,08:56:31.430,2348,67.41,27.28,1011.34,15.914,0.0,0.0,0.0,-0.33,-0.18,-0.03,-0.33,1.43,-0.54,9.68,42.68,-3.18,8.37,0,0,0,0.0,0.0,0.0
1787615791.431033,08:56:31.431,2349,67.42,27.28,1011.34,15.914,0.0,0.0,0.0,-0.33,-0.18,-0.03,-0.33,1.43,-0.54,9.68,42.68,-3.18,8.37,0,0,0,0.0,0.0,0.0
1787615791.532099,08:56:31.532,2350,67.43,27.28,1011.34,15.914,0.0,0.0,0.0,0.14,-0.1,0.17,0.14,1.43,-0.54,9.68,42.68,-3.18,8.37,0,0,0,0.0,0.0,0.0
1787615791.532500,08:56:31.532,2351,67.44,27.28,1011.34,15.914,0.0,0.0,0.0,0.14,-0.1,0.17,0.14,1.43,-0.54,9.68,42.68,-3.18,8.37,0,0,0,0.0,0.0,0.0
1787615791.532700,08:56:31.532,2352,67.45,27.28,1011.34,15.914,0.0,0.0,0.0,0.14,-0.1,0.17,0.14,1.43,-0.54,9.68,42.68,-3.18,8.37,0,0,0,0.0,0.0,0.0
1787615791.532876,08:56:31.532,2353,67.46,27.28,1011.34,15.914,0.0,0.0,0.0,0.14,-0.1,0.17,0.14,1.43,-0.54,9.68,42.68,-3.18,8.37,0,0,0,0.0,0.0,0.0
1787615791.533050,08:56:31.533,2354,67.47,27.28,1011.34,15.914,0.0,0.0,0.0,0.14,-0.1,0.17,0.14,1.43,-0.54,9.68,42.68,-3.18,8.37,0,0,0,0.0,0.0,0.0
1787615791.533221,08:56:31.533,2355,67.48,27.28,1011.34,15.914,0.0,0.0,0.0,0.14,-0.1,0.17,0.14,1.43,-0.54,9.68,42.68,-3.18,8.37,0,0,0,0.0,0.0,0.0
1787615791.533391,08:56:31.533,2356,67.49,27.28,1011.34,15.914,0.0,0.0,0.0,0.14,-0.1,0.17,0.14,1.43,-0.54,9.68,42.68,-3.18,8.37,0,0,0,0.0,0.0,0.0
1787615791.533562,08:56:31.533,2357,67.5,27.28,1011.34,15.914,0.0,0.0,0.0,0.14,-0.1,0.17,0.14,1.43,-0.54,9.68,42.68,-3.18,8.37,0,0,0,0.0,0.0,0.0
1787615791.533731,08:56:31.533,2358,67.51,27.28,1011.34,15.914,0.0,0.0,0.0,0.14,-0.1,0.17,0.14,1.43,-0.54,9.68,42.68,-3.18,8.37,0,0,0,0.0,0.0,0.0
1787615791.634646,08:56:31.634,2359,67.52,27.28,1011.34,15.914,0.0,0.0,0.0,0.14,-0.1,0.17,0.14,1.43,-0.54,9.68,42.68,-3.18,8.37,0,0,0,0.0,0.0,0.0
1787615791.634962,08:56:31.634,2360,67.53,27.28,1011.34,15.914,0.0,0.0,0.0,-0.15,-0.12,0.02,-0.15,1.43,-0.53,9.68,42.68,-3.12,8.37,0,0,0,0.0,0.0,0.0
1787615791.635161,08:56:31.635,2361,67.54,27.28,1011.34,15.914,0.0,0.0,0.0,-0.15,-0.12,0.02,-0.15,1.43,-0.53,9.68,42.68,-3.12,8.37,0,0,0,0.0,0.0,0.0
1787615791.635398,08:56:31.635,2362,67.55,27.28,1011.34,15.914,0.0,0.0,0.0,-0.15,-0.12,0.02,-0.15,1.43,-0.53,9.68,42.68,-3.12,8.37,0,0,0,0.0,0.0,0.0
1787615791.635590,08:56:31.635,2363,67.56,27.28,1011.34,15.914,0.0,0.0,0.0,-0.15,-0.12,0.02,-0.15,1.43,-0.53,9.68,42.68,-3.12,8.37,0,0,0,0.0,0.0,0.0
1787615791.635780,08:56:31.635,2364,67.57,27.29,1011.32,16.08,0.0,0.0,0.0,-0.15,-0.12,0.02,-0.15,1.43,-0.53,9.68,42.68,-3.12,8.37,0,0,0,0.0,0.0,0.0
1787615791.635972,08:56:31.635,2365,67.58,27.29,1011.32,16.08,0.0,0.0,0.0,-0.15,-0.12,0.02,-0.15,1.43,-0.53,9.68,42.68,-3.12,8.37,0,0,0,0.0,0.0,0.0
1787615791.636163,08:56:31.636,2366,67.59,27.29,1011.32,16.08,0.0,0.0,0.0,-0.15,-0.12,0.02,-0.15,1.43,-0.53,9.68,42.68,-3.12,8.37,0,0,0,0.0,0.0,0.0
1787615791.636536,08:56:31.636,2367,67.6,27.29,1011.32,16.08,0.0,0.0,0.0,-0.15,-0.12,0.02,-0.15,1.43,-0.53,9.68,42.68,-3.12,8.37,0,0,0,0.0,0.0,0.0
1787615791.636770,08:56:31.636,2368,67.61,27.29,1011.32,16.08,0.0,0.0,0.0,-0.15,-0.12,0.02,-0.15,1.43,-0.53,9.68,42.68,-3.12,8.37,0,0,0,0.0,0.0,0.0
1787615791.636970,08:56:31.636,2369,67.62,27.29,1011.32,16.08,0.0,0.0,0.0,-0.15,-0.12,0.02,-0.15,1.43,-0.53,9.68,42.68,-3.12,8.37,0,0,0,0.0,0.0,0.0
1787615791.738345,08:56:31.738,2370,67.63,27.29,1011.32,16.08,0.0,0.0,0.0,-0.31,-0.15,0.01,-0.31,1.43,-0.53,9.68,42.68,-3.12,8.37,0,0,0,0.0,0.0,0.0
1787615791.738622,08:56:31.738,2371,67.64,27.29,1011.32,16.08,0.0,0.0,0.0,-0.31,-0.15,0.01,-0.31,1.43,-0.53,9.68,42.68,-3.12,8.37,0,0,0,0.0,0.0,0.0
1787615791.738782,08:56:31.738,2372,67.65,27.29,1011.32,16.08,0.0,0.0,0.0,-0.31,-0.15,0.01,-0.31,1.43,-0.53,9.68,42.68,-3.12,8.37,0,0,0,0.0,0.0,0.0
1787615791.738935,08:56:31.738,2373,67.66,27.29,1011.32,16.08,0.0,0.0,0.0,-0.31,-0.15,0.01,-0.31,1.43,-0.53,9.68,42.68,-3.12,8.37,0,0,0,0.0,0.0,0.0
1787615791.739091,08:56:31.739,2374,67.67,27.29,1011.32,16.08,0.0,0.0,0.0,-0.31,-0.15,0.01,-0.31,1.43,-0.53,9.68,42.68,-3.12,8.37,0,0,0,0.0,0.0,0.0
1787615791.739244,08:56:31.739,2375,67.68,27.29,1011.32,16.08,0.0,0.0,0.0,-0.31,-0.15,0.01,-0.31,1.43,-0.53,9.68,42.68,-3.12,8.37,0,0,0,0.0,0.0,0.0
1787615791.739397,08:56:31.739,2376,67.69,27.29,1011.32,16.08,0.0,0.0,0.0,-0.31,-0.15,0.01,-0.31,1.43,-0.53,9.68,42.68,-3.12,8.37,0,0,0,0.0,0.0,0.0
1787615791.739549,08:56:31.739,2377,67.7,27.29,1011.32,16.08,0.0,0.0,0.0,-0.31,-0.15,0.01,-0.31,1.43,-0.53,9.68,42.68,-3.12,8.37,0,0,0,0.0,0.0,0.0
1787615791.739699,08:56:31.739,2378,67.71,27.29,1011.32,16.08,0.0,0.0,0.0,-0.31,-0.15,0.01,-0.31,1.43,-0.53,9.68,42.68,-3.12,8.37,0,0,0,0.0,0.0,0.0
1787615791.739852,08:56:31.739,2379,67.72,27.29,1011.32,16.08,0.0,0.0,0.0,-0.31,-0.15,0.01,-0.31,1.43,-0.53,9.68,42.68,-3.12,8.37,0,0,0,0.0,0.0,0.0
1787615791.841254,08:56:31.841,2380,67.73,27.29,1011.32,16.08,0.0,0.0,0.0,-0.26,-0.13,0.01,-0.26,1.43,-0.53,9.68,42.68,-3.12,8.37,0,0,0,0.0,0.0,0.0
1787615791.842180,08:56:31.842,2381,67.74,27.29,1011.32,16.08,0.0,0.0,0.0,-0.26,-0.13,0.01,-0.26,1.43,-0.53,9.68,42.68,-3.12,8.37,0,0,0,0.0,0.0,0.0
1787615791.842551,08:56:31.842,2382,67.75,27.29,1011.32,16.08,0.0,0.0,0.0,-0.26,-0.13,0.01,-0.26,1.43,-0.53,9.68,42.68,-3.12,8.37,0,0,0,0.0,0.0,0.0
1787615791.842903,08:56:31.842,2383,67.76,27.29,1011.32,16.08,0.0,0.0,0.0,-0.26,-0.13,0.01,-0.26,1.43,-0.53,9.68,42.68,-3.12,8.37,0,0,0,0.0,0.0,0.0
1787615791.843245,08:56:31.843,2384,67.77,27.31,1011.35,15.829,0.0,0.0,0.0,-0.26,-0.13,0.01,-0.26,1.43,-0.53,9.68,42.68,-3.12,8.37,0,0,0,0.0,0.0,0.0
1787615791.843590,08:56:31.843,2385,67.78,27.31,1011.35,15.829,0.0,0.0,0.0,-0.26,-0.13,0.01,-0.26,1.43,-0.53,9.68,42.68,-3.12,8.37,0,0,0,0.0,0.0,0.0
1787615791.843926,08:56:31.843,2386,67.79,27.31,1011.35,15.829,0.0,0.0,0.0,-0.26,-0.13,0.01,-0.26,1.43,-0.53,9.68,42.68,-3.12,8.37,0,0,0,0.0,0.0,0.0
1787615791.844281,08:56:31.844,2387,67.8,27.31,1011.35,15.829,0.0,0.0,0.0,-0.26,-0.13,0.01,-0.26,1.43,-0.53,9.68,42.68,-3.12,8.37,0,0,0,0.0,0.0,0.0
1787615791.844926,08:56:31.844,2388,67.81,27.31,1011.35,15.829,0.0,0.0,0.0,-0.26,-0.13,0.01,-0.26,1.43,-0.53,9.68,42.68,-3.12,8.37,0,0,0,0.0,0.0,0.0
1787615791.845294,08:56:31.845,2389,67.82,27.31,1011.35,15.829,0.0,0.0,0.0,-0.26,-0.13,0.01,-0.26,1.43,-0.53,9.68,42.68,-3.12,8.37,0,0,0,0.0,0.0,0.0
1787615791.845665,08:56:31.845,2390,67.83,27.31,1011.35,15.829,0.0,0.0,0.0,-0.22,-0.12,0.01,-0.22,1.43,-0.53,9.68,42.68,-3.12,8.37,0,0,0,0.0,0.0,0.0
1787615791.846028,08:56:31.846,2391,67.84,27.31,1011.35,15.829,0.0,0.0,0.0,-0.22,-0.12,0.01,-0.22,1.43,-0.53,9.68,42.68,-3.12,8.37,0,0,0,0.0,0.0,0.0
1787615791.947236,08:56:31.947,2392,67.85,27.31,1011.35,15.829,0.0,0.0,0.0,-0.22,-0.12,0.01,-0.22,1.43,-0.53,9.68,42.68,-3.12,8.37,0,0,0,0.0,0.0,0.0
1787615791.948060,08:56:31.948,2393,67.86,27.31,1011.35,15.829,0.0,0.0,0.0,-0.22,-0.12,0.01,-0.22,1.43,-0.53,9.68,42.68,-3.12,8.37,0,0,0,0.0,0.0,0.0
1787615791.948346,08:56:31.948,2394,67.87,27.31,1011.35,15.829,0.0,0.0,0.0,-0.22,-0.12,0.01,-0.22,1.43,-0.53,9.68,42.68,-3.12,8.37,0,0,0,0.0,0.0,0.0
1787615791.948651,08:56:31.948,2395,67.88,27.31,1011.35,15.829,0.0,0.0,0.0,-0.22,-0.12,0.01,-0.22,1.43,-0.53,9.68,42.68,-3.12,8.37,0,0,0,0.0,0.0,0.0
1787615791.948953,08:56:31.948,2396,67.89,27.31,1011.35,15.829,0.0,0.0,0.0,-0.22,-0.12,0.01,-0.22,1.43,-0.53,9.68,42.68,-3.12,8.37,0,0,0,0.0,0.0,0.0
1787615791.949247,08:56:31.949,2397,67.9,27.31,1011.35,15.829,0.0,0.0,0.0,-0.22,-0.12,0.01,-0.22,1.43,-0.53,9.68,42.68,-3.12,8.37,0,0,0,0.0,0.0,0.0
1787615791.949688,08:56:31.949,2398,67.91,27.31,1011.35,15.829,0.0,0.0,0.0,-0.22,-0.12,0.01,-0.22,1.43,-0.53,9.68,42.68,-3.12,8.37,0,0,0,0.0,0.0,0.0
1787615791.949990,08:56:31.949,2399,67.92,27.31,1011.35,15.829,0.0,0.0,0.0,-0.22,-0.12,0.01,-0.22,1.43,-0.53,9.68,42.68,-3.12,8.37,0,0,0,0.0,0.0,0.0
1787615791.950272,08:56:31.950,2400,67.93,27.31,1011.35,15.829,0.0,0.0,0.0,-0.6,-0.08,0.23,-0.6,1.42,-0.53,9.68,42.68,-3.18,8.37,0,0,0,0.0,0.0,0.0
1787615791.950591,08:56:31.950,2401,67.94,27.31,1011.35,15.829,0.0,0.0,0.0,-0.6,-0.08,0.23,-0.6,1.42,-0.53,9.68,42.68,-3.18,8.37,0,0,0,0.0,0.0,0.0
1787615792.051784,08:56:32.051,2402,67.95,27.31,1011.35,15.829,0.0,0.0,0.0,-0.6,-0.08,0.23,-0.6,1.42,-0.53,9.68,42.68,-3.18,8.37,0,0,0,0.0,0.0,0.0
1787615792.052995,08:56:32.052,2403,67.96,27.31,1011.35,15.829,0.0,0.0,0.0,-0.6,-0.08,0.23,-0.6,1.42,-0.53,9.68,42.68,-3.18,8.37,0,0,0,0.0,0.0,0.0
1787615792.053714,08:56:32.053,2404,67.97,27.3,1011.35,15.829,0.0,0.0,0.0,-0.6,-0.08,0.23,-0.6,1.42,-0.53,9.68,42.68,-3.18,8.37,0,0,0,0.0,0.0,0.0
1787615792.054390,08:56:32.054,2405,67.98,27.3,1011.35,15.829,0.0,0.0,0.0,-0.6,-0.08,0.23,-0.6,1.42,-0.53,9.68,42.68,-3.18,8.37,0,0,0,0.0,0.0,0.0
1787615792.055017,08:56:32.055,2406,67.99,27.3,1011.35,15.829,0.0,0.0,0.0,-0.6,-0.08,0.23,-0.6,1.42,-0.53,9.68,42.68,-3.18,8.37,0,0,0,0.0,0.0,0.0
1787615792.055452,08:56:32.055,2407,68.0,27.3,1011.35,15.829,0.0,0.0,0.0,-0.6,-0.08,0.23,-0.6,1.42,-0.53,9.68,42.68,-3.18,8.37,0,0,0,0.0,0.0,0.0
1787615792.055854,08:56:32.055,2408,68.01,27.3,1011.35,15.829,0.0,0.0,0.0,-0.6,-0.08,0.23,-0.6,1.42,-0.53,9.68,42.68,-3.18,8.37,0,0,0,0.0,0.0,0.0
1787615792.056250,08:56:32.056,2409,68.02,27.3,1011.35,15.829,0.0,0.0,0.0,-0.6,-0.08,0.23,-0.6,1.42,-0.53,9.68,42.68,-3.18,8.37,0,0,0,0.0,0.0,0.0
1787615792.056591,08:56:32.056,2410,68.03,27.3,1011.35,15.829,0.0,0.0,0.0,-2.11,-0.02,-0.11,-2.11,1.42,-0.56,9.68,42.62,-3.37,8.37,0,0,0,0.0,0.0,0.0
1787615792.056920,08:56:32.056,2411,68.04,27.3,1011.35,15.829,0.0,0.0,0.0,-2.11,-0.02,-0.11,-2.11,1.42,-0.56,9.68,42.62,-3.37,8.37,0,0,0,0.0,0.0,0.0
1787615792.158503,08:56:32.158,2412,68.05,27.3,1011.35,15.829,0.0,0.0,0.0,-2.11,-0.02,-0.11,-2.11,1.42,-0.56,9.68,42.62,-3.37,8.37,0,0,0,0.0,0.0,0.0
1787615792.158907,08:56:32.158,2413,68.06,27.3,1011.35,15.829,0.0,0.0,0.0,-2.11,-0.02,-0.11,-2.11,1.42,-0.56,9.68,42.62,-3.37,8.37,0,0,0,0.0,0.0,0.0
1787615792.159159,08:56:32.159,2414,68.07,27.3,1011.35,15.829,0.0,0.0,0.0,-2.11,-0.02,-0.11,-2.11,1.42,-0.56,9.68,42.62,-3.37,8.37,0,0,0,0.0,0.0,0.0
1787615792.159390,08:56:32.159,2415,68.08,27.3,1011.35,15.829,0.0,0.0,0.0,-2.11,-0.02,-0.11,-2.11,1.42,-0.56,9.68,42.62,-3.37,8.37,0,0,0,0.0,0.0,0.0
1787615792.159612,08:56:32.159,2416,68.09,27.3,1011.35,15.829,0.0,0.0,0.0,-2.11,-0.02,-0.11,-2.11,1.42,-0.56,9.68,42.62,-3.37,8.37,0,0,0,0.0,0.0,0.0
1787615792.159835,08:56:32.159,2417,68.1,27.3,1011.35,15.829,0.0,0.0,0.0,-2.11,-0.02,-0.11,-2.11,1.42,-0.56,9.68,42.62,-3.37,8.37,0,0,0,0.0,0.0,0.0
1787615792.160058,08:56:32.160,2418,68.11,27.3,1011.35,15.829,0.0,0.0,0.0,-2.11,-0.02,-0.11,-2.11,1.42,-0.56,9.68,42.62,-3.37,8.37,0,0,0,0.0,0.0,0.0
1787615792.160277,08:56:32.160,2419,68.12,27.3,1011.35,15.829,0.0,0.0,0.0,-2.11,-0.02,-0.11,-2.11,1.42,-0.56,9.68,42.62,-3.37,8.37,0,0,0,0.0,0.0,0.0
1787615792.261767,08:56:32.261,2420,68.13,27.3,1011.35,15.829,0.0,0.0,0.0,-0.55,-0.23,0.27,-0.55,1.4,-0.55,9.68,42.62,-3.31,8.25,0,0,0,0.0,0.0,0.0
1787615792.262641,08:56:32.262,2421,68.14,27.3,1011.35,15.829,0.0,0.0,0.0,-0.55,-0.23,0.27,-0.55,1.4,-0.55,9.68,42.62,-3.31,8.25,0,0,0,0.0,0.0,0.0
1787615792.262980,08:56:32.262,2422,68.15,27.3,1011.35,15.829,0.0,0.0,0.0,-0.55,-0.23,0.27,-0.55,1.4,-0.55,9.68,42.62,-3.31,8.25,0,0,0,0.0,0.0,0.0
1787615792.263307,08:56:32.263,2423,68.16,27.3,1011.35,15.829,0.0,0.0,0.0,-0.55,-0.23,0.27,-0.55,1.4,-0.55,9.68,42.62,-3.31,8.25,0,0,0,0.0,0.0,0.0
1787615792.263632,08:56:32.263,2424,68.17,27.29,1011.31,16.162,0.0,0.0,0.0,-0.55,-0.23,0.27,-0.55,1.4,-0.55,9.68,42.62,-3.31,8.25,0,0,0,0.0,0.0,0.0
1787615792.263956,08:56:32.263,2425,68.18,27.29,1011.31,16.162,0.0,0.0,0.0,-0.55,-0.23,0.27,-0.55,1.4,-0.55,9.68,42.62,-3.31,8.25,0,0,0,0.0,0.0,0.0
1787615792.264278,08:56:32.264,2426,68.19,27.29,1011.31,16.162,0.0,0.0,0.0,-0.55,-0.23,0.27,-0.55,1.4,-0.55,9.68,42.62,-3.31,8.25,0,0,0,0.0,0.0,0.0
1787615792.264601,08:56:32.264,2427,68.2,27.29,1011.31,16.162,0.0,0.0,0.0,-0.55,-0.23,0.27,-0.55,1.4,-0.55,9.68,42.62,-3.31,8.25,0,0,0,0.0,0.0,0.0
1787615792.264927,08:56:32.264,2428,68.21,27.29,1011.31,16.162,0.0,0.0,0.0,-0.55,-0.23,0.27,-0.55,1.4,-0.55,9.68,42.62,-3.31,8.25,0,0,0,0.0,0.0,0.0
1787615792.265260,08:56:32.265,2429,68.22,27.29,1011.31,16.162,0.0,0.0,0.0,-0.55,-0.23,0.27,-0.55,1.4,-0.55,9.68,42.62,-3.31,8.25,0,0,0,0.0,0.0,0.0
1787615792.265584,08:56:32.265,2430,68.23,27.29,1011.31,16.162,0.0,0.0,0.0,-0.55,-0.23,0.27,-0.55,1.4,-0.55,9.68,42.62,-3.31,8.25,0,0,0,0.0,0.0,0.0
1787615792.265914,08:56:32.265,2431,68.24,27.29,1011.31,16.162,0.0,0.0,0.0,0.9,-0.39,2.01,0.9,1.39,-0.47,9.69,42.87,-2.75,8.12,0,0,0,0.0,0.0,0.0
1787615792.367487,08:56:32.367,2432,68.25,27.29,1011.31,16.162,0.0,0.0,0.0,0.9,-0.39,2.01,0.9,1.39,-0.47,9.69,42.87,-2.75,8.12,0,0,0,0.0,0.0,0.0
1787615792.367886,08:56:32.367,2433,68.26,27.29,1011.31,16.162,0.0,0.0,0.0,0.9,-0.39,2.01,0.9,1.39,-0.47,9.69,42.87,-2.75,8.12,0,0,0,0.0,0.0,0.0
1787615792.368090,08:56:32.368,2434,68.27,27.29,1011.31,16.162,0.0,0.0,0.0,0.9,-0.39,2.01,0.9,1.39,-0.47,9.69,42.87,-2.75,8.12,0,0,0,0.0,0.0,0.0
1787615792.368289,08:56:32.368,2435,68.28,27.29,1011.31,16.162,0.0,0.0,0.0,0.9,-0.39,2.01,0.9,1.39,-0.47,9.69,42.87,-2.75,8.12,0,0,0,0.0,0.0,0.0
1787615792.368481,08:56:32.368,2436,68.29,27.29,1011.31,16.162,0.0,0.0,0.0,0.9,-0.39,2.01,0.9,1.39,-0.47,9.69,42.87,-2.75,8.12,0,0,0,0.0,0.0,0.0
1787615792.368674,08:56:32.368,2437,68.3,27.29,1011.31,16.162,0.0,0.0,0.0,0.9,-0.39,2.01,0.9,1.39,-0.47,9.69,42.87,-2.75,8.12,0,0,0,0.0,0.0,0.0
1787615792.368865,08:56:32.368,2438,68.31,27.29,1011.31,16.162,0.0,0.0,0.0,0.9,-0.39,2.01,0.9,1.39,-0.47,9.69,42.87,-2.75,8.12,0,0,0,0.0,0.0,0.0
1787615792.369054,08:56:32.369,2439,68.32,27.29,1011.31,16.162,0.0,0.0,0.0,0.9,-0.39,2.01,0.9,1.39,-0.47,9.69,42.87,-2.75,8.12,0,0,0,0.0,0.0,0.0
1787615792.369243,08:56:32.369,2440,68.33,27.29,1011.31,16.162,0.0,0.0,0.0,0.9,-0.39,2.01,0.9,1.39,-0.47,9.69,42.87,-2.75,8.12,0,0,0,0.0,0.0,0.0
1787615792.369554,08:56:32.369,2441,68.34,27.29,1011.31,16.162,0.0,0.0,0.0,1.04,-0.2,-1.33,1.04,1.38,-0.49,9.69,42.62,-2.87,8.06,0,0,0,0.0,0.0,0.0
1787615792.369766,08:56:32.369,2442,68.35,27.29,1011.31,16.162,0.0,0.0,0.0,1.04,-0.2,-1.33,1.04,1.38,-0.49,9.69,42.62,-2.87,8.06,0,0,0,0.0,0.0,0.0
1787615792.369960,08:56:32.369,2443,68.36,27.29,1011.31,16.162,0.0,0.0,0.0,1.04,-0.2,-1.33,1.04,1.38,-0.49,9.69,42.62,-2.87,8.06,0,0,0,0.0,0.0,0.0
1787615792.470684,08:56:32.470,2444,68.37,27.3,1011.35,15.829,0.0,0.0,0.0,1.04,-0.2,-1.33,1.04,1.38,-0.49,9.69,42.62,-2.87,8.06,0,0,0,0.0,0.0,0.0
1787615792.470937,08:56:32.470,2445,68.38,27.3,1011.35,15.829,0.0,0.0,0.0,1.04,-0.2,-1.33,1.04,1.38,-0.49,9.69,42.62,-2.87,8.06,0,0,0,0.0,0.0,0.0
1787615792.471084,08:56:32.471,2446,68.39,27.3,1011.35,15.829,0.0,0.0,0.0,1.04,-0.2,-1.33,1.04,1.38,-0.49,9.69,42.62,-2.87,8.06,0,0,0,0.0,0.0,0.0
1787615792.572376,08:56:32.572,2447,68.4,27.3,1011.35,15.829,0.0,0.0,0.0,1.04,-0.2,-1.33,1.04,1.38,-0.49,9.69,42.62,-2.87,8.06,0,0,0,0.0,0.0,0.0
1787615792.573535,08:56:32.573,2448,68.41,27.3,1011.35,15.829,0.0,0.0,0.0,1.04,-0.2,-1.33,1.04,1.38,-0.49,9.69,42.62,-2.87,8.06,0,0,0,0.0,0.0,0.0
1787615792.573952,08:56:32.573,2449,68.42,27.3,1011.35,15.829,0.0,0.0,0.0,1.04,-0.2,-1.33,1.04,1.38,-0.49,9.69,42.62,-2.87,8.06,0,0,0,0.0,0.0,0.0
1787615792.574260,08:56:32.574,2450,68.43,27.3,1011.35,15.829,0.0,0.0,0.0,-0.59,-0.11,0.38,-0.59,1.49,-0.51,9.67,42.68,-3.06,8.75,0,0,0,0.0,0.0,0.0
1787615792.675530,08:56:32.675,2451,68.44,27.3,1011.35,15.829,0.0,0.0,0.0,-0.59,-0.11,0.38,-0.59,1.49,-0.51,9.67,42.68,-3.06,8.75,0,0,0,0.0,0.0,0.0
1787615792.675815,08:56:32.675,2452,68.45,27.3,1011.35,15.829,0.0,0.0,0.0,-0.59,-0.11,0.38,-0.59,1.49,-0.51,9.67,42.68,-3.06,8.75,0,0,0,0.0,0.0,0.0
1787615792.675982,08:56:32.675,2453,68.46,27.3,1011.35,15.829,0.0,0.0,0.0,-0.59,-0.11,0.38,-0.59,1.49,-0.51,9.67,42.68,-3.06,8.75,0,0,0,0.0,0.0,0.0
1787615792.676142,08:56:32.676,2454,68.47,27.3,1011.35,15.829,0.0,0.0,0.0,-0.59,-0.11,0.38,-0.59,1.49,-0.51,9.67,42.68,-3.06,8.75,0,0,0,0.0,0.0,0.0
1787615792.676298,08:56:32.676,2455,68.48,27.3,1011.35,15.829,0.0,0.0,0.0,-0.59,-0.11,0.38,-0.59,1.49,-0.51,9.67,42.68,-3.06,8.75,0,0,0,0.0,0.0,0.0
1787615792.676453,08:56:32.676,2457,68.5,27.3,1011.35,15.829,0.0,0.0,0.0,-0.59,-0.11,0.38,-0.59,1.49,-0.51,9.67,42.68,-3.06,8.75,0,0,0,0.0,0.0,0.0
1787615792.676606,08:56:32.676,2458,68.51,27.3,1011.35,15.829,0.0,0.0,0.0,-0.59,-0.11,0.38,-0.59,1.49,-0.51,9.67,42.68,-3.06,8.75,0,0,0,0.0,0.0,0.0
1787615792.676763,08:56:32.676,2460,68.53,27.3,1011.35,15.829,0.0,0.0,0.0,-2.03,0.02,1.39,-2.03,1.63,-0.56,9.65,42.81,-3.31,9.56,0,0,0,0.0,0.0,0.0
1787615792.676917,08:56:32.676,2461,68.54,27.3,1011.35,15.829,0.0,0.0,0.0,-2.03,0.02,1.39,-2.03,1.63,-0.56,9.65,42.81,-3.31,9.56,0,0,0,0.0,0.0,0.0
1787615792.677072,08:56:32.677,2463,68.56,27.3,1011.35,15.829,0.0,0.0,0.0,-2.03,0.02,1.39,-2.03,1.63,-0.56,9.65,42.81,-3.31,9.56,0,0,0,0.0,0.0,0.0
1787615792.677228,08:56:32.677,2464,68.57,27.33,1011.36,15.747,0.0,0.0,0.0,-2.03,0.02,1.39,-2.03,1.63,-0.56,9.65,42.81,-3.31,9.56,0,0,0,0.0,0.0,0.0
1787615792.677418,08:56:32.677,2466,68.59,27.33,1011.36,15.747,0.0,0.0,0.0,-2.03,0.02,1.39,-2.03,1.63,-0.56,9.65,42.81,-3.31,9.56,0,0,0,0.0,0.0,0.0
1787615792.677562,08:56:32.677,2467,68.6,27.33,1011.36,15.747,0.0,0.0,0.0,-2.03,0.02,1.39,-2.03,1.63,-0.56,9.65,42.81,-3.31,9.56,0,0,0,0.0,0.0,0.0
1787615792.677699,08:56:32.677,2469,68.62,27.33,1011.36,15.747,0.0,0.0,0.0,-2.03,0.02,1.39,-2.03,1.63,-0.56,9.65,42.81,-3.31,9.56,0,0,0,0.0,0.0,0.0
1787615792.677837,08:56:32.677,2470,68.63,27.33,1011.36,15.747,0.0,0.0,0.0,-1.3,-0.08,0.74,-1.3,1.63,-0.48,9.65,42.68,-2.81,9.56,0,0,0,0.0,0.0,0.0
1787615792.779243,08:56:32.779,2472,68.65,27.33,1011.36,15.747,0.0,0.0,0.0,-1.3,-0.08,0.74,-1.3,1.63,-0.48,9.65,42.68,-2.81,9.56,0,0,0,0.0,0.0,0.0
1787615792.780032,08:56:32.780,2473,68.66,27.33,1011.36,15.747,0.0,0.0,0.0,-1.3,-0.08,0.74,-1.3,1.63,-0.48,9.65,42.68,-2.81,9.56,0,0,0,0.0,0.0,0.0
1787615792.780338,08:56:32.780,2474,68.67,27.33,1011.36,15.747,0.0,0.0,0.0,-1.3,-0.08,0.74,-1.3,1.63,-0.48,9.65,42.68,-2.81,9.56,0,0,0,0.0,0.0,0.0
1787615792.780630,08:56:32.780,2475,68.68,27.33,1011.36,15.747,0.0,0.0,0.0,-1.3,-0.08,0.74,-1.3,1.63,-0.48,9.65,42.68,-2.81,9.56,0,0,0,0.0,0.0,0.0
1787615792.780918,08:56:32.780,2476,68.69,27.33,1011.36,15.747,0.0,0.0,0.0,-1.3,-0.08,0.74,-1.3,1.63,-0.48,9.65,42.68,-2.81,9.56,0,0,0,0.0,0.0,0.0
1787615792.781209,08:56:32.781,2477,68.7,27.33,1011.36,15.747,0.0,0.0,0.0,-1.3,-0.08,0.74,-1.3,1.63,-0.48,9.65,42.68,-2.81,9.56,0,0,0,0.0,0.0,0.0
1787615792.781496,08:56:32.781,2478,68.71,27.33,1011.36,15.747,0.0,0.0,0.0,-1.3,-0.08,0.74,-1.3,1.63,-0.48,9.65,42.68,-2.81,9.56,0,0,0,0.0,0.0,0.0
1787615792.781781,08:56:32.781,2479,68.72,27.33,1011.36,15.747,0.0,0.0,0.0,-1.3,-0.08,0.74,-1.3,1.63,-0.48,9.65,42.68,-2.81,9.56,0,0,0,0.0,0.0,0.0
1787615792.782069,08:56:32.782,2480,68.73,27.33,1011.36,15.747,0.0,0.0,0.0,1.84,-0.08,0.97,1.84,1.45,-0.42,9.68,42.68,-2.5,8.5,0,0,0,0.0,0.0,0.0
1787615792.782374,08:56:32.782,2481,68.74,27.33,1011.36,15.747,0.0,0.0,0.0,1.84,-0.08,0.97,1.84,1.45,-0.42,9.68,42.68,-2.5,8.5,0,0,0,0.0,0.0,0.0
1787615792.782666,08:56:32.782,2482,68.75,27.33,1011.36,15.747,0.0,0.0,0.0,1.84,-0.08,0.97,1.84,1.45,-0.42,9.68,42.68,-2.5,8.5,0,0,0,0.0,0.0,0.0
1787615792.884161,08:56:32.884,2483,68.76,27.33,1011.36,15.747,0.0,0.0,0.0,1.84,-0.08,0.97,1.84,1.45,-0.42,9.68,42.68,-2.5,8.5,0,0,0,0.0,0.0,0.0
1787615792.884504,08:56:32.884,2484,68.77,27.36,1011.35,15.829,0.0,0.0,0.0,1.84,-0.08,0.97,1.84,1.45,-0.42,9.68,42.68,-2.5,8.5,0,0,0,0.0,0.0,0.0
1787615792.884713,08:56:32.884,2485,68.78,27.36,1011.35,15.829,0.0,0.0,0.0,1.84,-0.08,0.97,1.84,1.45,-0.42,9.68,42.68,-2.5,8.5,0,0,0,0.0,0.0,0.0
1787615792.884910,08:56:32.884,2486,68.79,27.36,1011.35,15.829,0.0,0.0,0.0,1.84,-0.08,0.97,1.84,1.45,-0.42,9.68,42.68,-2.5,8.5,0,0,0,0.0,0.0,0.0
1787615792.885100,08:56:32.885,2487,68.8,27.36,1011.35,15.829,0.0,0.0,0.0,1.84,-0.08,0.97,1.84,1.45,-0.42,9.68,42.68,-2.5,8.5,0,0,0,0.0,0.0,0.0
1787615792.885288,08:56:32.885,2488,68.81,27.36,1011.35,15.829,0.0,0.0,0.0,1.84,-0.08,0.97,1.84,1.45,-0.42,9.68,42.68,-2.5,8.5,0,0,0,0.0,0.0,0.0
1787615792.885476,08:56:32.885,2489,68.82,27.36,1011.35,15.829,0.0,0.0,0.0,1.84,-0.08,0.97,1.84,1.45,-0.42,9.68,42.68,-2.5,8.5,0,0,0,0.0,0.0,0.0
1787615792.885662,08:56:32.885,2490,68.83,27.36,1011.35,15.829,0.0,0.0,0.0,-0.58,-0.05,-0.61,-0.58,1.42,-0.4,9.69,42.68,-2.31,8.31,0,0,0,0.0,0.0,0.0
1787615792.885850,08:56:32.885,2491,68.84,27.36,1011.35,15.829,0.0,0.0,0.0,-0.58,-0.05,-0.61,-0.58,1.42,-0.4,9.69,42.68,-2.31,8.31,0,0,0,0.0,0.0,0.0
1787615792.886035,08:56:32.886,2492,68.85,27.36,1011.35,15.829,0.0,0.0,0.0,-0.58,-0.05,-0.61,-0.58,1.42,-0.4,9.69,42.68,-2.31,8.31,0,0,0,0.0,0.0,0.0
1787615792.986511,08:56:32.986,2493,68.86,27.36,1011.35,15.829,0.0,0.0,0.0,-0.58,-0.05,-0.61,-0.58,1.42,-0.4,9.69,42.68,-2.31,8.31,0,0,0,0.0,0.0,0.0
1787615792.986807,08:56:32.986,2494,68.87,27.36,1011.35,15.829,0.0,0.0,0.0,-0.58,-0.05,-0.61,-0.58,1.42,-0.4,9.69,42.68,-2.31,8.31,0,0,0,0.0,0.0,0.0
1787615792.986973,08:56:32.986,2495,68.88,27.36,1011.35,15.829,0.0,0.0,0.0,-0.58,-0.05,-0.61,-0.58,1.42,-0.4,9.69,42.68,-2.31,8.31,0,0,0,0.0,0.0,0.0
1787615792.987132,08:56:32.987,2496,68.89,27.36,1011.35,15.829,0.0,0.0,0.0,-0.58,-0.05,-0.61,-0.58,1.42,-0.4,9.69,42.68,-2.31,8.31,0,0,0,0.0,0.0,0.0
1787615792.987288,08:56:32.987,2497,68.9,27.36,1011.35,15.829,0.0,0.0,0.0,-0.58,-0.05,-0.61,-0.58,1.42,-0.4,9.69,42.68,-2.31,8.31,0,0,0,0.0,0.0,0.0
1787615792.987443,08:56:32.987,2498,68.91,27.36,1011.35,15.829,0.0,0.0,0.0,-0.58,-0.05,-0.61,-0.58,1.42,-0.4,9.69,42.68,-2.31,8.31,0,0,0,0.0,0.0,0.0
1787615792.987600,08:56:32.987,2499,68.92,27.36,1011.35,15.829,0.0,0.0,0.0,-0.58,-0.05,-0.61,-0.58,1.42,-0.4,9.69,42.68,-2.31,8.31,0,0,0,0.0,0.0,0.0
1787615792.987753,08:56:32.987,2500,68.93,27.36,1011.35,15.829,0.0,0.0,0.0,-1.87,-0.13,1.01,-1.87,1.46,-0.4,9.68,42.75,-2.31,8.56,0,0,0,0.0,0.0,0.0
1787615792.987912,08:56:32.987,2501,68.94,27.36,1011.35,15.829,0.0,0.0,0.0,-1.87,-0.13,1.01,-1.87,1.46,-0.4,9.68,42.75,-2.31,8.56,0,0,0,0.0,0.0,0.0
1787615792.988067,08:56:32.988,2502,68.95,27.36,1011.35,15.829,0.0,0.0,0.0,-1.87,-0.13,1.01,-1.87,1.46,-0.4,9.68,42.75,-2.31,8.56,0,0,0,0.0,0.0,0.0
1787615792.988220,08:56:32.988,2503,68.96,27.36,1011.35,15.829,0.0,0.0,0.0,-1.87,-0.13,1.01,-1.87,1.46,-0.4,9.68,42.75,-2.31,8.56,0,0,0,0.0,0.0,0.0
1787615792.988374,08:56:32.988,2504,68.97,27.4,1011.36,15.747,0.0,0.0,0.0,-1.87,-0.13,1.01,-1.87,1.46,-0.4,9.68,42.75,-2.31,8.56,0,0,0,0.0,0.0,0.0
1787615792.988528,08:56:32.988,2505,68.98,27.4,1011.36,15.747,0.0,0.0,0.0,-1.87,-0.13,1.01,-1.87,1.46,-0.4,9.68,42.75,-2.31,8.56,0,0,0,0.0,0.0,0.0
1787615793.089856,08:56:33.089,2506,68.99,27.4,1011.36,15.747,0.0,0.0,0.0,-1.87,-0.13,1.01,-1.87,1.46,-0.4,9.68,42.75,-2.31,8.56,0,0,0,0.0,0.0,0.0
1787615793.090201,08:56:33.090,2507,69.0,27.4,1011.36,15.747,0.0,0.0,0.0,-1.87,-0.13,1.01,-1.87,1.46,-0.4,9.68,42.75,-2.31,8.56,0,0,0,0.0,0.0,0.0
1787615793.090403,08:56:33.090,2508,69.01,27.4,1011.36,15.747,0.0,0.0,0.0,-1.87,-0.13,1.01,-1.87,1.46,-0.4,9.68,42.75,-2.31,8.56,0,0,0,0.0,0.0,0.0
1787615793.090597,08:56:33.090,2509,69.02,27.4,1011.36,15.747,0.0,0.0,0.0,-1.87,-0.13,1.01,-1.87,1.46,-0.4,9.68,42.75,-2.31,8.56,0,0,0,0.0,0.0,0.0
1787615793.090789,08:56:33.090,2510,69.03,27.4,1011.36,15.747,0.0,0.0,0.0,0.02,-1.15,1.61,0.02,1.44,-0.52,9.68,42.5,-3.06,8.43,0,0,0,0.0,0.0,0.0
1787615793.090983,08:56:33.090,2511,69.04,27.4,1011.36,15.747,0.0,0.0,0.0,0.02,-1.15,1.61,0.02,1.44,-0.52,9.68,42.5,-3.06,8.43,0,0,0,0.0,0.0,0.0
1787615793.091175,08:56:33.091,2512,69.05,27.4,1011.36,15.747,0.0,0.0,0.0,0.02,-1.15,1.61,0.02,1.44,-0.52,9.68,42.5,-3.06,8.43,0,0,0,0.0,0.0,0.0
1787615793.091460,08:56:33.091,2513,69.06,27.4,1011.36,15.747,0.0,0.0,0.0,0.02,-1.15,1.61,0.02,1.44,-0.52,9.68,42.5,-3.06,8.43,0,0,0,0.0,0.0,0.0
1787615793.091686,08:56:33.091,2514,69.07,27.4,1011.36,15.747,0.0,0.0,0.0,0.02,-1.15,1.61,0.02,1.44,-0.52,9.68,42.5,-3.06,8.43,0,0,0,0.0,0.0,0.0
1787615793.193056,08:56:33.193,2515,69.08,27.4,1011.36,15.747,0.0,0.0,0.0,0.02,-1.15,1.61,0.02,1.44,-0.52,9.68,42.5,-3.06,8.43,0,0,0,0.0,0.0,0.0
1787615793.193399,08:56:33.193,2516,69.09,27.4,1011.36,15.747,0.0,0.0,0.0,0.02,-1.15,1.61,0.02,1.44,-0.52,9.68,42.5,-3.06,8.43,0,0,0,0.0,0.0,0.0
1787615793.193635,08:56:33.193,2517,69.1,27.4,1011.36,15.747,0.0,0.0,0.0,0.02,-1.15,1.61,0.02,1.44,-0.52,9.68,42.5,-3.06,8.43,0,0,0,0.0,0.0,0.0
1787615793.193905,08:56:33.193,2518,69.11,27.4,1011.36,15.747,0.0,0.0,0.0,0.02,-1.15,1.61,0.02,1.44,-0.52,9.68,42.5,-3.06,8.43,0,0,0,0.0,0.0,0.0
1787615793.194125,08:56:33.194,2519,69.12,27.4,1011.36,15.747,0.0,0.0,0.0,0.02,-1.15,1.61,0.02,1.44,-0.52,9.68,42.5,-3.06,8.43,0,0,0,0.0,0.0,0.0
1787615793.194344,08:56:33.194,2520,69.13,27.4,1011.36,15.747,0.0,0.0,0.0,0.54,-0.4,0.5,0.54,1.5,-0.61,9.67,42.18,-3.62,8.81,0,0,0,0.0,0.0,0.0
1787615793.194566,08:56:33.194,2521,69.14,27.4,1011.36,15.747,0.0,0.0,0.0,0.54,-0.4,0.5,0.54,1.5,-0.61,9.67,42.18,-3.62,8.81,0,0,0,0.0,0.0,0.0
1787615793.194786,08:56:33.194,2522,69.15,27.4,1011.36,15.747,0.0,0.0,0.0,0.54,-0.4,0.5,0.54,1.5,-0.61,9.67,42.18,-3.62,8.81,0,0,0,0.0,0.0,0.0
1787615793.296286,08:56:33.296,2523,69.16,27.4,1011.36,15.747,0.0,0.0,0.0,0.54,-0.4,0.5,0.54,1.5,-0.61,9.67,42.18,-3.62,8.81,0,0,0,0.0,0.0,0.0
1787615793.297683,08:56:33.297,2524,69.17,27.41,1011.36,15.747,0.0,0.0,0.0,0.54,-0.4,0.5,0.54,1.5,-0.61,9.67,42.18,-3.62,8.81,0,0,0,0.0,0.0,0.0
1787615793.298388,08:56:33.298,2525,69.18,27.41,1011.36,15.747,0.0,0.0,0.0,0.54,-0.4,0.5,0.54,1.5,-0.61,9.67,42.18,-3.62,8.81,0,0,0,0.0,0.0,0.0
1787615793.299073,08:56:33.299,2526,69.19,27.41,1011.36,15.747,0.0,0.0,0.0,0.54,-0.4,0.5,0.54,1.5,-0.61,9.67,42.18,-3.62,8.81,0,0,0,0.0,0.0,0.0
1787615793.299747,08:56:33.299,2527,69.2,27.41,1011.36,15.747,0.0,0.0,0.0,0.54,-0.4,0.5,0.54,1.5,-0.61,9.67,42.18,-3.62,8.81,0,0,0,0.0,0.0,0.0
1787615793.300409,08:56:33.300,2528,69.21,27.41,1011.36,15.747,0.0,0.0,0.0,0.54,-0.4,0.5,0.54,1.5,-0.61,9.67,42.18,-3.62,8.81,0,0,0,0.0,0.0,0.0
1787615793.301060,08:56:33.301,2529,69.22,27.41,1011.36,15.747,0.0,0.0,0.0,0.54,-0.4,0.5,0.54,1.5,-0.61,9.67,42.18,-3.62,8.81,0,0,0,0.0,0.0,0.0
1787615793.301720,08:56:33.301,2530,69.23,27.41,1011.36,15.747,0.0,0.0,0.0,0.57,-0.9,-1.09,0.57,1.71,-0.67,9.63,42.18,-3.93,9.87,0,0,0,0.0,0.0,0.0
1787615793.302395,08:56:33.302,2531,69.24,27.41,1011.36,15.747,0.0,0.0,0.0,0.57,-0.9,-1.09,0.57,1.71,-0.67,9.63,42.18,-3.93,9.87,0,0,0,0.0,0.0,0.0
1787615793.403826,08:56:33.403,2532,69.25,27.41,1011.36,15.747,0.0,0.0,0.0,0.57,-0.9,-1.09,0.57,1.71,-0.67,9.63,42.18,-3.93,9.87,0,0,0,0.0,0.0,0.0
1787615793.404181,08:56:33.404,2533,69.26,27.41,1011.36,15.747,0.0,0.0,0.0,0.57,-0.9,-1.09,0.57,1.71,-0.67,9.63,42.18,-3.93,9.87,0,0,0,0.0,0.0,0.0
1787615793.404414,08:56:33.404,2534,69.27,27.41,1011.36,15.747,0.0,0.0,0.0,0.57,-0.9,-1.09,0.57,1.71,-0.67,9.63,42.18,-3.93,9.87,0,0,0,0.0,0.0,0.0
1787615793.404643,08:56:33.404,2535,69.28,27.41,1011.36,15.747,0.0,0.0,0.0,0.57,-0.9,-1.09,0.57,1.71,-0.67,9.63,42.18,-3.93,9.87,0,0,0,0.0,0.0,0.0
1787615793.404868,08:56:33.404,2536,69.29,27.41,1011.36,15.747,0.0,0.0,0.0,0.57,-0.9,-1.09,0.57,1.71,-0.67,9.63,42.18,-3.93,9.87,0,0,0,0.0,0.0,0.0
1787615793.405094,08:56:33.405,2537,69.3,27.41,1011.36,15.747,0.0,0.0,0.0,0.57,-0.9,-1.09,0.57,1.71,-0.67,9.63,42.18,-3.93,9.87,0,0,0,0.0,0.0,0.0
1787615793.405318,08:56:33.405,2538,69.31,27.41,1011.36,15.747,0.0,0.0,0.0,0.57,-0.9,-1.09,0.57,1.71,-0.67,9.63,42.18,-3.93,9.87,0,0,0,0.0,0.0,0.0
1787615793.405542,08:56:33.405,2539,69.32,27.41,1011.36,15.747,0.0,0.0,0.0,0.57,-0.9,-1.09,0.57,1.71,-0.67,9.63,42.18,-3.93,9.87,0,0,0,0.0,0.0,0.0
1787615793.405764,08:56:33.405,2541,69.34,27.41,1011.36,15.747,0.0,0.0,0.0,-0.7,-0.46,0.68,-0.7,2.21,-0.53,9.53,43.12,-3.12,12.68,0,0,0,0.0,0.0,0.0
1787615793.507245,08:56:33.507,2542,69.35,27.41,1011.36,15.747,0.0,0.0,0.0,-0.7,-0.46,0.68,-0.7,2.21,-0.53,9.53,43.12,-3.12,12.68,0,0,0,0.0,0.0,0.0
1787615793.507465,08:56:33.507,2543,69.36,27.41,1011.36,15.747,0.0,0.0,0.0,-0.7,-0.46,0.68,-0.7,2.21,-0.53,9.53,43.12,-3.12,12.68,0,0,0,0.0,0.0,0.0
1787615793.507592,08:56:33.507,2544,69.37,27.42,1011.36,15.747,0.0,0.0,0.0,-0.7,-0.46,0.68,-0.7,2.21,-0.53,9.53,43.12,-3.12,12.68,0,0,0,0.0,0.0,0.0
1787615793.507715,08:56:33.507,2545,69.38,27.42,1011.36,15.747,0.0,0.0,0.0,-0.7,-0.46,0.68,-0.7,2.21,-0.53,9.53,43.12,-3.12,12.68,0,0,0,0.0,0.0,0.0
1787615793.507834,08:56:33.507,2546,69.39,27.42,1011.36,15.747,0.0,0.0,0.0,-0.7,-0.46,0.68,-0.7,2.21,-0.53,9.53,43.12,-3.12,12.68,0,0,0,0.0,0.0,0.0
1787615793.507953,08:56:33.507,2547,69.4,27.42,1011.36,15.747,0.0,0.0,0.0,-0.7,-0.46,0.68,-0.7,2.21,-0.53,9.53,43.12,-3.12,12.68,0,0,0,0.0,0.0,0.0
1787615793.508072,08:56:33.508,2548,69.41,27.42,1011.36,15.747,0.0,0.0,0.0,-0.7,-0.46,0.68,-0.7,2.21,-0.53,9.53,43.12,-3.12,12.68,0,0,0,0.0,0.0,0.0
1787615793.508194,08:56:33.508,2549,69.42,27.42,1011.36,15.747,0.0,0.0,0.0,-0.7,-0.46,0.68,-0.7,2.21,-0.53,9.53,43.12,-3.12,12.68,0,0,0,0.0,0.0,0.0
1787615793.508312,08:56:33.508,2550,69.43,27.42,1011.36,15.747,0.0,0.0,0.0,-5.54,-1.78,1.28,-5.54,3.02,-0.94,9.28,43.68,-5.68,17.37,0,0,0,0.0,0.0,0.0
1787615793.508435,08:56:33.508,2551,69.44,27.42,1011.36,15.747,0.0,0.0,0.0,-5.54,-1.78,1.28,-5.54,3.02,-0.94,9.28,43.68,-5.68,17.37,0,0,0,0.0,0.0,0.0
1787615793.508557,08:56:33.508,2552,69.45,27.42,1011.36,15.747,0.0,0.0,0.0,-5.54,-1.78,1.28,-5.54,3.02,-0.94,9.28,43.68,-5.68,17.37,0,0,0,0.0,0.0,0.0
1787615793.609836,08:56:33.609,2553,69.46,27.42,1011.36,15.747,0.0,0.0,0.0,-5.54,-1.78,1.28,-5.54,3.02,-0.94,9.28,43.68,-5.68,17.37,0,0,0,0.0,0.0,0.0
1787615793.610358,08:56:33.610,2554,69.47,27.42,1011.36,15.747,0.0,0.0,0.0,-5.54,-1.78,1.28,-5.54,3.02,-0.94,9.28,43.68,-5.68,17.37,0,0,0,0.0,0.0,0.0
1787615793.610669,08:56:33.610,2555,69.48,27.42,1011.36,15.747,0.0,0.0,0.0,-5.54,-1.78,1.28,-5.54,3.02,-0.94,9.28,43.68,-5.68,17.37,0,0,0,0.0,0.0,0.0
1787615793.610936,08:56:33.610,2556,69.49,27.42,1011.36,15.747,0.0,0.0,0.0,-5.54,-1.78,1.28,-5.54,3.02,-0.94,9.28,43.68,-5.68,17.37,0,0,0,0.0,0.0,0.0
1787615793.611203,08:56:33.611,2557,69.5,27.42,1011.36,15.747,0.0,0.0,0.0,-5.54,-1.78,1.28,-5.54,3.02,-0.94,9.28,43.68,-5.68,17.37,0,0,0,0.0,0.0,0.0
1787615793.611476,08:56:33.611,2558,69.51,27.42,1011.36,15.747,0.0,0.0,0.0,-5.54,-1.78,1.28,-5.54,3.02,-0.94,9.28,43.68,-5.68,17.37,0,0,0,0.0,0.0,0.0
1787615793.611739,08:56:33.611,2559,69.52,27.42,1011.36,15.747,0.0,0.0,0.0,-5.54,-1.78,1.28,-5.54,3.02,-0.94,9.28,43.68,-5.68,17.37,0,0,0,0.0,0.0,0.0
1787615793.612002,08:56:33.612,2560,69.53,27.42,1011.36,15.747,0.0,0.0,0.0,-5.54,-1.78,1.28,-5.54,3.02,-0.94,9.28,44.81,-5.68,21.93,0,0,0,0.0,0.0,0.0
1787615793.612274,08:56:33.612,2561,69.54,27.42,1011.36,15.747,0.0,0.0,0.0,-5.54,-1.78,1.28,-5.54,3.02,-0.94,9.28,44.81,-5.68,21.93,0,0,0,0.0,0.0,0.0
1787615793.612519,08:56:33.612,2562,69.55,27.42,1011.36,15.747,0.0,0.0,0.0,-5.54,-1.78,1.28,-5.54,3.02,-0.94,9.28,44.81,-5.68,21.93,0,0,0,0.0,0.0,0.0
1787615793.612747,08:56:33.612,2563,69.56,27.42,1011.36,15.747,0.0,0.0,0.0,-5.54,-1.78,1.28,-5.54,3.02,-0.94,9.28,44.81,-5.68,21.93,0,0,0,0.0,0.0,0.0
1787615793.613088,08:56:33.613,2564,69.57,27.43,1011.36,15.747,0.0,0.0,0.0,-5.54,-1.78,1.28,-5.54,3.02,-0.94,9.28,44.81,-5.68,21.93,0,0,0,0.0,0.0,0.0
1787615793.613344,08:56:33.613,2565,69.58,27.43,1011.36,15.747,0.0,0.0,0.0,-5.54,-1.78,1.28,-5.54,3.02,-0.94,9.28,44.81,-5.68,21.93,0,0,0,0.0,0.0,0.0
1787615793.613577,08:56:33.613,2566,69.59,27.43,1011.36,15.747,0.0,0.0,0.0,-5.54,-1.78,1.28,-5.54,3.02,-0.94,9.28,44.81,-5.68,21.93,0,0,0,0.0,0.0,0.0
1787615793.715091,08:56:33.715,2567,69.6,27.43,1011.36,15.747,0.0,0.0,0.0,-5.54,-1.78,1.28,-5.54,3.02,-0.94,9.28,44.81,-5.68,21.93,0,0,0,0.0,0.0,0.0
1787615793.716513,08:56:33.716,2568,69.61,27.43,1011.36,15.747,0.0,0.0,0.0,-5.54,-1.78,1.28,-5.54,3.02,-0.94,9.28,44.81,-5.68,21.93,0,0,0,0.0,0.0,0.0
1787615793.717141,08:56:33.717,2569,69.62,27.43,1011.36,15.747,0.0,0.0,0.0,-5.54,-1.78,1.28,-5.54,3.02,-0.94,9.28,44.81,-5.68,21.93,0,0,0,0.0,0.0,0.0
1787615793.717537,08:56:33.717,2570,69.63,27.43,1011.36,15.747,0.0,0.0,0.0,-5.54,-1.78,1.28,-5.54,3.02,-0.94,9.28,44.81,-5.68,21.93,0,0,0,0.0,0.0,0.0
1787615793.717947,08:56:33.717,2571,69.64,27.43,1011.36,15.747,0.0,0.0,0.0,-5.54,-1.78,1.28,-5.54,3.02,-0.94,9.28,44.81,-5.68,21.93,0,0,0,0.0,0.0,0.0
1787615793.718340,08:56:33.718,2572,69.65,27.43,1011.36,15.747,0.0,0.0,0.0,-5.54,-1.78,1.28,-5.54,3.02,-0.94,9.28,44.81,-5.68,21.93,0,0,0,0.0,0.0,0.0
1787615793.718722,08:56:33.718,2573,69.66,27.43,1011.36,15.747,0.0,0.0,0.0,-5.54,-1.78,1.28,-5.54,3.02,-0.94,9.28,44.81,-5.68,21.93,0,0,0,0.0,0.0,0.0
1787615793.719088,08:56:33.719,2574,69.67,27.43,1011.36,15.747,0.0,0.0,0.0,-5.54,-1.78,1.28,-5.54,3.02,-0.94,9.28,44.81,-5.68,21.93,0,0,0,0.0,0.0,0.0
1787615793.820773,08:56:33.820,2575,69.68,27.43,1011.36,15.747,0.0,0.0,0.0,-5.54,-1.78,1.28,-5.54,3.02,-0.94,9.28,44.81,-5.68,21.93,0,0,0,0.0,0.0,0.0
1787615793.822219,08:56:33.822,2576,69.69,27.43,1011.36,15.747,0.0,0.0,0.0,-5.54,-1.78,1.28,-5.54,3.02,-0.94,9.28,44.81,-5.68,21.93,0,0,0,0.0,0.0,0.0
1787615793.822918,08:56:33.822,2577,69.7,27.43,1011.36,15.747,0.0,0.0,0.0,-5.54,-1.78,1.28,-5.54,3.02,-0.94,9.28,44.81,-5.68,21.93,0,0,0,0.0,0.0,0.0
1787615793.823593,08:56:33.823,2578,69.71,27.43,1011.36,15.747,0.0,0.0,0.0,-5.54,-1.78,1.28,-5.54,3.02,-0.94,9.28,44.81,-5.68,21.93,0,0,0,0.0,0.0,0.0
1787615793.824124,08:56:33.824,2579,69.72,27.43,1011.36,15.747,0.0,0.0,0.0,-5.54,-1.78,1.28,-5.54,3.02,-0.94,9.28,44.81,-5.68,21.93,0,0,0,0.0,0.0,0.0
1787615793.824450,08:56:33.824,2580,69.73,27.43,1011.36,15.747,0.0,0.0,0.0,-5.54,-1.78,1.28,-5.54,3.02,-0.94,9.28,44.81,-5.68,21.93,0,0,0,0.0,0.0,0.0
1787615793.824783,08:56:33.824,2581,69.74,27.43,1011.36,15.747,0.0,0.0,0.0,-5.54,-1.78,1.28,-5.54,3.02,-0.94,9.28,44.81,-5.68,21.93,0,0,0,0.0,0.0,0.0
1787615793.926460,08:56:33.926,2582,69.75,27.43,1011.36,15.747,0.0,0.0,0.0,-5.54,-1.78,1.28,-5.54,3.02,-0.94,9.28,44.81,-5.68,21.93,0,0,0,0.0,0.0,0.0
1787615793.927715,08:56:33.927,2583,69.76,27.43,1011.36,15.747,0.0,0.0,0.0,-5.54,-1.78,1.28,-5.54,3.02,-0.94,9.28,44.81,-5.68,21.93,0,0,0,0.0,0.0,0.0
1787615793.928411,08:56:33.928,2584,69.77,27.42,1011.33,15.996,0.0,0.0,0.0,-5.54,-1.78,1.28,-5.54,3.02,-0.94,9.28,44.81,-5.68,21.93,0,0,0,0.0,0.0,0.0
1787615793.929085,08:56:33.929,2585,69.78,27.42,1011.33,15.996,0.0,0.0,0.0,-5.54,-1.78,1.28,-5.54,3.02,-0.94,9.28,44.81,-5.68,21.93,0,0,0,0.0,0.0,0.0
1787615793.929931,08:56:33.929,2586,69.79,27.42,1011.33,15.996,0.0,0.0,0.0,-5.54,-1.78,1.28,-5.54,3.02,-0.94,9.28,44.81,-5.68,21.93,0,0,0,0.0,0.0,0.0
1787615793.930356,08:56:33.930,2588,69.81,27.42,1011.33,15.996,0.0,0.0,0.0,-5.54,-1.78,1.28,-5.54,3.02,-0.94,9.28,44.81,-5.68,21.93,0,0,0,0.0,0.0,0.0
1787615793.930760,08:56:33.930,2589,69.82,27.42,1011.33,15.996,0.0,0.0,0.0,-5.54,-1.78,1.28,-5.54,3.02,-0.94,9.28,44.81,-5.68,21.93,0,0,0,0.0,0.0,0.0
1787615793.931149,08:56:33.931,2590,69.83,27.42,1011.33,15.996,0.0,0.0,0.0,-1.58,-0.24,0.71,-1.58,4.43,-1.63,8.59,47.75,-10.75,26.87,0,0,0,0.0,0.0,0.0
1787615794.032191,08:56:34.032,2591,69.84,27.42,1011.33,15.996,0.0,0.0,0.0,-1.58,-0.24,0.71,-1.58,4.43,-1.63,8.59,47.75,-10.75,26.87,0,0,0,0.0,0.0,0.0
1787615794.032631,08:56:34.032,2592,69.85,27.42,1011.33,15.996,0.0,0.0,0.0,-1.58,-0.24,0.71,-1.58,4.43,-1.63,8.59,47.75,-10.75,26.87,0,0,0,0.0,0.0,0.0
1787615794.032864,08:56:34.032,2593,69.86,27.42,1011.33,15.996,0.0,0.0,0.0,-1.58,-0.24,0.71,-1.58,4.43,-1.63,8.59,47.75,-10.75,26.87,0,0,0,0.0,0.0,0.0
1787615794.033093,08:56:34.033,2595,69.88,27.42,1011.33,15.996,0.0,0.0,0.0,-1.58,-0.24,0.71,-1.58,4.43,-1.63,8.59,47.75,-10.75,26.87,0,0,0,0.0,0.0,0.0
1787615794.033316,08:56:34.033,2596,69.89,27.42,1011.33,15.996,0.0,0.0,0.0,-1.58,-0.24,0.71,-1.58,4.43,-1.63,8.59,47.75,-10.75,26.87,0,0,0,0.0,0.0,0.0
1787615794.033537,08:56:34.033,2598,69.91,27.42,1011.33,15.996,0.0,0.0,0.0,-1.58,-0.24,0.71,-1.58,4.43,-1.63,8.59,47.75,-10.75,26.87,0,0,0,0.0,0.0,0.0
1787615794.033766,08:56:34.033,2599,69.92,27.42,1011.33,15.996,0.0,0.0,0.0,-1.58,-0.24,0.71,-1.58,4.43,-1.63,8.59,47.75,-10.75,26.87,0,0,0,0.0,0.0,0.0
1787615794.033986,08:56:34.033,2601,69.94,27.42,1011.33,15.996,0.0,0.0,0.0,-2.49,-0.47,-0.91,-2.49,4.54,-1.14,8.61,48.18,-7.56,27.56,0,0,0,0.0,0.0,0.0
1787615794.134987,08:56:34.134,2602,69.95,27.42,1011.33,15.996,0.0,0.0,0.0,-2.49,-0.47,-0.91,-2.49,4.54,-1.14,8.61,48.18,-7.56,27.56,0,0,0,0.0,0.0,0.0
1787615794.135346,08:56:34.135,2604,69.97,27.42,1011.38,15.581,0.0,0.0,0.0,-2.49,-0.47,-0.91,-2.49,4.54,-1.14,8.61,48.18,-7.56,27.56,0,0,0,0.0,0.0,0.0
1787615794.135583,08:56:34.135,2605,69.98,27.42,1011.38,15.581,0.0,0.0,0.0,-2.49,-0.47,-0.91,-2.49,4.54,-1.14,8.61,48.18,-7.56,27.56,0,0,0,0.0,0.0,0.0
1787615794.135812,08:56:34.135,2607,70.0,27.42,1011.38,15.581,0.0,0.0,0.0,-2.49,-0.47,-0.91,-2.49,4.54,-1.14,8.61,48.18,-7.56,27.56,0,0,0,0.0,0.0,0.0
1787615794.136038,08:56:34.136,2608,70.01,27.42,1011.38,15.581,0.0,0.0,0.0,-2.49,-0.47,-0.91,-2.49,4.54,-1.14,8.61,48.18,-7.56,27.56,0,0,0,0.0,0.0,0.0
1787615794.237442,08:56:34.237,2609,70.02,27.42,1011.38,15.581,0.0,0.0,0.0,-2.49,-0.47,-0.91,-2.49,4.54,-1.14,8.61,48.18,-7.56,27.56,0,0,0,0.0,0.0,0.0
1787615794.238833,08:56:34.238,2610,70.03,27.42,1011.38,15.581,0.0,0.0,0.0,-1.87,-0.4,0.22,-1.87,4.52,-0.89,8.65,48.06,-5.87,27.5,0,0,0,0.0,0.0,0.0
1787615794.239551,08:56:34.239,2611,70.04,27.42,1011.38,15.581,0.0,0.0,0.0,-1.87,-0.4,0.22,-1.87,4.52,-0.89,8.65,48.06,-5.87,27.5,0,0,0,0.0,0.0,0.0
1787615794.240176,08:56:34.240,2612,70.05,27.42,1011.38,15.581,0.0,0.0,0.0,-1.87,-0.4,0.22,-1.87,4.52,-0.89,8.65,48.06,-5.87,27.5,0,0,0,0.0,0.0,0.0
1787615794.240569,08:56:34.240,2613,70.06,27.42,1011.38,15.581,0.0,0.0,0.0,-1.87,-0.4,0.22,-1.87,4.52,-0.89,8.65,48.06,-5.87,27.5,0,0,0,0.0,0.0,0.0
1787615794.240954,08:56:34.240,2614,70.07,27.42,1011.38,15.581,0.0,0.0,0.0,-1.87,-0.4,0.22,-1.87,4.52,-0.89,8.65,48.06,-5.87,27.5,0,0,0,0.0,0.0,0.0
1787615794.342264,08:56:34.342,2615,70.08,27.42,1011.38,15.581,0.0,0.0,0.0,-1.87,-0.4,0.22,-1.87,4.52,-0.89,8.65,48.06,-5.87,27.5,0,0,0,0.0,0.0,0.0
1787615794.342718,08:56:34.342,2616,70.09,27.42,1011.38,15.581,0.0,0.0,0.0,-1.87,-0.4,0.22,-1.87,4.52,-0.89,8.65,48.06,-5.87,27.5,0,0,0,0.0,0.0,0.0
1787615794.342956,08:56:34.342,2618,70.11,27.42,1011.38,15.581,0.0,0.0,0.0,-1.87,-0.4,0.22,-1.87,4.52,-0.89,8.65,48.06,-5.87,27.5,0,0,0,0.0,0.0,0.0
1787615794.443317,08:56:34.443,2619,70.12,27.42,1011.38,15.581,0.0,0.0,0.0,-1.87,-0.4,0.22,-1.87,4.52,-0.89,8.65,48.06,-5.87,27.5,0,0,0,0.0,0.0,0.0
1787615794.444086,08:56:34.444,2621,70.14,27.42,1011.38,15.581,0.0,0.0,0.0,-1.17,-0.95,-0.74,-1.17,4.58,-0.58,8.64,47.81,-3.81,27.81,0,0,0,0.0,0.0,0.0
1787615794.444506,08:56:34.444,2622,70.15,27.42,1011.38,15.581,0.0,0.0,0.0,-1.17,-0.95,-0.74,-1.17,4.58,-0.58,8.64,47.81,-3.81,27.81,0,0,0,0.0,0.0,0.0
1787615794.444871,08:56:34.444,2624,70.17,27.43,1011.37,15.663,0.0,0.0,0.0,-1.17,-0.95,-0.74,-1.17,4.58,-0.58,8.64,47.81,-3.81,27.81,0,0,0,0.0,0.0,0.0
1787615794.445212,08:56:34.445,2625,70.18,27.43,1011.37,15.663,0.0,0.0,0.0,-1.17,-0.95,-0.74,-1.17,4.58,-0.58,8.64,47.81,-3.81,27.81,0,0,0,0.0,0.0,0.0
1787615794.545904,08:56:34.545,2627,70.2,27.43,1011.37,15.663,0.0,0.0,0.0,-1.17,-0.95,-0.74,-1.17,4.58,-0.58,8.64,47.81,-3.81,27.81,0,0,0,0.0,0.0,0.0
1787615794.546117,08:56:34.546,2628,70.21,27.43,1011.37,15.663,0.0,0.0,0.0,-1.17,-0.95,-0.74,-1.17,4.58,-0.58,8.64,47.81,-3.81,27.81,0,0,0,0.0,0.0,0.0
1787615794.546303,08:56:34.546,2630,70.23,27.43,1011.37,15.663,0.0,0.0,0.0,-1.23,-0.48,-0.32,-1.23,4.62,-0.23,8.64,47.5,-1.5,28.12,0,0,0,0.0,0.0,0.0
1787615794.546492,08:56:34.546,2631,70.24,27.43,1011.37,15.663,0.0,0.0,0.0,-1.23,-0.48,-0.32,-1.23,4.62,-0.23,8.64,47.5,-1.5,28.12,0,0,0,0.0,0.0,0.0
1787615794.546624,08:56:34.546,2633,70.26,27.43,1011.37,15.663,0.0,0.0,0.0,-1.23,-0.48,-0.32,-1.23,4.62,-0.23,8.64,47.5,-1.5,28.12,0,0,0,0.0,0.0,0.0
1787615794.546753,08:56:34.546,2634,70.27,27.43,1011.37,15.663,0.0,0.0,0.0,-1.23,-0.48,-0.32,-1.23,4.62,-0.23,8.64,47.5,-1.5,28.12,0,0,0,0.0,0.0,0.0
1787615794.546882,08:56:34.546,2636,70.29,27.43,1011.37,15.663,0.0,0.0,0.0,-1.23,-0.48,-0.32,-1.23,4.62,-0.23,8.64,47.5,-1.5,28.12,0,0,0,0.0,0.0,0.0
1787615794.547011,08:56:34.547,2637,70.3,27.43,1011.37,15.663,0.0,0.0,0.0,-1.23,-0.48,-0.32,-1.23,4.62,-0.23,8.64,47.5,-1.5,28.12,0,0,0,0.0,0.0,0.0
1787615794.547138,08:56:34.547,2639,70.32,27.43,1011.37,15.663,0.0,0.0,0.0,-1.23,-0.48,-0.32,-1.23,4.62,-0.23,8.64,47.5,-1.5,28.12,0,0,0,0.0,0.0,0.0
1787615794.648453,08:56:34.648,2640,70.33,27.43,1011.37,15.663,0.0,0.0,0.0,0.31,0.14,-0.09,0.31,4.73,0.11,8.58,47.18,0.68,28.81,0,0,0,0.0,0.0,0.0
1787615794.648971,08:56:34.648,2642,70.35,27.43,1011.37,15.663,0.0,0.0,0.0,0.31,0.14,-0.09,0.31,4.73,0.11,8.58,47.18,0.68,28.81,0,0,0,0.0,0.0,0.0
1787615794.649275,08:56:34.649,2643,70.36,27.43,1011.37,15.663,0.0,0.0,0.0,0.31,0.14,-0.09,0.31,4.73,0.11,8.58,47.18,0.68,28.81,0,0,0,0.0,0.0,0.0
1787615794.649546,08:56:34.649,2645,70.38,27.42,1011.37,15.663,0.0,0.0,0.0,0.31,0.14,-0.09,0.31,4.73,0.11,8.58,47.18,0.68,28.81,0,0,0,0.0,0.0,0.0
1787615794.649812,08:56:34.649,2646,70.39,27.42,1011.37,15.663,0.0,0.0,0.0,0.31,0.14,-0.09,0.31,4.73,0.11,8.58,47.18,0.68,28.81,0,0,0,0.0,0.0,0.0
1787615794.751141,08:56:34.751,2648,70.41,27.42,1011.37,15.663,0.0,0.0,0.0,0.31,0.14,-0.09,0.31,4.73,0.11,8.58,47.18,0.68,28.81,0,0,0,0.0,0.0,0.0
1787615794.751533,08:56:34.751,2649,70.42,27.42,1011.37,15.663,0.0,0.0,0.0,0.31,0.14,-0.09,0.31,4.73,0.11,8.58,47.18,0.68,28.81,0,0,0,0.0,0.0,0.0
1787615794.751771,08:56:34.751,2651,70.44,27.42,1011.37,15.663,0.0,0.0,0.0,-0.5,0.07,0.09,-0.5,4.73,0.15,8.58,46.5,1.0,28.87,0,0,0,0.0,0.0,0.0
1787615794.752001,08:56:34.752,2652,70.45,27.42,1011.37,15.663,0.0,0.0,0.0,-0.5,0.07,0.09,-0.5,4.73,0.15,8.58,46.5,1.0,28.87,0,0,0,0.0,0.0,0.0
1787615794.752231,08:56:34.752,2654,70.47,27.42,1011.37,15.663,0.0,0.0,0.0,-0.5,0.07,0.09,-0.5,4.73,0.15,8.58,46.5,1.0,28.87,0,0,0,0.0,0.0,0.0
1787615794.752452,08:56:34.752,2655,70.48,27.42,1011.37,15.663,0.0,0.0,0.0,-0.5,0.07,0.09,-0.5,4.73,0.15,8.58,46.5,1.0,28.87,0,0,0,0.0,0.0,0.0
1787615794.752683,08:56:34.752,2657,70.5,27.42,1011.37,15.663,0.0,0.0,0.0,-0.5,0.07,0.09,-0.5,4.73,0.15,8.58,46.5,1.0,28.87,0,0,0,0.0,0.0,0.0
1787615794.753014,08:56:34.753,2658,70.51,27.42,1011.37,15.663,0.0,0.0,0.0,-0.5,0.07,0.09,-0.5,4.73,0.15,8.58,46.5,1.0,28.87,0,0,0,0.0,0.0,0.0
1787615794.753235,08:56:34.753,2660,70.53,27.42,1011.37,15.663,0.0,0.0,0.0,1.88,-0.81,-0.35,1.88,4.37,-0.17,8.77,45.0,-1.06,26.5,0,0,0,0.0,0.0,0.0
1787615794.854222,08:56:34.854,2661,70.54,27.42,1011.37,15.663,0.0,0.0,0.0,1.88,-0.81,-0.35,1.88,4.37,-0.17,8.77,45.0,-1.06,26.5,0,0,0,0.0,0.0,0.0
1787615794.854496,08:56:34.854,2663,70.56,27.42,1011.37,15.663,0.0,0.0,0.0,1.88,-0.81,-0.35,1.88,4.37,-0.17,8.77,45.0,-1.06,26.5,0,0,0,0.0,0.0,0.0
1787615794.854659,08:56:34.854,2664,70.57,27.42,1011.35,15.829,0.0,0.0,0.0,1.88,-0.81,-0.35,1.88,4.37,-0.17,8.77,45.0,-1.06,26.5,0,0,0,0.0,0.0,0.0
1787615794.854818,08:56:34.854,2666,70.59,27.42,1011.35,15.829,0.0,0.0,0.0,1.88,-0.81,-0.35,1.88,4.37,-0.17,8.77,45.0,-1.06,26.5,0,0,0,0.0,0.0,0.0
1787615794.854972,08:56:34.854,2667,70.6,27.42,1011.35,15.829,0.0,0.0,0.0,1.88,-0.81,-0.35,1.88,4.37,-0.17,8.77,45.0,-1.06,26.5,0,0,0,0.0,0.0,0.0
1787615794.855129,08:56:34.855,2669,70.62,27.42,1011.35,15.829,0.0,0.0,0.0,1.88,-0.81,-0.35,1.88,4.37,-0.17,8.77,45.0,-1.06,26.5,0,0,0,0.0,0.0,0.0
1787615794.855282,08:56:34.855,2670,70.63,27.42,1011.35,15.829,0.0,0.0,0.0,1.26,0.37,-0.09,1.26,4.23,-0.16,8.84,43.56,-1.06,25.56,0,0,0,0.0,0.0,0.0
1787615794.855435,08:56:34.855,2672,70.65,27.42,1011.35,15.829,0.0,0.0,0.0,1.26,0.37,-0.09,1.26,4.23,-0.16,8.84,43.56,-1.06,25.56,0,0,0,0.0,0.0,0.0
1787615794.855586,08:56:34.855,2673,70.66,27.42,1011.35,15.829,0.0,0.0,0.0,1.26,0.37,-0.09,1.26,4.23,-0.16,8.84,43.56,-1.06,25.56,0,0,0,0.0,0.0,0.0
1787615794.855736,08:56:34.855,2675,70.68,27.42,1011.35,15.829,0.0,0.0,0.0,1.26,0.37,-0.09,1.26,4.23,-0.16,8.84,43.56,-1.06,25.56,0,0,0,0.0,0.0,0.0
1787615794.855886,08:56:34.855,2676,70.69,27.42,1011.35,15.829,0.0,0.0,0.0,1.26,0.37,-0.09,1.26,4.23,-0.16,8.84,43.56,-1.06,25.56,0,0,0,0.0,0.0,0.0
1787615794.856036,08:56:34.856,2678,70.71,27.42,1011.35,15.829,0.0,0.0,0.0,1.26,0.37,-0.09,1.26,4.23,-0.16,8.84,43.56,-1.06,25.56,0,0,0,0.0,0.0,0.0
1787615794.957138,08:56:34.957,2679,70.72,27.42,1011.35,15.829,0.0,0.0,0.0,1.26,0.37,-0.09,1.26,4.23,-0.16,8.84,43.56,-1.06,25.56,0,0,0,0.0,0.0,0.0
1787615794.957472,08:56:34.957,2681,70.74,27.42,1011.35,15.829,0.0,0.0,0.0,1.28,-0.37,-0.21,1.28,3.83,0.11,9.02,41.5,0.68,23.0,0,0,0,0.0,0.0,0.0
1787615794.957682,08:56:34.957,2682,70.75,27.42,1011.35,15.829,0.0,0.0,0.0,1.28,-0.37,-0.21,1.28,3.83,0.11,9.02,41.5,0.68,23.0,0,0,0,0.0,0.0,0.0
1787615794.957881,08:56:34.957,2684,70.77,27.4,1011.35,15.829,0.0,0.0,0.0,1.28,-0.37,-0.21,1.28,3.83,0.11,9.02,41.5,0.68,23.0,0,0,0,0.0,0.0,0.0
1787615794.958075,08:56:34.958,2685,70.78,27.4,1011.35,15.829,0.0,0.0,0.0,1.28,-0.37,-0.21,1.28,3.83,0.11,9.02,41.5,0.68,23.0,0,0,0,0.0,0.0,0.0
1787615794.958269,08:56:34.958,2687,70.8,27.4,1011.35,15.829,0.0,0.0,0.0,1.28,-0.37,-0.21,1.28,3.83,0.11,9.02,41.5,0.68,23.0,0,0,0,0.0,0.0,0.0
1787615794.958462,08:56:34.958,2688,70.81,27.4,1011.35,15.829,0.0,0.0,0.0,1.28,-0.37,-0.21,1.28,3.83,0.11,9.02,41.5,0.68,23.0,0,0,0,0.0,0.0,0.0
1787615794.958654,08:56:34.958,2690,70.83,27.4,1011.35,15.829,0.0,0.0,0.0,1.2,-0.81,-0.56,1.2,3.31,0.47,9.21,39.62,2.81,20.06,0,0,0,0.0,0.0,0.0
1787615794.958847,08:56:34.958,2691,70.84,27.4,1011.35,15.829,0.0,0.0,0.0,1.2,-0.81,-0.56,1.2,3.31,0.47,9.21,39.62,2.81,20.06,0,0,0,0.0,0.0,0.0
1787615794.959038,08:56:34.959,2693,70.86,27.4,1011.35,15.829,0.0,0.0,0.0,1.2,-0.81,-0.56,1.2,3.31,0.47,9.21,39.62,2.81,20.06,0,0,0,0.0,0.0,0.0
1787615794.959227,08:56:34.959,2694,70.87,27.4,1011.35,15.829,0.0,0.0,0.0,1.2,-0.81,-0.56,1.2,3.31,0.47,9.21,39.62,2.81,20.06,0,0,0,0.0,0.0,0.0
1787615794.959417,08:56:34.959,2695,70.88,27.4,1011.35,15.829,0.0,0.0,0.0,1.2,-0.81,-0.56,1.2,3.31,0.47,9.21,39.62,2.81,20.06,0,0,0,0.0,0.0,0.0
1787615794.959606,08:56:34.959,2696,70.89,27.4,1011.35,15.829,0.0,0.0,0.0,1.2,-0.81,-0.56,1.2,3.31,0.47,9.21,39.62,2.81,20.06,0,0,0,0.0,0.0,0.0
1787615794.959795,08:56:34.959,2697,70.9,27.4,1011.35,15.829,0.0,0.0,0.0,1.2,-0.81,-0.56,1.2,3.31,0.47,9.21,39.62,2.81,20.06,0,0,0,0.0,0.0,0.0
1787615794.959986,08:56:34.959,2698,70.91,27.4,1011.35,15.829,0.0,0.0,0.0,1.2,-0.81,-0.56,1.2,3.31,0.47,9.21,39.62,2.81,20.06,0,0,0,0.0,0.0,0.0
1787615794.960177,08:56:34.960,2699,70.92,27.4,1011.35,15.829,0.0,0.0,0.0,1.2,-0.81,-0.56,1.2,3.31,0.47,9.21,39.62,2.81,20.06,0,0,0,0.0,0.0,0.0
1787615794.960365,08:56:34.960,2700,70.93,27.4,1011.35,15.829,0.0,0.0,0.0,0.82,-0.68,-0.64,0.82,2.85,0.55,9.36,36.81,3.5,17.31,0,0,0,0.0,0.0,0.0
1787615794.960599,08:56:34.960,2701,70.94,27.4,1011.35,15.829,0.0,0.0,0.0,0.82,-0.68,-0.64,0.82,2.85,0.55,9.36,36.81,3.5,17.31,0,0,0,0.0,0.0,0.0
1787615795.061977,08:56:35.061,2702,70.95,27.4,1011.35,15.829,0.0,0.0,0.0,0.82,-0.68,-0.64,0.82,2.85,0.55,9.36,36.81,3.5,17.31,0,0,0,0.0,0.0,0.0
1787615795.062312,08:56:35.062,2703,70.96,27.4,1011.35,15.829,0.0,0.0,0.0,0.82,-0.68,-0.64,0.82,2.85,0.55,9.36,36.81,3.5,17.31,0,0,0,0.0,0.0,0.0
1787615795.062515,08:56:35.062,2704,70.97,27.4,1011.33,15.996,0.0,0.0,0.0,0.82,-0.68,-0.64,0.82,2.85,0.55,9.36,36.81,3.5,17.31,0,0,0,0.0,0.0,0.0
1787615795.062710,08:56:35.062,2705,70.98,27.4,1011.33,15.996,0.0,0.0,0.0,0.82,-0.68,-0.64,0.82,2.85,0.55,9.36,36.81,3.5,17.31,0,0,0,0.0,0.0,0.0
1787615795.062901,08:56:35.062,2706,70.99,27.4,1011.33,15.996,0.0,0.0,0.0,0.82,-0.68,-0.64,0.82,2.85,0.55,9.36,36.81,3.5,17.31,0,0,0,0.0,0.0,0.0
1787615795.063091,08:56:35.063,2707,71.0,27.4,1011.33,15.996,0.0,0.0,0.0,0.82,-0.68,-0.64,0.82,2.85,0.55,9.36,36.81,3.5,17.31,0,0,0,0.0,0.0,0.0
1787615795.063282,08:56:35.063,2708,71.01,27.4,1011.33,15.996,0.0,0.0,0.0,0.82,-0.68,-0.64,0.82,2.85,0.55,9.36,36.81,3.5,17.31,0,0,0,0.0,0.0,0.0
1787615795.063474,08:56:35.063,2709,71.02,27.4,1011.33,15.996,0.0,0.0,0.0,0.82,-0.68,-0.64,0.82,2.85,0.55,9.36,36.81,3.5,17.31,0,0,0,0.0,0.0,0.0
1787615795.063664,08:56:35.063,2710,71.03,27.4,1011.33,15.996,0.0,0.0,0.0,0.31,-0.33,-0.94,0.31,2.37,0.4,9.5,33.43,2.43,14.18,0,0,0,0.0,0.0,0.0
1787615795.063853,08:56:35.063,2711,71.04,27.4,1011.33,15.996,0.0,0.0,0.0,0.31,-0.33,-0.94,0.31,2.37,0.4,9.5,33.43,2.43,14.18,0,0,0,0.0,0.0,0.0
1787615795.165341,08:56:35.165,2712,71.05,27.4,1011.33,15.996,0.0,0.0,0.0,0.31,-0.33,-0.94,0.31,2.37,0.4,9.5,33.43,2.43,14.18,0,0,0,0.0,0.0,0.0
1787615795.166691,08:56:35.166,2713,71.06,27.4,1011.33,15.996,0.0,0.0,0.0,0.31,-0.33,-0.94,0.31,2.37,0.4,9.5,33.43,2.43,14.18,0,0,0,0.0,0.0,0.0
1787615795.167378,08:56:35.167,2714,71.07,27.4,1011.33,15.996,0.0,0.0,0.0,0.31,-0.33,-0.94,0.31,2.37,0.4,9.5,33.43,2.43,14.18,0,0,0,0.0,0.0,0.0
1787615795.168047,08:56:35.168,2715,71.08,27.4,1011.33,15.996,0.0,0.0,0.0,0.31,-0.33,-0.94,0.31,2.37,0.4,9.5,33.43,2.43,14.18,0,0,0,0.0,0.0,0.0
1787615795.168711,08:56:35.168,2716,71.09,27.4,1011.33,15.996,0.0,0.0,0.0,0.31,-0.33,-0.94,0.31,2.37,0.4,9.5,33.43,2.43,14.18,0,0,0,0.0,0.0,0.0
1787615795.169333,08:56:35.169,2717,71.1,27.4,1011.33,15.996,0.0,0.0,0.0,0.31,-0.33,-0.94,0.31,2.37,0.4,9.5,33.43,2.43,14.18,0,0,0,0.0,0.0,0.0
1787615795.169746,08:56:35.169,2718,71.11,27.4,1011.33,15.996,0.0,0.0,0.0,0.31,-0.33,-0.94,0.31,2.37,0.4,9.5,33.43,2.43,14.18,0,0,0,0.0,0.0,0.0
1787615795.170139,08:56:35.170,2719,71.12,27.4,1011.33,15.996,0.0,0.0,0.0,0.31,-0.33,-0.94,0.31,2.37,0.4,9.5,33.43,2.43,14.18,0,0,0,0.0,0.0,0.0
1787615795.170556,08:56:35.170,2720,71.13,27.4,1011.33,15.996,0.0,0.0,0.0,0.21,-0.54,-1.59,0.21,2.05,0.41,9.58,29.81,2.43,12.06,0,0,0,0.0,0.0,0.0
1787615795.170983,08:56:35.170,2721,71.14,27.4,1011.33,15.996,0.0,0.0,0.0,0.21,-0.54,-1.59,0.21,2.05,0.41,9.58,29.81,2.43,12.06,0,0,0,0.0,0.0,0.0
1787615795.272417,08:56:35.272,2722,71.15,27.4,1011.33,15.996,0.0,0.0,0.0,0.21,-0.54,-1.59,0.21,2.05,0.41,9.58,29.81,2.43,12.06,0,0,0,0.0,0.0,0.0
1787615795.273778,08:56:35.273,2723,71.16,27.4,1011.33,15.996,0.0,0.0,0.0,0.21,-0.54,-1.59,0.21,2.05,0.41,9.58,29.81,2.43,12.06,0,0,0,0.0,0.0,0.0
1787615795.274505,08:56:35.274,2724,71.17,27.38,1011.32,16.08,0.0,0.0,0.0,0.21,-0.54,-1.59,0.21,2.05,0.41,9.58,29.81,2.43,12.06,0,0,0,0.0,0.0,0.0
1787615795.275204,08:56:35.275,2725,71.18,27.38,1011.32,16.08,0.0,0.0,0.0,0.21,-0.54,-1.59,0.21,2.05,0.41,9.58,29.81,2.43,12.06,0,0,0,0.0,0.0,0.0
1787615795.275886,08:56:35.275,2726,71.19,27.38,1011.32,16.08,0.0,0.0,0.0,0.21,-0.54,-1.59,0.21,2.05,0.41,9.58,29.81,2.43,12.06,0,0,0,0.0,0.0,0.0
1787615795.276566,08:56:35.276,2727,71.2,27.38,1011.32,16.08,0.0,0.0,0.0,0.21,-0.54,-1.59,0.21,2.05,0.41,9.58,29.81,2.43,12.06,0,0,0,0.0,0.0,0.0
1787615795.277258,08:56:35.277,2728,71.21,27.38,1011.32,16.08,0.0,0.0,0.0,0.21,-0.54,-1.59,0.21,2.05,0.41,9.58,29.81,2.43,12.06,0,0,0,0.0,0.0,0.0
1787615795.277942,08:56:35.277,2729,71.22,27.38,1011.32,16.08,0.0,0.0,0.0,0.21,-0.54,-1.59,0.21,2.05,0.41,9.58,29.81,2.43,12.06,0,0,0,0.0,0.0,0.0
1787615795.278625,08:56:35.278,2730,71.23,27.38,1011.32,16.08,0.0,0.0,0.0,-0.16,-0.76,-2.37,-0.16,1.78,0.4,9.63,26.06,2.37,10.43,0,0,0,0.0,0.0,0.0
1787615795.279313,08:56:35.279,2731,71.24,27.38,1011.32,16.08,0.0,0.0,0.0,-0.16,-0.76,-2.37,-0.16,1.78,0.4,9.63,26.06,2.37,10.43,0,0,0,0.0,0.0,0.0
1787615795.279717,08:56:35.279,2732,71.25,27.38,1011.32,16.08,0.0,0.0,0.0,-0.16,-0.76,-2.37,-0.16,1.78,0.4,9.63,26.06,2.37,10.43,0,0,0,0.0,0.0,0.0
1787615795.380486,08:56:35.380,2733,71.26,27.38,1011.32,16.08,0.0,0.0,0.0,-0.16,-0.76,-2.37,-0.16,1.78,0.4,9.63,26.06,2.37,10.43,0,0,0,0.0,0.0,0.0
1787615795.380735,08:56:35.380,2734,71.27,27.38,1011.32,16.08,0.0,0.0,0.0,-0.16,-0.76,-2.37,-0.16,1.78,0.4,9.63,26.06,2.37,10.43,0,0,0,0.0,0.0,0.0
1787615795.380877,08:56:35.380,2735,71.28,27.38,1011.32,16.08,0.0,0.0,0.0,-0.16,-0.76,-2.37,-0.16,1.78,0.4,9.63,26.06,2.37,10.43,0,0,0,0.0,0.0,0.0
1787615795.381017,08:56:35.381,2736,71.29,27.38,1011.32,16.08,0.0,0.0,0.0,-0.16,-0.76,-2.37,-0.16,1.78,0.4,9.63,26.06,2.37,10.43,0,0,0,0.0,0.0,0.0
1787615795.381155,08:56:35.381,2737,71.3,27.38,1011.32,16.08,0.0,0.0,0.0,-0.16,-0.76,-2.37,-0.16,1.78,0.4,9.63,26.06,2.37,10.43,0,0,0,0.0,0.0,0.0
1787615795.381294,08:56:35.381,2738,71.31,27.38,1011.32,16.08,0.0,0.0,0.0,-0.16,-0.76,-2.37,-0.16,1.78,0.4,9.63,26.06,2.37,10.43,0,0,0,0.0,0.0,0.0
1787615795.381432,08:56:35.381,2739,71.32,27.38,1011.32,16.08,0.0,0.0,0.0,-0.16,-0.76,-2.37,-0.16,1.78,0.4,9.63,26.06,2.37,10.43,0,0,0,0.0,0.0,0.0
1787615795.381570,08:56:35.381,2740,71.33,27.38,1011.32,16.08,0.0,0.0,0.0,-0.64,-0.66,-3.02,-0.64,1.69,0.41,9.64,23.12,2.43,9.93,0,0,0,0.0,0.0,0.0
1787615795.381707,08:56:35.381,2741,71.34,27.38,1011.32,16.08,0.0,0.0,0.0,-0.64,-0.66,-3.02,-0.64,1.69,0.41,9.64,23.12,2.43,9.93,0,0,0,0.0,0.0,0.0
1787615795.381846,08:56:35.381,2742,71.35,27.38,1011.32,16.08,0.0,0.0,0.0,-0.64,-0.66,-3.02,-0.64,1.69,0.41,9.64,23.12,2.43,9.93,0,0,0,0.0,0.0,0.0
1787615795.381984,08:56:35.381,2743,71.36,27.38,1011.32,16.08,0.0,0.0,0.0,-0.64,-0.66,-3.02,-0.64,1.69,0.41,9.64,23.12,2.43,9.93,0,0,0,0.0,0.0,0.0
1787615795.483309,08:56:35.483,2744,71.37,27.38,1011.31,16.162,0.0,0.0,0.0,-0.64,-0.66,-3.02,-0.64,1.69,0.41,9.64,23.12,2.43,9.93,0,0,0,0.0,0.0,0.0
1787615795.483623,08:56:35.483,2745,71.38,27.38,1011.31,16.162,0.0,0.0,0.0,-0.64,-0.66,-3.02,-0.64,1.69,0.41,9.64,23.12,2.43,9.93,0,0,0,0.0,0.0,0.0
1787615795.483805,08:56:35.483,2746,71.39,27.38,1011.31,16.162,0.0,0.0,0.0,-0.64,-0.66,-3.02,-0.64,1.69,0.41,9.64,23.12,2.43,9.93,0,0,0,0.0,0.0,0.0
1787615795.483979,08:56:35.483,2747,71.4,27.38,1011.31,16.162,0.0,0.0,0.0,-0.64,-0.66,-3.02,-0.64,1.69,0.41,9.64,23.12,2.43,9.93,0,0,0,0.0,0.0,0.0
1787615795.484150,08:56:35.484,2748,71.41,27.38,1011.31,16.162,0.0,0.0,0.0,-0.64,-0.66,-3.02,-0.64,1.69,0.41,9.64,23.12,2.43,9.93,0,0,0,0.0,0.0,0.0
1787615795.484317,08:56:35.484,2749,71.42,27.38,1011.31,16.162,0.0,0.0,0.0,-0.64,-0.66,-3.02,-0.64,1.69,0.41,9.64,23.12,2.43,9.93,0,0,0,0.0,0.0,0.0
1787615795.484487,08:56:35.484,2750,71.43,27.38,1011.31,16.162,0.0,0.0,0.0,-1.82,-0.97,-1.28,-1.82,1.72,0.49,9.64,20.93,2.87,10.06,0,0,0,0.0,0.0,0.0
1787615795.484702,08:56:35.484,2751,71.44,27.38,1011.31,16.162,0.0,0.0,0.0,-1.82,-0.97,-1.28,-1.82,1.72,0.49,9.64,20.93,2.87,10.06,0,0,0,0.0,0.0,0.0
1787615795.484871,08:56:35.484,2752,71.45,27.38,1011.31,16.162,0.0,0.0,0.0,-1.82,-0.97,-1.28,-1.82,1.72,0.49,9.64,20.93,2.87,10.06,0,0,0,0.0,0.0,0.0
1787615795.586172,08:56:35.586,2753,71.46,27.38,1011.31,16.162,0.0,0.0,0.0,-1.82,-0.97,-1.28,-1.82,1.72,0.49,9.64,20.93,2.87,10.06,0,0,0,0.0,0.0,0.0
1787615795.586553,08:56:35.586,2754,71.47,27.38,1011.31,16.162,0.0,0.0,0.0,-1.82,-0.97,-1.28,-1.82,1.72,0.49,9.64,20.93,2.87,10.06,0,0,0,0.0,0.0,0.0
1787615795.586791,08:56:35.586,2755,71.48,27.38,1011.31,16.162,0.0,0.0,0.0,-1.82,-0.97,-1.28,-1.82,1.72,0.49,9.64,20.93,2.87,10.06,0,0,0,0.0,0.0,0.0
1787615795.587148,08:56:35.587,2756,71.49,27.38,1011.31,16.162,0.0,0.0,0.0,-1.82,-0.97,-1.28,-1.82,1.72,0.49,9.64,20.93,2.87,10.06,0,0,0,0.0,0.0,0.0
1787615795.587401,08:56:35.587,2757,71.5,27.38,1011.31,16.162,0.0,0.0,0.0,-1.82,-0.97,-1.28,-1.82,1.72,0.49,9.64,20.93,2.87,10.06,0,0,0,0.0,0.0,0.0
1787615795.587622,08:56:35.587,2758,71.51,27.38,1011.31,16.162,0.0,0.0,0.0,-1.82,-0.97,-1.28,-1.82,1.72,0.49,9.64,20.93,2.87,10.06,0,0,0,0.0,0.0,0.0
1787615795.587842,08:56:35.587,2759,71.52,27.38,1011.31,16.162,0.0,0.0,0.0,-1.82,-0.97,-1.28,-1.82,1.72,0.49,9.64,20.93,2.87,10.06,0,0,0,0.0,0.0,0.0
1787615795.588061,08:56:35.588,2760,71.53,27.38,1011.31,16.162,0.0,0.0,0.0,-1.71,-0.82,-0.13,-1.71,1.65,0.59,9.64,18.25,3.5,9.68,0,0,0,0.0,0.0,0.0
1787615795.588280,08:56:35.588,2761,71.54,27.38,1011.31,16.162,0.0,0.0,0.0,-1.71,-0.82,-0.13,-1.71,1.65,0.59,9.64,18.25,3.5,9.68,0,0,0,0.0,0.0,0.0
1787615795.588487,08:56:35.588,2762,71.55,27.38,1011.31,16.162,0.0,0.0,0.0,-1.71,-0.82,-0.13,-1.71,1.65,0.59,9.64,18.25,3.5,9.68,0,0,0,0.0,0.0,0.0
1787615795.588674,08:56:35.588,2763,71.56,27.38,1011.31,16.162,0.0,0.0,0.0,-1.71,-0.82,-0.13,-1.71,1.65,0.59,9.64,18.25,3.5,9.68,0,0,0,0.0,0.0,0.0
1787615795.588861,08:56:35.588,2764,71.57,27.36,1011.3,16.247,0.0,0.0,0.0,-1.71,-0.82,-0.13,-1.71,1.65,0.59,9.64,18.25,3.5,9.68,0,0,0,0.0,0.0,0.0
1787615795.689306,08:56:35.689,2765,71.58,27.36,1011.3,16.247,0.0,0.0,0.0,-1.71,-0.82,-0.13,-1.71,1.65,0.59,9.64,18.25,3.5,9.68,0,0,0,0.0,0.0,0.0
1787615795.689818,08:56:35.689,2766,71.59,27.36,1011.3,16.247,0.0,0.0,0.0,-1.71,-0.82,-0.13,-1.71,1.65,0.59,9.64,18.25,3.5,9.68,0,0,0,0.0,0.0,0.0
1787615795.690089,08:56:35.690,2767,71.6,27.36,1011.3,16.247,0.0,0.0,0.0,-1.71,-0.82,-0.13,-1.71,1.65,0.59,9.64,18.25,3.5,9.68,0,0,0,0.0,0.0,0.0
1787615795.690317,08:56:35.690,2768,71.61,27.36,1011.3,16.247,0.0,0.0,0.0,-1.71,-0.82,-0.13,-1.71,1.65,0.59,9.64,18.25,3.5,9.68,0,0,0,0.0,0.0,0.0
1787615795.690542,08:56:35.690,2769,71.62,27.36,1011.3,16.247,0.0,0.0,0.0,-1.71,-0.82,-0.13,-1.71,1.65,0.59,9.64,18.25,3.5,9.68,0,0,0,0.0,0.0,0.0
1787615795.690765,08:56:35.690,2770,71.63,27.36,1011.3,16.247,0.0,0.0,0.0,-1.15,-1.52,-0.17,-1.15,1.52,0.56,9.67,14.68,3.31,8.93,0,0,0,0.0,0.0,0.0
1787615795.690990,08:56:35.690,2771,71.64,27.36,1011.3,16.247,0.0,0.0,0.0,-1.15,-1.52,-0.17,-1.15,1.52,0.56,9.67,14.68,3.31,8.93,0,0,0,0.0,0.0,0.0
1787615795.691212,08:56:35.691,2772,71.65,27.36,1011.3,16.247,0.0,0.0,0.0,-1.15,-1.52,-0.17,-1.15,1.52,0.56,9.67,14.68,3.31,8.93,0,0,0,0.0,0.0,0.0
1787615795.691432,08:56:35.691,2773,71.66,27.36,1011.3,16.247,0.0,0.0,0.0,-1.15,-1.52,-0.17,-1.15,1.52,0.56,9.67,14.68,3.31,8.93,0,0,0,0.0,0.0,0.0
1787615795.691651,08:56:35.691,2774,71.67,27.36,1011.3,16.247,0.0,0.0,0.0,-1.15,-1.52,-0.17,-1.15,1.52,0.56,9.67,14.68,3.31,8.93,0,0,0,0.0,0.0,0.0
1787615795.793154,08:56:35.793,2775,71.68,27.36,1011.3,16.247,0.0,0.0,0.0,-1.15,-1.52,-0.17,-1.15,1.52,0.56,9.67,14.68,3.31,8.93,0,0,0,0.0,0.0,0.0
1787615795.794430,08:56:35.794,2776,71.69,27.36,1011.3,16.247,0.0,0.0,0.0,-1.15,-1.52,-0.17,-1.15,1.52,0.56,9.67,14.68,3.31,8.93,0,0,0,0.0,0.0,0.0
1787615795.795133,08:56:35.795,2777,71.7,27.36,1011.3,16.247,0.0,0.0,0.0,-1.15,-1.52,-0.17,-1.15,1.52,0.56,9.67,14.68,3.31,8.93,0,0,0,0.0,0.0,0.0
1787615795.795806,08:56:35.795,2778,71.71,27.36,1011.3,16.247,0.0,0.0,0.0,-1.15,-1.52,-0.17,-1.15,1.52,0.56,9.67,14.68,3.31,8.93,0,0,0,0.0,0.0,0.0
1787615795.796474,08:56:35.796,2779,71.72,27.36,1011.3,16.247,0.0,0.0,0.0,-1.15,-1.52,-0.17,-1.15,1.52,0.56,9.67,14.68,3.31,8.93,0,0,0,0.0,0.0,0.0
1787615795.797128,08:56:35.797,2780,71.73,27.36,1011.3,16.247,0.0,0.0,0.0,-0.24,-1.13,-0.06,-0.24,1.45,0.49,9.68,11.0,2.93,8.5,0,0,0,0.0,0.0,0.0
1787615795.797538,08:56:35.797,2781,71.74,27.36,1011.3,16.247,0.0,0.0,0.0,-0.24,-1.13,-0.06,-0.24,1.45,0.49,9.68,11.0,2.93,8.5,0,0,0,0.0,0.0,0.0
1787615795.797943,08:56:35.797,2782,71.75,27.36,1011.3,16.247,0.0,0.0,0.0,-0.24,-1.13,-0.06,-0.24,1.45,0.49,9.68,11.0,2.93,8.5,0,0,0,0.0,0.0,0.0
1787615795.798332,08:56:35.798,2783,71.76,27.36,1011.3,16.247,0.0,0.0,0.0,-0.24,-1.13,-0.06,-0.24,1.45,0.49,9.68,11.0,2.93,8.5,0,0,0,0.0,0.0,0.0
1787615795.798762,08:56:35.798,2784,71.77,27.33,1011.26,16.58,0.0,0.0,0.0,-0.24,-1.13,-0.06,-0.24,1.45,0.49,9.68,11.0,2.93,8.5,0,0,0,0.0,0.0,0.0
1787615795.799152,08:56:35.799,2785,71.78,27.33,1011.26,16.58,0.0,0.0,0.0,-0.24,-1.13,-0.06,-0.24,1.45,0.49,9.68,11.0,2.93,8.5,0,0,0,0.0,0.0,0.0
1787615795.900869,08:56:35.900,2786,71.79,27.33,1011.26,16.58,0.0,0.0,0.0,-0.24,-1.13,-0.06,-0.24,1.45,0.49,9.68,11.0,2.93,8.5,0,0,0,0.0,0.0,0.0
1787615795.902062,08:56:35.902,2787,71.8,27.33,1011.26,16.58,0.0,0.0,0.0,-0.24,-1.13,-0.06,-0.24,1.45,0.49,9.68,11.0,2.93,8.5,0,0,0,0.0,0.0,0.0
1787615795.902384,08:56:35.902,2788,71.81,27.33,1011.26,16.58,0.0,0.0,0.0,-0.24,-1.13,-0.06,-0.24,1.45,0.49,9.68,11.0,2.93,8.5,0,0,0,0.0,0.0,0.0
1787615795.902783,08:56:35.902,2789,71.82,27.33,1011.26,16.58,0.0,0.0,0.0,-0.24,-1.13,-0.06,-0.24,1.45,0.49,9.68,11.0,2.93,8.5,0,0,0,0.0,0.0,0.0
1787615795.903448,08:56:35.903,2790,71.83,27.33,1011.26,16.58,0.0,0.0,0.0,0.05,-1.34,-1.44,0.05,1.41,0.44,9.69,6.43,2.62,8.25,0,0,0,0.0,0.0,0.0
1787615795.903927,08:56:35.903,2791,71.84,27.33,1011.26,16.58,0.0,0.0,0.0,0.05,-1.34,-1.44,0.05,1.41,0.44,9.69,6.43,2.62,8.25,0,0,0,0.0,0.0,0.0
1787615795.904343,08:56:35.904,2792,71.85,27.33,1011.26,16.58,0.0,0.0,0.0,0.05,-1.34,-1.44,0.05,1.41,0.44,9.69,6.43,2.62,8.25,0,0,0,0.0,0.0,0.0
1787615795.904732,08:56:35.904,2793,71.86,27.33,1011.26,16.58,0.0,0.0,0.0,0.05,-1.34,-1.44,0.05,1.41,0.44,9.69,6.43,2.62,8.25,0,0,0,0.0,0.0,0.0
1787615795.905128,08:56:35.905,2794,71.87,27.33,1011.26,16.58,0.0,0.0,0.0,0.05,-1.34,-1.44,0.05,1.41,0.44,9.69,6.43,2.62,8.25,0,0,0,0.0,0.0,0.0
1787615795.905532,08:56:35.905,2795,71.88,27.33,1011.26,16.58,0.0,0.0,0.0,0.05,-1.34,-1.44,0.05,1.41,0.44,9.69,6.43,2.62,8.25,0,0,0,0.0,0.0,0.0
1787615795.905881,08:56:35.905,2796,71.89,27.33,1011.26,16.58,0.0,0.0,0.0,0.05,-1.34,-1.44,0.05,1.41,0.44,9.69,6.43,2.62,8.25,0,0,0,0.0,0.0,0.0
1787615796.007231,08:56:36.007,2797,71.9,27.33,1011.26,16.58,0.0,0.0,0.0,0.05,-1.34,-1.44,0.05,1.41,0.44,9.69,6.43,2.62,8.25,0,0,0,0.0,0.0,0.0
1787615796.007567,08:56:36.007,2798,71.91,27.33,1011.26,16.58,0.0,0.0,0.0,0.05,-1.34,-1.44,0.05,1.41,0.44,9.69,6.43,2.62,8.25,0,0,0,0.0,0.0,0.0
1787615796.007772,08:56:36.007,2799,71.92,27.33,1011.26,16.58,0.0,0.0,0.0,0.05,-1.34,-1.44,0.05,1.41,0.44,9.69,6.43,2.62,8.25,0,0,0,0.0,0.0,0.0
1787615796.007968,08:56:36.007,2800,71.93,27.33,1011.26,16.58,0.0,0.0,0.0,-0.21,-0.34,-1.05,-0.21,1.48,0.48,9.68,1.93,2.81,8.68,0,0,0,0.0,0.0,0.0
1787615796.008203,08:56:36.008,2801,71.94,27.33,1011.26,16.58,0.0,0.0,0.0,-0.21,-0.34,-1.05,-0.21,1.48,0.48,9.68,1.93,2.81,8.68,0,0,0,0.0,0.0,0.0
1787615796.008395,08:56:36.008,2802,71.95,27.33,1011.26,16.58,0.0,0.0,0.0,-0.21,-0.34,-1.05,-0.21,1.48,0.48,9.68,1.93,2.81,8.68,0,0,0,0.0,0.0,0.0
1787615796.008587,08:56:36.008,2803,71.96,27.33,1011.26,16.58,0.0,0.0,0.0,-0.21,-0.34,-1.05,-0.21,1.48,0.48,9.68,1.93,2.81,8.68,0,0,0,0.0,0.0,0.0
1787615796.008775,08:56:36.008,2804,71.97,27.33,1011.25,16.664,0.0,0.0,0.0,-0.21,-0.34,-1.05,-0.21,1.48,0.48,9.68,1.93,2.81,8.68,0,0,0,0.0,0.0,0.0
1787615796.008965,08:56:36.008,2805,71.98,27.33,1011.25,16.664,0.0,0.0,0.0,-0.21,-0.34,-1.05,-0.21,1.48,0.48,9.68,1.93,2.81,8.68,0,0,0,0.0,0.0,0.0
1787615796.009155,08:56:36.009,2806,71.99,27.33,1011.25,16.664,0.0,0.0,0.0,-0.21,-0.34,-1.05,-0.21,1.48,0.48,9.68,1.93,2.81,8.68,0,0,0,0.0,0.0,0.0
1787615796.110027,08:56:36.110,2807,72.0,27.33,1011.25,16.664,0.0,0.0,0.0,-0.21,-0.34,-1.05,-0.21,1.48,0.48,9.68,1.93,2.81,8.68,0,0,0,0.0,0.0,0.0
1787615796.110331,08:56:36.110,2808,72.01,27.33,1011.25,16.664,0.0,0.0,0.0,-0.21,-0.34,-1.05,-0.21,1.48,0.48,9.68,1.93,2.81,8.68,0,0,0,0.0,0.0,0.0
1787615796.110496,08:56:36.110,2809,72.02,27.33,1011.25,16.664,0.0,0.0,0.0,-0.21,-0.34,-1.05,-0.21,1.48,0.48,9.68,1.93,2.81,8.68,0,0,0,0.0,0.0,0.0
1787615796.110658,08:56:36.110,2810,72.03,27.33,1011.25,16.664,0.0,0.0,0.0,-0.74,0.31,-1.07,-0.74,1.65,0.4,9.65,357.5,2.37,9.68,0,0,0,0.0,0.0,0.0
1787615796.110816,08:56:36.110,2811,72.04,27.33,1011.25,16.664,0.0,0.0,0.0,-0.74,0.31,-1.07,-0.74,1.65,0.4,9.65,357.5,2.37,9.68,0,0,0,0.0,0.0,0.0
1787615796.110977,08:56:36.110,2812,72.05,27.33,1011.25,16.664,0.0,0.0,0.0,-0.74,0.31,-1.07,-0.74,1.65,0.4,9.65,357.5,2.37,9.68,0,0,0,0.0,0.0,0.0
1787615796.111131,08:56:36.111,2813,72.06,27.33,1011.25,16.664,0.0,0.0,0.0,-0.74,0.31,-1.07,-0.74,1.65,0.4,9.65,357.5,2.37,9.68,0,0,0,0.0,0.0,0.0
1787615796.111286,08:56:36.111,2814,72.07,27.33,1011.25,16.664,0.0,0.0,0.0,-0.74,0.31,-1.07,-0.74,1.65,0.4,9.65,357.5,2.37,9.68,0,0,0,0.0,0.0,0.0
1787615796.111440,08:56:36.111,2815,72.08,27.33,1011.25,16.664,0.0,0.0,0.0,-0.74,0.31,-1.07,-0.74,1.65,0.4,9.65,357.5,2.37,9.68,0,0,0,0.0,0.0,0.0
1787615796.111593,08:56:36.111,2816,72.09,27.33,1011.25,16.664,0.0,0.0,0.0,-0.74,0.31,-1.07,-0.74,1.65,0.4,9.65,357.5,2.37,9.68,0,0,0,0.0,0.0,0.0
1787615796.111744,08:56:36.111,2817,72.1,27.33,1011.25,16.664,0.0,0.0,0.0,-0.74,0.31,-1.07,-0.74,1.65,0.4,9.65,357.5,2.37,9.68,0,0,0,0.0,0.0,0.0
1787615796.213079,08:56:36.213,2818,72.11,27.33,1011.25,16.664,0.0,0.0,0.0,-0.74,0.31,-1.07,-0.74,1.65,0.4,9.65,357.5,2.37,9.68,0,0,0,0.0,0.0,0.0
1787615796.213348,08:56:36.213,2819,72.12,27.33,1011.25,16.664,0.0,0.0,0.0,-0.74,0.31,-1.07,-0.74,1.65,0.4,9.65,357.5,2.37,9.68,0,0,0,0.0,0.0,0.0
1787615796.213512,08:56:36.213,2820,72.13,27.33,1011.25,16.664,0.0,0.0,0.0,-1.42,0.53,-0.53,-1.42,1.89,0.36,9.61,353.31,2.12,11.06,0,0,0,0.0,0.0,0.0
1787615796.213673,08:56:36.213,2821,72.14,27.33,1011.25,16.664,0.0,0.0,0.0,-1.42,0.53,-0.53,-1.42,1.89,0.36,9.61,353.31,2.12,11.06,0,0,0,0.0,0.0,0.0
1787615796.213831,08:56:36.213,2822,72.15,27.33,1011.25,16.664,0.0,0.0,0.0,-1.42,0.53,-0.53,-1.42,1.89,0.36,9.61,353.31,2.12,11.06,0,0,0,0.0,0.0,0.0
1787615796.213986,08:56:36.213,2823,72.16,27.33,1011.25,16.664,0.0,0.0,0.0,-1.42,0.53,-0.53,-1.42,1.89,0.36,9.61,353.31,2.12,11.06,0,0,0,0.0,0.0,0.0
1787615796.214139,08:56:36.214,2824,72.17,27.29,1011.21,16.997,0.0,0.0,0.0,-1.42,0.53,-0.53,-1.42,1.89,0.36,9.61,353.31,2.12,11.06,0,0,0,0.0,0.0,0.0
1787615796.214294,08:56:36.214,2825,72.18,27.29,1011.21,16.997,0.0,0.0,0.0,-1.42,0.53,-0.53,-1.42,1.89,0.36,9.61,353.31,2.12,11.06,0,0,0,0.0,0.0,0.0
1787615796.315113,08:56:36.315,2826,72.19,27.29,1011.21,16.997,0.0,0.0,0.0,-1.42,0.53,-0.53,-1.42,1.89,0.36,9.61,353.31,2.12,11.06,0,0,0,0.0,0.0,0.0
1787615796.315458,08:56:36.315,2827,72.2,27.29,1011.21,16.997,0.0,0.0,0.0,-1.42,0.53,-0.53,-1.42,1.89,0.36,9.61,353.31,2.12,11.06,0,0,0,0.0,0.0,0.0
1787615796.315660,08:56:36.315,2828,72.21,27.29,1011.21,16.997,0.0,0.0,0.0,-1.42,0.53,-0.53,-1.42,1.89,0.36,9.61,353.31,2.12,11.06,0,0,0,0.0,0.0,0.0
1787615796.315854,08:56:36.315,2829,72.22,27.29,1011.21,16.997,0.0,0.0,0.0,-1.42,0.53,-0.53,-1.42,1.89,0.36,9.61,353.31,2.12,11.06,0,0,0,0.0,0.0,0.0
1787615796.316046,08:56:36.316,2830,72.23,27.29,1011.21,16.997,0.0,0.0,0.0,-0.82,-0.24,-0.35,-0.82,1.94,0.3,9.6,348.75,1.81,11.43,0,0,0,0.0,0.0,0.0
1787615796.316238,08:56:36.316,2831,72.24,27.29,1011.21,16.997,0.0,0.0,0.0,-0.82,-0.24,-0.35,-0.82,1.94,0.3,9.6,348.75,1.81,11.43,0,0,0,0.0,0.0,0.0
1787615796.316428,08:56:36.316,2832,72.25,27.29,1011.21,16.997,0.0,0.0,0.0,-0.82,-0.24,-0.35,-0.82,1.94,0.3,9.6,348.75,1.81,11.43,0,0,0,0.0,0.0,0.0
1787615796.316617,08:56:36.316,2833,72.26,27.29,1011.21,16.997,0.0,0.0,0.0,-0.82,-0.24,-0.35,-0.82,1.94,0.3,9.6,348.75,1.81,11.43,0,0,0,0.0,0.0,0.0
1787615796.316806,08:56:36.316,2834,72.27,27.29,1011.21,16.997,0.0,0.0,0.0,-0.82,-0.24,-0.35,-0.82,1.94,0.3,9.6,348.75,1.81,11.43,0,0,0,0.0,0.0,0.0
1787615796.316995,08:56:36.316,2835,72.28,27.29,1011.21,16.997,0.0,0.0,0.0,-0.82,-0.24,-0.35,-0.82,1.94,0.3,9.6,348.75,1.81,11.43,0,0,0,0.0,0.0,0.0
1787615796.317184,08:56:36.317,2836,72.29,27.29,1011.21,16.997,0.0,0.0,0.0,-0.82,-0.24,-0.35,-0.82,1.94,0.3,9.6,348.75,1.81,11.43,0,0,0,0.0,0.0,0.0
1787615796.317373,08:56:36.317,2837,72.3,27.29,1011.21,16.997,0.0,0.0,0.0,-0.82,-0.24,-0.35,-0.82,1.94,0.3,9.6,348.75,1.81,11.43,0,0,0,0.0,0.0,0.0
1787615796.317561,08:56:36.317,2838,72.31,27.29,1011.21,16.997,0.0,0.0,0.0,-0.82,-0.24,-0.35,-0.82,1.94,0.3,9.6,348.75,1.81,11.43,0,0,0,0.0,0.0,0.0
1787615796.418346,08:56:36.418,2839,72.32,27.29,1011.21,16.997,0.0,0.0,0.0,-0.82,-0.24,-0.35,-0.82,1.94,0.3,9.6,348.75,1.81,11.43,0,0,0,0.0,0.0,0.0
1787615796.418595,08:56:36.418,2840,72.33,27.29,1011.21,16.997,0.0,0.0,0.0,0.04,0.4,-1.36,0.04,2.01,0.12,9.59,344.25,0.75,11.81,0,0,0,0.0,0.0,0.0
1787615796.418757,08:56:36.418,2841,72.34,27.29,1011.21,16.997,0.0,0.0,0.0,0.04,0.4,-1.36,0.04,2.01,0.12,9.59,344.25,0.75,11.81,0,0,0,0.0,0.0,0.0
1787615796.418912,08:56:36.418,2842,72.35,27.29,1011.21,16.997,0.0,0.0,0.0,0.04,0.4,-1.36,0.04,2.01,0.12,9.59,344.25,0.75,11.81,0,0,0,0.0,0.0,0.0
1787615796.419064,08:56:36.419,2843,72.36,27.29,1011.21,16.997,0.0,0.0,0.0,0.04,0.4,-1.36,0.04,2.01,0.12,9.59,344.25,0.75,11.81,0,0,0,0.0,0.0,0.0
1787615796.419214,08:56:36.419,2844,72.37,27.3,1011.24,16.746,0.0,0.0,0.0,0.04,0.4,-1.36,0.04,2.01,0.12,9.59,344.25,0.75,11.81,0,0,0,0.0,0.0,0.0
1787615796.419374,08:56:36.419,2845,72.38,27.3,1011.24,16.746,0.0,0.0,0.0,0.04,0.4,-1.36,0.04,2.01,0.12,9.59,344.25,0.75,11.81,0,0,0,0.0,0.0,0.0
1787615796.419612,08:56:36.419,2846,72.39,27.3,1011.24,16.746,0.0,0.0,0.0,0.04,0.4,-1.36,0.04,2.01,0.12,9.59,344.25,0.75,11.81,0,0,0,0.0,0.0,0.0
1787615796.419790,08:56:36.419,2847,72.4,27.3,1011.24,16.746,0.0,0.0,0.0,0.04,0.4,-1.36,0.04,2.01,0.12,9.59,344.25,0.75,11.81,0,0,0,0.0,0.0,0.0
1787615796.419949,08:56:36.419,2848,72.41,27.3,1011.24,16.746,0.0,0.0,0.0,0.04,0.4,-1.36,0.04,2.01,0.12,9.59,344.25,0.75,11.81,0,0,0,0.0,0.0,0.0
1787615796.520287,08:56:36.520,2849,72.42,27.3,1011.24,16.746,0.0,0.0,0.0,0.04,0.4,-1.36,0.04,2.01,0.12,9.59,344.25,0.75,11.81,0,0,0,0.0,0.0,0.0
1787615796.520531,08:56:36.520,2850,72.43,27.3,1011.24,16.746,0.0,0.0,0.0,0.32,1.5,-0.32,0.32,2.21,0.0,9.55,341.62,0.0,12.93,0,0,0,0.0,0.0,0.0
1787615796.520721,08:56:36.520,2851,72.44,27.3,1011.24,16.746,0.0,0.0,0.0,0.32,1.5,-0.32,0.32,2.21,0.0,9.55,341.62,0.0,12.93,0,0,0,0.0,0.0,0.0
1787615796.520863,08:56:36.520,2852,72.45,27.3,1011.24,16.746,0.0,0.0,0.0,0.32,1.5,-0.32,0.32,2.21,0.0,9.55,341.62,0.0,12.93,0,0,0,0.0,0.0,0.0
1787615796.521000,08:56:36.520,2853,72.46,27.3,1011.24,16.746,0.0,0.0,0.0,0.32,1.5,-0.32,0.32,2.21,0.0,9.55,341.62,0.0,12.93,0,0,0,0.0,0.0,0.0
1787615796.521135,08:56:36.521,2854,72.47,27.3,1011.24,16.746,0.0,0.0,0.0,0.32,1.5,-0.32,0.32,2.21,0.0,9.55,341.62,0.0,12.93,0,0,0,0.0,0.0,0.0
1787615796.521272,08:56:36.521,2855,72.48,27.3,1011.24,16.746,0.0,0.0,0.0,0.32,1.5,-0.32,0.32,2.21,0.0,9.55,341.62,0.0,12.93,0,0,0,0.0,0.0,0.0
1787615796.521408,08:56:36.521,2856,72.49,27.3,1011.24,16.746,0.0,0.0,0.0,0.32,1.5,-0.32,0.32,2.21,0.0,9.55,341.62,0.0,12.93,0,0,0,0.0,0.0,0.0
1787615796.521544,08:56:36.521,2857,72.5,27.3,1011.24,16.746,0.0,0.0,0.0,0.32,1.5,-0.32,0.32,2.21,0.0,9.55,341.62,0.0,12.93,0,0,0,0.0,0.0,0.0
1787615796.622347,08:56:36.622,2858,72.51,27.3,1011.24,16.746,0.0,0.0,0.0,0.32,1.5,-0.32,0.32,2.21,0.0,9.55,341.62,0.0,12.93,0,0,0,0.0,0.0,0.0
1787615796.623184,08:56:36.623,2859,72.52,27.3,1011.24,16.746,0.0,0.0,0.0,0.32,1.5,-0.32,0.32,2.21,0.0,9.55,341.62,0.0,12.93,0,0,0,0.0,0.0,0.0
1787615796.623485,08:56:36.623,2860,72.53,27.3,1011.24,16.746,0.0,0.0,0.0,0.24,0.61,-0.12,0.24,2.21,-0.16,9.55,339.62,-0.87,13.0,0,0,0,0.0,0.0,0.0
1787615796.624077,08:56:36.624,2861,72.54,27.3,1011.24,16.746,0.0,0.0,0.0,0.24,0.61,-0.12,0.24,2.21,-0.16,9.55,339.62,-0.87,13.0,0,0,0,0.0,0.0,0.0
1787615796.624403,08:56:36.624,2862,72.55,27.3,1011.24,16.746,0.0,0.0,0.0,0.24,0.61,-0.12,0.24,2.21,-0.16,9.55,339.62,-0.87,13.0,0,0,0,0.0,0.0,0.0
1787615796.624691,08:56:36.624,2863,72.56,27.3,1011.24,16.746,0.0,0.0,0.0,0.24,0.61,-0.12,0.24,2.21,-0.16,9.55,339.62,-0.87,13.0,0,0,0,0.0,0.0,0.0
1787615796.624976,08:56:36.624,2864,72.57,27.31,1011.27,16.498,0.0,0.0,0.0,0.24,0.61,-0.12,0.24,2.21,-0.16,9.55,339.62,-0.87,13.0,0,0,0,0.0,0.0,0.0
1787615796.625292,08:56:36.625,2865,72.58,27.31,1011.27,16.498,0.0,0.0,0.0,0.24,0.61,-0.12,0.24,2.21,-0.16,9.55,339.62,-0.87,13.0,0,0,0,0.0,0.0,0.0
1787615796.625583,08:56:36.625,2866,72.59,27.31,1011.27,16.498,0.0,0.0,0.0,0.24,0.61,-0.12,0.24,2.21,-0.16,9.55,339.62,-0.87,13.0,0,0,0,0.0,0.0,0.0
1787615796.625879,08:56:36.625,2867,72.6,27.31,1011.27,16.498,0.0,0.0,0.0,0.24,0.61,-0.12,0.24,2.21,-0.16,9.55,339.62,-0.87,13.0,0,0,0,0.0,0.0,0.0
1787615796.626169,08:56:36.626,2868,72.61,27.31,1011.27,16.498,0.0,0.0,0.0,0.24,0.61,-0.12,0.24,2.21,-0.16,9.55,339.62,-0.87,13.0,0,0,0,0.0,0.0,0.0
1787615796.727279,08:56:36.727,2869,72.62,27.31,1011.27,16.498,0.0,0.0,0.0,0.24,0.61,-0.12,0.24,2.21,-0.16,9.55,339.62,-0.87,13.0,0,0,0,0.0,0.0,0.0
1787615796.727592,08:56:36.727,2870,72.63,27.31,1011.27,16.498,0.0,0.0,0.0,-1.17,0.78,0.33,-1.17,2.18,-0.36,9.55,338.06,-2.06,12.81,0,0,0,0.0,0.0,0.0
1787615796.727757,08:56:36.727,2871,72.64,27.31,1011.27,16.498,0.0,0.0,0.0,-1.17,0.78,0.33,-1.17,2.18,-0.36,9.55,338.06,-2.06,12.81,0,0,0,0.0,0.0,0.0
1787615796.727901,08:56:36.727,2872,72.65,27.31,1011.27,16.498,0.0,0.0,0.0,-1.17,0.78,0.33,-1.17,2.18,-0.36,9.55,338.06,-2.06,12.81,0,0,0,0.0,0.0,0.0
1787615796.728042,08:56:36.728,2873,72.66,27.31,1011.27,16.498,0.0,0.0,0.0,-1.17,0.78,0.33,-1.17,2.18,-0.36,9.55,338.06,-2.06,12.81,0,0,0,0.0,0.0,0.0
1787615796.728185,08:56:36.728,2874,72.67,27.31,1011.27,16.498,0.0,0.0,0.0,-1.17,0.78,0.33,-1.17,2.18,-0.36,9.55,338.06,-2.06,12.81,0,0,0,0.0,0.0,0.0
1787615796.728325,08:56:36.728,2875,72.68,27.31,1011.27,16.498,0.0,0.0,0.0,-1.17,0.78,0.33,-1.17,2.18,-0.36,9.55,338.06,-2.06,12.81,0,0,0,0.0,0.0,0.0
1787615796.728465,08:56:36.728,2876,72.69,27.31,1011.27,16.498,0.0,0.0,0.0,-1.17,0.78,0.33,-1.17,2.18,-0.36,9.55,338.06,-2.06,12.81,0,0,0,0.0,0.0,0.0
1787615796.728604,08:56:36.728,2877,72.7,27.31,1011.27,16.498,0.0,0.0,0.0,-1.17,0.78,0.33,-1.17,2.18,-0.36,9.55,338.06,-2.06,12.81,0,0,0,0.0,0.0,0.0
1787615796.728744,08:56:36.728,2878,72.71,27.31,1011.27,16.498,0.0,0.0,0.0,-1.17,0.78,0.33,-1.17,2.18,-0.36,9.55,338.06,-2.06,12.81,0,0,0,0.0,0.0,0.0
1787615796.830046,08:56:36.830,2879,72.72,27.31,1011.27,16.498,0.0,0.0,0.0,-1.17,0.78,0.33,-1.17,2.18,-0.36,9.55,338.06,-2.06,12.81,0,0,0,0.0,0.0,0.0
1787615796.830302,08:56:36.830,2880,72.73,27.31,1011.27,16.498,0.0,0.0,0.0,-2.04,-0.05,0.35,-2.04,2.08,-0.51,9.56,336.31,-2.87,12.37,0,0,0,0.0,0.0,0.0
1787615796.830467,08:56:36.830,2881,72.74,27.31,1011.27,16.498,0.0,0.0,0.0,-2.04,-0.05,0.35,-2.04,2.08,-0.51,9.56,336.31,-2.87,12.37,0,0,0,0.0,0.0,0.0
1787615796.830625,08:56:36.830,2882,72.75,27.31,1011.27,16.498,0.0,0.0,0.0,-2.04,-0.05,0.35,-2.04,2.08,-0.51,9.56,336.31,-2.87,12.37,0,0,0,0.0,0.0,0.0
1787615796.830783,08:56:36.830,2883,72.76,27.31,1011.27,16.498,0.0,0.0,0.0,-2.04,-0.05,0.35,-2.04,2.08,-0.51,9.56,336.31,-2.87,12.37,0,0,0,0.0,0.0,0.0
1787615796.830940,08:56:36.830,2884,72.77,27.3,1011.24,16.746,0.0,0.0,0.0,-2.04,-0.05,0.35,-2.04,2.08,-0.51,9.56,336.31,-2.87,12.37,0,0,0,0.0,0.0,0.0
1787615796.831095,08:56:36.831,2885,72.78,27.3,1011.24,16.746,0.0,0.0,0.0,-2.04,-0.05,0.35,-2.04,2.08,-0.51,9.56,336.31,-2.87,12.37,0,0,0,0.0,0.0,0.0
1787615796.831249,08:56:36.831,2886,72.79,27.3,1011.24,16.746,0.0,0.0,0.0,-2.04,-0.05,0.35,-2.04,2.08,-0.51,9.56,336.31,-2.87,12.37,0,0,0,0.0,0.0,0.0
1787615796.831401,08:56:36.831,2887,72.8,27.3,1011.24,16.746,0.0,0.0,0.0,-2.04,-0.05,0.35,-2.04,2.08,-0.51,9.56,336.31,-2.87,12.37,0,0,0,0.0,0.0,0.0
1787615796.831554,08:56:36.831,2888,72.81,27.3,1011.24,16.746,0.0,0.0,0.0,-2.04,-0.05,0.35,-2.04,2.08,-0.51,9.56,336.31,-2.87,12.37,0,0,0,0.0,0.0,0.0
1787615796.932766,08:56:36.932,2889,72.82,27.3,1011.24,16.746,0.0,0.0,0.0,-2.04,-0.05,0.35,-2.04,2.08,-0.51,9.56,336.31,-2.87,12.37,0,0,0,0.0,0.0,0.0
1787615796.933107,08:56:36.933,2890,72.83,27.3,1011.24,16.746,0.0,0.0,0.0,-0.02,-1.0,0.18,-0.02,1.92,-0.65,9.59,334.62,-3.87,11.31,0,0,0,0.0,0.0,0.0
1787615796.933314,08:56:36.933,2891,72.84,27.3,1011.24,16.746,0.0,0.0,0.0,-0.02,-1.0,0.18,-0.02,1.92,-0.65,9.59,334.62,-3.87,11.31,0,0,0,0.0,0.0,0.0
1787615796.933515,08:56:36.933,2892,72.85,27.3,1011.24,16.746,0.0,0.0,0.0,-0.02,-1.0,0.18,-0.02,1.92,-0.65,9.59,334.62,-3.87,11.31,0,0,0,0.0,0.0,0.0
1787615796.933712,08:56:36.933,2893,72.86,27.3,1011.24,16.746,0.0,0.0,0.0,-0.02,-1.0,0.18,-0.02,1.92,-0.65,9.59,334.62,-3.87,11.31,0,0,0,0.0,0.0,0.0
1787615796.933906,08:56:36.933,2894,72.87,27.3,1011.24,16.746,0.0,0.0,0.0,-0.02,-1.0,0.18,-0.02,1.92,-0.65,9.59,334.62,-3.87,11.31,0,0,0,0.0,0.0,0.0
1787615796.934100,08:56:36.934,2895,72.88,27.3,1011.24,16.746,0.0,0.0,0.0,-0.02,-1.0,0.18,-0.02,1.92,-0.65,9.59,334.62,-3.87,11.31,0,0,0,0.0,0.0,0.0
1787615796.934294,08:56:36.934,2896,72.89,27.3,1011.24,16.746,0.0,0.0,0.0,-0.02,-1.0,0.18,-0.02,1.92,-0.65,9.59,334.62,-3.87,11.31,0,0,0,0.0,0.0,0.0
1787615796.934487,08:56:36.934,2897,72.9,27.3,1011.24,16.746,0.0,0.0,0.0,-0.02,-1.0,0.18,-0.02,1.92,-0.65,9.59,334.62,-3.87,11.31,0,0,0,0.0,0.0,0.0
1787615796.934681,08:56:36.934,2898,72.91,27.3,1011.24,16.746,0.0,0.0,0.0,-0.02,-1.0,0.18,-0.02,1.92,-0.65,9.59,334.62,-3.87,11.31,0,0,0,0.0,0.0,0.0
1787615796.934877,08:56:36.934,2899,72.92,27.3,1011.24,16.746,0.0,0.0,0.0,-0.02,-1.0,0.18,-0.02,1.92,-0.65,9.59,334.62,-3.87,11.31,0,0,0,0.0,0.0,0.0
1787615797.035808,08:56:37.035,2900,72.93,27.3,1011.24,16.746,0.0,0.0,0.0,0.67,-0.41,-0.37,0.67,1.97,-0.9,9.56,332.81,-5.37,11.56,0,0,0,0.0,0.0,0.0
1787615797.037268,08:56:37.037,2901,72.94,27.3,1011.24,16.746,0.0,0.0,0.0,0.67,-0.41,-0.37,0.67,1.97,-0.9,9.56,332.81,-5.37,11.56,0,0,0,0.0,0.0,0.0
1787615797.037967,08:56:37.037,2902,72.95,27.3,1011.24,16.746,0.0,0.0,0.0,0.67,-0.41,-0.37,0.67,1.97,-0.9,9.56,332.81,-5.37,11.56,0,0,0,0.0,0.0,0.0
1787615797.038629,08:56:37.038,2903,72.96,27.3,1011.24,16.746,0.0,0.0,0.0,0.67,-0.41,-0.37,0.67,1.97,-0.9,9.56,332.81,-5.37,11.56,0,0,0,0.0,0.0,0.0
1787615797.039295,08:56:37.039,2904,72.97,27.29,1011.28,16.413,0.0,0.0,0.0,0.67,-0.41,-0.37,0.67,1.97,-0.9,9.56,332.81,-5.37,11.56,0,0,0,0.0,0.0,0.0
1787615797.039838,08:56:37.039,2905,72.98,27.29,1011.28,16.413,0.0,0.0,0.0,0.67,-0.41,-0.37,0.67,1.97,-0.9,9.56,332.81,-5.37,11.56,0,0,0,0.0,0.0,0.0
1787615797.040223,08:56:37.040,2906,72.99,27.29,1011.28,16.413,0.0,0.0,0.0,0.67,-0.41,-0.37,0.67,1.97,-0.9,9.56,332.81,-5.37,11.56,0,0,0,0.0,0.0,0.0
1787615797.040604,08:56:37.040,2907,73.0,27.29,1011.28,16.413,0.0,0.0,0.0,0.67,-0.41,-0.37,0.67,1.97,-0.9,9.56,332.81,-5.37,11.56,0,0,0,0.0,0.0,0.0
1787615797.040989,08:56:37.040,2908,73.01,27.29,1011.28,16.413,0.0,0.0,0.0,0.67,-0.41,-0.37,0.67,1.97,-0.9,9.56,332.81,-5.37,11.56,0,0,0,0.0,0.0,0.0
1787615797.041367,08:56:37.041,2909,73.02,27.29,1011.28,16.413,0.0,0.0,0.0,0.67,-0.41,-0.37,0.67,1.97,-0.9,9.56,332.81,-5.37,11.56,0,0,0,0.0,0.0,0.0
1787615797.041733,08:56:37.041,2910,73.03,27.29,1011.28,16.413,0.0,0.0,0.0,0.02,1.2,-1.71,0.02,2.07,-1.09,9.52,331.56,-6.5,12.18,0,0,0,0.0,0.0,0.0
1787615797.142246,08:56:37.142,2911,73.04,27.29,1011.28,16.413,0.0,0.0,0.0,0.02,1.2,-1.71,0.02,2.07,-1.09,9.52,331.56,-6.5,12.18,0,0,0,0.0,0.0,0.0
1787615797.142689,08:56:37.142,2912,73.05,27.29,1011.28,16.413,0.0,0.0,0.0,0.02,1.2,-1.71,0.02,2.07,-1.09,9.52,331.56,-6.5,12.18,0,0,0,0.0,0.0,0.0
1787615797.142832,08:56:37.142,2913,73.06,27.29,1011.28,16.413,0.0,0.0,0.0,0.02,1.2,-1.71,0.02,2.07,-1.09,9.52,331.56,-6.5,12.18,0,0,0,0.0,0.0,0.0
1787615797.142968,08:56:37.142,2914,73.07,27.29,1011.28,16.413,0.0,0.0,0.0,0.02,1.2,-1.71,0.02,2.07,-1.09,9.52,331.56,-6.5,12.18,0,0,0,0.0,0.0,0.0
1787615797.143100,08:56:37.143,2915,73.08,27.29,1011.28,16.413,0.0,0.0,0.0,0.02,1.2,-1.71,0.02,2.07,-1.09,9.52,331.56,-6.5,12.18,0,0,0,0.0,0.0,0.0
1787615797.143233,08:56:37.143,2916,73.09,27.29,1011.28,16.413,0.0,0.0,0.0,0.02,1.2,-1.71,0.02,2.07,-1.09,9.52,331.56,-6.5,12.18,0,0,0,0.0,0.0,0.0
1787615797.143364,08:56:37.143,2917,73.1,27.29,1011.28,16.413,0.0,0.0,0.0,0.02,1.2,-1.71,0.02,2.07,-1.09,9.52,331.56,-6.5,12.18,0,0,0,0.0,0.0,0.0
1787615797.143495,08:56:37.143,2918,73.11,27.29,1011.28,16.413,0.0,0.0,0.0,0.02,1.2,-1.71,0.02,2.07,-1.09,9.52,331.56,-6.5,12.18,0,0,0,0.0,0.0,0.0
1787615797.143625,08:56:37.143,2919,73.12,27.29,1011.28,16.413,0.0,0.0,0.0,0.02,1.2,-1.71,0.02,2.07,-1.09,9.52,331.56,-6.5,12.18,0,0,0,0.0,0.0,0.0
1787615797.143757,08:56:37.143,2920,73.13,27.29,1011.28,16.413,0.0,0.0,0.0,-1.32,0.23,-1.12,-1.32,2.06,-1.09,9.52,331.31,-6.5,12.12,0,0,0,0.0,0.0,0.0
1787615797.244993,08:56:37.244,2921,73.14,27.29,1011.28,16.413,0.0,0.0,0.0,-1.32,0.23,-1.12,-1.32,2.06,-1.09,9.52,331.31,-6.5,12.12,0,0,0,0.0,0.0,0.0
1787615797.245257,08:56:37.245,2922,73.15,27.29,1011.28,16.413,0.0,0.0,0.0,-1.32,0.23,-1.12,-1.32,2.06,-1.09,9.52,331.31,-6.5,12.12,0,0,0,0.0,0.0,0.0
1787615797.245404,08:56:37.245,2923,73.16,27.29,1011.28,16.413,0.0,0.0,0.0,-1.32,0.23,-1.12,-1.32,2.06,-1.09,9.52,331.31,-6.5,12.12,0,0,0,0.0,0.0,0.0
1787615797.245547,08:56:37.245,2924,73.17,27.27,1011.21,16.997,0.0,0.0,0.0,-1.32,0.23,-1.12,-1.32,2.06,-1.09,9.52,331.31,-6.5,12.12,0,0,0,0.0,0.0,0.0
1787615797.245689,08:56:37.245,2925,73.18,27.27,1011.21,16.997,0.0,0.0,0.0,-1.32,0.23,-1.12,-1.32,2.06,-1.09,9.52,331.31,-6.5,12.12,0,0,0,0.0,0.0,0.0
1787615797.245830,08:56:37.245,2926,73.19,27.27,1011.21,16.997,0.0,0.0,0.0,-1.32,0.23,-1.12,-1.32,2.06,-1.09,9.52,331.31,-6.5,12.12,0,0,0,0.0,0.0,0.0
1787615797.245975,08:56:37.245,2927,73.2,27.27,1011.21,16.997,0.0,0.0,0.0,-1.32,0.23,-1.12,-1.32,2.06,-1.09,9.52,331.31,-6.5,12.12,0,0,0,0.0,0.0,0.0
1787615797.246116,08:56:37.246,2928,73.21,27.27,1011.21,16.997,0.0,0.0,0.0,-1.32,0.23,-1.12,-1.32,2.06,-1.09,9.52,331.31,-6.5,12.12,0,0,0,0.0,0.0,0.0
1787615797.246255,08:56:37.246,2929,73.22,27.27,1011.21,16.997,0.0,0.0,0.0,-1.32,0.23,-1.12,-1.32,2.06,-1.09,9.52,331.31,-6.5,12.12,0,0,0,0.0,0.0,0.0
1787615797.246395,08:56:37.246,2930,73.23,27.27,1011.21,16.997,0.0,0.0,0.0,-2.23,-0.29,-0.03,-2.23,2.1,-0.86,9.53,331.75,-5.12,12.37,0,0,0,0.0,0.0,0.0
1787615797.347147,08:56:37.347,2931,73.24,27.27,1011.21,16.997,0.0,0.0,0.0,-2.23,-0.29,-0.03,-2.23,2.1,-0.86,9.53,331.75,-5.12,12.37,0,0,0,0.0,0.0,0.0
1787615797.347505,08:56:37.347,2932,73.25,27.27,1011.21,16.997,0.0,0.0,0.0,-2.23,-0.29,-0.03,-2.23,2.1,-0.86,9.53,331.75,-5.12,12.37,0,0,0,0.0,0.0,0.0
1787615797.347711,08:56:37.347,2933,73.26,27.27,1011.21,16.997,0.0,0.0,0.0,-2.23,-0.29,-0.03,-2.23,2.1,-0.86,9.53,331.75,-5.12,12.37,0,0,0,0.0,0.0,0.0
1787615797.347911,08:56:37.347,2934,73.27,27.27,1011.21,16.997,0.0,0.0,0.0,-2.23,-0.29,-0.03,-2.23,2.1,-0.86,9.53,331.75,-5.12,12.37,0,0,0,0.0,0.0,0.0
1787615797.348103,08:56:37.348,2935,73.28,27.27,1011.21,16.997,0.0,0.0,0.0,-2.23,-0.29,-0.03,-2.23,2.1,-0.86,9.53,331.75,-5.12,12.37,0,0,0,0.0,0.0,0.0
1787615797.348294,08:56:37.348,2936,73.29,27.27,1011.21,16.997,0.0,0.0,0.0,-2.23,-0.29,-0.03,-2.23,2.1,-0.86,9.53,331.75,-5.12,12.37,0,0,0,0.0,0.0,0.0
1787615797.348483,08:56:37.348,2937,73.3,27.27,1011.21,16.997,0.0,0.0,0.0,-2.23,-0.29,-0.03,-2.23,2.1,-0.86,9.53,331.75,-5.12,12.37,0,0,0,0.0,0.0,0.0
1787615797.348673,08:56:37.348,2938,73.31,27.27,1011.21,16.997,0.0,0.0,0.0,-2.23,-0.29,-0.03,-2.23,2.1,-0.86,9.53,331.75,-5.12,12.37,0,0,0,0.0,0.0,0.0
1787615797.450142,08:56:37.450,2939,73.32,27.27,1011.21,16.997,0.0,0.0,0.0,-2.23,-0.29,-0.03,-2.23,2.1,-0.86,9.53,331.75,-5.12,12.37,0,0,0,0.0,0.0,0.0
1787615797.451273,08:56:37.451,2940,73.33,27.27,1011.21,16.997,0.0,0.0,0.0,-1.21,0.26,-0.63,-1.21,2.11,-0.58,9.55,331.37,-3.43,12.43,0,0,0,0.0,0.0,0.0
1787615797.451817,08:56:37.451,2941,73.34,27.27,1011.21,16.997,0.0,0.0,0.0,-1.21,0.26,-0.63,-1.21,2.11,-0.58,9.55,331.37,-3.43,12.43,0,0,0,0.0,0.0,0.0
1787615797.452331,08:56:37.452,2942,73.35,27.27,1011.21,16.997,0.0,0.0,0.0,-1.21,0.26,-0.63,-1.21,2.11,-0.58,9.55,331.37,-3.43,12.43,0,0,0,0.0,0.0,0.0
1787615797.452832,08:56:37.452,2943,73.36,27.27,1011.21,16.997,0.0,0.0,0.0,-1.21,0.26,-0.63,-1.21,2.11,-0.58,9.55,331.37,-3.43,12.43,0,0,0,0.0,0.0,0.0
1787615797.453324,08:56:37.453,2944,73.37,27.28,1011.27,16.498,0.0,0.0,0.0,-1.21,0.26,-0.63,-1.21,2.11,-0.58,9.55,331.37,-3.43,12.43,0,0,0,0.0,0.0,0.0
1787615797.453731,08:56:37.453,2945,73.38,27.28,1011.27,16.498,0.0,0.0,0.0,-1.21,0.26,-0.63,-1.21,2.11,-0.58,9.55,331.37,-3.43,12.43,0,0,0,0.0,0.0,0.0
1787615797.454135,08:56:37.454,2946,73.39,27.28,1011.27,16.498,0.0,0.0,0.0,-1.21,0.26,-0.63,-1.21,2.11,-0.58,9.55,331.37,-3.43,12.43,0,0,0,0.0,0.0,0.0
1787615797.454523,08:56:37.454,2947,73.4,27.28,1011.27,16.498,0.0,0.0,0.0,-1.21,0.26,-0.63,-1.21,2.11,-0.58,9.55,331.37,-3.43,12.43,0,0,0,0.0,0.0,0.0
1787615797.454939,08:56:37.454,2948,73.41,27.28,1011.27,16.498,0.0,0.0,0.0,-1.21,0.26,-0.63,-1.21,2.11,-0.58,9.55,331.37,-3.43,12.43,0,0,0,0.0,0.0,0.0
1787615797.455350,08:56:37.455,2949,73.42,27.28,1011.27,16.498,0.0,0.0,0.0,-1.21,0.26,-0.63,-1.21,2.11,-0.58,9.55,331.37,-3.43,12.43,0,0,0,0.0,0.0,0.0
1787615797.555973,08:56:37.555,2950,73.43,27.28,1011.27,16.498,0.0,0.0,0.0,-0.27,0.97,-1.49,-0.27,2.1,-0.35,9.57,330.5,-2.12,12.37,0,0,0,0.0,0.0,0.0
1787615797.556392,08:56:37.556,2951,73.44,27.28,1011.27,16.498,0.0,0.0,0.0,-0.27,0.97,-1.49,-0.27,2.1,-0.35,9.57,330.5,-2.12,12.37,0,0,0,0.0,0.0,0.0
1787615797.556622,08:56:37.556,2952,73.45,27.28,1011.27,16.498,0.0,0.0,0.0,-0.27,0.97,-1.49,-0.27,2.1,-0.35,9.57,330.5,-2.12,12.37,0,0,0,0.0,0.0,0.0
1787615797.556845,08:56:37.556,2953,73.46,27.28,1011.27,16.498,0.0,0.0,0.0,-0.27,0.97,-1.49,-0.27,2.1,-0.35,9.57,330.5,-2.12,12.37,0,0,0,0.0,0.0,0.0
1787615797.557064,08:56:37.557,2954,73.47,27.28,1011.27,16.498,0.0,0.0,0.0,-0.27,0.97,-1.49,-0.27,2.1,-0.35,9.57,330.5,-2.12,12.37,0,0,0,0.0,0.0,0.0
1787615797.658603,08:56:37.658,2955,73.48,27.28,1011.27,16.498,0.0,0.0,0.0,-0.27,0.97,-1.49,-0.27,2.1,-0.35,9.57,330.5,-2.12,12.37,0,0,0,0.0,0.0,0.0
1787615797.659474,08:56:37.659,2956,73.49,27.28,1011.27,16.498,0.0,0.0,0.0,-0.27,0.97,-1.49,-0.27,2.1,-0.35,9.57,330.5,-2.12,12.37,0,0,0,0.0,0.0,0.0
1787615797.659762,08:56:37.659,2957,73.5,27.28,1011.27,16.498,0.0,0.0,0.0,-0.27,0.97,-1.49,-0.27,2.1,-0.35,9.57,330.5,-2.12,12.37,0,0,0,0.0,0.0,0.0
1787615797.660117,08:56:37.660,2958,73.51,27.28,1011.27,16.498,0.0,0.0,0.0,-0.27,0.97,-1.49,-0.27,2.1,-0.35,9.57,330.5,-2.12,12.37,0,0,0,0.0,0.0,0.0
1787615797.660467,08:56:37.660,2959,73.52,27.28,1011.27,16.498,0.0,0.0,0.0,-0.27,0.97,-1.49,-0.27,2.1,-0.35,9.57,330.5,-2.12,12.37,0,0,0,0.0,0.0,0.0
1787615797.660817,08:56:37.660,2960,73.53,27.28,1011.27,16.498,0.0,0.0,0.0,0.44,0.71,-1.67,0.44,2.09,-0.42,9.57,329.56,-2.5,12.31,0,0,0,0.0,0.0,0.0
1787615797.661507,08:56:37.661,2961,73.54,27.28,1011.27,16.498,0.0,0.0,0.0,0.44,0.71,-1.67,0.44,2.09,-0.42,9.57,329.56,-2.5,12.31,0,0,0,0.0,0.0,0.0
1787615797.661906,08:56:37.661,2962,73.55,27.28,1011.27,16.498,0.0,0.0,0.0,0.44,0.71,-1.67,0.44,2.09,-0.42,9.57,329.56,-2.5,12.31,0,0,0,0.0,0.0,0.0
1787615797.662241,08:56:37.662,2963,73.56,27.28,1011.27,16.498,0.0,0.0,0.0,0.44,0.71,-1.67,0.44,2.09,-0.42,9.57,329.56,-2.5,12.31,0,0,0,0.0,0.0,0.0
1787615797.662578,08:56:37.662,2964,73.57,27.27,1011.25,16.664,0.0,0.0,0.0,0.44,0.71,-1.67,0.44,2.09,-0.42,9.57,329.56,-2.5,12.31,0,0,0,0.0,0.0,0.0
1787615797.662933,08:56:37.662,2965,73.58,27.27,1011.25,16.664,0.0,0.0,0.0,0.44,0.71,-1.67,0.44,2.09,-0.42,9.57,329.56,-2.5,12.31,0,0,0,0.0,0.0,0.0
1787615797.763861,08:56:37.763,2966,73.59,27.27,1011.25,16.664,0.0,0.0,0.0,0.44,0.71,-1.67,0.44,2.09,-0.42,9.57,329.56,-2.5,12.31,0,0,0,0.0,0.0,0.0
1787615797.764384,08:56:37.764,2967,73.6,27.27,1011.25,16.664,0.0,0.0,0.0,0.44,0.71,-1.67,0.44,2.09,-0.42,9.57,329.56,-2.5,12.31,0,0,0,0.0,0.0,0.0
1787615797.764620,08:56:37.764,2968,73.61,27.27,1011.25,16.664,0.0,0.0,0.0,0.44,0.71,-1.67,0.44,2.09,-0.42,9.57,329.56,-2.5,12.31,0,0,0,0.0,0.0,0.0
1787615797.764818,08:56:37.764,2969,73.62,27.27,1011.25,16.664,0.0,0.0,0.0,0.44,0.71,-1.67,0.44,2.09,-0.42,9.57,329.56,-2.5,12.31,0,0,0,0.0,0.0,0.0
1787615797.765019,08:56:37.765,2970,73.63,27.27,1011.25,16.664,0.0,0.0,0.0,0.07,0.59,-0.14,0.07,2.19,-0.78,9.52,328.93,-4.68,12.93,0,0,0,0.0,0.0,0.0
1787615797.765214,08:56:37.765,2971,73.64,27.27,1011.25,16.664,0.0,0.0,0.0,0.07,0.59,-0.14,0.07,2.19,-0.78,9.52,328.93,-4.68,12.93,0,0,0,0.0,0.0,0.0
1787615797.765408,08:56:37.765,2972,73.65,27.27,1011.25,16.664,0.0,0.0,0.0,0.07,0.59,-0.14,0.07,2.19,-0.78,9.52,328.93,-4.68,12.93,0,0,0,0.0,0.0,0.0
1787615797.765602,08:56:37.765,2973,73.66,27.27,1011.25,16.664,0.0,0.0,0.0,0.07,0.59,-0.14,0.07,2.19,-0.78,9.52,328.93,-4.68,12.93,0,0,0,0.0,0.0,0.0
1787615797.765791,08:56:37.765,2974,73.67,27.27,1011.25,16.664,0.0,0.0,0.0,0.07,0.59,-0.14,0.07,2.19,-0.78,9.52,328.93,-4.68,12.93,0,0,0,0.0,0.0,0.0
1787615797.765982,08:56:37.765,2975,73.68,27.27,1011.25,16.664,0.0,0.0,0.0,0.07,0.59,-0.14,0.07,2.19,-0.78,9.52,328.93,-4.68,12.93,0,0,0,0.0,0.0,0.0
1787615797.766176,08:56:37.766,2976,73.69,27.27,1011.25,16.664,0.0,0.0,0.0,0.07,0.59,-0.14,0.07,2.19,-0.78,9.52,328.93,-4.68,12.93,0,0,0,0.0,0.0,0.0
1787615797.766368,08:56:37.766,2977,73.7,27.27,1011.25,16.664,0.0,0.0,0.0,0.07,0.59,-0.14,0.07,2.19,-0.78,9.52,328.93,-4.68,12.93,0,0,0,0.0,0.0,0.0
1787615797.766568,08:56:37.766,2978,73.71,27.27,1011.25,16.664,0.0,0.0,0.0,0.07,0.59,-0.14,0.07,2.19,-0.78,9.52,328.93,-4.68,12.93,0,0,0,0.0,0.0,0.0
1787615797.766759,08:56:37.766,2979,73.72,27.27,1011.25,16.664,0.0,0.0,0.0,0.07,0.59,-0.14,0.07,2.19,-0.78,9.52,328.93,-4.68,12.93,0,0,0,0.0,0.0,0.0
1787615797.766948,08:56:37.766,2980,73.73,27.27,1011.25,16.664,0.0,0.0,0.0,-1.12,-0.22,1.39,-1.12,2.36,-0.95,9.46,328.18,-5.75,13.93,0,0,0,0.0,0.0,0.0
1787615797.868323,08:56:37.868,2981,73.74,27.27,1011.25,16.664,0.0,0.0,0.0,-1.12,-0.22,1.39,-1.12,2.36,-0.95,9.46,328.18,-5.75,13.93,0,0,0,0.0,0.0,0.0
1787615797.868593,08:56:37.868,2982,73.75,27.27,1011.25,16.664,0.0,0.0,0.0,-1.12,-0.22,1.39,-1.12,2.36,-0.95,9.46,328.18,-5.75,13.93,0,0,0,0.0,0.0,0.0
1787615797.868754,08:56:37.868,2983,73.76,27.27,1011.25,16.664,0.0,0.0,0.0,-1.12,-0.22,1.39,-1.12,2.36,-0.95,9.46,328.18,-5.75,13.93,0,0,0,0.0,0.0,0.0
1787615797.868910,08:56:37.868,2984,73.77,27.24,1011.21,16.997,0.0,0.0,0.0,-1.12,-0.22,1.39,-1.12,2.36,-0.95,9.46,328.18,-5.75,13.93,0,0,0,0.0,0.0,0.0
1787615797.869064,08:56:37.869,2985,73.78,27.24,1011.21,16.997,0.0,0.0,0.0,-1.12,-0.22,1.39,-1.12,2.36,-0.95,9.46,328.18,-5.75,13.93,0,0,0,0.0,0.0,0.0
1787615797.869216,08:56:37.869,2986,73.79,27.24,1011.21,16.997,0.0,0.0,0.0,-1.12,-0.22,1.39,-1.12,2.36,-0.95,9.46,328.18,-5.75,13.93,0,0,0,0.0,0.0,0.0
1787615797.869368,08:56:37.869,2987,73.8,27.24,1011.21,16.997,0.0,0.0,0.0,-1.12,-0.22,1.39,-1.12,2.36,-0.95,9.46,328.18,-5.75,13.93,0,0,0,0.0,0.0,0.0
1787615797.869519,08:56:37.869,2988,73.81,27.24,1011.21,16.997,0.0,0.0,0.0,-1.12,-0.22,1.39,-1.12,2.36,-0.95,9.46,328.18,-5.75,13.93,0,0,0,0.0,0.0,0.0
1787615797.869670,08:56:37.869,2989,73.82,27.24,1011.21,16.997,0.0,0.0,0.0,-1.12,-0.22,1.39,-1.12,2.36,-0.95,9.46,328.18,-5.75,13.93,0,0,0,0.0,0.0,0.0
1787615797.869822,08:56:37.869,2990,73.83,27.24,1011.21,16.997,0.0,0.0,0.0,0.2,-0.67,-0.33,0.2,2.26,-0.74,9.51,326.81,-4.43,13.31,0,0,0,0.0,0.0,0.0
1787615797.869975,08:56:37.869,2991,73.84,27.24,1011.21,16.997,0.0,0.0,0.0,0.2,-0.67,-0.33,0.2,2.26,-0.74,9.51,326.81,-4.43,13.31,0,0,0,0.0,0.0,0.0
1787615797.870126,08:56:37.870,2992,73.85,27.24,1011.21,16.997,0.0,0.0,0.0,0.2,-0.67,-0.33,0.2,2.26,-0.74,9.51,326.81,-4.43,13.31,0,0,0,0.0,0.0,0.0
1787615797.971433,08:56:37.971,2993,73.86,27.24,1011.21,16.997,0.0,0.0,0.0,0.2,-0.67,-0.33,0.2,2.26,-0.74,9.51,326.81,-4.43,13.31,0,0,0,0.0,0.0,0.0
1787615797.971659,08:56:37.971,2994,73.87,27.24,1011.21,16.997,0.0,0.0,0.0,0.2,-0.67,-0.33,0.2,2.26,-0.74,9.51,326.81,-4.43,13.31,0,0,0,0.0,0.0,0.0
1787615797.971800,08:56:37.971,2995,73.88,27.24,1011.21,16.997,0.0,0.0,0.0,0.2,-0.67,-0.33,0.2,2.26,-0.74,9.51,326.81,-4.43,13.31,0,0,0,0.0,0.0,0.0
1787615797.971931,08:56:37.971,2996,73.89,27.24,1011.21,16.997,0.0,0.0,0.0,0.2,-0.67,-0.33,0.2,2.26,-0.74,9.51,326.81,-4.43,13.31,0,0,0,0.0,0.0,0.0
1787615797.972060,08:56:37.972,2997,73.9,27.24,1011.21,16.997,0.0,0.0,0.0,0.2,-0.67,-0.33,0.2,2.26,-0.74,9.51,326.81,-4.43,13.31,0,0,0,0.0,0.0,0.0
1787615797.972189,08:56:37.972,2998,73.91,27.24,1011.21,16.997,0.0,0.0,0.0,0.2,-0.67,-0.33,0.2,2.26,-0.74,9.51,326.81,-4.43,13.31,0,0,0,0.0,0.0,0.0
1787615797.972316,08:56:37.972,2999,73.92,27.24,1011.21,16.997,0.0,0.0,0.0,0.2,-0.67,-0.33,0.2,2.26,-0.74,9.51,326.81,-4.43,13.31,0,0,0,0.0,0.0,0.0
1787615797.972444,08:56:37.972,3000,73.93,27.24,1011.21,16.997,0.0,0.0,0.0,0.87,-1.3,-1.11,0.87,2.13,-0.36,9.56,325.12,-2.12,12.56,0,0,0,0.0,0.0,0.0
1787615797.972590,08:56:37.972,3001,73.94,27.24,1011.21,16.997,0.0,0.0,0.0,0.87,-1.3,-1.11,0.87,2.13,-0.36,9.56,325.12,-2.12,12.56,0,0,0,0.0,0.0,0.0
1787615797.972717,08:56:37.972,3002,73.95,27.24,1011.21,16.997,0.0,0.0,0.0,0.87,-1.3,-1.11,0.87,2.13,-0.36,9.56,325.12,-2.12,12.56,0,0,0,0.0,0.0,0.0
1787615797.972843,08:56:37.972,3003,73.96,27.24,1011.21,16.997,0.0,0.0,0.0,0.87,-1.3,-1.11,0.87,2.13,-0.36,9.56,325.12,-2.12,12.56,0,0,0,0.0,0.0,0.0
1787615798.073191,08:56:38.073,3004,73.97,27.26,1011.25,16.664,0.0,0.0,0.0,0.87,-1.3,-1.11,0.87,2.13,-0.36,9.56,325.12,-2.12,12.56,0,0,0,0.0,0.0,0.0
1787615798.073683,08:56:38.073,3005,73.98,27.26,1011.25,16.664,0.0,0.0,0.0,0.87,-1.3,-1.11,0.87,2.13,-0.36,9.56,325.12,-2.12,12.56,0,0,0,0.0,0.0,0.0
1787615798.073971,08:56:38.073,3006,73.99,27.26,1011.25,16.664,0.0,0.0,0.0,0.87,-1.3,-1.11,0.87,2.13,-0.36,9.56,325.12,-2.12,12.56,0,0,0,0.0,0.0,0.0
1787615798.074240,08:56:38.074,3007,74.0,27.26,1011.25,16.664,0.0,0.0,0.0,0.87,-1.3,-1.11,0.87,2.13,-0.36,9.56,325.12,-2.12,12.56,0,0,0,0.0,0.0,0.0
1787615798.074503,08:56:38.074,3008,74.01,27.26,1011.25,16.664,0.0,0.0,0.0,0.87,-1.3,-1.11,0.87,2.13,-0.36,9.56,325.12,-2.12,12.56,0,0,0,0.0,0.0,0.0
1787615798.074764,08:56:38.074,3009,74.02,27.26,1011.25,16.664,0.0,0.0,0.0,0.87,-1.3,-1.11,0.87,2.13,-0.36,9.56,325.12,-2.12,12.56,0,0,0,0.0,0.0,0.0
1787615798.075027,08:56:38.075,3010,74.03,27.26,1011.25,16.664,0.0,0.0,0.0,0.84,0.96,-2.28,0.84,2.24,0.03,9.54,323.62,0.18,13.25,0,0,0,0.0,0.0,0.0
1787615798.075292,08:56:38.075,3011,74.04,27.26,1011.25,16.664,0.0,0.0,0.0,0.84,0.96,-2.28,0.84,2.24,0.03,9.54,323.62,0.18,13.25,0,0,0,0.0,0.0,0.0
1787615798.075550,08:56:38.075,3012,74.05,27.26,1011.25,16.664,0.0,0.0,0.0,0.84,0.96,-2.28,0.84,2.24,0.03,9.54,323.62,0.18,13.25,0,0,0,0.0,0.0,0.0
1787615798.075809,08:56:38.075,3013,74.06,27.26,1011.25,16.664,0.0,0.0,0.0,0.84,0.96,-2.28,0.84,2.24,0.03,9.54,323.62,0.18,13.25,0,0,0,0.0,0.0,0.0
1787615798.177270,08:56:38.177,3014,74.07,27.26,1011.25,16.664,0.0,0.0,0.0,0.84,0.96,-2.28,0.84,2.24,0.03,9.54,323.62,0.18,13.25,0,0,0,0.0,0.0,0.0
1787615798.177644,08:56:38.177,3015,74.08,27.26,1011.25,16.664,0.0,0.0,0.0,0.84,0.96,-2.28,0.84,2.24,0.03,9.54,323.62,0.18,13.25,0,0,0,0.0,0.0,0.0
1787615798.177878,08:56:38.177,3016,74.09,27.26,1011.25,16.664,0.0,0.0,0.0,0.84,0.96,-2.28,0.84,2.24,0.03,9.54,323.62,0.18,13.25,0,0,0,0.0,0.0,0.0
1787615798.178103,08:56:38.178,3017,74.1,27.26,1011.25,16.664,0.0,0.0,0.0,0.84,0.96,-2.28,0.84,2.24,0.03,9.54,323.62,0.18,13.25,0,0,0,0.0,0.0,0.0
1787615798.178325,08:56:38.178,3018,74.11,27.26,1011.25,16.664,0.0,0.0,0.0,0.84,0.96,-2.28,0.84,2.24,0.03,9.54,323.62,0.18,13.25,0,0,0,0.0,0.0,0.0
1787615798.178544,08:56:38.178,3019,74.12,27.26,1011.25,16.664,0.0,0.0,0.0,0.84,0.96,-2.28,0.84,2.24,0.03,9.54,323.62,0.18,13.25,0,0,0,0.0,0.0,0.0
1787615798.178764,08:56:38.178,3020,74.13,27.26,1011.25,16.664,0.0,0.0,0.0,-0.1,0.17,-0.93,-0.1,2.36,0.44,9.5,322.62,2.43,13.87,0,0,0,0.0,0.0,0.0
1787615798.178986,08:56:38.178,3021,74.14,27.26,1011.25,16.664,0.0,0.0,0.0,-0.1,0.17,-0.93,-0.1,2.36,0.44,9.5,322.62,2.43,13.87,0,0,0,0.0,0.0,0.0
1787615798.179204,08:56:38.179,3022,74.15,27.26,1011.25,16.664,0.0,0.0,0.0,-0.1,0.17,-0.93,-0.1,2.36,0.44,9.5,322.62,2.43,13.87,0,0,0,0.0,0.0,0.0
1787615798.179423,08:56:38.179,3023,74.16,27.26,1011.25,16.664,0.0,0.0,0.0,-0.1,0.17,-0.93,-0.1,2.36,0.44,9.5,322.62,2.43,13.87,0,0,0,0.0,0.0,0.0
1787615798.179638,08:56:38.179,3024,74.17,27.25,1011.26,16.58,0.0,0.0,0.0,-0.1,0.17,-0.93,-0.1,2.36,0.44,9.5,322.62,2.43,13.87,0,0,0,0.0,0.0,0.0
1787615798.280540,08:56:38.280,3025,74.18,27.25,1011.26,16.58,0.0,0.0,0.0,-0.1,0.17,-0.93,-0.1,2.36,0.44,9.5,322.62,2.43,13.87,0,0,0,0.0,0.0,0.0
1787615798.280831,08:56:38.280,3026,74.19,27.25,1011.26,16.58,0.0,0.0,0.0,-0.1,0.17,-0.93,-0.1,2.36,0.44,9.5,322.62,2.43,13.87,0,0,0,0.0,0.0,0.0
1787615798.281004,08:56:38.281,3027,74.2,27.25,1011.26,16.58,0.0,0.0,0.0,-0.1,0.17,-0.93,-0.1,2.36,0.44,9.5,322.62,2.43,13.87,0,0,0,0.0,0.0,0.0
1787615798.281316,08:56:38.281,3028,74.21,27.25,1011.26,16.58,0.0,0.0,0.0,-0.1,0.17,-0.93,-0.1,2.36,0.44,9.5,322.62,2.43,13.87,0,0,0,0.0,0.0,0.0
1787615798.281500,08:56:38.281,3029,74.22,27.25,1011.26,16.58,0.0,0.0,0.0,-0.1,0.17,-0.93,-0.1,2.36,0.44,9.5,322.62,2.43,13.87,0,0,0,0.0,0.0,0.0
1787615798.281664,08:56:38.281,3030,74.23,27.25,1011.26,16.58,0.0,0.0,0.0,-1.41,-0.14,-0.19,-1.41,2.44,0.77,9.46,321.43,4.43,14.43,0,0,0,0.0,0.0,0.0
1787615798.281823,08:56:38.281,3031,74.24,27.25,1011.26,16.58,0.0,0.0,0.0,-1.41,-0.14,-0.19,-1.41,2.44,0.77,9.46,321.43,4.43,14.43,0,0,0,0.0,0.0,0.0
1787615798.281980,08:56:38.281,3032,74.25,27.25,1011.26,16.58,0.0,0.0,0.0,-1.41,-0.14,-0.19,-1.41,2.44,0.77,9.46,321.43,4.43,14.43,0,0,0,0.0,0.0,0.0
1787615798.282133,08:56:38.282,3033,74.26,27.25,1011.26,16.58,0.0,0.0,0.0,-1.41,-0.14,-0.19,-1.41,2.44,0.77,9.46,321.43,4.43,14.43,0,0,0,0.0,0.0,0.0
1787615798.282289,08:56:38.282,3034,74.27,27.25,1011.26,16.58,0.0,0.0,0.0,-1.41,-0.14,-0.19,-1.41,2.44,0.77,9.46,321.43,4.43,14.43,0,0,0,0.0,0.0,0.0
1787615798.383626,08:56:38.383,3035,74.28,27.25,1011.26,16.58,0.0,0.0,0.0,-1.41,-0.14,-0.19,-1.41,2.44,0.77,9.46,321.43,4.43,14.43,0,0,0,0.0,0.0,0.0
1787615798.383908,08:56:38.383,3036,74.29,27.25,1011.26,16.58,0.0,0.0,0.0,-1.41,-0.14,-0.19,-1.41,2.44,0.77,9.46,321.43,4.43,14.43,0,0,0,0.0,0.0,0.0
1787615798.384066,08:56:38.384,3037,74.3,27.25,1011.26,16.58,0.0,0.0,0.0,-1.41,-0.14,-0.19,-1.41,2.44,0.77,9.46,321.43,4.43,14.43,0,0,0,0.0,0.0,0.0
1787615798.384222,08:56:38.384,3038,74.31,27.25,1011.26,16.58,0.0,0.0,0.0,-1.41,-0.14,-0.19,-1.41,2.44,0.77,9.46,321.43,4.43,14.43,0,0,0,0.0,0.0,0.0
1787615798.384518,08:56:38.384,3039,74.32,27.25,1011.26,16.58,0.0,0.0,0.0,-1.41,-0.14,-0.19,-1.41,2.44,0.77,9.46,321.43,4.43,14.43,0,0,0,0.0,0.0,0.0
1787615798.384671,08:56:38.384,3040,74.33,27.25,1011.26,16.58,0.0,0.0,0.0,-0.83,0.75,0.0,-0.83,2.29,0.97,9.48,319.62,5.81,13.68,0,0,0,0.0,0.0,0.0
1787615798.384826,08:56:38.384,3041,74.34,27.25,1011.26,16.58,0.0,0.0,0.0,-0.83,0.75,0.0,-0.83,2.29,0.97,9.48,319.62,5.81,13.68,0,0,0,0.0,0.0,0.0
1787615798.384979,08:56:38.384,3042,74.35,27.25,1011.26,16.58,0.0,0.0,0.0,-0.83,0.75,0.0,-0.83,2.29,0.97,9.48,319.62,5.81,13.68,0,0,0,0.0,0.0,0.0
1787615798.385129,08:56:38.385,3043,74.36,27.25,1011.26,16.58,0.0,0.0,0.0,-0.83,0.75,0.0,-0.83,2.29,0.97,9.48,319.62,5.81,13.68,0,0,0,0.0,0.0,0.0
1787615798.385279,08:56:38.385,3044,74.37,27.23,1011.26,16.58,0.0,0.0,0.0,-0.83,0.75,0.0,-0.83,2.29,0.97,9.48,319.62,5.81,13.68,0,0,0,0.0,0.0,0.0
1787615798.385429,08:56:38.385,3045,74.38,27.23,1011.26,16.58,0.0,0.0,0.0,-0.83,0.75,0.0,-0.83,2.29,0.97,9.48,319.62,5.81,13.68,0,0,0,0.0,0.0,0.0
1787615798.486172,08:56:38.486,3046,74.39,27.23,1011.26,16.58,0.0,0.0,0.0,-0.83,0.75,0.0,-0.83,2.29,0.97,9.48,319.62,5.81,13.68,0,0,0,0.0,0.0,0.0
1787615798.486378,08:56:38.486,3047,74.4,27.23,1011.26,16.58,0.0,0.0,0.0,-0.83,0.75,0.0,-0.83,2.29,0.97,9.48,319.62,5.81,13.68,0,0,0,0.0,0.0,0.0
1787615798.486507,08:56:38.486,3048,74.41,27.23,1011.26,16.58,0.0,0.0,0.0,-0.83,0.75,0.0,-0.83,2.29,0.97,9.48,319.62,5.81,13.68,0,0,0,0.0,0.0,0.0
1787615798.486630,08:56:38.486,3049,74.42,27.23,1011.26,16.58,0.0,0.0,0.0,-0.83,0.75,0.0,-0.83,2.29,0.97,9.48,319.62,5.81,13.68,0,0,0,0.0,0.0,0.0
1787615798.486751,08:56:38.486,3050,74.43,27.23,1011.26,16.58,0.0,0.0,0.0,1.29,1.84,-0.16,1.29,2.04,1.03,9.53,317.62,6.12,12.06,0,0,0,0.0,0.0,0.0
1787615798.486908,08:56:38.486,3051,74.44,27.23,1011.26,16.58,0.0,0.0,0.0,1.29,1.84,-0.16,1.29,2.04,1.03,9.53,317.62,6.12,12.06,0,0,0,0.0,0.0,0.0
1787615798.487029,08:56:38.487,3052,74.45,27.23,1011.26,16.58,0.0,0.0,0.0,1.29,1.84,-0.16,1.29,2.04,1.03,9.53,317.62,6.12,12.06,0,0,0,0.0,0.0,0.0
1787615798.487149,08:56:38.487,3053,74.46,27.23,1011.26,16.58,0.0,0.0,0.0,1.29,1.84,-0.16,1.29,2.04,1.03,9.53,317.62,6.12,12.06,0,0,0,0.0,0.0,0.0
1787615798.487268,08:56:38.487,3054,74.47,27.23,1011.26,16.58,0.0,0.0,0.0,1.29,1.84,-0.16,1.29,2.04,1.03,9.53,317.62,6.12,12.06,0,0,0,0.0,0.0,0.0
1787615798.587669,08:56:38.587,3055,74.48,27.23,1011.26,16.58,0.0,0.0,0.0,1.29,1.84,-0.16,1.29,2.04,1.03,9.53,317.62,6.12,12.06,0,0,0,0.0,0.0,0.0
1787615798.587915,08:56:38.587,3056,74.49,27.23,1011.26,16.58,0.0,0.0,0.0,1.29,1.84,-0.16,1.29,2.04,1.03,9.53,317.62,6.12,12.06,0,0,0,0.0,0.0,0.0
1787615798.588052,08:56:38.588,3057,74.5,27.23,1011.26,16.58,0.0,0.0,0.0,1.29,1.84,-0.16,1.29,2.04,1.03,9.53,317.62,6.12,12.06,0,0,0,0.0,0.0,0.0
1787615798.588190,08:56:38.588,3058,74.51,27.23,1011.26,16.58,0.0,0.0,0.0,1.29,1.84,-0.16,1.29,2.04,1.03,9.53,317.62,6.12,12.06,0,0,0,0.0,0.0,0.0
1787615798.588330,08:56:38.588,3059,74.52,27.23,1011.26,16.58,0.0,0.0,0.0,1.29,1.84,-0.16,1.29,2.04,1.03,9.53,317.62,6.12,12.06,0,0,0,0.0,0.0,0.0
1787615798.588467,08:56:38.588,3060,74.53,27.23,1011.26,16.58,0.0,0.0,0.0,1.81,-0.13,-1.28,1.81,1.87,1.03,9.57,316.81,6.18,11.06,0,0,0,0.0,0.0,0.0
1787615798.588607,08:56:38.588,3061,74.54,27.23,1011.26,16.58,0.0,0.0,0.0,1.81,-0.13,-1.28,1.81,1.87,1.03,9.57,316.81,6.18,11.06,0,0,0,0.0,0.0,0.0
1787615798.588746,08:56:38.588,3062,74.55,27.23,1011.26,16.58,0.0,0.0,0.0,1.81,-0.13,-1.28,1.81,1.87,1.03,9.57,316.81,6.18,11.06,0,0,0,0.0,0.0,0.0
1787615798.588884,08:56:38.588,3063,74.56,27.23,1011.26,16.58,0.0,0.0,0.0,1.81,-0.13,-1.28,1.81,1.87,1.03,9.57,316.81,6.18,11.06,0,0,0,0.0,0.0,0.0
1787615798.589021,08:56:38.589,3064,74.57,27.23,1011.28,16.413,0.0,0.0,0.0,1.81,-0.13,-1.28,1.81,1.87,1.03,9.57,316.81,6.18,11.06,0,0,0,0.0,0.0,0.0
1787615798.690346,08:56:38.690,3065,74.58,27.23,1011.28,16.413,0.0,0.0,0.0,1.81,-0.13,-1.28,1.81,1.87,1.03,9.57,316.81,6.18,11.06,0,0,0,0.0,0.0,0.0
1787615798.690607,08:56:38.690,3066,74.59,27.23,1011.28,16.413,0.0,0.0,0.0,1.81,-0.13,-1.28,1.81,1.87,1.03,9.57,316.81,6.18,11.06,0,0,0,0.0,0.0,0.0
1787615798.690756,08:56:38.690,3067,74.6,27.23,1011.28,16.413,0.0,0.0,0.0,1.81,-0.13,-1.28,1.81,1.87,1.03,9.57,316.81,6.18,11.06,0,0,0,0.0,0.0,0.0
1787615798.690897,08:56:38.690,3068,74.61,27.23,1011.28,16.413,0.0,0.0,0.0,1.81,-0.13,-1.28,1.81,1.87,1.03,9.57,316.81,6.18,11.06,0,0,0,0.0,0.0,0.0
1787615798.691035,08:56:38.691,3069,74.62,27.23,1011.28,16.413,0.0,0.0,0.0,1.81,-0.13,-1.28,1.81,1.87,1.03,9.57,316.81,6.18,11.06,0,0,0,0.0,0.0,0.0
1787615798.691172,08:56:38.691,3070,74.63,27.23,1011.28,16.413,0.0,0.0,0.0,-1.4,0.71,0.77,-1.4,1.88,1.05,9.56,316.43,6.37,11.06,0,0,0,0.0,0.0,0.0
1787615798.691375,08:56:38.691,3071,74.64,27.23,1011.28,16.413,0.0,0.0,0.0,-1.4,0.71,0.77,-1.4,1.88,1.05,9.56,316.43,6.37,11.06,0,0,0,0.0,0.0,0.0
1787615798.691527,08:56:38.691,3072,74.65,27.23,1011.28,16.413,0.0,0.0,0.0,-1.4,0.71,0.77,-1.4,1.88,1.05,9.56,316.43,6.37,11.06,0,0,0,0.0,0.0,0.0
1787615798.691662,08:56:38.691,3073,74.66,27.23,1011.28,16.413,0.0,0.0,0.0,-1.4,0.71,0.77,-1.4,1.88,1.05,9.56,316.43,6.37,11.06,0,0,0,0.0,0.0,0.0
1787615798.691799,08:56:38.691,3074,74.67,27.23,1011.28,16.413,0.0,0.0,0.0,-1.4,0.71,0.77,-1.4,1.88,1.05,9.56,316.43,6.37,11.06,0,0,0,0.0,0.0,0.0
1787615798.792659,08:56:38.792,3075,74.68,27.23,1011.28,16.413,0.0,0.0,0.0,-1.4,0.71,0.77,-1.4,1.88,1.05,9.56,316.43,6.37,11.06,0,0,0,0.0,0.0,0.0
1787615798.793110,08:56:38.793,3076,74.69,27.23,1011.28,16.413,0.0,0.0,0.0,-1.4,0.71,0.77,-1.4,1.88,1.05,9.56,316.43,6.37,11.06,0,0,0,0.0,0.0,0.0
1787615798.793330,08:56:38.793,3077,74.7,27.23,1011.28,16.413,0.0,0.0,0.0,-1.4,0.71,0.77,-1.4,1.88,1.05,9.56,316.43,6.37,11.06,0,0,0,0.0,0.0,0.0
1787615798.793522,08:56:38.793,3078,74.71,27.23,1011.28,16.413,0.0,0.0,0.0,-1.4,0.71,0.77,-1.4,1.88,1.05,9.56,316.43,6.37,11.06,0,0,0,0.0,0.0,0.0
1787615798.793711,08:56:38.793,3079,74.72,27.23,1011.28,16.413,0.0,0.0,0.0,-1.4,0.71,0.77,-1.4,1.88,1.05,9.56,316.43,6.37,11.06,0,0,0,0.0,0.0,0.0
1787615798.793904,08:56:38.793,3080,74.731,27.23,1011.28,16.413,0.0,0.0,0.0,-2.15,-0.62,-0.32,-2.15,1.78,1.08,9.58,315.12,6.43,10.56,0,0,0,0.0,0.0,0.0
1787615798.794094,08:56:38.794,3081,74.74,27.23,1011.28,16.413,0.0,0.0,0.0,-2.15,-0.62,-0.32,-2.15,1.78,1.08,9.58,315.12,6.43,10.56,0,0,0,0.0,0.0,0.0
1787615798.794282,08:56:38.794,3082,74.75,27.23,1011.28,16.413,0.0,0.0,0.0,-2.15,-0.62,-0.32,-2.15,1.78,1.08,9.58,315.12,6.43,10.56,0,0,0,0.0,0.0,0.0
1787615798.794467,08:56:38.794,3083,74.76,27.23,1011.28,16.413,0.0,0.0,0.0,-2.15,-0.62,-0.32,-2.15,1.78,1.08,9.58,315.12,6.43,10.56,0,0,0,0.0,0.0,0.0
1787615798.794656,08:56:38.794,3084,74.77,27.24,1011.28,16.413,0.0,0.0,0.0,-2.15,-0.62,-0.32,-2.15,1.78,1.08,9.58,315.12,6.43,10.56,0,0,0,0.0,0.0,0.0
1787615798.794843,08:56:38.794,3085,74.78,27.24,1011.28,16.413,0.0,0.0,0.0,-2.15,-0.62,-0.32,-2.15,1.78,1.08,9.58,315.12,6.43,10.56,0,0,0,0.0,0.0,0.0
1787615798.896218,08:56:38.896,3086,74.79,27.24,1011.28,16.413,0.0,0.0,0.0,-2.15,-0.62,-0.32,-2.15,1.78,1.08,9.58,315.12,6.43,10.56,0,0,0,0.0,0.0,0.0
1787615798.896497,08:56:38.896,3087,74.8,27.24,1011.28,16.413,0.0,0.0,0.0,-2.15,-0.62,-0.32,-2.15,1.78,1.08,9.58,315.12,6.43,10.56,0,0,0,0.0,0.0,0.0
1787615798.896663,08:56:38.896,3088,74.81,27.24,1011.28,16.413,0.0,0.0,0.0,-2.15,-0.62,-0.32,-2.15,1.78,1.08,9.58,315.12,6.43,10.56,0,0,0,0.0,0.0,0.0
1787615798.896819,08:56:38.896,3089,74.82,27.24,1011.28,16.413,0.0,0.0,0.0,-2.15,-0.62,-0.32,-2.15,1.78,1.08,9.58,315.12,6.43,10.56,0,0,0,0.0,0.0,0.0
1787615798.896975,08:56:38.896,3090,74.83,27.24,1011.28,16.413,0.0,0.0,0.0,-2.15,-0.62,-0.32,-2.15,1.78,1.08,9.58,315.12,6.43,10.56,0,0,0,0.0,0.0,0.0
1787615798.897131,08:56:38.897,3091,74.84,27.24,1011.28,16.413,0.0,0.0,0.0,0.24,-1.38,-0.41,0.24,1.5,1.15,9.62,313.5,6.81,8.81,0,0,0,0.0,0.0,0.0
1787615798.897286,08:56:38.897,3092,74.85,27.24,1011.28,16.413,0.0,0.0,0.0,0.24,-1.38,-0.41,0.24,1.5,1.15,9.62,313.5,6.81,8.81,0,0,0,0.0,0.0,0.0
1787615798.897438,08:56:38.897,3093,74.86,27.24,1011.28,16.413,0.0,0.0,0.0,0.24,-1.38,-0.41,0.24,1.5,1.15,9.62,313.5,6.81,8.81,0,0,0,0.0,0.0,0.0
1787615798.897589,08:56:38.897,3094,74.87,27.24,1011.28,16.413,0.0,0.0,0.0,0.24,-1.38,-0.41,0.24,1.5,1.15,9.62,313.5,6.81,8.81,0,0,0,0.0,0.0,0.0
1787615798.897741,08:56:38.897,3095,74.88,27.24,1011.28,16.413,0.0,0.0,0.0,0.24,-1.38,-0.41,0.24,1.5,1.15,9.62,313.5,6.81,8.81,0,0,0,0.0,0.0,0.0
1787615798.897893,08:56:38.897,3096,74.89,27.24,1011.28,16.413,0.0,0.0,0.0,0.24,-1.38,-0.41,0.24,1.5,1.15,9.62,313.5,6.81,8.81,0,0,0,0.0,0.0,0.0
1787615798.999216,08:56:38.999,3097,74.9,27.24,1011.28,16.413,0.0,0.0,0.0,0.24,-1.38,-0.41,0.24,1.5,1.15,9.62,313.5,6.81,8.81,0,0,0,0.0,0.0,0.0
1787615798.999532,08:56:38.999,3098,74.91,27.24,1011.28,16.413,0.0,0.0,0.0,0.24,-1.38,-0.41,0.24,1.5,1.15,9.62,313.5,6.81,8.81,0,0,0,0.0,0.0,0.0
1787615798.999733,08:56:38.999,3099,74.92,27.24,1011.28,16.413,0.0,0.0,0.0,0.24,-1.38,-0.41,0.24,1.5,1.15,9.62,313.5,6.81,8.81,0,0,0,0.0,0.0,0.0
1787615798.999937,08:56:38.999,3100,74.93,27.24,1011.28,16.413,0.0,0.0,0.0,0.24,-1.38,-0.41,0.24,1.5,1.15,9.62,313.5,6.81,8.81,0,0,0,0.0,0.0,0.0
1787615799.000241,08:56:39.000,3101,74.94,27.24,1011.28,16.413,0.0,0.0,0.0,1.32,-1.06,0.02,1.32,1.11,1.23,9.66,312.0,7.25,6.5,0,0,0,0.0,0.0,0.0
1787615799.000438,08:56:39.000,3102,74.95,27.24,1011.28,16.413,0.0,0.0,0.0,1.32,-1.06,0.02,1.32,1.11,1.23,9.66,312.0,7.25,6.5,0,0,0,0.0,0.0,0.0
1787615799.000627,08:56:39.000,3103,74.96,27.24,1011.28,16.413,0.0,0.0,0.0,1.32,-1.06,0.02,1.32,1.11,1.23,9.66,312.0,7.25,6.5,0,0,0,0.0,0.0,0.0
1787615799.000816,08:56:39.000,3104,74.97,27.23,1011.25,16.664,0.0,0.0,0.0,1.32,-1.06,0.02,1.32,1.11,1.23,9.66,312.0,7.25,6.5,0,0,0,0.0,0.0,0.0
1787615799.001004,08:56:39.001,3105,74.98,27.23,1011.25,16.664,0.0,0.0,0.0,1.32,-1.06,0.02,1.32,1.11,1.23,9.66,312.0,7.25,6.5,0,0,0,0.0,0.0,0.0
1787615799.001196,08:56:39.001,3106,74.99,27.23,1011.25,16.664,0.0,0.0,0.0,1.32,-1.06,0.02,1.32,1.11,1.23,9.66,312.0,7.25,6.5,0,0,0,0.0,0.0,0.0
1787615799.102586,08:56:39.102,3107,75.0,27.23,1011.25,16.664,0.0,0.0,0.0,1.32,-1.06,0.02,1.32,1.11,1.23,9.66,312.0,7.25,6.5,0,0,0,0.0,0.0,0.0
1787615799.103000,08:56:39.103,3108,75.01,27.23,1011.25,16.664,0.0,0.0,0.0,1.32,-1.06,0.02,1.32,1.11,1.23,9.66,312.0,7.25,6.5,0,0,0,0.0,0.0,0.0
1787615799.103254,08:56:39.103,3109,75.02,27.23,1011.25,16.664,0.0,0.0,0.0,1.32,-1.06,0.02,1.32,1.11,1.23,9.66,312.0,7.25,6.5,0,0,0,0.0,0.0,0.0
1787615799.103610,08:56:39.103,3110,75.03,27.23,1011.25,16.664,0.0,0.0,0.0,3.08,0.48,-1.1,3.08,0.9,1.38,9.66,311.31,8.12,5.25,0,0,0,0.0,0.0,0.0
1787615799.103858,08:56:39.103,3111,75.04,27.23,1011.25,16.664,0.0,0.0,0.0,3.08,0.48,-1.1,3.08,0.9,1.38,9.66,311.31,8.12,5.25,0,0,0,0.0,0.0,0.0
1787615799.104088,08:56:39.104,3112,75.05,27.23,1011.25,16.664,0.0,0.0,0.0,3.08,0.48,-1.1,3.08,0.9,1.38,9.66,311.31,8.12,5.25,0,0,0,0.0,0.0,0.0
1787615799.104313,08:56:39.104,3113,75.06,27.23,1011.25,16.664,0.0,0.0,0.0,3.08,0.48,-1.1,3.08,0.9,1.38,9.66,311.31,8.12,5.25,0,0,0,0.0,0.0,0.0
1787615799.104533,08:56:39.104,3114,75.07,27.23,1011.25,16.664,0.0,0.0,0.0,3.08,0.48,-1.1,3.08,0.9,1.38,9.66,311.31,8.12,5.25,0,0,0,0.0,0.0,0.0
1787615799.104752,08:56:39.104,3115,75.08,27.23,1011.25,16.664,0.0,0.0,0.0,3.08,0.48,-1.1,3.08,0.9,1.38,9.66,311.31,8.12,5.25,0,0,0,0.0,0.0,0.0
1787615799.104974,08:56:39.104,3116,75.09,27.23,1011.25,16.664,0.0,0.0,0.0,3.08,0.48,-1.1,3.08,0.9,1.38,9.66,311.31,8.12,5.25,0,0,0,0.0,0.0,0.0
1787615799.205481,08:56:39.205,3117,75.1,27.23,1011.25,16.664,0.0,0.0,0.0,3.08,0.48,-1.1,3.08,0.9,1.38,9.66,311.31,8.12,5.25,0,0,0,0.0,0.0,0.0
1787615799.205722,08:56:39.205,3118,75.11,27.23,1011.25,16.664,0.0,0.0,0.0,3.08,0.48,-1.1,3.08,0.9,1.38,9.66,311.31,8.12,5.25,0,0,0,0.0,0.0,0.0
1787615799.205879,08:56:39.205,3119,75.12,27.23,1011.25,16.664,0.0,0.0,0.0,3.08,0.48,-1.1,3.08,0.9,1.38,9.66,311.31,8.12,5.25,0,0,0,0.0,0.0,0.0
1787615799.206031,08:56:39.206,3120,75.13,27.23,1011.25,16.664,0.0,0.0,0.0,-1.22,0.9,-0.26,-1.22,1.12,1.59,9.61,311.31,9.37,6.56,0,0,0,0.0,0.0,0.0
1787615799.206184,08:56:39.206,3121,75.14,27.23,1011.25,16.664,0.0,0.0,0.0,-1.22,0.9,-0.26,-1.22,1.12,1.59,9.61,311.31,9.37,6.56,0,0,0,0.0,0.0,0.0
1787615799.206337,08:56:39.206,3122,75.15,27.23,1011.25,16.664,0.0,0.0,0.0,-1.22,0.9,-0.26,-1.22,1.12,1.59,9.61,311.31,9.37,6.56,0,0,0,0.0,0.0,0.0
1787615799.206486,08:56:39.206,3123,75.16,27.23,1011.25,16.664,0.0,0.0,0.0,-1.22,0.9,-0.26,-1.22,1.12,1.59,9.61,311.31,9.37,6.56,0,0,0,0.0,0.0,0.0
1787615799.206634,08:56:39.206,3124,75.17,27.21,1011.25,16.664,0.0,0.0,0.0,-1.22,0.9,-0.26,-1.22,1.12,1.59,9.61,311.31,9.37,6.56,0,0,0,0.0,0.0,0.0
1787615799.206783,08:56:39.206,3125,75.18,27.21,1011.25,16.664,0.0,0.0,0.0,-1.22,0.9,-0.26,-1.22,1.12,1.59,9.61,311.31,9.37,6.56,0,0,0,0.0,0.0,0.0
1787615799.206931,08:56:39.206,3126,75.19,27.21,1011.25,16.664,0.0,0.0,0.0,-1.22,0.9,-0.26,-1.22,1.12,1.59,9.61,311.31,9.37,6.56,0,0,0,0.0,0.0,0.0
1787615799.307287,08:56:39.307,3127,75.2,27.21,1011.25,16.664,0.0,0.0,0.0,-1.22,0.9,-0.26,-1.22,1.12,1.59,9.61,311.31,9.37,6.56,0,0,0,0.0,0.0,0.0
1787615799.307560,08:56:39.307,3128,75.21,27.21,1011.25,16.664,0.0,0.0,0.0,-1.22,0.9,-0.26,-1.22,1.12,1.59,9.61,311.31,9.37,6.56,0,0,0,0.0,0.0,0.0
1787615799.307716,08:56:39.307,3129,75.22,27.21,1011.25,16.664,0.0,0.0,0.0,-1.22,0.9,-0.26,-1.22,1.12,1.59,9.61,311.31,9.37,6.56,0,0,0,0.0,0.0,0.0
1787615799.307868,08:56:39.307,3130,75.23,27.21,1011.25,16.664,0.0,0.0,0.0,-2.38,0.15,0.0,-2.38,1.23,2.0,9.52,311.56,11.87,7.18,0,0,0,0.0,0.0,0.0
1787615799.308020,08:56:39.308,3131,75.24,27.21,1011.25,16.664,0.0,0.0,0.0,-2.38,0.15,0.0,-2.38,1.23,2.0,9.52,311.56,11.87,7.18,0,0,0,0.0,0.0,0.0
1787615799.308173,08:56:39.308,3132,75.25,27.21,1011.25,16.664,0.0,0.0,0.0,-2.38,0.15,0.0,-2.38,1.23,2.0,9.52,311.56,11.87,7.18,0,0,0,0.0,0.0,0.0
1787615799.308324,08:56:39.308,3133,75.26,27.21,1011.25,16.664,0.0,0.0,0.0,-2.38,0.15,0.0,-2.38,1.23,2.0,9.52,311.56,11.87,7.18,0,0,0,0.0,0.0,0.0
1787615799.308474,08:56:39.308,3134,75.27,27.21,1011.25,16.664,0.0,0.0,0.0,-2.38,0.15,0.0,-2.38,1.23,2.0,9.52,311.56,11.87,7.18,0,0,0,0.0,0.0,0.0
1787615799.308623,08:56:39.308,3135,75.28,27.21,1011.25,16.664,0.0,0.0,0.0,-2.38,0.15,0.0,-2.38,1.23,2.0,9.52,311.56,11.87,7.18,0,0,0,0.0,0.0,0.0
1787615799.308772,08:56:39.308,3136,75.29,27.21,1011.25,16.664,0.0,0.0,0.0,-2.38,0.15,0.0,-2.38,1.23,2.0,9.52,311.56,11.87,7.18,0,0,0,0.0,0.0,0.0
1787615799.410090,08:56:39.410,3137,75.3,27.21,1011.25,16.664,0.0,0.0,0.0,-2.38,0.15,0.0,-2.38,1.23,2.0,9.52,311.56,11.87,7.18,0,0,0,0.0,0.0,0.0
1787615799.410413,08:56:39.410,3138,75.31,27.21,1011.25,16.664,0.0,0.0,0.0,-2.38,0.15,0.0,-2.38,1.23,2.0,9.52,311.56,11.87,7.18,0,0,0,0.0,0.0,0.0
1787615799.410612,08:56:39.410,3139,75.32,27.21,1011.25,16.664,0.0,0.0,0.0,-2.38,0.15,0.0,-2.38,1.23,2.0,9.52,311.56,11.87,7.18,0,0,0,0.0,0.0,0.0
1787615799.410809,08:56:39.410,3140,75.33,27.21,1011.25,16.664,0.0,0.0,0.0,-0.66,-0.03,-0.1,-0.66,1.07,2.27,9.47,310.87,13.43,6.25,0,0,0,0.0,0.0,0.0
1787615799.411004,08:56:39.411,3141,75.34,27.21,1011.25,16.664,0.0,0.0,0.0,-0.66,-0.03,-0.1,-0.66,1.07,2.27,9.47,310.87,13.43,6.25,0,0,0,0.0,0.0,0.0
1787615799.411197,08:56:39.411,3142,75.35,27.21,1011.25,16.664,0.0,0.0,0.0,-0.66,-0.03,-0.1,-0.66,1.07,2.27,9.47,310.87,13.43,6.25,0,0,0,0.0,0.0,0.0
1787615799.411390,08:56:39.411,3143,75.36,27.21,1011.25,16.664,0.0,0.0,0.0,-0.66,-0.03,-0.1,-0.66,1.07,2.27,9.47,310.87,13.43,6.25,0,0,0,0.0,0.0,0.0
1787615799.411582,08:56:39.411,3144,75.37,27.23,1011.25,16.664,0.0,0.0,0.0,-0.66,-0.03,-0.1,-0.66,1.07,2.27,9.47,310.87,13.43,6.25,0,0,0,0.0,0.0,0.0
1787615799.411773,08:56:39.411,3145,75.38,27.23,1011.25,16.664,0.0,0.0,0.0,-0.66,-0.03,-0.1,-0.66,1.07,2.27,9.47,310.87,13.43,6.25,0,0,0,0.0,0.0,0.0
1787615799.411964,08:56:39.411,3146,75.39,27.23,1011.25,16.664,0.0,0.0,0.0,-0.66,-0.03,-0.1,-0.66,1.07,2.27,9.47,310.87,13.43,6.25,0,0,0,0.0,0.0,0.0
1787615799.512485,08:56:39.512,3147,75.4,27.23,1011.25,16.664,0.0,0.0,0.0,-0.66,-0.03,-0.1,-0.66,1.07,2.27,9.47,310.87,13.43,6.25,0,0,0,0.0,0.0,0.0
1787615799.512712,08:56:39.512,3148,75.41,27.23,1011.25,16.664,0.0,0.0,0.0,-0.66,-0.03,-0.1,-0.66,1.07,2.27,9.47,310.87,13.43,6.25,0,0,0,0.0,0.0,0.0
1787615799.512838,08:56:39.512,3149,75.42,27.23,1011.25,16.664,0.0,0.0,0.0,-0.66,-0.03,-0.1,-0.66,1.07,2.27,9.47,310.87,13.43,6.25,0,0,0,0.0,0.0,0.0
1787615799.512962,08:56:39.512,3150,75.43,27.23,1011.25,16.664,0.0,0.0,0.0,0.96,1.02,-0.68,0.96,1.18,2.25,9.47,310.12,13.37,6.87,0,0,0,0.0,0.0,0.0
1787615799.513122,08:56:39.513,3151,75.44,27.23,1011.25,16.664,0.0,0.0,0.0,0.96,1.02,-0.68,0.96,1.18,2.25,9.47,310.12,13.37,6.87,0,0,0,0.0,0.0,0.0
1787615799.513242,08:56:39.513,3152,75.45,27.23,1011.25,16.664,0.0,0.0,0.0,0.96,1.02,-0.68,0.96,1.18,2.25,9.47,310.12,13.37,6.87,0,0,0,0.0,0.0,0.0
1787615799.513363,08:56:39.513,3153,75.46,27.23,1011.25,16.664,0.0,0.0,0.0,0.96,1.02,-0.68,0.96,1.18,2.25,9.47,310.12,13.37,6.87,0,0,0,0.0,0.0,0.0
1787615799.513481,08:56:39.513,3154,75.47,27.23,1011.25,16.664,0.0,0.0,0.0,0.96,1.02,-0.68,0.96,1.18,2.25,9.47,310.12,13.37,6.87,0,0,0,0.0,0.0,0.0
1787615799.513601,08:56:39.513,3155,75.48,27.23,1011.25,16.664,0.0,0.0,0.0,0.96,1.02,-0.68,0.96,1.18,2.25,9.47,310.12,13.37,6.87,0,0,0,0.0,0.0,0.0
1787615799.513721,08:56:39.513,3156,75.49,27.23,1011.25,16.664,0.0,0.0,0.0,0.96,1.02,-0.68,0.96,1.18,2.25,9.47,310.12,13.37,6.87,0,0,0,0.0,0.0,0.0
1787615799.513838,08:56:39.513,3157,75.5,27.23,1011.25,16.664,0.0,0.0,0.0,0.96,1.02,-0.68,0.96,1.18,2.25,9.47,310.12,13.37,6.87,0,0,0,0.0,0.0,0.0
1787615799.615136,08:56:39.615,3158,75.51,27.23,1011.25,16.664,0.0,0.0,0.0,0.96,1.02,-0.68,0.96,1.18,2.25,9.47,310.12,13.37,6.87,0,0,0,0.0,0.0,0.0
1787615799.615438,08:56:39.615,3159,75.52,27.23,1011.25,16.664,0.0,0.0,0.0,0.96,1.02,-0.68,0.96,1.18,2.25,9.47,310.12,13.37,6.87,0,0,0,0.0,0.0,0.0
1787615799.615620,08:56:39.615,3160,75.53,27.23,1011.25,16.664,0.0,0.0,0.0,0.67,0.33,-0.11,0.67,1.53,1.89,9.49,309.68,11.25,8.93,0,0,0,0.0,0.0,0.0
1787615799.615796,08:56:39.615,3161,75.54,27.23,1011.25,16.664,0.0,0.0,0.0,0.67,0.33,-0.11,0.67,1.53,1.89,9.49,309.68,11.25,8.93,0,0,0,0.0,0.0,0.0
1787615799.615967,08:56:39.615,3162,75.55,27.23,1011.25,16.664,0.0,0.0,0.0,0.67,0.33,-0.11,0.67,1.53,1.89,9.49,309.68,11.25,8.93,0,0,0,0.0,0.0,0.0
1787615799.616147,08:56:39.616,3163,75.56,27.23,1011.25,16.664,0.0,0.0,0.0,0.67,0.33,-0.11,0.67,1.53,1.89,9.49,309.68,11.25,8.93,0,0,0,0.0,0.0,0.0
1787615799.616315,08:56:39.616,3164,75.57,27.24,1011.26,16.58,0.0,0.0,0.0,0.67,0.33,-0.11,0.67,1.53,1.89,9.49,309.68,11.25,8.93,0,0,0,0.0,0.0,0.0
1787615799.616482,08:56:39.616,3165,75.58,27.24,1011.26,16.58,0.0,0.0,0.0,0.67,0.33,-0.11,0.67,1.53,1.89,9.49,309.68,11.25,8.93,0,0,0,0.0,0.0,0.0
1787615799.616649,08:56:39.616,3166,75.59,27.24,1011.26,16.58,0.0,0.0,0.0,0.67,0.33,-0.11,0.67,1.53,1.89,9.49,309.68,11.25,8.93,0,0,0,0.0,0.0,0.0
1787615799.616817,08:56:39.616,3167,75.6,27.24,1011.26,16.58,0.0,0.0,0.0,0.67,0.33,-0.11,0.67,1.53,1.89,9.49,309.68,11.25,8.93,0,0,0,0.0,0.0,0.0
1787615799.616982,08:56:39.616,3168,75.61,27.24,1011.26,16.58,0.0,0.0,0.0,0.67,0.33,-0.11,0.67,1.53,1.89,9.49,309.68,11.25,8.93,0,0,0,0.0,0.0,0.0
1787615799.717622,08:56:39.717,3169,75.62,27.24,1011.26,16.58,0.0,0.0,0.0,0.67,0.33,-0.11,0.67,1.53,1.89,9.49,309.68,11.25,8.93,0,0,0,0.0,0.0,0.0
1787615799.718395,08:56:39.718,3170,75.63,27.24,1011.26,16.58,0.0,0.0,0.0,-1.5,0.33,0.77,-1.5,1.97,1.56,9.47,309.62,9.37,11.62,0,0,0,0.0,0.0,0.0
1787615799.718724,08:56:39.718,3171,75.64,27.24,1011.26,16.58,0.0,0.0,0.0,-1.5,0.33,0.77,-1.5,1.97,1.56,9.47,309.62,9.37,11.62,0,0,0,0.0,0.0,0.0
1787615799.719023,08:56:39.719,3172,75.65,27.24,1011.26,16.58,0.0,0.0,0.0,-1.5,0.33,0.77,-1.5,1.97,1.56,9.47,309.62,9.37,11.62,0,0,0,0.0,0.0,0.0
1787615799.719319,08:56:39.719,3173,75.66,27.24,1011.26,16.58,0.0,0.0,0.0,-1.5,0.33,0.77,-1.5,1.97,1.56,9.47,309.62,9.37,11.62,0,0,0,0.0,0.0,0.0
1787615799.719614,08:56:39.719,3174,75.67,27.24,1011.26,16.58,0.0,0.0,0.0,-1.5,0.33,0.77,-1.5,1.97,1.56,9.47,309.62,9.37,11.62,0,0,0,0.0,0.0,0.0
1787615799.719872,08:56:39.719,3175,75.68,27.24,1011.26,16.58,0.0,0.0,0.0,-1.5,0.33,0.77,-1.5,1.97,1.56,9.47,309.62,9.37,11.62,0,0,0,0.0,0.0,0.0
1787615799.720610,08:56:39.720,3176,75.69,27.24,1011.26,16.58,0.0,0.0,0.0,-1.5,0.33,0.77,-1.5,1.97,1.56,9.47,309.62,9.37,11.62,0,0,0,0.0,0.0,0.0
1787615799.720963,08:56:39.720,3177,75.7,27.24,1011.26,16.58,0.0,0.0,0.0,-1.5,0.33,0.77,-1.5,1.97,1.56,9.47,309.62,9.37,11.62,0,0,0,0.0,0.0,0.0
1787615799.721249,08:56:39.721,3178,75.71,27.24,1011.26,16.58,0.0,0.0,0.0,-1.5,0.33,0.77,-1.5,1.97,1.56,9.47,309.62,9.37,11.62,0,0,0,0.0,0.0,0.0
1787615799.822123,08:56:39.822,3179,75.72,27.24,1011.26,16.58,0.0,0.0,0.0,-1.5,0.33,0.77,-1.5,1.97,1.56,9.47,309.62,9.37,11.62,0,0,0,0.0,0.0,0.0
1787615799.822481,08:56:39.822,3180,75.73,27.24,1011.26,16.58,0.0,0.0,0.0,-1.07,-0.51,-1.35,-1.07,2.05,1.41,9.48,309.43,8.5,12.06,0,0,0,0.0,0.0,0.0
1787615799.822661,08:56:39.822,3181,75.74,27.24,1011.26,16.58,0.0,0.0,0.0,-1.07,-0.51,-1.35,-1.07,2.05,1.41,9.48,309.43,8.5,12.06,0,0,0,0.0,0.0,0.0
1787615799.822817,08:56:39.822,3182,75.75,27.24,1011.26,16.58,0.0,0.0,0.0,-1.07,-0.51,-1.35,-1.07,2.05,1.41,9.48,309.43,8.5,12.06,0,0,0,0.0,0.0,0.0
1787615799.822970,08:56:39.822,3183,75.76,27.24,1011.26,16.58,0.0,0.0,0.0,-1.07,-0.51,-1.35,-1.07,2.05,1.41,9.48,309.43,8.5,12.06,0,0,0,0.0,0.0,0.0
1787615799.823121,08:56:39.823,3184,75.77,27.21,1011.26,16.58,0.0,0.0,0.0,-1.07,-0.51,-1.35,-1.07,2.05,1.41,9.48,309.43,8.5,12.06,0,0,0,0.0,0.0,0.0
1787615799.823271,08:56:39.823,3185,75.78,27.21,1011.26,16.58,0.0,0.0,0.0,-1.07,-0.51,-1.35,-1.07,2.05,1.41,9.48,309.43,8.5,12.06,0,0,0,0.0,0.0,0.0
1787615799.823434,08:56:39.823,3186,75.79,27.21,1011.26,16.58,0.0,0.0,0.0,-1.07,-0.51,-1.35,-1.07,2.05,1.41,9.48,309.43,8.5,12.06,0,0,0,0.0,0.0,0.0
1787615799.823587,08:56:39.823,3187,75.8,27.21,1011.26,16.58,0.0,0.0,0.0,-1.07,-0.51,-1.35,-1.07,2.05,1.41,9.48,309.43,8.5,12.06,0,0,0,0.0,0.0,0.0
1787615799.924864,08:56:39.924,3188,75.81,27.21,1011.26,16.58,0.0,0.0,0.0,-1.07,-0.51,-1.35,-1.07,2.05,1.41,9.48,309.43,8.5,12.06,0,0,0,0.0,0.0,0.0
1787615799.925171,08:56:39.925,3189,75.82,27.21,1011.26,16.58,0.0,0.0,0.0,-1.07,-0.51,-1.35,-1.07,2.05,1.41,9.48,309.43,8.5,12.06,0,0,0,0.0,0.0,0.0
1787615799.925339,08:56:39.925,3190,75.83,27.21,1011.26,16.58,0.0,0.0,0.0,-0.26,-0.83,0.36,-0.26,1.87,1.43,9.51,310.06,8.56,11.12,0,0,0,0.0,0.0,0.0
1787615799.925500,08:56:39.925,3191,75.84,27.21,1011.26,16.58,0.0,0.0,0.0,-0.26,-0.83,0.36,-0.26,1.87,1.43,9.51,310.06,8.56,11.12,0,0,0,0.0,0.0,0.0
1787615799.925657,08:56:39.925,3192,75.85,27.21,1011.26,16.58,0.0,0.0,0.0,-0.26,-0.83,0.36,-0.26,1.87,1.43,9.51,310.06,8.56,11.12,0,0,0,0.0,0.0,0.0
1787615799.925813,08:56:39.925,3193,75.86,27.21,1011.26,16.58,0.0,0.0,0.0,-0.26,-0.83,0.36,-0.26,1.87,1.43,9.51,310.06,8.56,11.12,0,0,0,0.0,0.0,0.0
1787615799.925968,08:56:39.925,3194,75.87,27.21,1011.26,16.58,0.0,0.0,0.0,-0.26,-0.83,0.36,-0.26,1.87,1.43,9.51,310.06,8.56,11.12,0,0,0,0.0,0.0,0.0
1787615799.926123,08:56:39.926,3195,75.88,27.21,1011.26,16.58,0.0,0.0,0.0,-0.26,-0.83,0.36,-0.26,1.87,1.43,9.51,310.06,8.56,11.12,0,0,0,0.0,0.0,0.0
1787615799.926276,08:56:39.926,3196,75.89,27.21,1011.26,16.58,0.0,0.0,0.0,-0.26,-0.83,0.36,-0.26,1.87,1.43,9.51,310.06,8.56,11.12,0,0,0,0.0,0.0,0.0
1787615799.926429,08:56:39.926,3197,75.9,27.21,1011.26,16.58,0.0,0.0,0.0,-0.26,-0.83,0.36,-0.26,1.87,1.43,9.51,310.06,8.56,11.12,0,0,0,0.0,0.0,0.0
1787615799.926581,08:56:39.926,3198,75.91,27.21,1011.26,16.58,0.0,0.0,0.0,-0.26,-0.83,0.36,-0.26,1.87,1.43,9.51,310.06,8.56,11.12,0,0,0,0.0,0.0,0.0
1787615800.027254,08:56:40.027,3199,75.92,27.21,1011.26,16.58,0.0,0.0,0.0,-0.26,-0.83,0.36,-0.26,1.87,1.43,9.51,310.06,8.56,11.12,0,0,0,0.0,0.0,0.0
1787615800.027640,08:56:40.027,3200,75.93,27.21,1011.26,16.58,0.0,0.0,0.0,1.05,-0.23,-0.86,1.05,1.68,1.45,9.54,310.18,8.56,9.93,0,0,0,0.0,0.0,0.0
1787615800.027900,08:56:40.027,3201,75.94,27.21,1011.26,16.58,0.0,0.0,0.0,1.05,-0.23,-0.86,1.05,1.68,1.45,9.54,310.18,8.56,9.93,0,0,0,0.0,0.0,0.0
1787615800.028102,08:56:40.028,3202,75.95,27.21,1011.26,16.58,0.0,0.0,0.0,1.05,-0.23,-0.86,1.05,1.68,1.45,9.54,310.18,8.56,9.93,0,0,0,0.0,0.0,0.0
1787615800.028297,08:56:40.028,3203,75.96,27.21,1011.26,16.58,0.0,0.0,0.0,1.05,-0.23,-0.86,1.05,1.68,1.45,9.54,310.18,8.56,9.93,0,0,0,0.0,0.0,0.0
1787615800.028490,08:56:40.028,3204,75.97,27.22,1011.26,16.58,0.0,0.0,0.0,1.05,-0.23,-0.86,1.05,1.68,1.45,9.54,310.18,8.56,9.93,0,0,0,0.0,0.0,0.0
1787615800.028683,08:56:40.028,3205,75.98,27.22,1011.26,16.58,0.0,0.0,0.0,1.05,-0.23,-0.86,1.05,1.68,1.45,9.54,310.18,8.56,9.93,0,0,0,0.0,0.0,0.0
1787615800.028874,08:56:40.028,3206,75.99,27.22,1011.26,16.58,0.0,0.0,0.0,1.05,-0.23,-0.86,1.05,1.68,1.45,9.54,310.18,8.56,9.93,0,0,0,0.0,0.0,0.0
1787615800.029062,08:56:40.029,3207,76.0,27.22,1011.26,16.58,0.0,0.0,0.0,1.05,-0.23,-0.86,1.05,1.68,1.45,9.54,310.18,8.56,9.93,0,0,0,0.0,0.0,0.0
1787615800.029251,08:56:40.029,3208,76.01,27.22,1011.26,16.58,0.0,0.0,0.0,1.05,-0.23,-0.86,1.05,1.68,1.45,9.54,310.18,8.56,9.93,0,0,0,0.0,0.0,0.0
1787615800.130488,08:56:40.130,3209,76.02,27.22,1011.26,16.58,0.0,0.0,0.0,1.05,-0.23,-0.86,1.05,1.68,1.45,9.54,310.18,8.56,9.93,0,0,0,0.0,0.0,0.0
1787615800.130780,08:56:40.130,3210,76.03,27.22,1011.26,16.58,0.0,0.0,0.0,0.09,0.8,-0.72,0.09,1.79,1.43,9.53,310.62,8.5,10.37,0,0,0,0.0,0.0,0.0
1787615800.130950,08:56:40.130,3211,76.04,27.22,1011.26,16.58,0.0,0.0,0.0,0.09,0.8,-0.72,0.09,1.79,1.43,9.53,310.62,8.5,10.37,0,0,0,0.0,0.0,0.0
1787615800.131106,08:56:40.131,3212,76.05,27.22,1011.26,16.58,0.0,0.0,0.0,0.09,0.8,-0.72,0.09,1.79,1.43,9.53,310.62,8.5,10.37,0,0,0,0.0,0.0,0.0
1787615800.131260,08:56:40.131,3213,76.06,27.22,1011.26,16.58,0.0,0.0,0.0,0.09,0.8,-0.72,0.09,1.79,1.43,9.53,310.62,8.5,10.37,0,0,0,0.0,0.0,0.0
1787615800.131414,08:56:40.131,3214,76.07,27.22,1011.26,16.58,0.0,0.0,0.0,0.09,0.8,-0.72,0.09,1.79,1.43,9.53,310.62,8.5,10.37,0,0,0,0.0,0.0,0.0
1787615800.131565,08:56:40.131,3215,76.08,27.22,1011.26,16.58,0.0,0.0,0.0,0.09,0.8,-0.72,0.09,1.79,1.43,9.53,310.62,8.5,10.37,0,0,0,0.0,0.0,0.0
1787615800.131715,08:56:40.131,3216,76.09,27.22,1011.26,16.58,0.0,0.0,0.0,0.09,0.8,-0.72,0.09,1.79,1.43,9.53,310.62,8.5,10.37,0,0,0,0.0,0.0,0.0
1787615800.131864,08:56:40.131,3217,76.1,27.22,1011.26,16.58,0.0,0.0,0.0,0.09,0.8,-0.72,0.09,1.79,1.43,9.53,310.62,8.5,10.37,0,0,0,0.0,0.0,0.0
1787615800.132014,08:56:40.132,3218,76.11,27.22,1011.26,16.58,0.0,0.0,0.0,0.09,0.8,-0.72,0.09,1.79,1.43,9.53,310.62,8.5,10.37,0,0,0,0.0,0.0,0.0
1787615800.132164,08:56:40.132,3219,76.12,27.22,1011.26,16.58,0.0,0.0,0.0,0.09,0.8,-0.72,0.09,1.79,1.43,9.53,310.62,8.5,10.37,0,0,0,0.0,0.0,0.0
1787615800.233484,08:56:40.233,3220,76.13,27.22,1011.26,16.58,0.0,0.0,0.0,-2.08,-0.28,-0.7,-2.08,2.03,1.44,9.48,311.31,8.56,11.81,0,0,0,0.0,0.0,0.0
1787615800.233745,08:56:40.233,3221,76.14,27.22,1011.26,16.58,0.0,0.0,0.0,-2.08,-0.28,-0.7,-2.08,2.03,1.44,9.48,311.31,8.56,11.81,0,0,0,0.0,0.0,0.0
1787615800.233893,08:56:40.233,3222,76.15,27.22,1011.26,16.58,0.0,0.0,0.0,-2.08,-0.28,-0.7,-2.08,2.03,1.44,9.48,311.31,8.56,11.81,0,0,0,0.0,0.0,0.0
1787615800.234040,08:56:40.234,3223,76.16,27.22,1011.26,16.58,0.0,0.0,0.0,-2.08,-0.28,-0.7,-2.08,2.03,1.44,9.48,311.31,8.56,11.81,0,0,0,0.0,0.0,0.0
1787615800.234181,08:56:40.234,3224,76.17,27.23,1011.26,16.58,0.0,0.0,0.0,-2.08,-0.28,-0.7,-2.08,2.03,1.44,9.48,311.31,8.56,11.81,0,0,0,0.0,0.0,0.0
1787615800.234321,08:56:40.234,3225,76.18,27.23,1011.26,16.58,0.0,0.0,0.0,-2.08,-0.28,-0.7,-2.08,2.03,1.44,9.48,311.31,8.56,11.81,0,0,0,0.0,0.0,0.0
1787615800.234462,08:56:40.234,3226,76.19,27.23,1011.26,16.58,0.0,0.0,0.0,-2.08,-0.28,-0.7,-2.08,2.03,1.44,9.48,311.31,8.56,11.81,0,0,0,0.0,0.0,0.0
1787615800.234600,08:56:40.234,3227,76.2,27.23,1011.26,16.58,0.0,0.0,0.0,-2.08,-0.28,-0.7,-2.08,2.03,1.44,9.48,311.31,8.56,11.81,0,0,0,0.0,0.0,0.0
1787615800.234739,08:56:40.234,3228,76.21,27.23,1011.26,16.58,0.0,0.0,0.0,-2.08,-0.28,-0.7,-2.08,2.03,1.44,9.48,311.31,8.56,11.81,0,0,0,0.0,0.0,0.0
1787615800.234877,08:56:40.234,3229,76.22,27.23,1011.26,16.58,0.0,0.0,0.0,-2.08,-0.28,-0.7,-2.08,2.03,1.44,9.48,311.31,8.56,11.81,0,0,0,0.0,0.0,0.0
1787615800.336192,08:56:40.336,3230,76.23,27.23,1011.26,16.58,0.0,0.0,0.0,-1.76,-0.95,-0.79,-1.76,2.0,1.51,9.48,311.87,9.0,11.81,0,0,0,0.0,0.0,0.0
1787615800.336459,08:56:40.336,3231,76.24,27.23,1011.26,16.58,0.0,0.0,0.0,-1.76,-0.95,-0.79,-1.76,2.0,1.51,9.48,311.87,9.0,11.81,0,0,0,0.0,0.0,0.0
1787615800.336604,08:56:40.336,3232,76.25,27.23,1011.26,16.58,0.0,0.0,0.0,-1.76,-0.95,-0.79,-1.76,2.0,1.51,9.48,311.87,9.0,11.81,0,0,0,0.0,0.0,0.0
1787615800.336745,08:56:40.336,3233,76.26,27.23,1011.26,16.58,0.0,0.0,0.0,-1.76,-0.95,-0.79,-1.76,2.0,1.51,9.48,311.87,9.0,11.81,0,0,0,0.0,0.0,0.0
1787615800.336884,08:56:40.336,3234,76.27,27.23,1011.26,16.58,0.0,0.0,0.0,-1.76,-0.95,-0.79,-1.76,2.0,1.51,9.48,311.87,9.0,11.81,0,0,0,0.0,0.0,0.0
1787615800.337022,08:56:40.337,3235,76.28,27.23,1011.26,16.58,0.0,0.0,0.0,-1.76,-0.95,-0.79,-1.76,2.0,1.51,9.48,311.87,9.0,11.81,0,0,0,0.0,0.0,0.0
1787615800.337161,08:56:40.337,3236,76.29,27.23,1011.26,16.58,0.0,0.0,0.0,-1.76,-0.95,-0.79,-1.76,2.0,1.51,9.48,311.87,9.0,11.81,0,0,0,0.0,0.0,0.0
1787615800.337300,08:56:40.337,3237,76.3,27.23,1011.26,16.58,0.0,0.0,0.0,-1.76,-0.95,-0.79,-1.76,2.0,1.51,9.48,311.87,9.0,11.81,0,0,0,0.0,0.0,0.0
1787615800.337437,08:56:40.337,3238,76.31,27.23,1011.26,16.58,0.0,0.0,0.0,-1.76,-0.95,-0.79,-1.76,2.0,1.51,9.48,311.87,9.0,11.81,0,0,0,0.0,0.0,0.0
1787615800.337575,08:56:40.337,3239,76.32,27.23,1011.26,16.58,0.0,0.0,0.0,-1.76,-0.95,-0.79,-1.76,2.0,1.51,9.48,311.87,9.0,11.81,0,0,0,0.0,0.0,0.0
1787615800.337713,08:56:40.337,3240,76.33,27.23,1011.26,16.58,0.0,0.0,0.0,0.39,0.89,-0.89,0.39,1.82,1.49,9.51,312.12,8.87,10.81,0,0,0,0.0,0.0,0.0
1787615800.438818,08:56:40.438,3241,76.34,27.23,1011.26,16.58,0.0,0.0,0.0,0.39,0.89,-0.89,0.39,1.82,1.49,9.51,312.12,8.87,10.81,0,0,0,0.0,0.0,0.0
1787615800.439158,08:56:40.439,3242,76.35,27.23,1011.26,16.58,0.0,0.0,0.0,0.39,0.89,-0.89,0.39,1.82,1.49,9.51,312.12,8.87,10.81,0,0,0,0.0,0.0,0.0
1787615800.439361,08:56:40.439,3243,76.36,27.23,1011.26,16.58,0.0,0.0,0.0,0.39,0.89,-0.89,0.39,1.82,1.49,9.51,312.12,8.87,10.81,0,0,0,0.0,0.0,0.0
1787615800.439555,08:56:40.439,3244,76.37,27.21,1011.27,16.498,0.0,0.0,0.0,0.39,0.89,-0.89,0.39,1.82,1.49,9.51,312.12,8.87,10.81,0,0,0,0.0,0.0,0.0
1787615800.439747,08:56:40.439,3245,76.38,27.21,1011.27,16.498,0.0,0.0,0.0,0.39,0.89,-0.89,0.39,1.82,1.49,9.51,312.12,8.87,10.81,0,0,0,0.0,0.0,0.0
1787615800.439939,08:56:40.439,3246,76.39,27.21,1011.27,16.498,0.0,0.0,0.0,0.39,0.89,-0.89,0.39,1.82,1.49,9.51,312.12,8.87,10.81,0,0,0,0.0,0.0,0.0
1787615800.440129,08:56:40.440,3247,76.4,27.21,1011.27,16.498,0.0,0.0,0.0,0.39,0.89,-0.89,0.39,1.82,1.49,9.51,312.12,8.87,10.81,0,0,0,0.0,0.0,0.0
1787615800.440318,08:56:40.440,3248,76.41,27.21,1011.27,16.498,0.0,0.0,0.0,0.39,0.89,-0.89,0.39,1.82,1.49,9.51,312.12,8.87,10.81,0,0,0,0.0,0.0,0.0
1787615800.440507,08:56:40.440,3249,76.42,27.21,1011.27,16.498,0.0,0.0,0.0,0.39,0.89,-0.89,0.39,1.82,1.49,9.51,312.12,8.87,10.81,0,0,0,0.0,0.0,0.0
1787615800.542056,08:56:40.542,3250,76.43,27.21,1011.27,16.498,0.0,0.0,0.0,0.39,0.89,-0.89,0.39,1.82,1.49,9.51,312.12,8.87,10.81,0,0,0,0.0,0.0,0.0
1787615800.543492,08:56:40.543,3251,76.44,27.21,1011.27,16.498,0.0,0.0,0.0,1.48,2.06,-0.59,1.48,1.8,1.31,9.55,312.62,7.93,10.5,0,0,0,0.0,0.0,0.0
1787615800.544010,08:56:40.544,3252,76.45,27.21,1011.27,16.498,0.0,0.0,0.0,1.48,2.06,-0.59,1.48,1.8,1.31,9.55,312.62,7.93,10.5,0,0,0,0.0,0.0,0.0
1787615800.544417,08:56:40.544,3253,76.46,27.21,1011.27,16.498,0.0,0.0,0.0,1.48,2.06,-0.59,1.48,1.8,1.31,9.55,312.62,7.93,10.5,0,0,0,0.0,0.0,0.0
1787615800.544818,08:56:40.544,3254,76.47,27.21,1011.27,16.498,0.0,0.0,0.0,1.48,2.06,-0.59,1.48,1.8,1.31,9.55,312.62,7.93,10.5,0,0,0,0.0,0.0,0.0
1787615800.545211,08:56:40.545,3255,76.48,27.21,1011.27,16.498,0.0,0.0,0.0,1.48,2.06,-0.59,1.48,1.8,1.31,9.55,312.62,7.93,10.5,0,0,0,0.0,0.0,0.0
1787615800.545603,08:56:40.545,3256,76.49,27.21,1011.27,16.498,0.0,0.0,0.0,1.48,2.06,-0.59,1.48,1.8,1.31,9.55,312.62,7.93,10.5,0,0,0,0.0,0.0,0.0
1787615800.545961,08:56:40.545,3257,76.5,27.21,1011.27,16.498,0.0,0.0,0.0,1.48,2.06,-0.59,1.48,1.8,1.31,9.55,312.62,7.93,10.5,0,0,0,0.0,0.0,0.0
1787615800.546593,08:56:40.546,3258,76.51,27.21,1011.27,16.498,0.0,0.0,0.0,1.48,2.06,-0.59,1.48,1.8,1.31,9.55,312.62,7.93,10.5,0,0,0,0.0,0.0,0.0
1787615800.546974,08:56:40.546,3259,76.52,27.21,1011.27,16.498,0.0,0.0,0.0,1.48,2.06,-0.59,1.48,1.8,1.31,9.55,312.62,7.93,10.5,0,0,0,0.0,0.0,0.0
1787615800.547327,08:56:40.547,3260,76.53,27.21,1011.27,16.498,0.0,0.0,0.0,1.48,2.06,-0.59,1.48,1.8,1.31,9.55,312.62,7.93,10.5,0,0,0,0.0,0.0,0.0
1787615800.547676,08:56:40.547,3261,76.54,27.21,1011.27,16.498,0.0,0.0,0.0,-1.14,-0.03,1.12,-1.14,2.0,1.17,9.52,314.12,7.0,11.75,0,0,0,0.0,0.0,0.0
1787615800.649245,08:56:40.649,3262,76.55,27.21,1011.27,16.498,0.0,0.0,0.0,-1.14,-0.03,1.12,-1.14,2.0,1.17,9.52,314.12,7.0,11.75,0,0,0,0.0,0.0,0.0
1787615800.649534,08:56:40.649,3263,76.56,27.21,1011.27,16.498,0.0,0.0,0.0,-1.14,-0.03,1.12,-1.14,2.0,1.17,9.52,314.12,7.0,11.75,0,0,0,0.0,0.0,0.0
1787615800.649689,08:56:40.649,3264,76.57,27.21,1011.26,16.58,0.0,0.0,0.0,-1.14,-0.03,1.12,-1.14,2.0,1.17,9.52,314.12,7.0,11.75,0,0,0,0.0,0.0,0.0
1787615800.649833,08:56:40.649,3265,76.58,27.21,1011.26,16.58,0.0,0.0,0.0,-1.14,-0.03,1.12,-1.14,2.0,1.17,9.52,314.12,7.0,11.75,0,0,0,0.0,0.0,0.0
1787615800.649972,08:56:40.649,3266,76.59,27.21,1011.26,16.58,0.0,0.0,0.0,-1.14,-0.03,1.12,-1.14,2.0,1.17,9.52,314.12,7.0,11.75,0,0,0,0.0,0.0,0.0
1787615800.650112,08:56:40.650,3267,76.6,27.21,1011.26,16.58,0.0,0.0,0.0,-1.14,-0.03,1.12,-1.14,2.0,1.17,9.52,314.12,7.0,11.75,0,0,0,0.0,0.0,0.0
1787615800.650250,08:56:40.650,3268,76.61,27.21,1011.26,16.58,0.0,0.0,0.0,-1.14,-0.03,1.12,-1.14,2.0,1.17,9.52,314.12,7.0,11.75,0,0,0,0.0,0.0,0.0
1787615800.650389,08:56:40.650,3269,76.62,27.21,1011.26,16.58,0.0,0.0,0.0,-1.14,-0.03,1.12,-1.14,2.0,1.17,9.52,314.12,7.0,11.75,0,0,0,0.0,0.0,0.0
1787615800.650526,08:56:40.650,3270,76.63,27.21,1011.26,16.58,0.0,0.0,0.0,-2.29,0.42,0.18,-2.29,2.15,1.04,9.5,314.93,6.25,12.68,0,0,0,0.0,0.0,0.0
1787615800.751859,08:56:40.751,3271,76.64,27.21,1011.26,16.58,0.0,0.0,0.0,-2.29,0.42,0.18,-2.29,2.15,1.04,9.5,314.93,6.25,12.68,0,0,0,0.0,0.0,0.0
1787615800.752186,08:56:40.752,3272,76.65,27.21,1011.26,16.58,0.0,0.0,0.0,-2.29,0.42,0.18,-2.29,2.15,1.04,9.5,314.93,6.25,12.68,0,0,0,0.0,0.0,0.0
1787615800.752387,08:56:40.752,3273,76.66,27.21,1011.26,16.58,0.0,0.0,0.0,-2.29,0.42,0.18,-2.29,2.15,1.04,9.5,314.93,6.25,12.68,0,0,0,0.0,0.0,0.0
1787615800.752581,08:56:40.752,3274,76.67,27.21,1011.26,16.58,0.0,0.0,0.0,-2.29,0.42,0.18,-2.29,2.15,1.04,9.5,314.93,6.25,12.68,0,0,0,0.0,0.0,0.0
1787615800.752771,08:56:40.752,3275,76.68,27.21,1011.26,16.58,0.0,0.0,0.0,-2.29,0.42,0.18,-2.29,2.15,1.04,9.5,314.93,6.25,12.68,0,0,0,0.0,0.0,0.0
1787615800.752960,08:56:40.752,3276,76.69,27.21,1011.26,16.58,0.0,0.0,0.0,-2.29,0.42,0.18,-2.29,2.15,1.04,9.5,314.93,6.25,12.68,0,0,0,0.0,0.0,0.0
1787615800.753149,08:56:40.753,3277,76.7,27.21,1011.26,16.58,0.0,0.0,0.0,-2.29,0.42,0.18,-2.29,2.15,1.04,9.5,314.93,6.25,12.68,0,0,0,0.0,0.0,0.0
1787615800.753338,08:56:40.753,3278,76.71,27.21,1011.26,16.58,0.0,0.0,0.0,-2.29,0.42,0.18,-2.29,2.15,1.04,9.5,314.93,6.25,12.68,0,0,0,0.0,0.0,0.0
1787615800.753524,08:56:40.753,3279,76.72,27.21,1011.26,16.58,0.0,0.0,0.0,-2.29,0.42,0.18,-2.29,2.15,1.04,9.5,314.93,6.25,12.68,0,0,0,0.0,0.0,0.0
1787615800.753710,08:56:40.753,3280,76.73,27.21,1011.26,16.58,0.0,0.0,0.0,-0.63,-0.22,-0.43,-0.63,1.95,0.99,9.55,315.37,5.87,11.43,0,0,0,0.0,0.0,0.0
1787615800.855170,08:56:40.855,3281,76.74,27.21,1011.26,16.58,0.0,0.0,0.0,-0.63,-0.22,-0.43,-0.63,1.95,0.99,9.55,315.37,5.87,11.43,0,0,0,0.0,0.0,0.0
1787615800.855512,08:56:40.855,3282,76.75,27.21,1011.26,16.58,0.0,0.0,0.0,-0.63,-0.22,-0.43,-0.63,1.95,0.99,9.55,315.37,5.87,11.43,0,0,0,0.0,0.0,0.0
1787615800.855701,08:56:40.855,3283,76.76,27.21,1011.26,16.58,0.0,0.0,0.0,-0.63,-0.22,-0.43,-0.63,1.95,0.99,9.55,315.37,5.87,11.43,0,0,0,0.0,0.0,0.0
1787615800.855862,08:56:40.855,3284,76.77,27.22,1011.28,16.413,0.0,0.0,0.0,-0.63,-0.22,-0.43,-0.63,1.95,0.99,9.55,315.37,5.87,11.43,0,0,0,0.0,0.0,0.0
1787615800.856018,08:56:40.856,3285,76.78,27.22,1011.28,16.413,0.0,0.0,0.0,-0.63,-0.22,-0.43,-0.63,1.95,0.99,9.55,315.37,5.87,11.43,0,0,0,0.0,0.0,0.0
1787615800.856172,08:56:40.856,3286,76.79,27.22,1011.28,16.413,0.0,0.0,0.0,-0.63,-0.22,-0.43,-0.63,1.95,0.99,9.55,315.37,5.87,11.43,0,0,0,0.0,0.0,0.0
1787615800.856323,08:56:40.856,3287,76.8,27.22,1011.28,16.413,0.0,0.0,0.0,-0.63,-0.22,-0.43,-0.63,1.95,0.99,9.55,315.37,5.87,11.43,0,0,0,0.0,0.0,0.0
1787615800.856475,08:56:40.856,3288,76.81,27.22,1011.28,16.413,0.0,0.0,0.0,-0.63,-0.22,-0.43,-0.63,1.95,0.99,9.55,315.37,5.87,11.43,0,0,0,0.0,0.0,0.0
1787615800.856628,08:56:40.856,3289,76.82,27.22,1011.28,16.413,0.0,0.0,0.0,-0.63,-0.22,-0.43,-0.63,1.95,0.99,9.55,315.37,5.87,11.43,0,0,0,0.0,0.0,0.0
1787615800.856780,08:56:40.856,3290,76.83,27.22,1011.28,16.413,0.0,0.0,0.0,0.1,-1.11,0.17,0.1,1.8,0.98,9.58,316.0,5.81,10.56,0,0,0,0.0,0.0,0.0
1787615800.856932,08:56:40.856,3291,76.84,27.22,1011.28,16.413,0.0,0.0,0.0,0.1,-1.11,0.17,0.1,1.8,0.98,9.58,316.0,5.81,10.56,0,0,0,0.0,0.0,0.0
1787615800.957331,08:56:40.957,3292,76.85,27.22,1011.28,16.413,0.0,0.0,0.0,0.1,-1.11,0.17,0.1,1.8,0.98,9.58,316.0,5.81,10.56,0,0,0,0.0,0.0,0.0
1787615800.957668,08:56:40.957,3293,76.86,27.22,1011.28,16.413,0.0,0.0,0.0,0.1,-1.11,0.17,0.1,1.8,0.98,9.58,316.0,5.81,10.56,0,0,0,0.0,0.0,0.0
1787615800.957869,08:56:40.957,3294,76.87,27.22,1011.28,16.413,0.0,0.0,0.0,0.1,-1.11,0.17,0.1,1.8,0.98,9.58,316.0,5.81,10.56,0,0,0,0.0,0.0,0.0
1787615800.958061,08:56:40.958,3295,76.88,27.22,1011.28,16.413,0.0,0.0,0.0,0.1,-1.11,0.17,0.1,1.8,0.98,9.58,316.0,5.81,10.56,0,0,0,0.0,0.0,0.0
1787615800.958250,08:56:40.958,3296,76.89,27.22,1011.28,16.413,0.0,0.0,0.0,0.1,-1.11,0.17,0.1,1.8,0.98,9.58,316.0,5.81,10.56,0,0,0,0.0,0.0,0.0
1787615800.958436,08:56:40.958,3297,76.9,27.22,1011.28,16.413,0.0,0.0,0.0,0.1,-1.11,0.17,0.1,1.8,0.98,9.58,316.0,5.81,10.56,0,0,0,0.0,0.0,0.0
1787615800.958623,08:56:40.958,3298,76.91,27.22,1011.28,16.413,0.0,0.0,0.0,0.1,-1.11,0.17,0.1,1.8,0.98,9.58,316.0,5.81,10.56,0,0,0,0.0,0.0,0.0
1787615800.958809,08:56:40.958,3299,76.92,27.22,1011.28,16.413,0.0,0.0,0.0,0.1,-1.11,0.17,0.1,1.8,0.98,9.58,316.0,5.81,10.56,0,0,0,0.0,0.0,0.0
1787615801.059400,08:56:41.059,3300,76.93,27.22,1011.28,16.413,0.0,0.0,0.0,2.1,0.49,-0.66,2.1,1.82,1.07,9.57,316.12,6.37,10.68,0,0,0,0.0,0.0,0.0
1787615801.060866,08:56:41.060,3301,76.94,27.22,1011.28,16.413,0.0,0.0,0.0,2.1,0.49,-0.66,2.1,1.82,1.07,9.57,316.12,6.37,10.68,0,0,0,0.0,0.0,0.0
1787615801.061562,08:56:41.061,3302,76.95,27.22,1011.28,16.413,0.0,0.0,0.0,2.1,0.49,-0.66,2.1,1.82,1.07,9.57,316.12,6.37,10.68,0,0,0,0.0,0.0,0.0
1787615801.062248,08:56:41.062,3303,76.96,27.22,1011.28,16.413,0.0,0.0,0.0,2.1,0.49,-0.66,2.1,1.82,1.07,9.57,316.12,6.37,10.68,0,0,0,0.0,0.0,0.0
1787615801.062908,08:56:41.062,3304,76.97,27.22,1011.27,16.498,0.0,0.0,0.0,2.1,0.49,-0.66,2.1,1.82,1.07,9.57,316.12,6.37,10.68,0,0,0,0.0,0.0,0.0
1787615801.063434,08:56:41.063,3305,76.98,27.22,1011.27,16.498,0.0,0.0,0.0,2.1,0.49,-0.66,2.1,1.82,1.07,9.57,316.12,6.37,10.68,0,0,0,0.0,0.0,0.0
1787615801.063833,08:56:41.063,3306,76.99,27.22,1011.27,16.498,0.0,0.0,0.0,2.1,0.49,-0.66,2.1,1.82,1.07,9.57,316.12,6.37,10.68,0,0,0,0.0,0.0,0.0
1787615801.064236,08:56:41.064,3307,77.0,27.22,1011.27,16.498,0.0,0.0,0.0,2.1,0.49,-0.66,2.1,1.82,1.07,9.57,316.12,6.37,10.68,0,0,0,0.0,0.0,0.0
1787615801.064640,08:56:41.064,3308,77.01,27.22,1011.27,16.498,0.0,0.0,0.0,2.1,0.49,-0.66,2.1,1.82,1.07,9.57,316.12,6.37,10.68,0,0,0,0.0,0.0,0.0
1787615801.065025,08:56:41.065,3309,77.02,27.22,1011.27,16.498,0.0,0.0,0.0,2.1,0.49,-0.66,2.1,1.82,1.07,9.57,316.12,6.37,10.68,0,0,0,0.0,0.0,0.0
1787615801.065372,08:56:41.065,3310,77.03,27.22,1011.27,16.498,0.0,0.0,0.0,0.34,0.2,-1.56,0.34,2.01,1.11,9.53,316.06,6.62,11.81,0,0,0,0.0,0.0,0.0
1787615801.065698,08:56:41.065,3311,77.04,27.22,1011.27,16.498,0.0,0.0,0.0,0.34,0.2,-1.56,0.34,2.01,1.11,9.53,316.06,6.62,11.81,0,0,0,0.0,0.0,0.0
1787615801.066022,08:56:41.066,3312,77.05,27.22,1011.27,16.498,0.0,0.0,0.0,0.34,0.2,-1.56,0.34,2.01,1.11,9.53,316.06,6.62,11.81,0,0,0,0.0,0.0,0.0
1787615801.167304,08:56:41.167,3313,77.06,27.22,1011.27,16.498,0.0,0.0,0.0,0.34,0.2,-1.56,0.34,2.01,1.11,9.53,316.06,6.62,11.81,0,0,0,0.0,0.0,0.0
1787615801.167585,08:56:41.167,3314,77.07,27.22,1011.27,16.498,0.0,0.0,0.0,0.34,0.2,-1.56,0.34,2.01,1.11,9.53,316.06,6.62,11.81,0,0,0,0.0,0.0,0.0
1787615801.167747,08:56:41.167,3315,77.08,27.22,1011.27,16.498,0.0,0.0,0.0,0.34,0.2,-1.56,0.34,2.01,1.11,9.53,316.06,6.62,11.81,0,0,0,0.0,0.0,0.0
1787615801.167900,08:56:41.167,3316,77.09,27.22,1011.27,16.498,0.0,0.0,0.0,0.34,0.2,-1.56,0.34,2.01,1.11,9.53,316.06,6.62,11.81,0,0,0,0.0,0.0,0.0
1787615801.168053,08:56:41.168,3317,77.1,27.22,1011.27,16.498,0.0,0.0,0.0,0.34,0.2,-1.56,0.34,2.01,1.11,9.53,316.06,6.62,11.81,0,0,0,0.0,0.0,0.0
1787615801.168203,08:56:41.168,3318,77.11,27.22,1011.27,16.498,0.0,0.0,0.0,0.34,0.2,-1.56,0.34,2.01,1.11,9.53,316.06,6.62,11.81,0,0,0,0.0,0.0,0.0
1787615801.168354,08:56:41.168,3319,77.12,27.22,1011.27,16.498,0.0,0.0,0.0,0.34,0.2,-1.56,0.34,2.01,1.11,9.53,316.06,6.62,11.81,0,0,0,0.0,0.0,0.0
1787615801.168503,08:56:41.168,3320,77.13,27.22,1011.27,16.498,0.0,0.0,0.0,-2.5,-0.25,-0.14,-2.5,2.23,1.27,9.46,316.56,7.62,13.12,0,0,0,0.0,0.0,0.0
1787615801.168655,08:56:41.168,3321,77.14,27.22,1011.27,16.498,0.0,0.0,0.0,-2.5,-0.25,-0.14,-2.5,2.23,1.27,9.46,316.56,7.62,13.12,0,0,0,0.0,0.0,0.0
1787615801.168806,08:56:41.168,3322,77.15,27.22,1011.27,16.498,0.0,0.0,0.0,-2.5,-0.25,-0.14,-2.5,2.23,1.27,9.46,316.56,7.62,13.12,0,0,0,0.0,0.0,0.0
1787615801.270142,08:56:41.270,3323,77.16,27.22,1011.27,16.498,0.0,0.0,0.0,-2.5,-0.25,-0.14,-2.5,2.23,1.27,9.46,316.56,7.62,13.12,0,0,0,0.0,0.0,0.0
1787615801.270425,08:56:41.270,3324,77.17,27.19,1011.23,16.831,0.0,0.0,0.0,-2.5,-0.25,-0.14,-2.5,2.23,1.27,9.46,316.56,7.62,13.12,0,0,0,0.0,0.0,0.0
1787615801.270573,08:56:41.270,3325,77.18,27.19,1011.23,16.831,0.0,0.0,0.0,-2.5,-0.25,-0.14,-2.5,2.23,1.27,9.46,316.56,7.62,13.12,0,0,0,0.0,0.0,0.0
1787615801.270716,08:56:41.270,3326,77.19,27.19,1011.23,16.831,0.0,0.0,0.0,-2.5,-0.25,-0.14,-2.5,2.23,1.27,9.46,316.56,7.62,13.12,0,0,0,0.0,0.0,0.0
1787615801.270857,08:56:41.270,3327,77.2,27.19,1011.23,16.831,0.0,0.0,0.0,-2.5,-0.25,-0.14,-2.5,2.23,1.27,9.46,316.56,7.62,13.12,0,0,0,0.0,0.0,0.0
1787615801.270997,08:56:41.270,3328,77.21,27.19,1011.23,16.831,0.0,0.0,0.0,-2.5,-0.25,-0.14,-2.5,2.23,1.27,9.46,316.56,7.62,13.12,0,0,0,0.0,0.0,0.0
1787615801.271135,08:56:41.271,3329,77.22,27.19,1011.23,16.831,0.0,0.0,0.0,-2.5,-0.25,-0.14,-2.5,2.23,1.27,9.46,316.56,7.62,13.12,0,0,0,0.0,0.0,0.0
1787615801.271277,08:56:41.271,3330,77.23,27.19,1011.23,16.831,0.0,0.0,0.0,-1.87,0.17,-0.29,-1.87,2.07,1.43,9.47,316.37,8.56,12.18,0,0,0,0.0,0.0,0.0
1787615801.271417,08:56:41.271,3331,77.24,27.19,1011.23,16.831,0.0,0.0,0.0,-1.87,0.17,-0.29,-1.87,2.07,1.43,9.47,316.37,8.56,12.18,0,0,0,0.0,0.0,0.0
1787615801.271556,08:56:41.271,3332,77.25,27.19,1011.23,16.831,0.0,0.0,0.0,-1.87,0.17,-0.29,-1.87,2.07,1.43,9.47,316.37,8.56,12.18,0,0,0,0.0,0.0,0.0
1787615801.271694,08:56:41.271,3333,77.26,27.19,1011.23,16.831,0.0,0.0,0.0,-1.87,0.17,-0.29,-1.87,2.07,1.43,9.47,316.37,8.56,12.18,0,0,0,0.0,0.0,0.0
1787615801.372137,08:56:41.372,3334,77.27,27.19,1011.23,16.831,0.0,0.0,0.0,-1.87,0.17,-0.29,-1.87,2.07,1.43,9.47,316.37,8.56,12.18,0,0,0,0.0,0.0,0.0
1787615801.372462,08:56:41.372,3335,77.28,27.19,1011.23,16.831,0.0,0.0,0.0,-1.87,0.17,-0.29,-1.87,2.07,1.43,9.47,316.37,8.56,12.18,0,0,0,0.0,0.0,0.0
1787615801.372658,08:56:41.372,3336,77.29,27.19,1011.23,16.831,0.0,0.0,0.0,-1.87,0.17,-0.29,-1.87,2.07,1.43,9.47,316.37,8.56,12.18,0,0,0,0.0,0.0,0.0
1787615801.372848,08:56:41.372,3337,77.3,27.19,1011.23,16.831,0.0,0.0,0.0,-1.87,0.17,-0.29,-1.87,2.07,1.43,9.47,316.37,8.56,12.18,0,0,0,0.0,0.0,0.0
1787615801.373035,08:56:41.373,3338,77.31,27.19,1011.23,16.831,0.0,0.0,0.0,-1.87,0.17,-0.29,-1.87,2.07,1.43,9.47,316.37,8.56,12.18,0,0,0,0.0,0.0,0.0
1787615801.373224,08:56:41.373,3339,77.32,27.19,1011.23,16.831,0.0,0.0,0.0,-1.87,0.17,-0.29,-1.87,2.07,1.43,9.47,316.37,8.56,12.18,0,0,0,0.0,0.0,0.0
1787615801.373410,08:56:41.373,3340,77.33,27.19,1011.23,16.831,0.0,0.0,0.0,0.8,1.03,-0.57,0.8,1.66,1.6,9.53,315.75,9.5,9.75,0,0,0,0.0,0.0,0.0
1787615801.373600,08:56:41.373,3341,77.34,27.19,1011.23,16.831,0.0,0.0,0.0,0.8,1.03,-0.57,0.8,1.66,1.6,9.53,315.75,9.5,9.75,0,0,0,0.0,0.0,0.0
1787615801.373787,08:56:41.373,3342,77.35,27.19,1011.23,16.831,0.0,0.0,0.0,0.8,1.03,-0.57,0.8,1.66,1.6,9.53,315.75,9.5,9.75,0,0,0,0.0,0.0,0.0
1787615801.373971,08:56:41.373,3343,77.36,27.19,1011.23,16.831,0.0,0.0,0.0,0.8,1.03,-0.57,0.8,1.66,1.6,9.53,315.75,9.5,9.75,0,0,0,0.0,0.0,0.0
1787615801.487219,08:56:41.487,3344,77.37,27.22,1011.28,16.413,0.0,0.0,0.0,0.8,1.03,-0.57,0.8,1.66,1.6,9.53,315.75,9.5,9.75,0,0,0,0.0,0.0,0.0
1787615801.487451,08:56:41.487,3345,77.38,27.22,1011.28,16.413,0.0,0.0,0.0,0.8,1.03,-0.57,0.8,1.66,1.6,9.53,315.75,9.5,9.75,0,0,0,0.0,0.0,0.0
1787615801.487602,08:56:41.487,3346,77.39,27.22,1011.28,16.413,0.0,0.0,0.0,0.8,1.03,-0.57,0.8,1.66,1.6,9.53,315.75,9.5,9.75,0,0,0,0.0,0.0,0.0
1787615801.487747,08:56:41.487,3347,77.4,27.22,1011.28,16.413,0.0,0.0,0.0,0.8,1.03,-0.57,0.8,1.66,1.6,9.53,315.75,9.5,9.75,0,0,0,0.0,0.0,0.0
1787615801.487887,08:56:41.487,3348,77.41,27.22,1011.28,16.413,0.0,0.0,0.0,0.8,1.03,-0.57,0.8,1.66,1.6,9.53,315.75,9.5,9.75,0,0,0,0.0,0.0,0.0
1787615801.488029,08:56:41.488,3349,77.42,27.22,1011.28,16.413,0.0,0.0,0.0,0.8,1.03,-0.57,0.8,1.66,1.6,9.53,315.75,9.5,9.75,0,0,0,0.0,0.0,0.0
1787615801.488170,08:56:41.488,3350,77.43,27.22,1011.28,16.413,0.0,0.0,0.0,0.8,1.03,-0.57,0.8,1.66,1.6,9.53,315.68,9.81,8.56,0,0,0,0.0,0.0,0.0
1787615801.488349,08:56:41.488,3351,77.44,27.22,1011.28,16.413,0.0,0.0,0.0,0.8,1.03,-0.57,0.8,1.66,1.6,9.53,315.68,9.81,8.56,0,0,0,0.0,0.0,0.0
1787615801.488487,08:56:41.488,3352,77.45,27.22,1011.28,16.413,0.0,0.0,0.0,0.8,1.03,-0.57,0.8,1.66,1.6,9.53,315.68,9.81,8.56,0,0,0,0.0,0.0,0.0
1787615801.488626,08:56:41.488,3353,77.46,27.22,1011.28,16.413,0.0,0.0,0.0,0.8,1.03,-0.57,0.8,1.66,1.6,9.53,315.68,9.81,8.56,0,0,0,0.0,0.0,0.0
1787615801.488764,08:56:41.488,3354,77.47,27.22,1011.28,16.413,0.0,0.0,0.0,0.8,1.03,-0.57,0.8,1.66,1.6,9.53,315.68,9.81,8.56,0,0,0,0.0,0.0,0.0
1787615801.590205,08:56:41.590,3355,77.48,27.22,1011.28,16.413,0.0,0.0,0.0,0.8,1.03,-0.57,0.8,1.66,1.6,9.53,315.68,9.81,8.56,0,0,0,0.0,0.0,0.0
1787615801.591005,08:56:41.591,3356,77.49,27.22,1011.28,16.413,0.0,0.0,0.0,0.8,1.03,-0.57,0.8,1.66,1.6,9.53,315.68,9.81,8.56,0,0,0,0.0,0.0,0.0
1787615801.591307,08:56:41.591,3357,77.5,27.22,1011.28,16.413,0.0,0.0,0.0,0.8,1.03,-0.57,0.8,1.66,1.6,9.53,315.68,9.81,8.56,0,0,0,0.0,0.0,0.0
1787615801.591600,08:56:41.591,3358,77.51,27.22,1011.28,16.413,0.0,0.0,0.0,0.8,1.03,-0.57,0.8,1.66,1.6,9.53,315.68,9.81,8.56,0,0,0,0.0,0.0,0.0
1787615801.591886,08:56:41.591,3359,77.52,27.22,1011.28,16.413,0.0,0.0,0.0,0.8,1.03,-0.57,0.8,1.66,1.6,9.53,315.68,9.81,8.56,0,0,0,0.0,0.0,0.0
1787615801.592176,08:56:41.592,3360,77.53,27.22,1011.28,16.413,0.0,0.0,0.0,0.8,1.03,-0.57,0.8,1.66,1.6,9.53,316.56,9.81,8.56,0,0,0,0.0,0.0,0.0
1787615801.592460,08:56:41.592,3361,77.54,27.22,1011.28,16.413,0.0,0.0,0.0,0.8,1.03,-0.57,0.8,1.66,1.6,9.53,316.56,9.81,8.56,0,0,0,0.0,0.0,0.0
1787615801.592835,08:56:41.592,3362,77.55,27.22,1011.28,16.413,0.0,0.0,0.0,0.8,1.03,-0.57,0.8,1.66,1.6,9.53,316.56,9.81,8.56,0,0,0,0.0,0.0,0.0
1787615801.593119,08:56:41.593,3363,77.56,27.22,1011.28,16.413,0.0,0.0,0.0,0.8,1.03,-0.57,0.8,1.66,1.6,9.53,316.56,9.81,8.56,0,0,0,0.0,0.0,0.0
1787615801.593385,08:56:41.593,3364,77.57,27.22,1011.28,16.413,0.0,0.0,0.0,0.8,1.03,-0.57,0.8,1.66,1.6,9.53,316.56,9.81,8.56,0,0,0,0.0,0.0,0.0
1787615801.694980,08:56:41.694,3365,77.58,27.22,1011.28,16.413,0.0,0.0,0.0,0.8,1.03,-0.57,0.8,1.66,1.6,9.53,316.56,9.81,8.56,0,0,0,0.0,0.0,0.0
1787615801.696361,08:56:41.696,3366,77.59,27.22,1011.28,16.413,0.0,0.0,0.0,0.8,1.03,-0.57,0.8,1.66,1.6,9.53,316.56,9.81,8.56,0,0,0,0.0,0.0,0.0
1787615801.697047,08:56:41.697,3367,77.6,27.22,1011.28,16.413,0.0,0.0,0.0,0.8,1.03,-0.57,0.8,1.66,1.6,9.53,316.56,9.81,8.56,0,0,0,0.0,0.0,0.0
1787615801.697711,08:56:41.697,3368,77.61,27.22,1011.28,16.413,0.0,0.0,0.0,0.8,1.03,-0.57,0.8,1.66,1.6,9.53,316.56,9.81,8.56,0,0,0,0.0,0.0,0.0
1787615801.698375,08:56:41.698,3369,77.62,27.22,1011.28,16.413,0.0,0.0,0.0,0.8,1.03,-0.57,0.8,1.66,1.6,9.53,316.56,9.81,8.56,0,0,0,0.0,0.0,0.0
1787615801.699045,08:56:41.699,3370,77.63,27.22,1011.28,16.413,0.0,0.0,0.0,0.8,1.03,-0.57,0.8,1.66,1.6,9.53,316.81,9.81,8.56,0,0,0,0.0,0.0,0.0
1787615801.699827,08:56:41.699,3371,77.64,27.22,1011.28,16.413,0.0,0.0,0.0,0.8,1.03,-0.57,0.8,1.66,1.6,9.53,316.81,9.81,8.56,0,0,0,0.0,0.0,0.0
1787615801.700267,08:56:41.700,3372,77.65,27.22,1011.28,16.413,0.0,0.0,0.0,0.8,1.03,-0.57,0.8,1.66,1.6,9.53,316.81,9.81,8.56,0,0,0,0.0,0.0,0.0
1787615801.700682,08:56:41.700,3373,77.66,27.22,1011.28,16.413,0.0,0.0,0.0,0.8,1.03,-0.57,0.8,1.66,1.6,9.53,316.81,9.81,8.56,0,0,0,0.0,0.0,0.0
1787615801.701209,08:56:41.701,3374,77.67,27.22,1011.28,16.413,0.0,0.0,0.0,0.8,1.03,-0.57,0.8,1.66,1.6,9.53,316.81,9.81,8.56,0,0,0,0.0,0.0,0.0
1787615801.802912,08:56:41.802,3375,77.68,27.22,1011.28,16.413,0.0,0.0,0.0,0.8,1.03,-0.57,0.8,1.66,1.6,9.53,316.81,9.81,8.56,0,0,0,0.0,0.0,0.0
1787615801.804388,08:56:41.804,3376,77.69,27.22,1011.28,16.413,0.0,0.0,0.0,0.8,1.03,-0.57,0.8,1.66,1.6,9.53,316.81,9.81,8.56,0,0,0,0.0,0.0,0.0
1787615801.805255,08:56:41.805,3377,77.7,27.22,1011.28,16.413,0.0,0.0,0.0,0.8,1.03,-0.57,0.8,1.66,1.6,9.53,316.81,9.81,8.56,0,0,0,0.0,0.0,0.0
1787615801.805650,08:56:41.805,3378,77.71,27.22,1011.28,16.413,0.0,0.0,0.0,0.8,1.03,-0.57,0.8,1.66,1.6,9.53,316.81,9.81,8.56,0,0,0,0.0,0.0,0.0
1787615801.806053,08:56:41.806,3379,77.72,27.22,1011.28,16.413,0.0,0.0,0.0,0.8,1.03,-0.57,0.8,1.66,1.6,9.53,316.81,9.81,8.56,0,0,0,0.0,0.0,0.0
1787615801.806461,08:56:41.806,3380,77.73,27.22,1011.28,16.413,0.0,0.0,0.0,0.8,1.03,-0.57,0.8,1.66,1.6,9.53,316.93,9.81,8.56,0,0,0,0.0,0.0,0.0
1787615801.806881,08:56:41.806,3381,77.74,27.22,1011.28,16.413,0.0,0.0,0.0,0.8,1.03,-0.57,0.8,1.66,1.6,9.53,316.93,9.81,8.56,0,0,0,0.0,0.0,0.0
1787615801.807275,08:56:41.807,3382,77.75,27.22,1011.28,16.413,0.0,0.0,0.0,0.8,1.03,-0.57,0.8,1.66,1.6,9.53,316.93,9.81,8.56,0,0,0,0.0,0.0,0.0
1787615801.807622,08:56:41.807,3383,77.76,27.22,1011.28,16.413,0.0,0.0,0.0,0.8,1.03,-0.57,0.8,1.66,1.6,9.53,316.93,9.81,8.56,0,0,0,0.0,0.0,0.0
1787615801.807990,08:56:41.807,3384,77.77,27.21,1011.24,16.746,0.0,0.0,0.0,0.8,1.03,-0.57,0.8,1.66,1.6,9.53,316.93,9.81,8.56,0,0,0,0.0,0.0,0.0
1787615801.808324,08:56:41.808,3385,77.78,27.21,1011.24,16.746,0.0,0.0,0.0,0.8,1.03,-0.57,0.8,1.66,1.6,9.53,316.93,9.81,8.56,0,0,0,0.0,0.0,0.0
1787615801.809054,08:56:41.809,3386,77.79,27.21,1011.24,16.746,0.0,0.0,0.0,0.8,1.03,-0.57,0.8,1.66,1.6,9.53,316.93,9.81,8.56,0,0,0,0.0,0.0,0.0
1787615801.910794,08:56:41.910,3387,77.8,27.21,1011.24,16.746,0.0,0.0,0.0,0.8,1.03,-0.57,0.8,1.66,1.6,9.53,316.93,9.81,8.56,0,0,0,0.0,0.0,0.0
1787615801.912576,08:56:41.912,3388,77.81,27.21,1011.24,16.746,0.0,0.0,0.0,0.8,1.03,-0.57,0.8,1.66,1.6,9.53,316.93,9.81,8.56,0,0,0,0.0,0.0,0.0
1787615801.913392,08:56:41.913,3389,77.82,27.21,1011.24,16.746,0.0,0.0,0.0,0.8,1.03,-0.57,0.8,1.66,1.6,9.53,316.93,9.81,8.56,0,0,0,0.0,0.0,0.0
1787615801.913792,08:56:41.913,3390,77.83,27.21,1011.24,16.746,0.0,0.0,0.0,0.8,1.03,-0.57,0.8,1.66,1.6,9.53,317.37,9.81,6.18,0,0,0,0.0,0.0,0.0
1787615801.914196,08:56:41.914,3391,77.84,27.21,1011.24,16.746,0.0,0.0,0.0,0.8,1.03,-0.57,0.8,1.66,1.6,9.53,317.37,9.81,6.18,0,0,0,0.0,0.0,0.0
1787615801.914583,08:56:41.914,3392,77.85,27.21,1011.24,16.746,0.0,0.0,0.0,0.8,1.03,-0.57,0.8,1.66,1.6,9.53,317.37,9.81,6.18,0,0,0,0.0,0.0,0.0
1787615801.914965,08:56:41.914,3393,77.86,27.21,1011.24,16.746,0.0,0.0,0.0,0.8,1.03,-0.57,0.8,1.66,1.6,9.53,317.37,9.81,6.18,0,0,0,0.0,0.0,0.0
1787615801.915349,08:56:41.915,3394,77.87,27.21,1011.24,16.746,0.0,0.0,0.0,0.8,1.03,-0.57,0.8,1.66,1.6,9.53,317.37,9.81,6.18,0,0,0,0.0,0.0,0.0
1787615801.915687,08:56:41.915,3395,77.88,27.21,1011.24,16.746,0.0,0.0,0.0,0.8,1.03,-0.57,0.8,1.66,1.6,9.53,317.37,9.81,6.18,0,0,0,0.0,0.0,0.0
1787615801.916019,08:56:41.916,3396,77.89,27.21,1011.24,16.746,0.0,0.0,0.0,0.8,1.03,-0.57,0.8,1.66,1.6,9.53,317.37,9.81,6.18,0,0,0,0.0,0.0,0.0
1787615801.916352,08:56:41.916,3397,77.9,27.21,1011.24,16.746,0.0,0.0,0.0,0.8,1.03,-0.57,0.8,1.66,1.6,9.53,317.37,9.81,6.18,0,0,0,0.0,0.0,0.0
1787615802.017035,08:56:42.017,3398,77.91,27.21,1011.24,16.746,0.0,0.0,0.0,0.8,1.03,-0.57,0.8,1.66,1.6,9.53,317.37,9.81,6.18,0,0,0,0.0,0.0,0.0
1787615802.018376,08:56:42.018,3399,77.92,27.21,1011.24,16.746,0.0,0.0,0.0,0.8,1.03,-0.57,0.8,1.66,1.6,9.53,317.37,9.81,6.18,0,0,0,0.0,0.0,0.0
1787615802.019076,08:56:42.019,3400,77.93,27.21,1011.24,16.746,0.0,0.0,0.0,1.83,0.4,-0.42,1.83,1.0,1.3,9.66,317.62,7.75,5.81,0,0,0,0.0,0.0,0.0
1787615802.019857,08:56:42.019,3401,77.94,27.21,1011.24,16.746,0.0,0.0,0.0,1.83,0.4,-0.42,1.83,1.0,1.3,9.66,317.62,7.75,5.81,0,0,0,0.0,0.0,0.0
1787615802.020545,08:56:42.020,3402,77.95,27.21,1011.24,16.746,0.0,0.0,0.0,1.83,0.4,-0.42,1.83,1.0,1.3,9.66,317.62,7.75,5.81,0,0,0,0.0,0.0,0.0
1787615802.021183,08:56:42.021,3403,77.96,27.21,1011.24,16.746,0.0,0.0,0.0,1.83,0.4,-0.42,1.83,1.0,1.3,9.66,317.62,7.75,5.81,0,0,0,0.0,0.0,0.0
1787615802.021510,08:56:42.021,3404,77.97,27.21,1011.27,16.498,0.0,0.0,0.0,1.83,0.4,-0.42,1.83,1.0,1.3,9.66,317.62,7.75,5.81,0,0,0,0.0,0.0,0.0
1787615802.021846,08:56:42.021,3405,77.98,27.21,1011.27,16.498,0.0,0.0,0.0,1.83,0.4,-0.42,1.83,1.0,1.3,9.66,317.62,7.75,5.81,0,0,0,0.0,0.0,0.0
1787615802.022203,08:56:42.022,3406,77.99,27.21,1011.27,16.498,0.0,0.0,0.0,1.83,0.4,-0.42,1.83,1.0,1.3,9.66,317.62,7.75,5.81,0,0,0,0.0,0.0,0.0
1787615802.022573,08:56:42.022,3407,78.0,27.21,1011.27,16.498,0.0,0.0,0.0,1.83,0.4,-0.42,1.83,1.0,1.3,9.66,317.62,7.75,5.81,0,0,0,0.0,0.0,0.0
1787615802.124078,08:56:42.124,3408,78.01,27.21,1011.27,16.498,0.0,0.0,0.0,1.83,0.4,-0.42,1.83,1.0,1.3,9.66,317.62,7.75,5.81,0,0,0,0.0,0.0,0.0
1787615802.125457,08:56:42.125,3409,78.02,27.21,1011.27,16.498,0.0,0.0,0.0,1.83,0.4,-0.42,1.83,1.0,1.3,9.66,317.62,7.75,5.81,0,0,0,0.0,0.0,0.0
1787615802.126142,08:56:42.126,3410,78.03,27.21,1011.27,16.498,0.0,0.0,0.0,-0.48,-0.22,-1.16,-0.48,1.17,1.17,9.66,317.87,6.87,6.81,0,0,0,0.0,0.0,0.0
1787615802.126844,08:56:42.126,3411,78.04,27.21,1011.27,16.498,0.0,0.0,0.0,-0.48,-0.22,-1.16,-0.48,1.17,1.17,9.66,317.87,6.87,6.81,0,0,0,0.0,0.0,0.0
1787615802.127375,08:56:42.127,3412,78.05,27.21,1011.27,16.498,0.0,0.0,0.0,-0.48,-0.22,-1.16,-0.48,1.17,1.17,9.66,317.87,6.87,6.81,0,0,0,0.0,0.0,0.0
1787615802.127751,08:56:42.127,3413,78.06,27.21,1011.27,16.498,0.0,0.0,0.0,-0.48,-0.22,-1.16,-0.48,1.17,1.17,9.66,317.87,6.87,6.81,0,0,0,0.0,0.0,0.0
1787615802.128132,08:56:42.128,3414,78.07,27.21,1011.27,16.498,0.0,0.0,0.0,-0.48,-0.22,-1.16,-0.48,1.17,1.17,9.66,317.87,6.87,6.81,0,0,0,0.0,0.0,0.0
1787615802.128523,08:56:42.128,3415,78.08,27.21,1011.27,16.498,0.0,0.0,0.0,-0.48,-0.22,-1.16,-0.48,1.17,1.17,9.66,317.87,6.87,6.81,0,0,0,0.0,0.0,0.0
1787615802.128906,08:56:42.128,3416,78.09,27.21,1011.27,16.498,0.0,0.0,0.0,-0.48,-0.22,-1.16,-0.48,1.17,1.17,9.66,317.87,6.87,6.81,0,0,0,0.0,0.0,0.0
1787615802.129266,08:56:42.129,3417,78.1,27.21,1011.27,16.498,0.0,0.0,0.0,-0.48,-0.22,-1.16,-0.48,1.17,1.17,9.66,317.87,6.87,6.81,0,0,0,0.0,0.0,0.0
1787615802.129593,08:56:42.129,3418,78.11,27.21,1011.27,16.498,0.0,0.0,0.0,-0.48,-0.22,-1.16,-0.48,1.17,1.17,9.66,317.87,6.87,6.81,0,0,0,0.0,0.0,0.0
1787615802.230475,08:56:42.230,3419,78.12,27.21,1011.27,16.498,0.0,0.0,0.0,-0.48,-0.22,-1.16,-0.48,1.17,1.17,9.66,317.87,6.87,6.81,0,0,0,0.0,0.0,0.0
1787615802.230742,08:56:42.230,3420,78.13,27.21,1011.27,16.498,0.0,0.0,0.0,-2.65,-0.24,-0.25,-2.65,1.41,1.09,9.64,318.75,6.43,8.25,0,0,0,0.0,0.0,0.0
1787615802.230887,08:56:42.230,3421,78.14,27.21,1011.27,16.498,0.0,0.0,0.0,-2.65,-0.24,-0.25,-2.65,1.41,1.09,9.64,318.75,6.43,8.25,0,0,0,0.0,0.0,0.0
1787615802.231026,08:56:42.231,3422,78.15,27.21,1011.27,16.498,0.0,0.0,0.0,-2.65,-0.24,-0.25,-2.65,1.41,1.09,9.64,318.75,6.43,8.25,0,0,0,0.0,0.0,0.0
1787615802.231165,08:56:42.231,3423,78.16,27.21,1011.27,16.498,0.0,0.0,0.0,-2.65,-0.24,-0.25,-2.65,1.41,1.09,9.64,318.75,6.43,8.25,0,0,0,0.0,0.0,0.0
1787615802.231305,08:56:42.231,3424,78.17,27.21,1011.28,16.413,0.0,0.0,0.0,-2.65,-0.24,-0.25,-2.65,1.41,1.09,9.64,318.75,6.43,8.25,0,0,0,0.0,0.0,0.0
1787615802.231441,08:56:42.231,3425,78.18,27.21,1011.28,16.413,0.0,0.0,0.0,-2.65,-0.24,-0.25,-2.65,1.41,1.09,9.64,318.75,6.43,8.25,0,0,0,0.0,0.0,0.0
1787615802.231579,08:56:42.231,3426,78.19,27.21,1011.28,16.413,0.0,0.0,0.0,-2.65,-0.24,-0.25,-2.65,1.41,1.09,9.64,318.75,6.43,8.25,0,0,0,0.0,0.0,0.0
1787615802.231715,08:56:42.231,3427,78.2,27.21,1011.28,16.413,0.0,0.0,0.0,-2.65,-0.24,-0.25,-2.65,1.41,1.09,9.64,318.75,6.43,8.25,0,0,0,0.0,0.0,0.0
1787615802.231851,08:56:42.231,3428,78.21,27.21,1011.28,16.413,0.0,0.0,0.0,-2.65,-0.24,-0.25,-2.65,1.41,1.09,9.64,318.75,6.43,8.25,0,0,0,0.0,0.0,0.0
1787615802.231989,08:56:42.231,3429,78.22,27.21,1011.28,16.413,0.0,0.0,0.0,-2.65,-0.24,-0.25,-2.65,1.41,1.09,9.64,318.75,6.43,8.25,0,0,0,0.0,0.0,0.0
1787615802.333377,08:56:42.333,3430,78.23,27.21,1011.28,16.413,0.0,0.0,0.0,-2.06,0.42,-0.61,-2.06,1.46,0.92,9.65,318.93,5.43,8.56,0,0,0,0.0,0.0,0.0
1787615802.334225,08:56:42.334,3431,78.24,27.21,1011.28,16.413,0.0,0.0,0.0,-2.06,0.42,-0.61,-2.06,1.46,0.92,9.65,318.93,5.43,8.56,0,0,0,0.0,0.0,0.0
1787615802.334524,08:56:42.334,3432,78.25,27.21,1011.28,16.413,0.0,0.0,0.0,-2.06,0.42,-0.61,-2.06,1.46,0.92,9.65,318.93,5.43,8.56,0,0,0,0.0,0.0,0.0
1787615802.334817,08:56:42.334,3433,78.26,27.21,1011.28,16.413,0.0,0.0,0.0,-2.06,0.42,-0.61,-2.06,1.46,0.92,9.65,318.93,5.43,8.56,0,0,0,0.0,0.0,0.0
1787615802.335108,08:56:42.335,3434,78.27,27.21,1011.28,16.413,0.0,0.0,0.0,-2.06,0.42,-0.61,-2.06,1.46,0.92,9.65,318.93,5.43,8.56,0,0,0,0.0,0.0,0.0
1787615802.335395,08:56:42.335,3435,78.28,27.21,1011.28,16.413,0.0,0.0,0.0,-2.06,0.42,-0.61,-2.06,1.46,0.92,9.65,318.93,5.43,8.56,0,0,0,0.0,0.0,0.0
1787615802.335691,08:56:42.335,3436,78.29,27.21,1011.28,16.413,0.0,0.0,0.0,-2.06,0.42,-0.61,-2.06,1.46,0.92,9.65,318.93,5.43,8.56,0,0,0,0.0,0.0,0.0
1787615802.335979,08:56:42.335,3437,78.3,27.21,1011.28,16.413,0.0,0.0,0.0,-2.06,0.42,-0.61,-2.06,1.46,0.92,9.65,318.93,5.43,8.56,0,0,0,0.0,0.0,0.0
1787615802.336262,08:56:42.336,3438,78.31,27.21,1011.28,16.413,0.0,0.0,0.0,-2.06,0.42,-0.61,-2.06,1.46,0.92,9.65,318.93,5.43,8.56,0,0,0,0.0,0.0,0.0
1787615802.336530,08:56:42.336,3439,78.32,27.21,1011.28,16.413,0.0,0.0,0.0,-2.06,0.42,-0.61,-2.06,1.46,0.92,9.65,318.93,5.43,8.56,0,0,0,0.0,0.0,0.0
1787615802.437733,08:56:42.437,3440,78.33,27.21,1011.28,16.413,0.0,0.0,0.0,0.35,1.73,-1.12,0.35,1.52,0.8,9.65,319.18,4.75,8.87,0,0,0,0.0,0.0,0.0
1787615802.438149,08:56:42.438,3441,78.34,27.21,1011.28,16.413,0.0,0.0,0.0,0.35,1.73,-1.12,0.35,1.52,0.8,9.65,319.18,4.75,8.87,0,0,0,0.0,0.0,0.0
1787615802.438431,08:56:42.438,3442,78.35,27.21,1011.28,16.413,0.0,0.0,0.0,0.35,1.73,-1.12,0.35,1.52,0.8,9.65,319.18,4.75,8.87,0,0,0,0.0,0.0,0.0
1787615802.438700,08:56:42.438,3443,78.36,27.21,1011.28,16.413,0.0,0.0,0.0,0.35,1.73,-1.12,0.35,1.52,0.8,9.65,319.18,4.75,8.87,0,0,0,0.0,0.0,0.0
1787615802.438969,08:56:42.438,3444,78.37,27.21,1011.26,16.58,0.0,0.0,0.0,0.35,1.73,-1.12,0.35,1.52,0.8,9.65,319.18,4.75,8.87,0,0,0,0.0,0.0,0.0
1787615802.439235,08:56:42.439,3445,78.38,27.21,1011.26,16.58,0.0,0.0,0.0,0.35,1.73,-1.12,0.35,1.52,0.8,9.65,319.18,4.75,8.87,0,0,0,0.0,0.0,0.0
1787615802.439515,08:56:42.439,3446,78.39,27.21,1011.26,16.58,0.0,0.0,0.0,0.35,1.73,-1.12,0.35,1.52,0.8,9.65,319.18,4.75,8.87,0,0,0,0.0,0.0,0.0
1787615802.439812,08:56:42.439,3447,78.4,27.21,1011.26,16.58,0.0,0.0,0.0,0.35,1.73,-1.12,0.35,1.52,0.8,9.65,319.18,4.75,8.87,0,0,0,0.0,0.0,0.0
1787615802.440086,08:56:42.440,3448,78.41,27.21,1011.26,16.58,0.0,0.0,0.0,0.35,1.73,-1.12,0.35,1.52,0.8,9.65,319.18,4.75,8.87,0,0,0,0.0,0.0,0.0
1787615802.440343,08:56:42.440,3449,78.42,27.21,1011.26,16.58,0.0,0.0,0.0,0.35,1.73,-1.12,0.35,1.52,0.8,9.65,319.18,4.75,8.87,0,0,0,0.0,0.0,0.0
1787615802.440566,08:56:42.440,3450,78.43,27.21,1011.26,16.58,0.0,0.0,0.0,0.35,1.73,-1.12,0.35,1.52,0.8,9.65,320.12,4.25,10.31,0,0,0,0.0,0.0,0.0
1787615802.542022,08:56:42.542,3451,78.44,27.21,1011.26,16.58,0.0,0.0,0.0,0.35,1.73,-1.12,0.35,1.52,0.8,9.65,320.12,4.25,10.31,0,0,0,0.0,0.0,0.0
1787615802.542268,08:56:42.542,3452,78.45,27.21,1011.26,16.58,0.0,0.0,0.0,0.35,1.73,-1.12,0.35,1.52,0.8,9.65,320.12,4.25,10.31,0,0,0,0.0,0.0,0.0
1787615802.542394,08:56:42.542,3453,78.46,27.21,1011.26,16.58,0.0,0.0,0.0,0.35,1.73,-1.12,0.35,1.52,0.8,9.65,320.12,4.25,10.31,0,0,0,0.0,0.0,0.0
1787615802.542518,08:56:42.542,3454,78.47,27.21,1011.26,16.58,0.0,0.0,0.0,0.35,1.73,-1.12,0.35,1.52,0.8,9.65,320.12,4.25,10.31,0,0,0,0.0,0.0,0.0
1787615802.542640,08:56:42.542,3455,78.48,27.21,1011.26,16.58,0.0,0.0,0.0,0.35,1.73,-1.12,0.35,1.52,0.8,9.65,320.12,4.25,10.31,0,0,0,0.0,0.0,0.0
1787615802.542762,08:56:42.542,3456,78.49,27.21,1011.26,16.58,0.0,0.0,0.0,0.35,1.73,-1.12,0.35,1.52,0.8,9.65,320.12,4.25,10.31,0,0,0,0.0,0.0,0.0
1787615802.542883,08:56:42.542,3457,78.5,27.21,1011.26,16.58,0.0,0.0,0.0,0.35,1.73,-1.12,0.35,1.52,0.8,9.65,320.12,4.25,10.31,0,0,0,0.0,0.0,0.0
1787615802.543004,08:56:42.543,3458,78.51,27.21,1011.26,16.58,0.0,0.0,0.0,0.35,1.73,-1.12,0.35,1.52,0.8,9.65,320.12,4.25,10.31,0,0,0,0.0,0.0,0.0
1787615802.543126,08:56:42.543,3459,78.52,27.21,1011.26,16.58,0.0,0.0,0.0,0.35,1.73,-1.12,0.35,1.52,0.8,9.65,320.12,4.25,10.31,0,0,0,0.0,0.0,0.0
1787615802.543251,08:56:42.543,3460,78.53,27.21,1011.26,16.58,0.0,0.0,0.0,0.35,1.73,-1.12,0.35,1.52,0.8,9.65,321.56,4.37,13.62,0,0,0,0.0,0.0,0.0
1787615802.644553,08:56:42.644,3461,78.54,27.21,1011.26,16.58,0.0,0.0,0.0,0.35,1.73,-1.12,0.35,1.52,0.8,9.65,321.56,4.37,13.62,0,0,0,0.0,0.0,0.0
1787615802.644996,08:56:42.644,3462,78.55,27.21,1011.26,16.58,0.0,0.0,0.0,0.35,1.73,-1.12,0.35,1.52,0.8,9.65,321.56,4.37,13.62,0,0,0,0.0,0.0,0.0
1787615802.645281,08:56:42.645,3463,78.56,27.21,1011.26,16.58,0.0,0.0,0.0,0.35,1.73,-1.12,0.35,1.52,0.8,9.65,321.56,4.37,13.62,0,0,0,0.0,0.0,0.0
1787615802.645550,08:56:42.645,3464,78.57,27.19,1011.22,16.913,0.0,0.0,0.0,0.35,1.73,-1.12,0.35,1.52,0.8,9.65,321.56,4.37,13.62,0,0,0,0.0,0.0,0.0
1787615802.645815,08:56:42.645,3465,78.58,27.19,1011.22,16.913,0.0,0.0,0.0,0.35,1.73,-1.12,0.35,1.52,0.8,9.65,321.56,4.37,13.62,0,0,0,0.0,0.0,0.0
1787615802.646080,08:56:42.646,3466,78.59,27.19,1011.22,16.913,0.0,0.0,0.0,0.35,1.73,-1.12,0.35,1.52,0.8,9.65,321.56,4.37,13.62,0,0,0,0.0,0.0,0.0
1787615802.646343,08:56:42.646,3467,78.6,27.19,1011.22,16.913,0.0,0.0,0.0,0.35,1.73,-1.12,0.35,1.52,0.8,9.65,321.56,4.37,13.62,0,0,0,0.0,0.0,0.0
1787615802.646606,08:56:42.646,3468,78.61,27.19,1011.22,16.913,0.0,0.0,0.0,0.35,1.73,-1.12,0.35,1.52,0.8,9.65,321.56,4.37,13.62,0,0,0,0.0,0.0,0.0
1787615802.646865,08:56:42.646,3469,78.62,27.19,1011.22,16.913,0.0,0.0,0.0,0.35,1.73,-1.12,0.35,1.52,0.8,9.65,321.56,4.37,13.62,0,0,0,0.0,0.0,0.0
1787615802.747636,08:56:42.747,3470,78.63,27.19,1011.22,16.913,0.0,0.0,0.0,0.35,1.73,-1.12,0.35,1.52,0.8,9.65,322.56,4.37,17.37,0,0,0,0.0,0.0,0.0
1787615802.748485,08:56:42.748,3471,78.64,27.19,1011.22,16.913,0.0,0.0,0.0,0.35,1.73,-1.12,0.35,1.52,0.8,9.65,322.56,4.37,17.37,0,0,0,0.0,0.0,0.0
1787615802.748848,08:56:42.748,3472,78.65,27.19,1011.22,16.913,0.0,0.0,0.0,0.35,1.73,-1.12,0.35,1.52,0.8,9.65,322.56,4.37,17.37,0,0,0,0.0,0.0,0.0
1787615802.749148,08:56:42.749,3473,78.66,27.19,1011.22,16.913,0.0,0.0,0.0,0.35,1.73,-1.12,0.35,1.52,0.8,9.65,322.56,4.37,17.37,0,0,0,0.0,0.0,0.0
1787615802.749407,08:56:42.749,3474,78.67,27.19,1011.22,16.913,0.0,0.0,0.0,0.35,1.73,-1.12,0.35,1.52,0.8,9.65,322.56,4.37,17.37,0,0,0,0.0,0.0,0.0
1787615802.749656,08:56:42.749,3475,78.68,27.19,1011.22,16.913,0.0,0.0,0.0,0.35,1.73,-1.12,0.35,1.52,0.8,9.65,322.56,4.37,17.37,0,0,0,0.0,0.0,0.0
1787615802.749921,08:56:42.749,3476,78.69,27.19,1011.22,16.913,0.0,0.0,0.0,0.35,1.73,-1.12,0.35,1.52,0.8,9.65,322.56,4.37,17.37,0,0,0,0.0,0.0,0.0
1787615802.750173,08:56:42.750,3477,78.7,27.19,1011.22,16.913,0.0,0.0,0.0,0.35,1.73,-1.12,0.35,1.52,0.8,9.65,322.56,4.37,17.37,0,0,0,0.0,0.0,0.0
1787615802.750424,08:56:42.750,3478,78.71,27.19,1011.22,16.913,0.0,0.0,0.0,0.35,1.73,-1.12,0.35,1.52,0.8,9.65,322.56,4.37,17.37,0,0,0,0.0,0.0,0.0
1787615802.750674,08:56:42.750,3479,78.72,27.19,1011.22,16.913,0.0,0.0,0.0,0.35,1.73,-1.12,0.35,1.52,0.8,9.65,322.56,4.37,17.37,0,0,0,0.0,0.0,0.0
1787615802.750930,08:56:42.750,3480,78.73,27.19,1011.22,16.913,0.0,0.0,0.0,-0.57,0.57,-0.23,-0.57,3.07,0.74,9.28,324.06,4.56,18.25,0,0,0,0.0,0.0,0.0
1787615802.852296,08:56:42.852,3481,78.74,27.19,1011.22,16.913,0.0,0.0,0.0,-0.57,0.57,-0.23,-0.57,3.07,0.74,9.28,324.06,4.56,18.25,0,0,0,0.0,0.0,0.0
1787615802.852582,08:56:42.852,3482,78.75,27.19,1011.22,16.913,0.0,0.0,0.0,-0.57,0.57,-0.23,-0.57,3.07,0.74,9.28,324.06,4.56,18.25,0,0,0,0.0,0.0,0.0
1787615802.852744,08:56:42.852,3483,78.76,27.19,1011.22,16.913,0.0,0.0,0.0,-0.57,0.57,-0.23,-0.57,3.07,0.74,9.28,324.06,4.56,18.25,0,0,0,0.0,0.0,0.0
1787615802.852898,08:56:42.852,3484,78.77,27.2,1011.29,16.329,0.0,0.0,0.0,-0.57,0.57,-0.23,-0.57,3.07,0.74,9.28,324.06,4.56,18.25,0,0,0,0.0,0.0,0.0
1787615802.853051,08:56:42.853,3485,78.78,27.2,1011.29,16.329,0.0,0.0,0.0,-0.57,0.57,-0.23,-0.57,3.07,0.74,9.28,324.06,4.56,18.25,0,0,0,0.0,0.0,0.0
1787615802.853202,08:56:42.853,3486,78.79,27.2,1011.29,16.329,0.0,0.0,0.0,-0.57,0.57,-0.23,-0.57,3.07,0.74,9.28,324.06,4.56,18.25,0,0,0,0.0,0.0,0.0
1787615802.853352,08:56:42.853,3487,78.8,27.2,1011.29,16.329,0.0,0.0,0.0,-0.57,0.57,-0.23,-0.57,3.07,0.74,9.28,324.06,4.56,18.25,0,0,0,0.0,0.0,0.0
1787615802.853502,08:56:42.853,3488,78.81,27.2,1011.29,16.329,0.0,0.0,0.0,-0.57,0.57,-0.23,-0.57,3.07,0.74,9.28,324.06,4.56,18.25,0,0,0,0.0,0.0,0.0
1787615802.853651,08:56:42.853,3489,78.82,27.2,1011.29,16.329,0.0,0.0,0.0,-0.57,0.57,-0.23,-0.57,3.07,0.74,9.28,324.06,4.56,18.25,0,0,0,0.0,0.0,0.0
1787615802.853806,08:56:42.853,3490,78.83,27.2,1011.29,16.329,0.0,0.0,0.0,-0.57,0.57,-0.23,-0.57,3.07,0.74,9.28,326.18,3.62,17.18,0,0,0,0.0,0.0,0.0
1787615802.954232,08:56:42.954,3491,78.84,27.2,1011.29,16.329,0.0,0.0,0.0,-0.57,0.57,-0.23,-0.57,3.07,0.74,9.28,326.18,3.62,17.18,0,0,0,0.0,0.0,0.0
1787615802.954831,08:56:42.954,3492,78.85,27.2,1011.29,16.329,0.0,0.0,0.0,-0.57,0.57,-0.23,-0.57,3.07,0.74,9.28,326.18,3.62,17.18,0,0,0,0.0,0.0,0.0
1787615802.955107,08:56:42.955,3493,78.86,27.2,1011.29,16.329,0.0,0.0,0.0,-0.57,0.57,-0.23,-0.57,3.07,0.74,9.28,326.18,3.62,17.18,0,0,0,0.0,0.0,0.0
1787615802.955335,08:56:42.955,3494,78.87,27.2,1011.29,16.329,0.0,0.0,0.0,-0.57,0.57,-0.23,-0.57,3.07,0.74,9.28,326.18,3.62,17.18,0,0,0,0.0,0.0,0.0
1787615802.955557,08:56:42.955,3495,78.88,27.2,1011.29,16.329,0.0,0.0,0.0,-0.57,0.57,-0.23,-0.57,3.07,0.74,9.28,326.18,3.62,17.18,0,0,0,0.0,0.0,0.0
1787615802.955774,08:56:42.955,3496,78.89,27.2,1011.29,16.329,0.0,0.0,0.0,-0.57,0.57,-0.23,-0.57,3.07,0.74,9.28,326.18,3.62,17.18,0,0,0,0.0,0.0,0.0
1787615802.956001,08:56:42.956,3497,78.9,27.2,1011.29,16.329,0.0,0.0,0.0,-0.57,0.57,-0.23,-0.57,3.07,0.74,9.28,326.18,3.62,17.18,0,0,0,0.0,0.0,0.0
1787615802.956230,08:56:42.956,3498,78.91,27.2,1011.29,16.329,0.0,0.0,0.0,-0.57,0.57,-0.23,-0.57,3.07,0.74,9.28,326.18,3.62,17.18,0,0,0,0.0,0.0,0.0
1787615802.956440,08:56:42.956,3499,78.92,27.2,1011.29,16.329,0.0,0.0,0.0,-0.57,0.57,-0.23,-0.57,3.07,0.74,9.28,326.18,3.62,17.18,0,0,0,0.0,0.0,0.0
1787615802.956654,08:56:42.956,3500,78.93,27.2,1011.29,16.329,0.0,0.0,0.0,-1.07,3.64,-0.23,-1.07,2.9,0.36,9.35,329.56,2.18,17.18,0,0,0,0.0,0.0,0.0
1787615802.956884,08:56:42.956,3501,78.94,27.2,1011.29,16.329,0.0,0.0,0.0,-1.07,3.64,-0.23,-1.07,2.9,0.36,9.35,329.56,2.18,17.18,0,0,0,0.0,0.0,0.0
1787615803.057313,08:56:43.057,3502,78.95,27.2,1011.29,16.329,0.0,0.0,0.0,-1.07,3.64,-0.23,-1.07,2.9,0.36,9.35,329.56,2.18,17.18,0,0,0,0.0,0.0,0.0
1787615803.058186,08:56:43.058,3503,78.96,27.2,1011.29,16.329,0.0,0.0,0.0,-1.07,3.64,-0.23,-1.07,2.9,0.36,9.35,329.56,2.18,17.18,0,0,0,0.0,0.0,0.0
1787615803.058496,08:56:43.058,3504,78.97,27.2,1011.3,16.247,0.0,0.0,0.0,-1.07,3.64,-0.23,-1.07,2.9,0.36,9.35,329.56,2.18,17.18,0,0,0,0.0,0.0,0.0
1787615803.058790,08:56:43.058,3505,78.98,27.2,1011.3,16.247,0.0,0.0,0.0,-1.07,3.64,-0.23,-1.07,2.9,0.36,9.35,329.56,2.18,17.18,0,0,0,0.0,0.0,0.0
1787615803.059067,08:56:43.059,3506,78.99,27.2,1011.3,16.247,0.0,0.0,0.0,-1.07,3.64,-0.23,-1.07,2.9,0.36,9.35,329.56,2.18,17.18,0,0,0,0.0,0.0,0.0
1787615803.059319,08:56:43.059,3507,79.0,27.2,1011.3,16.247,0.0,0.0,0.0,-1.07,3.64,-0.23,-1.07,2.9,0.36,9.35,329.56,2.18,17.18,0,0,0,0.0,0.0,0.0
1787615803.059568,08:56:43.059,3508,79.01,27.2,1011.3,16.247,0.0,0.0,0.0,-1.07,3.64,-0.23,-1.07,2.9,0.36,9.35,329.56,2.18,17.18,0,0,0,0.0,0.0,0.0
1787615803.059827,08:56:43.059,3509,79.02,27.2,1011.3,16.247,0.0,0.0,0.0,-1.07,3.64,-0.23,-1.07,2.9,0.36,9.35,329.56,2.18,17.18,0,0,0,0.0,0.0,0.0
1787615803.060089,08:56:43.060,3510,79.03,27.2,1011.3,16.247,0.0,0.0,0.0,0.39,1.95,0.03,0.39,2.85,0.24,9.37,333.68,1.43,16.81,0,0,0,0.0,0.0,0.0
1787615803.060355,08:56:43.060,3511,79.04,27.2,1011.3,16.247,0.0,0.0,0.0,0.39,1.95,0.03,0.39,2.85,0.24,9.37,333.68,1.43,16.81,0,0,0,0.0,0.0,0.0
1787615803.161803,08:56:43.161,3512,79.05,27.2,1011.3,16.247,0.0,0.0,0.0,0.39,1.95,0.03,0.39,2.85,0.24,9.37,333.68,1.43,16.81,0,0,0,0.0,0.0,0.0
1787615803.162125,08:56:43.162,3513,79.06,27.2,1011.3,16.247,0.0,0.0,0.0,0.39,1.95,0.03,0.39,2.85,0.24,9.37,333.68,1.43,16.81,0,0,0,0.0,0.0,0.0
1787615803.162320,08:56:43.162,3514,79.07,27.2,1011.3,16.247,0.0,0.0,0.0,0.39,1.95,0.03,0.39,2.85,0.24,9.37,333.68,1.43,16.81,0,0,0,0.0,0.0,0.0
1787615803.162513,08:56:43.162,3515,79.08,27.2,1011.3,16.247,0.0,0.0,0.0,0.39,1.95,0.03,0.39,2.85,0.24,9.37,333.68,1.43,16.81,0,0,0,0.0,0.0,0.0
1787615803.162700,08:56:43.162,3516,79.09,27.2,1011.3,16.247,0.0,0.0,0.0,0.39,1.95,0.03,0.39,2.85,0.24,9.37,333.68,1.43,16.81,0,0,0,0.0,0.0,0.0
1787615803.162887,08:56:43.162,3517,79.1,27.2,1011.3,16.247,0.0,0.0,0.0,0.39,1.95,0.03,0.39,2.85,0.24,9.37,333.68,1.43,16.81,0,0,0,0.0,0.0,0.0
1787615803.163073,08:56:43.163,3518,79.11,27.2,1011.3,16.247,0.0,0.0,0.0,0.39,1.95,0.03,0.39,2.85,0.24,9.37,333.68,1.43,16.81,0,0,0,0.0,0.0,0.0
1787615803.163259,08:56:43.163,3519,79.12,27.2,1011.3,16.247,0.0,0.0,0.0,0.39,1.95,0.03,0.39,2.85,0.24,9.37,333.68,1.43,16.81,0,0,0,0.0,0.0,0.0
1787615803.163445,08:56:43.163,3520,79.13,27.2,1011.3,16.247,0.0,0.0,0.0,-1.44,-0.07,-1.11,-1.44,2.93,0.22,9.35,340.06,1.31,17.43,0,0,0,0.0,0.0,0.0
1787615803.163634,08:56:43.163,3521,79.14,27.2,1011.3,16.247,0.0,0.0,0.0,-1.44,-0.07,-1.11,-1.44,2.93,0.22,9.35,340.06,1.31,17.43,0,0,0,0.0,0.0,0.0
1787615803.163823,08:56:43.163,3522,79.15,27.2,1011.3,16.247,0.0,0.0,0.0,-1.44,-0.07,-1.11,-1.44,2.93,0.22,9.35,340.06,1.31,17.43,0,0,0,0.0,0.0,0.0
1787615803.265211,08:56:43.265,3523,79.16,27.2,1011.3,16.247,0.0,0.0,0.0,-1.44,-0.07,-1.11,-1.44,2.93,0.22,9.35,340.06,1.31,17.43,0,0,0,0.0,0.0,0.0
1787615803.265495,08:56:43.265,3524,79.17,27.2,1011.27,16.498,0.0,0.0,0.0,-1.44,-0.07,-1.11,-1.44,2.93,0.22,9.35,340.06,1.31,17.43,0,0,0,0.0,0.0,0.0
1787615803.265654,08:56:43.265,3525,79.18,27.2,1011.27,16.498,0.0,0.0,0.0,-1.44,-0.07,-1.11,-1.44,2.93,0.22,9.35,340.06,1.31,17.43,0,0,0,0.0,0.0,0.0
1787615803.265808,08:56:43.265,3526,79.19,27.2,1011.27,16.498,0.0,0.0,0.0,-1.44,-0.07,-1.11,-1.44,2.93,0.22,9.35,340.06,1.31,17.43,0,0,0,0.0,0.0,0.0
1787615803.265963,08:56:43.265,3527,79.2,27.2,1011.27,16.498,0.0,0.0,0.0,-1.44,-0.07,-1.11,-1.44,2.93,0.22,9.35,340.06,1.31,17.43,0,0,0,0.0,0.0,0.0
1787615803.266115,08:56:43.266,3528,79.21,27.2,1011.27,16.498,0.0,0.0,0.0,-1.44,-0.07,-1.11,-1.44,2.93,0.22,9.35,340.06,1.31,17.43,0,0,0,0.0,0.0,0.0
1787615803.266265,08:56:43.266,3529,79.22,27.2,1011.27,16.498,0.0,0.0,0.0,-1.44,-0.07,-1.11,-1.44,2.93,0.22,9.35,340.06,1.31,17.43,0,0,0,0.0,0.0,0.0
1787615803.266415,08:56:43.266,3530,79.23,27.2,1011.27,16.498,0.0,0.0,0.0,-1.81,0.21,-0.95,-1.81,3.11,0.39,9.29,348.68,2.25,18.31,0,0,0,0.0,0.0,0.0
1787615803.266566,08:56:43.266,3531,79.24,27.2,1011.27,16.498,0.0,0.0,0.0,-1.81,0.21,-0.95,-1.81,3.11,0.39,9.29,348.68,2.25,18.31,0,0,0,0.0,0.0,0.0
1787615803.266720,08:56:43.266,3532,79.25,27.2,1011.27,16.498,0.0,0.0,0.0,-1.81,0.21,-0.95,-1.81,3.11,0.39,9.29,348.68,2.25,18.31,0,0,0,0.0,0.0,0.0
1787615803.367840,08:56:43.367,3533,79.26,27.2,1011.27,16.498,0.0,0.0,0.0,-1.81,0.21,-0.95,-1.81,3.11,0.39,9.29,348.68,2.25,18.31,0,0,0,0.0,0.0,0.0
1787615803.368149,08:56:43.368,3534,79.27,27.2,1011.27,16.498,0.0,0.0,0.0,-1.81,0.21,-0.95,-1.81,3.11,0.39,9.29,348.68,2.25,18.31,0,0,0,0.0,0.0,0.0
1787615803.368346,08:56:43.368,3535,79.28,27.2,1011.27,16.498,0.0,0.0,0.0,-1.81,0.21,-0.95,-1.81,3.11,0.39,9.29,348.68,2.25,18.31,0,0,0,0.0,0.0,0.0
1787615803.368537,08:56:43.368,3536,79.29,27.2,1011.27,16.498,0.0,0.0,0.0,-1.81,0.21,-0.95,-1.81,3.11,0.39,9.29,348.68,2.25,18.31,0,0,0,0.0,0.0,0.0
1787615803.368726,08:56:43.368,3537,79.3,27.2,1011.27,16.498,0.0,0.0,0.0,-1.81,0.21,-0.95,-1.81,3.11,0.39,9.29,348.68,2.25,18.31,0,0,0,0.0,0.0,0.0
1787615803.368915,08:56:43.368,3538,79.31,27.2,1011.27,16.498,0.0,0.0,0.0,-1.81,0.21,-0.95,-1.81,3.11,0.39,9.29,348.68,2.25,18.31,0,0,0,0.0,0.0,0.0
1787615803.369103,08:56:43.369,3539,79.32,27.2,1011.27,16.498,0.0,0.0,0.0,-1.81,0.21,-0.95,-1.81,3.11,0.39,9.29,348.68,2.25,18.31,0,0,0,0.0,0.0,0.0
1787615803.369289,08:56:43.369,3540,79.33,27.2,1011.27,16.498,0.0,0.0,0.0,0.36,0.2,-2.94,0.36,3.13,0.56,9.27,359.0,3.43,18.62,0,0,0,0.0,0.0,0.0
1787615803.369479,08:56:43.369,3541,79.34,27.2,1011.27,16.498,0.0,0.0,0.0,0.36,0.2,-2.94,0.36,3.13,0.56,9.27,359.0,3.43,18.62,0,0,0,0.0,0.0,0.0
1787615803.369667,08:56:43.369,3542,79.35,27.2,1011.27,16.498,0.0,0.0,0.0,0.36,0.2,-2.94,0.36,3.13,0.56,9.27,359.0,3.43,18.62,0,0,0,0.0,0.0,0.0
1787615803.470455,08:56:43.470,3543,79.36,27.2,1011.27,16.498,0.0,0.0,0.0,0.36,0.2,-2.94,0.36,3.13,0.56,9.27,359.0,3.43,18.62,0,0,0,0.0,0.0,0.0
1787615803.470843,08:56:43.470,3544,79.37,27.2,1011.29,16.329,0.0,0.0,0.0,0.36,0.2,-2.94,0.36,3.13,0.56,9.27,359.0,3.43,18.62,0,0,0,0.0,0.0,0.0
1787615803.471286,08:56:43.471,3545,79.38,27.2,1011.29,16.329,0.0,0.0,0.0,0.36,0.2,-2.94,0.36,3.13,0.56,9.27,359.0,3.43,18.62,0,0,0,0.0,0.0,0.0
1787615803.471542,08:56:43.471,3546,79.39,27.2,1011.29,16.329,0.0,0.0,0.0,0.36,0.2,-2.94,0.36,3.13,0.56,9.27,359.0,3.43,18.62,0,0,0,0.0,0.0,0.0
1787615803.471772,08:56:43.471,3547,79.4,27.2,1011.29,16.329,0.0,0.0,0.0,0.36,0.2,-2.94,0.36,3.13,0.56,9.27,359.0,3.43,18.62,0,0,0,0.0,0.0,0.0
1787615803.471997,08:56:43.471,3548,79.41,27.2,1011.29,16.329,0.0,0.0,0.0,0.36,0.2,-2.94,0.36,3.13,0.56,9.27,359.0,3.43,18.62,0,0,0,0.0,0.0,0.0
1787615803.472220,08:56:43.472,3549,79.42,27.2,1011.29,16.329,0.0,0.0,0.0,0.36,0.2,-2.94,0.36,3.13,0.56,9.27,359.0,3.43,18.62,0,0,0,0.0,0.0,0.0
1787615803.472439,08:56:43.472,3550,79.43,27.2,1011.29,16.329,0.0,0.0,0.0,-0.04,1.25,-0.56,-0.04,3.38,0.96,9.15,11.43,6.0,20.18,0,0,0,0.0,0.0,0.0
1787615803.472735,08:56:43.472,3551,79.44,27.2,1011.29,16.329,0.0,0.0,0.0,-0.04,1.25,-0.56,-0.04,3.38,0.96,9.15,11.43,6.0,20.18,0,0,0,0.0,0.0,0.0
1787615803.472981,08:56:43.472,3552,79.45,27.2,1011.29,16.329,0.0,0.0,0.0,-0.04,1.25,-0.56,-0.04,3.38,0.96,9.15,11.43,6.0,20.18,0,0,0,0.0,0.0,0.0
1787615803.473226,08:56:43.473,3553,79.46,27.2,1011.29,16.329,0.0,0.0,0.0,-0.04,1.25,-0.56,-0.04,3.38,0.96,9.15,11.43,6.0,20.18,0,0,0,0.0,0.0,0.0
1787615803.574630,08:56:43.574,3554,79.47,27.2,1011.29,16.329,0.0,0.0,0.0,-0.04,1.25,-0.56,-0.04,3.38,0.96,9.15,11.43,6.0,20.18,0,0,0,0.0,0.0,0.0
1787615803.574902,08:56:43.574,3555,79.48,27.2,1011.29,16.329,0.0,0.0,0.0,-0.04,1.25,-0.56,-0.04,3.38,0.96,9.15,11.43,6.0,20.18,0,0,0,0.0,0.0,0.0
1787615803.575070,08:56:43.575,3556,79.49,27.2,1011.29,16.329,0.0,0.0,0.0,-0.04,1.25,-0.56,-0.04,3.38,0.96,9.15,11.43,6.0,20.18,0,0,0,0.0,0.0,0.0
1787615803.575228,08:56:43.575,3557,79.5,27.2,1011.29,16.329,0.0,0.0,0.0,-0.04,1.25,-0.56,-0.04,3.38,0.96,9.15,11.43,6.0,20.18,0,0,0,0.0,0.0,0.0
1787615803.575384,08:56:43.575,3558,79.51,27.2,1011.29,16.329,0.0,0.0,0.0,-0.04,1.25,-0.56,-0.04,3.38,0.96,9.15,11.43,6.0,20.18,0,0,0,0.0,0.0,0.0
1787615803.575537,08:56:43.575,3559,79.52,27.2,1011.29,16.329,0.0,0.0,0.0,-0.04,1.25,-0.56,-0.04,3.38,0.96,9.15,11.43,6.0,20.18,0,0,0,0.0,0.0,0.0
1787615803.575689,08:56:43.575,3560,79.53,27.2,1011.29,16.329,0.0,0.0,0.0,-0.28,0.81,1.1,-0.28,3.59,1.28,9.03,24.31,8.06,21.5,0,0,0,0.0,0.0,0.0
1787615803.575843,08:56:43.575,3561,79.54,27.2,1011.29,16.329,0.0,0.0,0.0,-0.28,0.81,1.1,-0.28,3.59,1.28,9.03,24.31,8.06,21.5,0,0,0,0.0,0.0,0.0
1787615803.575999,08:56:43.575,3562,79.55,27.2,1011.29,16.329,0.0,0.0,0.0,-0.28,0.81,1.1,-0.28,3.59,1.28,9.03,24.31,8.06,21.5,0,0,0,0.0,0.0,0.0
1787615803.677333,08:56:43.677,3563,79.56,27.2,1011.29,16.329,0.0,0.0,0.0,-0.28,0.81,1.1,-0.28,3.59,1.28,9.03,24.31,8.06,21.5,0,0,0,0.0,0.0,0.0
1787615803.677633,08:56:43.677,3564,79.57,27.18,1011.24,16.746,0.0,0.0,0.0,-0.28,0.81,1.1,-0.28,3.59,1.28,9.03,24.31,8.06,21.5,0,0,0,0.0,0.0,0.0
1787615803.677828,08:56:43.677,3565,79.58,27.18,1011.24,16.746,0.0,0.0,0.0,-0.28,0.81,1.1,-0.28,3.59,1.28,9.03,24.31,8.06,21.5,0,0,0,0.0,0.0,0.0
1787615803.678019,08:56:43.678,3566,79.59,27.18,1011.24,16.746,0.0,0.0,0.0,-0.28,0.81,1.1,-0.28,3.59,1.28,9.03,24.31,8.06,21.5,0,0,0,0.0,0.0,0.0
1787615803.678208,08:56:43.678,3567,79.6,27.18,1011.24,16.746,0.0,0.0,0.0,-0.28,0.81,1.1,-0.28,3.59,1.28,9.03,24.31,8.06,21.5,0,0,0,0.0,0.0,0.0
1787615803.678398,08:56:43.678,3568,79.61,27.18,1011.24,16.746,0.0,0.0,0.0,-0.28,0.81,1.1,-0.28,3.59,1.28,9.03,24.31,8.06,21.5,0,0,0,0.0,0.0,0.0
1787615803.678589,08:56:43.678,3569,79.62,27.18,1011.24,16.746,0.0,0.0,0.0,-0.28,0.81,1.1,-0.28,3.59,1.28,9.03,24.31,8.06,21.5,0,0,0,0.0,0.0,0.0
1787615803.678781,08:56:43.678,3570,79.63,27.18,1011.24,16.746,0.0,0.0,0.0,-0.99,-0.23,0.0,-0.99,3.68,1.4,8.97,35.37,8.87,22.06,0,0,0,0.0,0.0,0.0
1787615803.678982,08:56:43.678,3571,79.64,27.18,1011.24,16.746,0.0,0.0,0.0,-0.99,-0.23,0.0,-0.99,3.68,1.4,8.97,35.37,8.87,22.06,0,0,0,0.0,0.0,0.0
1787615803.679341,08:56:43.679,3572,79.65,27.18,1011.24,16.746,0.0,0.0,0.0,-0.99,-0.23,0.0,-0.99,3.68,1.4,8.97,35.37,8.87,22.06,0,0,0,0.0,0.0,0.0
1787615803.679558,08:56:43.679,3573,79.66,27.18,1011.24,16.746,0.0,0.0,0.0,-0.99,-0.23,0.0,-0.99,3.68,1.4,8.97,35.37,8.87,22.06,0,0,0,0.0,0.0,0.0
1787615803.780482,08:56:43.780,3574,79.67,27.18,1011.24,16.746,0.0,0.0,0.0,-0.99,-0.23,0.0,-0.99,3.68,1.4,8.97,35.37,8.87,22.06,0,0,0,0.0,0.0,0.0
1787615803.780763,08:56:43.780,3575,79.68,27.18,1011.24,16.746,0.0,0.0,0.0,-0.99,-0.23,0.0,-0.99,3.68,1.4,8.97,35.37,8.87,22.06,0,0,0,0.0,0.0,0.0
1787615803.780920,08:56:43.780,3576,79.69,27.18,1011.24,16.746,0.0,0.0,0.0,-0.99,-0.23,0.0,-0.99,3.68,1.4,8.97,35.37,8.87,22.06,0,0,0,0.0,0.0,0.0
1787615803.781074,08:56:43.781,3577,79.7,27.18,1011.24,16.746,0.0,0.0,0.0,-0.99,-0.23,0.0,-0.99,3.68,1.4,8.97,35.37,8.87,22.06,0,0,0,0.0,0.0,0.0
1787615803.781226,08:56:43.781,3578,79.71,27.18,1011.24,16.746,0.0,0.0,0.0,-0.99,-0.23,0.0,-0.99,3.68,1.4,8.97,35.37,8.87,22.06,0,0,0,0.0,0.0,0.0
1787615803.781377,08:56:43.781,3579,79.72,27.18,1011.24,16.746,0.0,0.0,0.0,-0.99,-0.23,0.0,-0.99,3.68,1.4,8.97,35.37,8.87,22.06,0,0,0,0.0,0.0,0.0
1787615803.781529,08:56:43.781,3580,79.73,27.18,1011.24,16.746,0.0,0.0,0.0,0.05,0.59,-0.05,0.05,3.55,1.36,9.03,43.75,8.56,21.18,0,0,0,0.0,0.0,0.0
1787615803.781681,08:56:43.781,3581,79.74,27.18,1011.24,16.746,0.0,0.0,0.0,0.05,0.59,-0.05,0.05,3.55,1.36,9.03,43.75,8.56,21.18,0,0,0,0.0,0.0,0.0
1787615803.781831,08:56:43.781,3582,79.75,27.18,1011.24,16.746,0.0,0.0,0.0,0.05,0.59,-0.05,0.05,3.55,1.36,9.03,43.75,8.56,21.18,0,0,0,0.0,0.0,0.0
1787615803.882290,08:56:43.882,3583,79.76,27.18,1011.24,16.746,0.0,0.0,0.0,0.05,0.59,-0.05,0.05,3.55,1.36,9.03,43.75,8.56,21.18,0,0,0,0.0,0.0,0.0
1787615803.882545,08:56:43.882,3584,79.77,27.21,1011.3,16.247,0.0,0.0,0.0,0.05,0.59,-0.05,0.05,3.55,1.36,9.03,43.75,8.56,21.18,0,0,0,0.0,0.0,0.0
1787615803.882690,08:56:43.882,3585,79.78,27.21,1011.3,16.247,0.0,0.0,0.0,0.05,0.59,-0.05,0.05,3.55,1.36,9.03,43.75,8.56,21.18,0,0,0,0.0,0.0,0.0
1787615803.882832,08:56:43.882,3586,79.79,27.21,1011.3,16.247,0.0,0.0,0.0,0.05,0.59,-0.05,0.05,3.55,1.36,9.03,43.75,8.56,21.18,0,0,0,0.0,0.0,0.0
1787615803.882971,08:56:43.882,3587,79.8,27.21,1011.3,16.247,0.0,0.0,0.0,0.05,0.59,-0.05,0.05,3.55,1.36,9.03,43.75,8.56,21.18,0,0,0,0.0,0.0,0.0
1787615803.883110,08:56:43.883,3588,79.81,27.21,1011.3,16.247,0.0,0.0,0.0,0.05,0.59,-0.05,0.05,3.55,1.36,9.03,43.75,8.56,21.18,0,0,0,0.0,0.0,0.0
1787615803.883247,08:56:43.883,3589,79.82,27.21,1011.3,16.247,0.0,0.0,0.0,0.05,0.59,-0.05,0.05,3.55,1.36,9.03,43.75,8.56,21.18,0,0,0,0.0,0.0,0.0
1787615803.883383,08:56:43.883,3590,79.83,27.21,1011.3,16.247,0.0,0.0,0.0,-0.54,0.28,-0.23,-0.54,3.37,1.37,9.1,49.31,8.56,20.06,0,0,0,0.0,0.0,0.0
1787615803.883534,08:56:43.883,3591,79.84,27.21,1011.3,16.247,0.0,0.0,0.0,-0.54,0.28,-0.23,-0.54,3.37,1.37,9.1,49.31,8.56,20.06,0,0,0,0.0,0.0,0.0
1787615803.883672,08:56:43.883,3592,79.85,27.21,1011.3,16.247,0.0,0.0,0.0,-0.54,0.28,-0.23,-0.54,3.37,1.37,9.1,49.31,8.56,20.06,0,0,0,0.0,0.0,0.0
1787615803.883812,08:56:43.883,3593,79.86,27.21,1011.3,16.247,0.0,0.0,0.0,-0.54,0.28,-0.23,-0.54,3.37,1.37,9.1,49.31,8.56,20.06,0,0,0,0.0,0.0,0.0
1787615803.883953,08:56:43.883,3594,79.87,27.21,1011.3,16.247,0.0,0.0,0.0,-0.54,0.28,-0.23,-0.54,3.37,1.37,9.1,49.31,8.56,20.06,0,0,0,0.0,0.0,0.0
1787615803.985261,08:56:43.985,3595,79.88,27.21,1011.3,16.247,0.0,0.0,0.0,-0.54,0.28,-0.23,-0.54,3.37,1.37,9.1,49.31,8.56,20.06,0,0,0,0.0,0.0,0.0
1787615803.985611,08:56:43.985,3596,79.89,27.21,1011.3,16.247,0.0,0.0,0.0,-0.54,0.28,-0.23,-0.54,3.37,1.37,9.1,49.31,8.56,20.06,0,0,0,0.0,0.0,0.0
1787615803.985775,08:56:43.985,3597,79.9,27.21,1011.3,16.247,0.0,0.0,0.0,-0.54,0.28,-0.23,-0.54,3.37,1.37,9.1,49.31,8.56,20.06,0,0,0,0.0,0.0,0.0
1787615803.985918,08:56:43.985,3598,79.91,27.21,1011.3,16.247,0.0,0.0,0.0,-0.54,0.28,-0.23,-0.54,3.37,1.37,9.1,49.31,8.56,20.06,0,0,0,0.0,0.0,0.0
1787615803.986059,08:56:43.986,3599,79.92,27.21,1011.3,16.247,0.0,0.0,0.0,-0.54,0.28,-0.23,-0.54,3.37,1.37,9.1,49.31,8.56,20.06,0,0,0,0.0,0.0,0.0
1787615803.986200,08:56:43.986,3600,79.93,27.21,1011.3,16.247,0.0,0.0,0.0,-0.35,-1.51,-0.15,-0.35,3.27,1.54,9.11,52.93,9.56,19.5,0,0,0,0.0,0.0,0.0
1787615803.986379,08:56:43.986,3601,79.94,27.21,1011.3,16.247,0.0,0.0,0.0,-0.35,-1.51,-0.15,-0.35,3.27,1.54,9.11,52.93,9.56,19.5,0,0,0,0.0,0.0,0.0
1787615803.986518,08:56:43.986,3602,79.95,27.21,1011.3,16.247,0.0,0.0,0.0,-0.35,-1.51,-0.15,-0.35,3.27,1.54,9.11,52.93,9.56,19.5,0,0,0,0.0,0.0,0.0
1787615803.986658,08:56:43.986,3603,79.96,27.21,1011.3,16.247,0.0,0.0,0.0,-0.35,-1.51,-0.15,-0.35,3.27,1.54,9.11,52.93,9.56,19.5,0,0,0,0.0,0.0,0.0
1787615803.986799,08:56:43.986,3604,79.97,27.2,1011.25,16.664,0.0,0.0,0.0,-0.35,-1.51,-0.15,-0.35,3.27,1.54,9.11,52.93,9.56,19.5,0,0,0,0.0,0.0,0.0
1787615804.087140,08:56:44.087,3605,79.98,27.2,1011.25,16.664,0.0,0.0,0.0,-0.35,-1.51,-0.15,-0.35,3.27,1.54,9.11,52.93,9.56,19.5,0,0,0,0.0,0.0,0.0
1787615804.087419,08:56:44.087,3606,79.99,27.2,1011.25,16.664,0.0,0.0,0.0,-0.35,-1.51,-0.15,-0.35,3.27,1.54,9.11,52.93,9.56,19.5,0,0,0,0.0,0.0,0.0
1787615804.087571,08:56:44.087,3607,80.0,27.2,1011.25,16.664,0.0,0.0,0.0,-0.35,-1.51,-0.15,-0.35,3.27,1.54,9.11,52.93,9.56,19.5,0,0,0,0.0,0.0,0.0
1787615804.087715,08:56:44.087,3608,80.01,27.2,1011.25,16.664,0.0,0.0,0.0,-0.35,-1.51,-0.15,-0.35,3.27,1.54,9.11,52.93,9.56,19.5,0,0,0,0.0,0.0,0.0
1787615804.087858,08:56:44.087,3609,80.02,27.2,1011.25,16.664,0.0,0.0,0.0,-0.35,-1.51,-0.15,-0.35,3.27,1.54,9.11,52.93,9.56,19.5,0,0,0,0.0,0.0,0.0
1787615804.087999,08:56:44.087,3610,80.03,27.2,1011.25,16.664,0.0,0.0,0.0,1.74,-1.1,-0.85,1.74,3.29,1.68,9.08,55.18,10.5,19.62,0,0,0,0.0,0.0,0.0
1787615804.088142,08:56:44.088,3611,80.04,27.2,1011.25,16.664,0.0,0.0,0.0,1.74,-1.1,-0.85,1.74,3.29,1.68,9.08,55.18,10.5,19.62,0,0,0,0.0,0.0,0.0
1787615804.088284,08:56:44.088,3612,80.05,27.2,1011.25,16.664,0.0,0.0,0.0,1.74,-1.1,-0.85,1.74,3.29,1.68,9.08,55.18,10.5,19.62,0,0,0,0.0,0.0,0.0
1787615804.188788,08:56:44.188,3613,80.06,27.2,1011.25,16.664,0.0,0.0,0.0,1.74,-1.1,-0.85,1.74,3.29,1.68,9.08,55.18,10.5,19.62,0,0,0,0.0,0.0,0.0
1787615804.189044,08:56:44.189,3614,80.07,27.2,1011.25,16.664,0.0,0.0,0.0,1.74,-1.1,-0.85,1.74,3.29,1.68,9.08,55.18,10.5,19.62,0,0,0,0.0,0.0,0.0
1787615804.189189,08:56:44.189,3615,80.08,27.2,1011.25,16.664,0.0,0.0,0.0,1.74,-1.1,-0.85,1.74,3.29,1.68,9.08,55.18,10.5,19.62,0,0,0,0.0,0.0,0.0
1787615804.189331,08:56:44.189,3616,80.09,27.2,1011.25,16.664,0.0,0.0,0.0,1.74,-1.1,-0.85,1.74,3.29,1.68,9.08,55.18,10.5,19.62,0,0,0,0.0,0.0,0.0
1787615804.189472,08:56:44.189,3617,80.1,27.2,1011.25,16.664,0.0,0.0,0.0,1.74,-1.1,-0.85,1.74,3.29,1.68,9.08,55.18,10.5,19.62,0,0,0,0.0,0.0,0.0
1787615804.189610,08:56:44.189,3618,80.11,27.2,1011.25,16.664,0.0,0.0,0.0,1.74,-1.1,-0.85,1.74,3.29,1.68,9.08,55.18,10.5,19.62,0,0,0,0.0,0.0,0.0
1787615804.189749,08:56:44.189,3619,80.12,27.2,1011.25,16.664,0.0,0.0,0.0,1.74,-1.1,-0.85,1.74,3.29,1.68,9.08,55.18,10.5,19.62,0,0,0,0.0,0.0,0.0
1787615804.189886,08:56:44.189,3620,80.13,27.2,1011.25,16.664,0.0,0.0,0.0,-0.2,-2.32,-0.73,-0.2,3.43,1.62,9.03,56.37,10.12,20.5,0,0,0,0.0,0.0,0.0
1787615804.190025,08:56:44.190,3621,80.14,27.2,1011.25,16.664,0.0,0.0,0.0,-0.2,-2.32,-0.73,-0.2,3.43,1.62,9.03,56.37,10.12,20.5,0,0,0,0.0,0.0,0.0
1787615804.190164,08:56:44.190,3622,80.15,27.2,1011.25,16.664,0.0,0.0,0.0,-0.2,-2.32,-0.73,-0.2,3.43,1.62,9.03,56.37,10.12,20.5,0,0,0,0.0,0.0,0.0
1787615804.190302,08:56:44.190,3623,80.16,27.2,1011.25,16.664,0.0,0.0,0.0,-0.2,-2.32,-0.73,-0.2,3.43,1.62,9.03,56.37,10.12,20.5,0,0,0,0.0,0.0,0.0
1787615804.190441,08:56:44.190,3624,80.17,27.21,1011.25,16.664,0.0,0.0,0.0,-0.2,-2.32,-0.73,-0.2,3.43,1.62,9.03,56.37,10.12,20.5,0,0,0,0.0,0.0,0.0
1787615804.291768,08:56:44.291,3625,80.18,27.21,1011.25,16.664,0.0,0.0,0.0,-0.2,-2.32,-0.73,-0.2,3.43,1.62,9.03,56.37,10.12,20.5,0,0,0,0.0,0.0,0.0
1787615804.292047,08:56:44.292,3626,80.19,27.21,1011.25,16.664,0.0,0.0,0.0,-0.2,-2.32,-0.73,-0.2,3.43,1.62,9.03,56.37,10.12,20.5,0,0,0,0.0,0.0,0.0
1787615804.292196,08:56:44.292,3627,80.2,27.21,1011.25,16.664,0.0,0.0,0.0,-0.2,-2.32,-0.73,-0.2,3.43,1.62,9.03,56.37,10.12,20.5,0,0,0,0.0,0.0,0.0
1787615804.292337,08:56:44.292,3628,80.21,27.21,1011.25,16.664,0.0,0.0,0.0,-0.2,-2.32,-0.73,-0.2,3.43,1.62,9.03,56.37,10.12,20.5,0,0,0,0.0,0.0,0.0
1787615804.292476,08:56:44.292,3629,80.22,27.21,1011.25,16.664,0.0,0.0,0.0,-0.2,-2.32,-0.73,-0.2,3.43,1.62,9.03,56.37,10.12,20.5,0,0,0,0.0,0.0,0.0
1787615804.292613,08:56:44.292,3630,80.23,27.21,1011.25,16.664,0.0,0.0,0.0,-0.09,-1.04,-0.66,-0.09,3.39,1.53,9.07,56.18,9.56,20.25,0,0,0,0.0,0.0,0.0
1787615804.292751,08:56:44.292,3631,80.24,27.21,1011.25,16.664,0.0,0.0,0.0,-0.09,-1.04,-0.66,-0.09,3.39,1.53,9.07,56.18,9.56,20.25,0,0,0,0.0,0.0,0.0
1787615804.292891,08:56:44.292,3632,80.25,27.21,1011.25,16.664,0.0,0.0,0.0,-0.09,-1.04,-0.66,-0.09,3.39,1.53,9.07,56.18,9.56,20.25,0,0,0,0.0,0.0,0.0
1787615804.293027,08:56:44.293,3633,80.26,27.21,1011.25,16.664,0.0,0.0,0.0,-0.09,-1.04,-0.66,-0.09,3.39,1.53,9.07,56.18,9.56,20.25,0,0,0,0.0,0.0,0.0
1787615804.293165,08:56:44.293,3634,80.27,27.21,1011.25,16.664,0.0,0.0,0.0,-0.09,-1.04,-0.66,-0.09,3.39,1.53,9.07,56.18,9.56,20.25,0,0,0,0.0,0.0,0.0
1787615804.394463,08:56:44.394,3635,80.28,27.21,1011.25,16.664,0.0,0.0,0.0,-0.09,-1.04,-0.66,-0.09,3.39,1.53,9.07,56.18,9.56,20.25,0,0,0,0.0,0.0,0.0
1787615804.394760,08:56:44.394,3636,80.29,27.21,1011.25,16.664,0.0,0.0,0.0,-0.09,-1.04,-0.66,-0.09,3.39,1.53,9.07,56.18,9.56,20.25,0,0,0,0.0,0.0,0.0
1787615804.394954,08:56:44.394,3637,80.3,27.21,1011.25,16.664,0.0,0.0,0.0,-0.09,-1.04,-0.66,-0.09,3.39,1.53,9.07,56.18,9.56,20.25,0,0,0,0.0,0.0,0.0
1787615804.395142,08:56:44.395,3638,80.31,27.21,1011.25,16.664,0.0,0.0,0.0,-0.09,-1.04,-0.66,-0.09,3.39,1.53,9.07,56.18,9.56,20.25,0,0,0,0.0,0.0,0.0
1787615804.395329,08:56:44.395,3639,80.32,27.21,1011.25,16.664,0.0,0.0,0.0,-0.09,-1.04,-0.66,-0.09,3.39,1.53,9.07,56.18,9.56,20.25,0,0,0,0.0,0.0,0.0
1787615804.395515,08:56:44.395,3640,80.33,27.21,1011.25,16.664,0.0,0.0,0.0,0.3,-0.72,-2.13,0.3,3.18,1.46,9.15,54.68,9.06,18.93,0,0,0,0.0,0.0,0.0
1787615804.395701,08:56:44.395,3641,80.34,27.21,1011.25,16.664,0.0,0.0,0.0,0.3,-0.72,-2.13,0.3,3.18,1.46,9.15,54.68,9.06,18.93,0,0,0,0.0,0.0,0.0
1787615804.395886,08:56:44.395,3642,80.35,27.21,1011.25,16.664,0.0,0.0,0.0,0.3,-0.72,-2.13,0.3,3.18,1.46,9.15,54.68,9.06,18.93,0,0,0,0.0,0.0,0.0
1787615804.396072,08:56:44.396,3643,80.36,27.21,1011.25,16.664,0.0,0.0,0.0,0.3,-0.72,-2.13,0.3,3.18,1.46,9.15,54.68,9.06,18.93,0,0,0,0.0,0.0,0.0
1787615804.396257,08:56:44.396,3644,80.37,27.21,1011.28,16.413,0.0,0.0,0.0,0.3,-0.72,-2.13,0.3,3.18,1.46,9.15,54.68,9.06,18.93,0,0,0,0.0,0.0,0.0
1787615804.396442,08:56:44.396,3645,80.38,27.21,1011.28,16.413,0.0,0.0,0.0,0.3,-0.72,-2.13,0.3,3.18,1.46,9.15,54.68,9.06,18.93,0,0,0,0.0,0.0,0.0
1787615804.498610,08:56:44.498,3646,80.39,27.21,1011.28,16.413,0.0,0.0,0.0,0.3,-0.72,-2.13,0.3,3.18,1.46,9.15,54.68,9.06,18.93,0,0,0,0.0,0.0,0.0
1787615804.498807,08:56:44.498,3647,80.4,27.21,1011.28,16.413,0.0,0.0,0.0,0.3,-0.72,-2.13,0.3,3.18,1.46,9.15,54.68,9.06,18.93,0,0,0,0.0,0.0,0.0
1787615804.498938,08:56:44.498,3648,80.41,27.21,1011.28,16.413,0.0,0.0,0.0,0.3,-0.72,-2.13,0.3,3.18,1.46,9.15,54.68,9.06,18.93,0,0,0,0.0,0.0,0.0
1787615804.499065,08:56:44.499,3649,80.42,27.21,1011.28,16.413,0.0,0.0,0.0,0.3,-0.72,-2.13,0.3,3.18,1.46,9.15,54.68,9.06,18.93,0,0,0,0.0,0.0,0.0
1787615804.499191,08:56:44.499,3650,80.43,27.21,1011.28,16.413,0.0,0.0,0.0,-0.38,-0.6,-1.77,-0.38,3.0,1.68,9.18,53.25,10.37,17.81,0,0,0,0.0,0.0,0.0
1787615804.499361,08:56:44.499,3651,80.44,27.21,1011.28,16.413,0.0,0.0,0.0,-0.38,-0.6,-1.77,-0.38,3.0,1.68,9.18,53.25,10.37,17.81,0,0,0,0.0,0.0,0.0
1787615804.499485,08:56:44.499,3652,80.45,27.21,1011.28,16.413,0.0,0.0,0.0,-0.38,-0.6,-1.77,-0.38,3.0,1.68,9.18,53.25,10.37,17.81,0,0,0,0.0,0.0,0.0
1787615804.499610,08:56:44.499,3653,80.46,27.21,1011.28,16.413,0.0,0.0,0.0,-0.38,-0.6,-1.77,-0.38,3.0,1.68,9.18,53.25,10.37,17.81,0,0,0,0.0,0.0,0.0
1787615804.499737,08:56:44.499,3654,80.47,27.21,1011.28,16.413,0.0,0.0,0.0,-0.38,-0.6,-1.77,-0.38,3.0,1.68,9.18,53.25,10.37,17.81,0,0,0,0.0,0.0,0.0
1787615804.499861,08:56:44.499,3655,80.48,27.21,1011.28,16.413,0.0,0.0,0.0,-0.38,-0.6,-1.77,-0.38,3.0,1.68,9.18,53.25,10.37,17.81,0,0,0,0.0,0.0,0.0
1787615804.601165,08:56:44.601,3656,80.49,27.21,1011.28,16.413,0.0,0.0,0.0,-0.38,-0.6,-1.77,-0.38,3.0,1.68,9.18,53.25,10.37,17.81,0,0,0,0.0,0.0,0.0
1787615804.601432,08:56:44.601,3657,80.5,27.21,1011.28,16.413,0.0,0.0,0.0,-0.38,-0.6,-1.77,-0.38,3.0,1.68,9.18,53.25,10.37,17.81,0,0,0,0.0,0.0,0.0
1787615804.601584,08:56:44.601,3658,80.51,27.21,1011.28,16.413,0.0,0.0,0.0,-0.38,-0.6,-1.77,-0.38,3.0,1.68,9.18,53.25,10.37,17.81,0,0,0,0.0,0.0,0.0
1787615804.601726,08:56:44.601,3659,80.52,27.21,1011.28,16.413,0.0,0.0,0.0,-0.38,-0.6,-1.77,-0.38,3.0,1.68,9.18,53.25,10.37,17.81,0,0,0,0.0,0.0,0.0
1787615804.601866,08:56:44.601,3660,80.53,27.21,1011.28,16.413,0.0,0.0,0.0,-0.92,-0.46,0.65,-0.92,2.82,1.78,9.21,51.12,10.93,16.75,0,0,0,0.0,0.0,0.0
1787615804.602011,08:56:44.602,3661,80.54,27.21,1011.28,16.413,0.0,0.0,0.0,-0.92,-0.46,0.65,-0.92,2.82,1.78,9.21,51.12,10.93,16.75,0,0,0,0.0,0.0,0.0
1787615804.602150,08:56:44.602,3662,80.55,27.21,1011.28,16.413,0.0,0.0,0.0,-0.92,-0.46,0.65,-0.92,2.82,1.78,9.21,51.12,10.93,16.75,0,0,0,0.0,0.0,0.0
1787615804.602289,08:56:44.602,3663,80.56,27.21,1011.28,16.413,0.0,0.0,0.0,-0.92,-0.46,0.65,-0.92,2.82,1.78,9.21,51.12,10.93,16.75,0,0,0,0.0,0.0,0.0
1787615804.602426,08:56:44.602,3664,80.57,27.2,1011.25,16.664,0.0,0.0,0.0,-0.92,-0.46,0.65,-0.92,2.82,1.78,9.21,51.12,10.93,16.75,0,0,0,0.0,0.0,0.0
1787615804.602566,08:56:44.602,3665,80.58,27.2,1011.25,16.664,0.0,0.0,0.0,-0.92,-0.46,0.65,-0.92,2.82,1.78,9.21,51.12,10.93,16.75,0,0,0,0.0,0.0,0.0
1787615804.602704,08:56:44.602,3666,80.59,27.2,1011.25,16.664,0.0,0.0,0.0,-0.92,-0.46,0.65,-0.92,2.82,1.78,9.21,51.12,10.93,16.75,0,0,0,0.0,0.0,0.0
1787615804.704012,08:56:44.704,3667,80.6,27.2,1011.25,16.664,0.0,0.0,0.0,-0.92,-0.46,0.65,-0.92,2.82,1.78,9.21,51.12,10.93,16.75,0,0,0,0.0,0.0,0.0
1787615804.704321,08:56:44.704,3668,80.61,27.2,1011.25,16.664,0.0,0.0,0.0,-0.92,-0.46,0.65,-0.92,2.82,1.78,9.21,51.12,10.93,16.75,0,0,0,0.0,0.0,0.0
1787615804.704518,08:56:44.704,3669,80.62,27.2,1011.25,16.664,0.0,0.0,0.0,-0.92,-0.46,0.65,-0.92,2.82,1.78,9.21,51.12,10.93,16.75,0,0,0,0.0,0.0,0.0
1787615804.704709,08:56:44.704,3670,80.63,27.2,1011.25,16.664,0.0,0.0,0.0,-0.39,-1.55,0.13,-0.39,2.78,1.69,9.24,47.25,10.37,16.43,0,0,0,0.0,0.0,0.0
1787615804.704899,08:56:44.704,3671,80.64,27.2,1011.25,16.664,0.0,0.0,0.0,-0.39,-1.55,0.13,-0.39,2.78,1.69,9.24,47.25,10.37,16.43,0,0,0,0.0,0.0,0.0
1787615804.705087,08:56:44.705,3672,80.65,27.2,1011.25,16.664,0.0,0.0,0.0,-0.39,-1.55,0.13,-0.39,2.78,1.69,9.24,47.25,10.37,16.43,0,0,0,0.0,0.0,0.0
1787615804.705274,08:56:44.705,3673,80.66,27.2,1011.25,16.664,0.0,0.0,0.0,-0.39,-1.55,0.13,-0.39,2.78,1.69,9.24,47.25,10.37,16.43,0,0,0,0.0,0.0,0.0
1787615804.705462,08:56:44.705,3674,80.67,27.2,1011.25,16.664,0.0,0.0,0.0,-0.39,-1.55,0.13,-0.39,2.78,1.69,9.24,47.25,10.37,16.43,0,0,0,0.0,0.0,0.0
1787615804.705649,08:56:44.705,3675,80.68,27.2,1011.25,16.664,0.0,0.0,0.0,-0.39,-1.55,0.13,-0.39,2.78,1.69,9.24,47.25,10.37,16.43,0,0,0,0.0,0.0,0.0
1787615804.705836,08:56:44.705,3676,80.69,27.2,1011.25,16.664,0.0,0.0,0.0,-0.39,-1.55,0.13,-0.39,2.78,1.69,9.24,47.25,10.37,16.43,0,0,0,0.0,0.0,0.0
1787615804.807339,08:56:44.807,3677,80.7,27.2,1011.25,16.664,0.0,0.0,0.0,-0.39,-1.55,0.13,-0.39,2.78,1.69,9.24,47.25,10.37,16.43,0,0,0,0.0,0.0,0.0
1787615804.808762,08:56:44.808,3678,80.71,27.2,1011.25,16.664,0.0,0.0,0.0,-0.39,-1.55,0.13,-0.39,2.78,1.69,9.24,47.25,10.37,16.43,0,0,0,0.0,0.0,0.0
1787615804.809470,08:56:44.809,3679,80.72,27.2,1011.25,16.664,0.0,0.0,0.0,-0.39,-1.55,0.13,-0.39,2.78,1.69,9.24,47.25,10.37,16.43,0,0,0,0.0,0.0,0.0
1787615804.810154,08:56:44.810,3680,80.73,27.2,1011.25,16.664,0.0,0.0,0.0,-0.84,-0.86,-1.33,-0.84,2.81,1.5,9.27,42.43,9.37,16.68,0,0,0,0.0,0.0,0.0
1787615804.810835,08:56:44.810,3681,80.74,27.2,1011.25,16.664,0.0,0.0,0.0,-0.84,-0.86,-1.33,-0.84,2.81,1.5,9.27,42.43,9.37,16.68,0,0,0,0.0,0.0,0.0
1787615804.811409,08:56:44.811,3682,80.75,27.2,1011.25,16.664,0.0,0.0,0.0,-0.84,-0.86,-1.33,-0.84,2.81,1.5,9.27,42.43,9.37,16.68,0,0,0,0.0,0.0,0.0
1787615804.811742,08:56:44.811,3683,80.76,27.2,1011.25,16.664,0.0,0.0,0.0,-0.84,-0.86,-1.33,-0.84,2.81,1.5,9.27,42.43,9.37,16.68,0,0,0,0.0,0.0,0.0
1787615804.812074,08:56:44.812,3684,80.77,27.21,1011.3,16.247,0.0,0.0,0.0,-0.84,-0.86,-1.33,-0.84,2.81,1.5,9.27,42.43,9.37,16.68,0,0,0,0.0,0.0,0.0
1787615804.812402,08:56:44.812,3685,80.78,27.21,1011.3,16.247,0.0,0.0,0.0,-0.84,-0.86,-1.33,-0.84,2.81,1.5,9.27,42.43,9.37,16.68,0,0,0,0.0,0.0,0.0
1787615804.812731,08:56:44.812,3686,80.79,27.21,1011.3,16.247,0.0,0.0,0.0,-0.84,-0.86,-1.33,-0.84,2.81,1.5,9.27,42.43,9.37,16.68,0,0,0,0.0,0.0,0.0
1787615804.813057,08:56:44.813,3687,80.8,27.21,1011.3,16.247,0.0,0.0,0.0,-0.84,-0.86,-1.33,-0.84,2.81,1.5,9.27,42.43,9.37,16.68,0,0,0,0.0,0.0,0.0
1787615804.913812,08:56:44.913,3688,80.81,27.21,1011.3,16.247,0.0,0.0,0.0,-0.84,-0.86,-1.33,-0.84,2.81,1.5,9.27,42.43,9.37,16.68,0,0,0,0.0,0.0,0.0
1787615804.914188,08:56:44.914,3689,80.82,27.21,1011.3,16.247,0.0,0.0,0.0,-0.84,-0.86,-1.33,-0.84,2.81,1.5,9.27,42.43,9.37,16.68,0,0,0,0.0,0.0,0.0
1787615804.914419,08:56:44.914,3690,80.83,27.21,1011.3,16.247,0.0,0.0,0.0,-0.79,-0.83,-0.94,-0.79,2.75,1.38,9.31,36.25,8.5,16.31,0,0,0,0.0,0.0,0.0
1787615804.914643,08:56:44.914,3691,80.84,27.21,1011.3,16.247,0.0,0.0,0.0,-0.79,-0.83,-0.94,-0.79,2.75,1.38,9.31,36.25,8.5,16.31,0,0,0,0.0,0.0,0.0
1787615804.914866,08:56:44.914,3692,80.85,27.21,1011.3,16.247,0.0,0.0,0.0,-0.79,-0.83,-0.94,-0.79,2.75,1.38,9.31,36.25,8.5,16.31,0,0,0,0.0,0.0,0.0
1787615804.915084,08:56:44.915,3693,80.86,27.21,1011.3,16.247,0.0,0.0,0.0,-0.79,-0.83,-0.94,-0.79,2.75,1.38,9.31,36.25,8.5,16.31,0,0,0,0.0,0.0,0.0
1787615804.915300,08:56:44.915,3694,80.87,27.21,1011.3,16.247,0.0,0.0,0.0,-0.79,-0.83,-0.94,-0.79,2.75,1.38,9.31,36.25,8.5,16.31,0,0,0,0.0,0.0,0.0
1787615804.915519,08:56:44.915,3695,80.88,27.21,1011.3,16.247,0.0,0.0,0.0,-0.79,-0.83,-0.94,-0.79,2.75,1.38,9.31,36.25,8.5,16.31,0,0,0,0.0,0.0,0.0
1787615804.915737,08:56:44.915,3696,80.89,27.21,1011.3,16.247,0.0,0.0,0.0,-0.79,-0.83,-0.94,-0.79,2.75,1.38,9.31,36.25,8.5,16.31,0,0,0,0.0,0.0,0.0
1787615804.915954,08:56:44.915,3697,80.9,27.21,1011.3,16.247,0.0,0.0,0.0,-0.79,-0.83,-0.94,-0.79,2.75,1.38,9.31,36.25,8.5,16.31,0,0,0,0.0,0.0,0.0
1787615805.017493,08:56:45.017,3698,80.91,27.21,1011.3,16.247,0.0,0.0,0.0,-0.79,-0.83,-0.94,-0.79,2.75,1.38,9.31,36.25,8.5,16.31,0,0,0,0.0,0.0,0.0
1787615805.019347,08:56:45.019,3699,80.92,27.21,1011.3,16.247,0.0,0.0,0.0,-0.79,-0.83,-0.94,-0.79,2.75,1.38,9.31,36.25,8.5,16.31,0,0,0,0.0,0.0,0.0
1787615805.020316,08:56:45.020,3700,80.93,27.21,1011.3,16.247,0.0,0.0,0.0,0.02,-0.41,-1.11,0.02,2.69,1.34,9.33,28.93,8.12,15.87,0,0,0,0.0,0.0,0.0
1787615805.021162,08:56:45.021,3701,80.94,27.21,1011.3,16.247,0.0,0.0,0.0,0.02,-0.41,-1.11,0.02,2.69,1.34,9.33,28.93,8.12,15.87,0,0,0,0.0,0.0,0.0
1787615805.021825,08:56:45.021,3702,80.95,27.21,1011.3,16.247,0.0,0.0,0.0,0.02,-0.41,-1.11,0.02,2.69,1.34,9.33,28.93,8.12,15.87,0,0,0,0.0,0.0,0.0
1787615805.022209,08:56:45.022,3703,80.96,27.21,1011.3,16.247,0.0,0.0,0.0,0.02,-0.41,-1.11,0.02,2.69,1.34,9.33,28.93,8.12,15.87,0,0,0,0.0,0.0,0.0
1787615805.022476,08:56:45.022,3704,80.97,27.2,1011.28,16.413,0.0,0.0,0.0,0.02,-0.41,-1.11,0.02,2.69,1.34,9.33,28.93,8.12,15.87,0,0,0,0.0,0.0,0.0
1787615805.022737,08:56:45.022,3705,80.98,27.2,1011.28,16.413,0.0,0.0,0.0,0.02,-0.41,-1.11,0.02,2.69,1.34,9.33,28.93,8.12,15.87,0,0,0,0.0,0.0,0.0
1787615805.023013,08:56:45.023,3706,80.99,27.2,1011.28,16.413,0.0,0.0,0.0,0.02,-0.41,-1.11,0.02,2.69,1.34,9.33,28.93,8.12,15.87,0,0,0,0.0,0.0,0.0
1787615805.124503,08:56:45.124,3707,81.0,27.2,1011.28,16.413,0.0,0.0,0.0,0.02,-0.41,-1.11,0.02,2.69,1.34,9.33,28.93,8.12,15.87,0,0,0,0.0,0.0,0.0
1787615805.124872,08:56:45.124,3708,81.01,27.2,1011.28,16.413,0.0,0.0,0.0,0.02,-0.41,-1.11,0.02,2.69,1.34,9.33,28.93,8.12,15.87,0,0,0,0.0,0.0,0.0
1787615805.125083,08:56:45.125,3709,81.02,27.2,1011.28,16.413,0.0,0.0,0.0,0.02,-0.41,-1.11,0.02,2.69,1.34,9.33,28.93,8.12,15.87,0,0,0,0.0,0.0,0.0
1787615805.125285,08:56:45.125,3710,81.03,27.2,1011.28,16.413,0.0,0.0,0.0,0.3,0.24,-0.93,0.3,2.77,1.31,9.31,20.93,8.0,16.43,0,0,0,0.0,0.0,0.0
1787615805.125481,08:56:45.125,3711,81.04,27.2,1011.28,16.413,0.0,0.0,0.0,0.3,0.24,-0.93,0.3,2.77,1.31,9.31,20.93,8.0,16.43,0,0,0,0.0,0.0,0.0
1787615805.125676,08:56:45.125,3712,81.05,27.2,1011.28,16.413,0.0,0.0,0.0,0.3,0.24,-0.93,0.3,2.77,1.31,9.31,20.93,8.0,16.43,0,0,0,0.0,0.0,0.0
1787615805.125867,08:56:45.125,3713,81.06,27.2,1011.28,16.413,0.0,0.0,0.0,0.3,0.24,-0.93,0.3,2.77,1.31,9.31,20.93,8.0,16.43,0,0,0,0.0,0.0,0.0
1787615805.126058,08:56:45.126,3714,81.07,27.2,1011.28,16.413,0.0,0.0,0.0,0.3,0.24,-0.93,0.3,2.77,1.31,9.31,20.93,8.0,16.43,0,0,0,0.0,0.0,0.0
1787615805.126248,08:56:45.126,3715,81.08,27.2,1011.28,16.413,0.0,0.0,0.0,0.3,0.24,-0.93,0.3,2.77,1.31,9.31,20.93,8.0,16.43,0,0,0,0.0,0.0,0.0
1787615805.126437,08:56:45.126,3716,81.09,27.2,1011.28,16.413,0.0,0.0,0.0,0.3,0.24,-0.93,0.3,2.77,1.31,9.31,20.93,8.0,16.43,0,0,0,0.0,0.0,0.0
1787615805.126628,08:56:45.126,3717,81.1,27.2,1011.28,16.413,0.0,0.0,0.0,0.3,0.24,-0.93,0.3,2.77,1.31,9.31,20.93,8.0,16.43,0,0,0,0.0,0.0,0.0
1787615805.126818,08:56:45.126,3718,81.11,27.2,1011.28,16.413,0.0,0.0,0.0,0.3,0.24,-0.93,0.3,2.77,1.31,9.31,20.93,8.0,16.43,0,0,0,0.0,0.0,0.0
1787615805.228193,08:56:45.228,3719,81.12,27.2,1011.28,16.413,0.0,0.0,0.0,0.3,0.24,-0.93,0.3,2.77,1.31,9.31,20.93,8.0,16.43,0,0,0,0.0,0.0,0.0
1787615805.228561,08:56:45.228,3720,81.13,27.2,1011.28,16.413,0.0,0.0,0.0,0.3,0.24,-0.93,0.3,2.77,1.31,9.31,13.68,6.31,18.12,0,0,0,0.0,0.0,0.0
1787615805.228790,08:56:45.228,3721,81.14,27.2,1011.28,16.413,0.0,0.0,0.0,0.3,0.24,-0.93,0.3,2.77,1.31,9.31,13.68,6.31,18.12,0,0,0,0.0,0.0,0.0
1787615805.229010,08:56:45.229,3722,81.15,27.2,1011.28,16.413,0.0,0.0,0.0,0.3,0.24,-0.93,0.3,2.77,1.31,9.31,13.68,6.31,18.12,0,0,0,0.0,0.0,0.0
1787615805.229228,08:56:45.229,3723,81.16,27.2,1011.28,16.413,0.0,0.0,0.0,0.3,0.24,-0.93,0.3,2.77,1.31,9.31,13.68,6.31,18.12,0,0,0,0.0,0.0,0.0
1787615805.229444,08:56:45.229,3724,81.17,27.18,1011.28,16.413,0.0,0.0,0.0,0.3,0.24,-0.93,0.3,2.77,1.31,9.31,13.68,6.31,18.12,0,0,0,0.0,0.0,0.0
1787615805.229659,08:56:45.229,3725,81.18,27.18,1011.28,16.413,0.0,0.0,0.0,0.3,0.24,-0.93,0.3,2.77,1.31,9.31,13.68,6.31,18.12,0,0,0,0.0,0.0,0.0
1787615805.229876,08:56:45.229,3726,81.19,27.18,1011.28,16.413,0.0,0.0,0.0,0.3,0.24,-0.93,0.3,2.77,1.31,9.31,13.68,6.31,18.12,0,0,0,0.0,0.0,0.0
1787615805.230089,08:56:45.230,3727,81.2,27.18,1011.28,16.413,0.0,0.0,0.0,0.3,0.24,-0.93,0.3,2.77,1.31,9.31,13.68,6.31,18.12,0,0,0,0.0,0.0,0.0
1787615805.230312,08:56:45.230,3728,81.21,27.18,1011.28,16.413,0.0,0.0,0.0,0.3,0.24,-0.93,0.3,2.77,1.31,9.31,13.68,6.31,18.12,0,0,0,0.0,0.0,0.0
1787615805.331821,08:56:45.331,3729,81.22,27.18,1011.28,16.413,0.0,0.0,0.0,0.3,0.24,-0.93,0.3,2.77,1.31,9.31,13.68,6.31,18.12,0,0,0,0.0,0.0,0.0
1787615805.333294,08:56:45.333,3730,81.23,27.18,1011.28,16.413,0.0,0.0,0.0,-0.26,1.14,1.58,-0.26,3.47,0.56,9.15,8.12,3.5,20.68,0,0,0,0.0,0.0,0.0
1787615805.334034,08:56:45.334,3731,81.24,27.18,1011.28,16.413,0.0,0.0,0.0,-0.26,1.14,1.58,-0.26,3.47,0.56,9.15,8.12,3.5,20.68,0,0,0,0.0,0.0,0.0
1787615805.334741,08:56:45.334,3732,81.25,27.18,1011.28,16.413,0.0,0.0,0.0,-0.26,1.14,1.58,-0.26,3.47,0.56,9.15,8.12,3.5,20.68,0,0,0,0.0,0.0,0.0
1787615805.335430,08:56:45.335,3733,81.26,27.18,1011.28,16.413,0.0,0.0,0.0,-0.26,1.14,1.58,-0.26,3.47,0.56,9.15,8.12,3.5,20.68,0,0,0,0.0,0.0,0.0
1787615805.336114,08:56:45.336,3734,81.27,27.18,1011.28,16.413,0.0,0.0,0.0,-0.26,1.14,1.58,-0.26,3.47,0.56,9.15,8.12,3.5,20.68,0,0,0,0.0,0.0,0.0
1787615805.336616,08:56:45.336,3735,81.28,27.18,1011.28,16.413,0.0,0.0,0.0,-0.26,1.14,1.58,-0.26,3.47,0.56,9.15,8.12,3.5,20.68,0,0,0,0.0,0.0,0.0
1787615805.336902,08:56:45.336,3736,81.29,27.18,1011.28,16.413,0.0,0.0,0.0,-0.26,1.14,1.58,-0.26,3.47,0.56,9.15,8.12,3.5,20.68,0,0,0,0.0,0.0,0.0
1787615805.337176,08:56:45.337,3737,81.3,27.18,1011.28,16.413,0.0,0.0,0.0,-0.26,1.14,1.58,-0.26,3.47,0.56,9.15,8.12,3.5,20.68,0,0,0,0.0,0.0,0.0
1787615805.337452,08:56:45.337,3738,81.31,27.18,1011.28,16.413,0.0,0.0,0.0,-0.26,1.14,1.58,-0.26,3.47,0.56,9.15,8.12,3.5,20.68,0,0,0,0.0,0.0,0.0
1787615805.337714,08:56:45.337,3739,81.32,27.18,1011.28,16.413,0.0,0.0,0.0,-0.26,1.14,1.58,-0.26,3.47,0.56,9.15,8.12,3.5,20.68,0,0,0,0.0,0.0,0.0
1787615805.438793,08:56:45.438,3740,81.33,27.18,1011.28,16.413,0.0,0.0,0.0,-2.45,0.37,1.39,-2.45,3.84,0.19,9.01,2.87,1.18,23.06,0,0,0,0.0,0.0,0.0
1787615805.439055,08:56:45.439,3741,81.34,27.18,1011.28,16.413,0.0,0.0,0.0,-2.45,0.37,1.39,-2.45,3.84,0.19,9.01,2.87,1.18,23.06,0,0,0,0.0,0.0,0.0
1787615805.439213,08:56:45.439,3742,81.35,27.18,1011.28,16.413,0.0,0.0,0.0,-2.45,0.37,1.39,-2.45,3.84,0.19,9.01,2.87,1.18,23.06,0,0,0,0.0,0.0,0.0
1787615805.439367,08:56:45.439,3743,81.36,27.18,1011.28,16.413,0.0,0.0,0.0,-2.45,0.37,1.39,-2.45,3.84,0.19,9.01,2.87,1.18,23.06,0,0,0,0.0,0.0,0.0
1787615805.439518,08:56:45.439,3744,81.37,27.18,1011.29,16.329,0.0,0.0,0.0,-2.45,0.37,1.39,-2.45,3.84,0.19,9.01,2.87,1.18,23.06,0,0,0,0.0,0.0,0.0
1787615805.439668,08:56:45.439,3745,81.38,27.18,1011.29,16.329,0.0,0.0,0.0,-2.45,0.37,1.39,-2.45,3.84,0.19,9.01,2.87,1.18,23.06,0,0,0,0.0,0.0,0.0
1787615805.439817,08:56:45.439,3746,81.39,27.18,1011.29,16.329,0.0,0.0,0.0,-2.45,0.37,1.39,-2.45,3.84,0.19,9.01,2.87,1.18,23.06,0,0,0,0.0,0.0,0.0
1787615805.439966,08:56:45.439,3747,81.4,27.18,1011.29,16.329,0.0,0.0,0.0,-2.45,0.37,1.39,-2.45,3.84,0.19,9.01,2.87,1.18,23.06,0,0,0,0.0,0.0,0.0
1787615805.440114,08:56:45.440,3748,81.41,27.18,1011.29,16.329,0.0,0.0,0.0,-2.45,0.37,1.39,-2.45,3.84,0.19,9.01,2.87,1.18,23.06,0,0,0,0.0,0.0,0.0
1787615805.440265,08:56:45.440,3749,81.42,27.18,1011.29,16.329,0.0,0.0,0.0,-2.45,0.37,1.39,-2.45,3.84,0.19,9.01,2.87,1.18,23.06,0,0,0,0.0,0.0,0.0
1787615805.440412,08:56:45.440,3750,81.43,27.18,1011.29,16.329,0.0,0.0,0.0,-0.61,1.83,-0.5,-0.61,3.81,0.11,9.03,358.68,0.68,22.81,0,0,0,0.0,0.0,0.0
1787615805.541725,08:56:45.541,3751,81.44,27.18,1011.29,16.329,0.0,0.0,0.0,-0.61,1.83,-0.5,-0.61,3.81,0.11,9.03,358.68,0.68,22.81,0,0,0,0.0,0.0,0.0
1787615805.541975,08:56:45.541,3752,81.45,27.18,1011.29,16.329,0.0,0.0,0.0,-0.61,1.83,-0.5,-0.61,3.81,0.11,9.03,358.68,0.68,22.81,0,0,0,0.0,0.0,0.0
1787615805.542137,08:56:45.542,3753,81.46,27.18,1011.29,16.329,0.0,0.0,0.0,-0.61,1.83,-0.5,-0.61,3.81,0.11,9.03,358.68,0.68,22.81,0,0,0,0.0,0.0,0.0
1787615805.542293,08:56:45.542,3754,81.47,27.18,1011.29,16.329,0.0,0.0,0.0,-0.61,1.83,-0.5,-0.61,3.81,0.11,9.03,358.68,0.68,22.81,0,0,0,0.0,0.0,0.0
1787615805.542446,08:56:45.542,3755,81.48,27.18,1011.29,16.329,0.0,0.0,0.0,-0.61,1.83,-0.5,-0.61,3.81,0.11,9.03,358.68,0.68,22.81,0,0,0,0.0,0.0,0.0
1787615805.542599,08:56:45.542,3756,81.49,27.18,1011.29,16.329,0.0,0.0,0.0,-0.61,1.83,-0.5,-0.61,3.81,0.11,9.03,358.68,0.68,22.81,0,0,0,0.0,0.0,0.0
1787615805.542751,08:56:45.542,3757,81.5,27.18,1011.29,16.329,0.0,0.0,0.0,-0.61,1.83,-0.5,-0.61,3.81,0.11,9.03,358.68,0.68,22.81,0,0,0,0.0,0.0,0.0
1787615805.542905,08:56:45.542,3758,81.51,27.18,1011.29,16.329,0.0,0.0,0.0,-0.61,1.83,-0.5,-0.61,3.81,0.11,9.03,358.68,0.68,22.81,0,0,0,0.0,0.0,0.0
1787615805.543057,08:56:45.543,3759,81.52,27.18,1011.29,16.329,0.0,0.0,0.0,-0.61,1.83,-0.5,-0.61,3.81,0.11,9.03,358.68,0.68,22.81,0,0,0,0.0,0.0,0.0
1787615805.644035,08:56:45.644,3760,81.53,27.18,1011.29,16.329,0.0,0.0,0.0,-0.18,2.81,-0.08,-0.18,3.7,0.32,9.07,357.43,2.0,22.18,0,0,0,0.0,0.0,0.0
1787615805.644873,08:56:45.644,3761,81.54,27.18,1011.29,16.329,0.0,0.0,0.0,-0.18,2.81,-0.08,-0.18,3.7,0.32,9.07,357.43,2.0,22.18,0,0,0,0.0,0.0,0.0
1787615805.645194,08:56:45.645,3762,81.55,27.18,1011.29,16.329,0.0,0.0,0.0,-0.18,2.81,-0.08,-0.18,3.7,0.32,9.07,357.43,2.0,22.18,0,0,0,0.0,0.0,0.0
1787615805.645501,08:56:45.645,3763,81.56,27.18,1011.29,16.329,0.0,0.0,0.0,-0.18,2.81,-0.08,-0.18,3.7,0.32,9.07,357.43,2.0,22.18,0,0,0,0.0,0.0,0.0
1787615805.645817,08:56:45.645,3764,81.57,27.17,1011.3,16.247,0.0,0.0,0.0,-0.18,2.81,-0.08,-0.18,3.7,0.32,9.07,357.43,2.0,22.18,0,0,0,0.0,0.0,0.0
1787615805.646120,08:56:45.646,3765,81.58,27.17,1011.3,16.247,0.0,0.0,0.0,-0.18,2.81,-0.08,-0.18,3.7,0.32,9.07,357.43,2.0,22.18,0,0,0,0.0,0.0,0.0
1787615805.646432,08:56:45.646,3766,81.59,27.17,1011.3,16.247,0.0,0.0,0.0,-0.18,2.81,-0.08,-0.18,3.7,0.32,9.07,357.43,2.0,22.18,0,0,0,0.0,0.0,0.0
1787615805.647041,08:56:45.647,3767,81.6,27.17,1011.3,16.247,0.0,0.0,0.0,-0.18,2.81,-0.08,-0.18,3.7,0.32,9.07,357.43,2.0,22.18,0,0,0,0.0,0.0,0.0
1787615805.647361,08:56:45.647,3768,81.61,27.17,1011.3,16.247,0.0,0.0,0.0,-0.18,2.81,-0.08,-0.18,3.7,0.32,9.07,357.43,2.0,22.18,0,0,0,0.0,0.0,0.0
1787615805.647667,08:56:45.647,3769,81.62,27.17,1011.3,16.247,0.0,0.0,0.0,-0.18,2.81,-0.08,-0.18,3.7,0.32,9.07,357.43,2.0,22.18,0,0,0,0.0,0.0,0.0
1787615805.647998,08:56:45.647,3770,81.63,27.17,1011.3,16.247,0.0,0.0,0.0,-0.5,0.33,1.71,-0.5,3.88,0.45,8.99,358.5,2.87,23.31,0,0,0,0.0,0.0,0.0
1787615805.648317,08:56:45.648,3771,81.64,27.17,1011.3,16.247,0.0,0.0,0.0,-0.5,0.33,1.71,-0.5,3.88,0.45,8.99,358.5,2.87,23.31,0,0,0,0.0,0.0,0.0
1787615805.749844,08:56:45.749,3772,81.65,27.17,1011.3,16.247,0.0,0.0,0.0,-0.5,0.33,1.71,-0.5,3.88,0.45,8.99,358.5,2.87,23.31,0,0,0,0.0,0.0,0.0
1787615805.750309,08:56:45.750,3773,81.66,27.17,1011.3,16.247,0.0,0.0,0.0,-0.5,0.33,1.71,-0.5,3.88,0.45,8.99,358.5,2.87,23.31,0,0,0,0.0,0.0,0.0
1787615805.750554,08:56:45.750,3774,81.67,27.17,1011.3,16.247,0.0,0.0,0.0,-0.5,0.33,1.71,-0.5,3.88,0.45,8.99,358.5,2.87,23.31,0,0,0,0.0,0.0,0.0
1787615805.750792,08:56:45.750,3775,81.68,27.17,1011.3,16.247,0.0,0.0,0.0,-0.5,0.33,1.71,-0.5,3.88,0.45,8.99,358.5,2.87,23.31,0,0,0,0.0,0.0,0.0
1787615805.751022,08:56:45.751,3776,81.69,27.17,1011.3,16.247,0.0,0.0,0.0,-0.5,0.33,1.71,-0.5,3.88,0.45,8.99,358.5,2.87,23.31,0,0,0,0.0,0.0,0.0
1787615805.751245,08:56:45.751,3777,81.7,27.17,1011.3,16.247,0.0,0.0,0.0,-0.5,0.33,1.71,-0.5,3.88,0.45,8.99,358.5,2.87,23.31,0,0,0,0.0,0.0,0.0
1787615805.751471,08:56:45.751,3778,81.71,27.17,1011.3,16.247,0.0,0.0,0.0,-0.5,0.33,1.71,-0.5,3.88,0.45,8.99,358.5,2.87,23.31,0,0,0,0.0,0.0,0.0
1787615805.751694,08:56:45.751,3779,81.72,27.17,1011.3,16.247,0.0,0.0,0.0,-0.5,0.33,1.71,-0.5,3.88,0.45,8.99,358.5,2.87,23.31,0,0,0,0.0,0.0,0.0
1787615805.751915,08:56:45.751,3780,81.73,27.17,1011.3,16.247,0.0,0.0,0.0,-1.36,-0.94,1.21,-1.36,4.36,0.36,8.77,359.93,2.31,26.37,0,0,0,0.0,0.0,0.0
1787615805.752117,08:56:45.752,3781,81.74,27.17,1011.3,16.247,0.0,0.0,0.0,-1.36,-0.94,1.21,-1.36,4.36,0.36,8.77,359.93,2.31,26.37,0,0,0,0.0,0.0,0.0
1787615805.853480,08:56:45.853,3782,81.75,27.17,1011.3,16.247,0.0,0.0,0.0,-1.36,-0.94,1.21,-1.36,4.36,0.36,8.77,359.93,2.31,26.37,0,0,0,0.0,0.0,0.0
1787615805.853763,08:56:45.853,3783,81.76,27.17,1011.3,16.247,0.0,0.0,0.0,-1.36,-0.94,1.21,-1.36,4.36,0.36,8.77,359.93,2.31,26.37,0,0,0,0.0,0.0,0.0
1787615805.853923,08:56:45.853,3784,81.77,27.17,1011.32,16.08,0.0,0.0,0.0,-1.36,-0.94,1.21,-1.36,4.36,0.36,8.77,359.93,2.31,26.37,0,0,0,0.0,0.0,0.0
1787615805.854086,08:56:45.854,3785,81.78,27.17,1011.32,16.08,0.0,0.0,0.0,-1.36,-0.94,1.21,-1.36,4.36,0.36,8.77,359.93,2.31,26.37,0,0,0,0.0,0.0,0.0
1787615805.854245,08:56:45.854,3786,81.79,27.17,1011.32,16.08,0.0,0.0,0.0,-1.36,-0.94,1.21,-1.36,4.36,0.36,8.77,359.93,2.31,26.37,0,0,0,0.0,0.0,0.0
1787615805.854397,08:56:45.854,3787,81.8,27.17,1011.32,16.08,0.0,0.0,0.0,-1.36,-0.94,1.21,-1.36,4.36,0.36,8.77,359.93,2.31,26.37,0,0,0,0.0,0.0,0.0
1787615805.854559,08:56:45.854,3788,81.81,27.17,1011.32,16.08,0.0,0.0,0.0,-1.36,-0.94,1.21,-1.36,4.36,0.36,8.77,359.93,2.31,26.37,0,0,0,0.0,0.0,0.0
1787615805.854798,08:56:45.854,3789,81.82,27.17,1011.32,16.08,0.0,0.0,0.0,-1.36,-0.94,1.21,-1.36,4.36,0.36,8.77,359.93,2.31,26.37,0,0,0,0.0,0.0,0.0
1787615805.854975,08:56:45.854,3790,81.83,27.17,1011.32,16.08,0.0,0.0,0.0,-2.07,-1.0,0.21,-2.07,4.49,0.28,8.71,1.37,1.87,27.25,0,0,0,0.0,0.0,0.0
1787615805.855143,08:56:45.855,3791,81.84,27.17,1011.32,16.08,0.0,0.0,0.0,-2.07,-1.0,0.21,-2.07,4.49,0.28,8.71,1.37,1.87,27.25,0,0,0,0.0,0.0,0.0
1787615805.956451,08:56:45.956,3792,81.85,27.17,1011.32,16.08,0.0,0.0,0.0,-2.07,-1.0,0.21,-2.07,4.49,0.28,8.71,1.37,1.87,27.25,0,0,0,0.0,0.0,0.0
1787615805.956806,08:56:45.956,3793,81.86,27.17,1011.32,16.08,0.0,0.0,0.0,-2.07,-1.0,0.21,-2.07,4.49,0.28,8.71,1.37,1.87,27.25,0,0,0,0.0,0.0,0.0
1787615805.957011,08:56:45.957,3794,81.87,27.17,1011.32,16.08,0.0,0.0,0.0,-2.07,-1.0,0.21,-2.07,4.49,0.28,8.71,1.37,1.87,27.25,0,0,0,0.0,0.0,0.0
1787615805.957209,08:56:45.957,3795,81.88,27.17,1011.32,16.08,0.0,0.0,0.0,-2.07,-1.0,0.21,-2.07,4.49,0.28,8.71,1.37,1.87,27.25,0,0,0,0.0,0.0,0.0
1787615805.957402,08:56:45.957,3796,81.89,27.17,1011.32,16.08,0.0,0.0,0.0,-2.07,-1.0,0.21,-2.07,4.49,0.28,8.71,1.37,1.87,27.25,0,0,0,0.0,0.0,0.0
1787615805.957612,08:56:45.957,3797,81.9,27.17,1011.32,16.08,0.0,0.0,0.0,-2.07,-1.0,0.21,-2.07,4.49,0.28,8.71,1.37,1.87,27.25,0,0,0,0.0,0.0,0.0
1787615805.957818,08:56:45.957,3798,81.91,27.17,1011.32,16.08,0.0,0.0,0.0,-2.07,-1.0,0.21,-2.07,4.49,0.28,8.71,1.37,1.87,27.25,0,0,0,0.0,0.0,0.0
1787615805.958015,08:56:45.958,3799,81.92,27.17,1011.32,16.08,0.0,0.0,0.0,-2.07,-1.0,0.21,-2.07,4.49,0.28,8.71,1.37,1.87,27.25,0,0,0,0.0,0.0,0.0
1787615805.958211,08:56:45.958,3800,81.93,27.17,1011.32,16.08,0.0,0.0,0.0,0.47,-1.53,0.14,0.47,4.16,0.14,8.87,2.87,0.87,25.06,0,0,0,0.0,0.0,0.0
1787615806.059648,08:56:46.059,3801,81.94,27.17,1011.32,16.08,0.0,0.0,0.0,0.47,-1.53,0.14,0.47,4.16,0.14,8.87,2.87,0.87,25.06,0,0,0,0.0,0.0,0.0
1787615806.060082,08:56:46.060,3802,81.95,27.17,1011.32,16.08,0.0,0.0,0.0,0.47,-1.53,0.14,0.47,4.16,0.14,8.87,2.87,0.87,25.06,0,0,0,0.0,0.0,0.0
1787615806.060305,08:56:46.060,3803,81.96,27.17,1011.32,16.08,0.0,0.0,0.0,0.47,-1.53,0.14,0.47,4.16,0.14,8.87,2.87,0.87,25.06,0,0,0,0.0,0.0,0.0
1787615806.060503,08:56:46.060,3804,81.97,27.16,1011.31,16.162,0.0,0.0,0.0,0.47,-1.53,0.14,0.47,4.16,0.14,8.87,2.87,0.87,25.06,0,0,0,0.0,0.0,0.0
1787615806.060699,08:56:46.060,3805,81.98,27.16,1011.31,16.162,0.0,0.0,0.0,0.47,-1.53,0.14,0.47,4.16,0.14,8.87,2.87,0.87,25.06,0,0,0,0.0,0.0,0.0
1787615806.060942,08:56:46.060,3806,81.99,27.16,1011.31,16.162,0.0,0.0,0.0,0.47,-1.53,0.14,0.47,4.16,0.14,8.87,2.87,0.87,25.06,0,0,0,0.0,0.0,0.0
1787615806.061156,08:56:46.061,3807,82.0,27.16,1011.31,16.162,0.0,0.0,0.0,0.47,-1.53,0.14,0.47,4.16,0.14,8.87,2.87,0.87,25.06,0,0,0,0.0,0.0,0.0
1787615806.061349,08:56:46.061,3808,82.01,27.16,1011.31,16.162,0.0,0.0,0.0,0.47,-1.53,0.14,0.47,4.16,0.14,8.87,2.87,0.87,25.06,0,0,0,0.0,0.0,0.0
1787615806.061540,08:56:46.061,3809,82.02,27.16,1011.31,16.162,0.0,0.0,0.0,0.47,-1.53,0.14,0.47,4.16,0.14,8.87,2.87,0.87,25.06,0,0,0,0.0,0.0,0.0
1787615806.061734,08:56:46.061,3810,82.03,27.16,1011.31,16.162,0.0,0.0,0.0,1.12,0.0,-0.51,1.12,4.1,-0.03,8.9,4.87,-0.18,24.68,0,0,0,0.0,0.0,0.0
1787615806.061926,08:56:46.061,3811,82.04,27.16,1011.31,16.162,0.0,0.0,0.0,1.12,0.0,-0.51,1.12,4.1,-0.03,8.9,4.87,-0.18,24.68,0,0,0,0.0,0.0,0.0
1787615806.163030,08:56:46.163,3812,82.05,27.16,1011.31,16.162,0.0,0.0,0.0,1.12,0.0,-0.51,1.12,4.1,-0.03,8.9,4.87,-0.18,24.68,0,0,0,0.0,0.0,0.0
1787615806.163424,08:56:46.163,3813,82.06,27.16,1011.31,16.162,0.0,0.0,0.0,1.12,0.0,-0.51,1.12,4.1,-0.03,8.9,4.87,-0.18,24.68,0,0,0,0.0,0.0,0.0
1787615806.163663,08:56:46.163,3814,82.07,27.16,1011.31,16.162,0.0,0.0,0.0,1.12,0.0,-0.51,1.12,4.1,-0.03,8.9,4.87,-0.18,24.68,0,0,0,0.0,0.0,0.0
1787615806.163891,08:56:46.163,3815,82.08,27.16,1011.31,16.162,0.0,0.0,0.0,1.12,0.0,-0.51,1.12,4.1,-0.03,8.9,4.87,-0.18,24.68,0,0,0,0.0,0.0,0.0
1787615806.164113,08:56:46.164,3816,82.09,27.16,1011.31,16.162,0.0,0.0,0.0,1.12,0.0,-0.51,1.12,4.1,-0.03,8.9,4.87,-0.18,24.68,0,0,0,0.0,0.0,0.0
1787615806.164330,08:56:46.164,3817,82.1,27.16,1011.31,16.162,0.0,0.0,0.0,1.12,0.0,-0.51,1.12,4.1,-0.03,8.9,4.87,-0.18,24.68,0,0,0,0.0,0.0,0.0
1787615806.164548,08:56:46.164,3818,82.11,27.16,1011.31,16.162,0.0,0.0,0.0,1.12,0.0,-0.51,1.12,4.1,-0.03,8.9,4.87,-0.18,24.68,0,0,0,0.0,0.0,0.0
1787615806.164762,08:56:46.164,3819,82.12,27.16,1011.31,16.162,0.0,0.0,0.0,1.12,0.0,-0.51,1.12,4.1,-0.03,8.9,4.87,-0.18,24.68,0,0,0,0.0,0.0,0.0
1787615806.164953,08:56:46.164,3820,82.13,27.16,1011.31,16.162,0.0,0.0,0.0,-0.25,1.17,0.61,-0.25,4.42,-0.23,8.75,8.0,-1.5,26.75,0,0,0,0.0,0.0,0.0
1787615806.165146,08:56:46.165,3821,82.14,27.16,1011.31,16.162,0.0,0.0,0.0,-0.25,1.17,0.61,-0.25,4.42,-0.23,8.75,8.0,-1.5,26.75,0,0,0,0.0,0.0,0.0
1787615806.165334,08:56:46.165,3822,82.15,27.16,1011.31,16.162,0.0,0.0,0.0,-0.25,1.17,0.61,-0.25,4.42,-0.23,8.75,8.0,-1.5,26.75,0,0,0,0.0,0.0,0.0
1787615806.266711,08:56:46.266,3823,82.16,27.16,1011.31,16.162,0.0,0.0,0.0,-0.25,1.17,0.61,-0.25,4.42,-0.23,8.75,8.0,-1.5,26.75,0,0,0,0.0,0.0,0.0
1787615806.266982,08:56:46.266,3824,82.17,27.17,1011.34,15.914,0.0,0.0,0.0,-0.25,1.17,0.61,-0.25,4.42,-0.23,8.75,8.0,-1.5,26.75,0,0,0,0.0,0.0,0.0
1787615806.267129,08:56:46.267,3825,82.18,27.17,1011.34,15.914,0.0,0.0,0.0,-0.25,1.17,0.61,-0.25,4.42,-0.23,8.75,8.0,-1.5,26.75,0,0,0,0.0,0.0,0.0
1787615806.267275,08:56:46.267,3826,82.19,27.17,1011.34,15.914,0.0,0.0,0.0,-0.25,1.17,0.61,-0.25,4.42,-0.23,8.75,8.0,-1.5,26.75,0,0,0,0.0,0.0,0.0
1787615806.267417,08:56:46.267,3827,82.2,27.17,1011.34,15.914,0.0,0.0,0.0,-0.25,1.17,0.61,-0.25,4.42,-0.23,8.75,8.0,-1.5,26.75,0,0,0,0.0,0.0,0.0
1787615806.267558,08:56:46.267,3828,82.21,27.17,1011.34,15.914,0.0,0.0,0.0,-0.25,1.17,0.61,-0.25,4.42,-0.23,8.75,8.0,-1.5,26.75,0,0,0,0.0,0.0,0.0
1787615806.267698,08:56:46.267,3829,82.22,27.17,1011.34,15.914,0.0,0.0,0.0,-0.25,1.17,0.61,-0.25,4.42,-0.23,8.75,8.0,-1.5,26.75,0,0,0,0.0,0.0,0.0
1787615806.267842,08:56:46.267,3830,82.23,27.17,1011.34,15.914,0.0,0.0,0.0,-0.85,-1.48,2.52,-0.85,4.87,-0.32,8.5,11.87,-2.12,29.81,0,0,0,0.0,0.0,0.0
1787615806.267982,08:56:46.267,3831,82.24,27.17,1011.34,15.914,0.0,0.0,0.0,-0.85,-1.48,2.52,-0.85,4.87,-0.32,8.5,11.87,-2.12,29.81,0,0,0,0.0,0.0,0.0
1787615806.268123,08:56:46.268,3832,82.25,27.17,1011.34,15.914,0.0,0.0,0.0,-0.85,-1.48,2.52,-0.85,4.87,-0.32,8.5,11.87,-2.12,29.81,0,0,0,0.0,0.0,0.0
1787615806.369447,08:56:46.369,3833,82.26,27.17,1011.34,15.914,0.0,0.0,0.0,-0.85,-1.48,2.52,-0.85,4.87,-0.32,8.5,11.87,-2.12,29.81,0,0,0,0.0,0.0,0.0
1787615806.369741,08:56:46.369,3834,82.27,27.17,1011.34,15.914,0.0,0.0,0.0,-0.85,-1.48,2.52,-0.85,4.87,-0.32,8.5,11.87,-2.12,29.81,0,0,0,0.0,0.0,0.0
1787615806.369936,08:56:46.369,3835,82.28,27.17,1011.34,15.914,0.0,0.0,0.0,-0.85,-1.48,2.52,-0.85,4.87,-0.32,8.5,11.87,-2.12,29.81,0,0,0,0.0,0.0,0.0
1787615806.370128,08:56:46.370,3836,82.29,27.17,1011.34,15.914,0.0,0.0,0.0,-0.85,-1.48,2.52,-0.85,4.87,-0.32,8.5,11.87,-2.12,29.81,0,0,0,0.0,0.0,0.0
1787615806.370321,08:56:46.370,3837,82.3,27.17,1011.34,15.914,0.0,0.0,0.0,-0.85,-1.48,2.52,-0.85,4.87,-0.32,8.5,11.87,-2.12,29.81,0,0,0,0.0,0.0,0.0
1787615806.370510,08:56:46.370,3838,82.31,27.17,1011.34,15.914,0.0,0.0,0.0,-0.85,-1.48,2.52,-0.85,4.87,-0.32,8.5,11.87,-2.12,29.81,0,0,0,0.0,0.0,0.0
1787615806.370700,08:56:46.370,3839,82.32,27.17,1011.34,15.914,0.0,0.0,0.0,-0.85,-1.48,2.52,-0.85,4.87,-0.32,8.5,11.87,-2.12,29.81,0,0,0,0.0,0.0,0.0
1787615806.370891,08:56:46.370,3840,82.33,27.17,1011.34,15.914,0.0,0.0,0.0,-2.12,-0.57,0.35,-2.12,5.26,-0.31,8.26,14.62,-2.18,32.43,0,0,0,0.0,0.0,0.0
1787615806.371080,08:56:46.371,3841,82.34,27.17,1011.34,15.914,0.0,0.0,0.0,-2.12,-0.57,0.35,-2.12,5.26,-0.31,8.26,14.62,-2.18,32.43,0,0,0,0.0,0.0,0.0
1787615806.371270,08:56:46.371,3842,82.35,27.17,1011.34,15.914,0.0,0.0,0.0,-2.12,-0.57,0.35,-2.12,5.26,-0.31,8.26,14.62,-2.18,32.43,0,0,0,0.0,0.0,0.0
1787615806.371462,08:56:46.371,3843,82.36,27.17,1011.34,15.914,0.0,0.0,0.0,-2.12,-0.57,0.35,-2.12,5.26,-0.31,8.26,14.62,-2.18,32.43,0,0,0,0.0,0.0,0.0
1787615806.472263,08:56:46.472,3844,82.37,27.16,1011.29,16.329,0.0,0.0,0.0,-2.12,-0.57,0.35,-2.12,5.26,-0.31,8.26,14.62,-2.18,32.43,0,0,0,0.0,0.0,0.0
1787615806.473432,08:56:46.473,3845,82.38,27.16,1011.29,16.329,0.0,0.0,0.0,-2.12,-0.57,0.35,-2.12,5.26,-0.31,8.26,14.62,-2.18,32.43,0,0,0,0.0,0.0,0.0
1787615806.473748,08:56:46.473,3846,82.39,27.16,1011.29,16.329,0.0,0.0,0.0,-2.12,-0.57,0.35,-2.12,5.26,-0.31,8.26,14.62,-2.18,32.43,0,0,0,0.0,0.0,0.0
1787615806.474211,08:56:46.474,3847,82.4,27.16,1011.29,16.329,0.0,0.0,0.0,-2.12,-0.57,0.35,-2.12,5.26,-0.31,8.26,14.62,-2.18,32.43,0,0,0,0.0,0.0,0.0
1787615806.474835,08:56:46.474,3848,82.41,27.16,1011.29,16.329,0.0,0.0,0.0,-2.12,-0.57,0.35,-2.12,5.26,-0.31,8.26,14.62,-2.18,32.43,0,0,0,0.0,0.0,0.0
1787615806.475248,08:56:46.475,3849,82.42,27.16,1011.29,16.329,0.0,0.0,0.0,-2.12,-0.57,0.35,-2.12,5.26,-0.31,8.26,14.62,-2.18,32.43,0,0,0,0.0,0.0,0.0
1787615806.475658,08:56:46.475,3850,82.43,27.16,1011.29,16.329,0.0,0.0,0.0,-0.26,2.16,-0.12,-0.26,5.48,-0.11,8.13,16.68,-0.93,33.87,0,0,0,0.0,0.0,0.0
1787615806.476183,08:56:46.476,3851,82.44,27.16,1011.29,16.329,0.0,0.0,0.0,-0.26,2.16,-0.12,-0.26,5.48,-0.11,8.13,16.68,-0.93,33.87,0,0,0,0.0,0.0,0.0
1787615806.476584,08:56:46.476,3852,82.45,27.16,1011.29,16.329,0.0,0.0,0.0,-0.26,2.16,-0.12,-0.26,5.48,-0.11,8.13,16.68,-0.93,33.87,0,0,0,0.0,0.0,0.0
1787615806.476935,08:56:46.476,3853,82.46,27.16,1011.29,16.329,0.0,0.0,0.0,-0.26,2.16,-0.12,-0.26,5.48,-0.11,8.13,16.68,-0.93,33.87,0,0,0,0.0,0.0,0.0
1787615806.577743,08:56:46.577,3854,82.47,27.16,1011.29,16.329,0.0,0.0,0.0,-0.26,2.16,-0.12,-0.26,5.48,-0.11,8.13,16.68,-0.93,33.87,0,0,0,0.0,0.0,0.0
1787615806.577975,08:56:46.577,3855,82.48,27.16,1011.29,16.329,0.0,0.0,0.0,-0.26,2.16,-0.12,-0.26,5.48,-0.11,8.13,16.68,-0.93,33.87,0,0,0,0.0,0.0,0.0
1787615806.578103,08:56:46.578,3856,82.49,27.16,1011.29,16.329,0.0,0.0,0.0,-0.26,2.16,-0.12,-0.26,5.48,-0.11,8.13,16.68,-0.93,33.87,0,0,0,0.0,0.0,0.0
1787615806.578226,08:56:46.578,3857,82.5,27.16,1011.29,16.329,0.0,0.0,0.0,-0.26,2.16,-0.12,-0.26,5.48,-0.11,8.13,16.68,-0.93,33.87,0,0,0,0.0,0.0,0.0
1787615806.578347,08:56:46.578,3858,82.51,27.16,1011.29,16.329,0.0,0.0,0.0,-0.26,2.16,-0.12,-0.26,5.48,-0.11,8.13,16.68,-0.93,33.87,0,0,0,0.0,0.0,0.0
1787615806.578466,08:56:46.578,3859,82.52,27.16,1011.29,16.329,0.0,0.0,0.0,-0.26,2.16,-0.12,-0.26,5.48,-0.11,8.13,16.68,-0.93,33.87,0,0,0,0.0,0.0,0.0
1787615806.578585,08:56:46.578,3860,82.53,27.16,1011.29,16.329,0.0,0.0,0.0,1.4,1.35,0.7,1.4,5.61,0.13,8.03,19.25,0.68,34.75,0,0,0,0.0,0.0,0.0
1787615806.578706,08:56:46.578,3861,82.54,27.16,1011.29,16.329,0.0,0.0,0.0,1.4,1.35,0.7,1.4,5.61,0.13,8.03,19.25,0.68,34.75,0,0,0,0.0,0.0,0.0
1787615806.578824,08:56:46.578,3862,82.55,27.16,1011.29,16.329,0.0,0.0,0.0,1.4,1.35,0.7,1.4,5.61,0.13,8.03,19.25,0.68,34.75,0,0,0,0.0,0.0,0.0
1787615806.578943,08:56:46.578,3863,82.56,27.16,1011.29,16.329,0.0,0.0,0.0,1.4,1.35,0.7,1.4,5.61,0.13,8.03,19.25,0.68,34.75,0,0,0,0.0,0.0,0.0
1787615806.579061,08:56:46.579,3864,82.57,27.15,1011.29,16.329,0.0,0.0,0.0,1.4,1.35,0.7,1.4,5.61,0.13,8.03,19.25,0.68,34.75,0,0,0,0.0,0.0,0.0
1787615806.680361,08:56:46.680,3865,82.58,27.15,1011.29,16.329,0.0,0.0,0.0,1.4,1.35,0.7,1.4,5.61,0.13,8.03,19.25,0.68,34.75,0,0,0,0.0,0.0,0.0
1787615806.680658,08:56:46.680,3866,82.59,27.15,1011.29,16.329,0.0,0.0,0.0,1.4,1.35,0.7,1.4,5.61,0.13,8.03,19.25,0.68,34.75,0,0,0,0.0,0.0,0.0
1787615806.680837,08:56:46.680,3867,82.6,27.15,1011.29,16.329,0.0,0.0,0.0,1.4,1.35,0.7,1.4,5.61,0.13,8.03,19.25,0.68,34.75,0,0,0,0.0,0.0,0.0
1787615806.681011,08:56:46.681,3868,82.61,27.15,1011.29,16.329,0.0,0.0,0.0,1.4,1.35,0.7,1.4,5.61,0.13,8.03,19.25,0.68,34.75,0,0,0,0.0,0.0,0.0
1787615806.681180,08:56:46.681,3869,82.62,27.15,1011.29,16.329,0.0,0.0,0.0,1.4,1.35,0.7,1.4,5.61,0.13,8.03,19.25,0.68,34.75,0,0,0,0.0,0.0,0.0
1787615806.681358,08:56:46.681,3870,82.63,27.15,1011.29,16.329,0.0,0.0,0.0,1.4,1.35,0.7,1.4,5.61,0.13,8.03,22.18,1.25,36.56,0,0,0,0.0,0.0,0.0
1787615806.681615,08:56:46.681,3871,82.64,27.15,1011.29,16.329,0.0,0.0,0.0,1.4,1.35,0.7,1.4,5.61,0.13,8.03,22.18,1.25,36.56,0,0,0,0.0,0.0,0.0
1787615806.681821,08:56:46.681,3872,82.65,27.15,1011.29,16.329,0.0,0.0,0.0,1.4,1.35,0.7,1.4,5.61,0.13,8.03,22.18,1.25,36.56,0,0,0,0.0,0.0,0.0
1787615806.681999,08:56:46.681,3873,82.66,27.15,1011.29,16.329,0.0,0.0,0.0,1.4,1.35,0.7,1.4,5.61,0.13,8.03,22.18,1.25,36.56,0,0,0,0.0,0.0,0.0
1787615806.682172,08:56:46.682,3874,82.67,27.15,1011.29,16.329,0.0,0.0,0.0,1.4,1.35,0.7,1.4,5.61,0.13,8.03,22.18,1.25,36.56,0,0,0,0.0,0.0,0.0
1787615806.783614,08:56:46.783,3875,82.68,27.15,1011.29,16.329,0.0,0.0,0.0,1.4,1.35,0.7,1.4,5.61,0.13,8.03,22.18,1.25,36.56,0,0,0,0.0,0.0,0.0
1787615806.784585,08:56:46.784,3876,82.69,27.15,1011.29,16.329,0.0,0.0,0.0,1.4,1.35,0.7,1.4,5.61,0.13,8.03,22.18,1.25,36.56,0,0,0,0.0,0.0,0.0
1787615806.785202,08:56:46.785,3877,82.7,27.15,1011.29,16.329,0.0,0.0,0.0,1.4,1.35,0.7,1.4,5.61,0.13,8.03,22.18,1.25,36.56,0,0,0,0.0,0.0,0.0
1787615806.785562,08:56:46.785,3878,82.71,27.15,1011.29,16.329,0.0,0.0,0.0,1.4,1.35,0.7,1.4,5.61,0.13,8.03,22.18,1.25,36.56,0,0,0,0.0,0.0,0.0
1787615806.785910,08:56:46.785,3879,82.72,27.15,1011.29,16.329,0.0,0.0,0.0,1.4,1.35,0.7,1.4,5.61,0.13,8.03,22.18,1.25,36.56,0,0,0,0.0,0.0,0.0
1787615806.786259,08:56:46.786,3880,82.73,27.15,1011.29,16.329,0.0,0.0,0.0,-1.77,-1.46,1.44,-1.77,6.04,0.07,7.71,24.62,0.56,38.12,0,0,0,0.0,0.0,0.0
1787615806.786637,08:56:46.786,3881,82.74,27.15,1011.29,16.329,0.0,0.0,0.0,-1.77,-1.46,1.44,-1.77,6.04,0.07,7.71,24.62,0.56,38.12,0,0,0,0.0,0.0,0.0
1787615806.787013,08:56:46.787,3882,82.75,27.15,1011.29,16.329,0.0,0.0,0.0,-1.77,-1.46,1.44,-1.77,6.04,0.07,7.71,24.62,0.56,38.12,0,0,0,0.0,0.0,0.0
1787615806.787363,08:56:46.787,3883,82.76,27.15,1011.29,16.329,0.0,0.0,0.0,-1.77,-1.46,1.44,-1.77,6.04,0.07,7.71,24.62,0.56,38.12,0,0,0,0.0,0.0,0.0
1787615806.787707,08:56:46.787,3884,82.77,27.16,1011.31,16.162,0.0,0.0,0.0,-1.77,-1.46,1.44,-1.77,6.04,0.07,7.71,24.62,0.56,38.12,0,0,0,0.0,0.0,0.0
1787615806.888801,08:56:46.888,3885,82.78,27.16,1011.31,16.162,0.0,0.0,0.0,-1.77,-1.46,1.44,-1.77,6.04,0.07,7.71,24.62,0.56,38.12,0,0,0,0.0,0.0,0.0
1787615806.889076,08:56:46.889,3886,82.79,27.16,1011.31,16.162,0.0,0.0,0.0,-1.77,-1.46,1.44,-1.77,6.04,0.07,7.71,24.62,0.56,38.12,0,0,0,0.0,0.0,0.0
1787615806.889236,08:56:46.889,3887,82.8,27.16,1011.31,16.162,0.0,0.0,0.0,-1.77,-1.46,1.44,-1.77,6.04,0.07,7.71,24.62,0.56,38.12,0,0,0,0.0,0.0,0.0
1787615806.889390,08:56:46.889,3888,82.81,27.16,1011.31,16.162,0.0,0.0,0.0,-1.77,-1.46,1.44,-1.77,6.04,0.07,7.71,24.62,0.56,38.12,0,0,0,0.0,0.0,0.0
1787615806.889549,08:56:46.889,3889,82.82,27.16,1011.31,16.162,0.0,0.0,0.0,-1.77,-1.46,1.44,-1.77,6.04,0.07,7.71,24.62,0.56,38.12,0,0,0,0.0,0.0,0.0
1787615806.889774,08:56:46.889,3890,82.83,27.16,1011.31,16.162,0.0,0.0,0.0,-0.78,-1.09,0.52,-0.78,5.76,-0.04,7.93,26.5,-0.25,36.31,0,0,0,0.0,0.0,0.0
1787615806.889930,08:56:46.889,3891,82.84,27.16,1011.31,16.162,0.0,0.0,0.0,-0.78,-1.09,0.52,-0.78,5.76,-0.04,7.93,26.5,-0.25,36.31,0,0,0,0.0,0.0,0.0
1787615806.890083,08:56:46.890,3892,82.85,27.16,1011.31,16.162,0.0,0.0,0.0,-0.78,-1.09,0.52,-0.78,5.76,-0.04,7.93,26.5,-0.25,36.31,0,0,0,0.0,0.0,0.0
1787615806.890234,08:56:46.890,3893,82.86,27.16,1011.31,16.162,0.0,0.0,0.0,-0.78,-1.09,0.52,-0.78,5.76,-0.04,7.93,26.5,-0.25,36.31,0,0,0,0.0,0.0,0.0
1787615806.890385,08:56:46.890,3894,82.87,27.16,1011.31,16.162,0.0,0.0,0.0,-0.78,-1.09,0.52,-0.78,5.76,-0.04,7.93,26.5,-0.25,36.31,0,0,0,0.0,0.0,0.0
1787615806.890534,08:56:46.890,3895,82.88,27.16,1011.31,16.162,0.0,0.0,0.0,-0.78,-1.09,0.52,-0.78,5.76,-0.04,7.93,26.5,-0.25,36.31,0,0,0,0.0,0.0,0.0
1787615806.991842,08:56:46.991,3896,82.89,27.16,1011.31,16.162,0.0,0.0,0.0,-0.78,-1.09,0.52,-0.78,5.76,-0.04,7.93,26.5,-0.25,36.31,0,0,0,0.0,0.0,0.0
1787615806.992130,08:56:46.992,3897,82.9,27.16,1011.31,16.162,0.0,0.0,0.0,-0.78,-1.09,0.52,-0.78,5.76,-0.04,7.93,26.5,-0.25,36.31,0,0,0,0.0,0.0,0.0
1787615806.992332,08:56:46.992,3898,82.91,27.16,1011.31,16.162,0.0,0.0,0.0,-0.78,-1.09,0.52,-0.78,5.76,-0.04,7.93,26.5,-0.25,36.31,0,0,0,0.0,0.0,0.0
1787615806.992523,08:56:46.992,3899,82.92,27.16,1011.31,16.162,0.0,0.0,0.0,-0.78,-1.09,0.52,-0.78,5.76,-0.04,7.93,26.5,-0.25,36.31,0,0,0,0.0,0.0,0.0
1787615806.992715,08:56:46.992,3900,82.93,27.16,1011.31,16.162,0.0,0.0,0.0,-0.78,-1.09,0.52,-0.78,5.76,-0.04,7.93,26.5,-0.25,36.31,0,0,0,0.0,0.0,0.0
1787615806.992947,08:56:46.992,3901,82.94,27.16,1011.31,16.162,0.0,0.0,0.0,1.98,1.15,0.08,1.98,5.39,-0.04,8.19,28.62,-0.43,33.43,0,0,0,0.0,0.0,0.0
1787615806.993138,08:56:46.993,3902,82.95,27.16,1011.31,16.162,0.0,0.0,0.0,1.98,1.15,0.08,1.98,5.39,-0.04,8.19,28.62,-0.43,33.43,0,0,0,0.0,0.0,0.0
1787615806.993326,08:56:46.993,3903,82.96,27.16,1011.31,16.162,0.0,0.0,0.0,1.98,1.15,0.08,1.98,5.39,-0.04,8.19,28.62,-0.43,33.43,0,0,0,0.0,0.0,0.0
1787615806.993513,08:56:46.993,3904,82.97,27.16,1011.29,16.329,0.0,0.0,0.0,1.98,1.15,0.08,1.98,5.39,-0.04,8.19,28.62,-0.43,33.43,0,0,0,0.0,0.0,0.0
1787615807.094817,08:56:47.094,3905,82.98,27.16,1011.29,16.329,0.0,0.0,0.0,1.98,1.15,0.08,1.98,5.39,-0.04,8.19,28.62,-0.43,33.43,0,0,0,0.0,0.0,0.0
1787615807.095242,08:56:47.095,3906,82.99,27.16,1011.29,16.329,0.0,0.0,0.0,1.98,1.15,0.08,1.98,5.39,-0.04,8.19,28.62,-0.43,33.43,0,0,0,0.0,0.0,0.0
1787615807.095459,08:56:47.095,3907,83.0,27.16,1011.29,16.329,0.0,0.0,0.0,1.98,1.15,0.08,1.98,5.39,-0.04,8.19,28.62,-0.43,33.43,0,0,0,0.0,0.0,0.0
1787615807.095649,08:56:47.095,3908,83.01,27.16,1011.29,16.329,0.0,0.0,0.0,1.98,1.15,0.08,1.98,5.39,-0.04,8.19,28.62,-0.43,33.43,0,0,0,0.0,0.0,0.0
1787615807.095836,08:56:47.095,3909,83.02,27.16,1011.29,16.329,0.0,0.0,0.0,1.98,1.15,0.08,1.98,5.39,-0.04,8.19,28.62,-0.43,33.43,0,0,0,0.0,0.0,0.0
1787615807.096024,08:56:47.096,3910,83.03,27.16,1011.29,16.329,0.0,0.0,0.0,1.98,1.15,0.08,1.98,5.39,-0.04,8.19,28.62,-0.43,33.43,0,0,0,0.0,0.0,0.0
1787615807.096262,08:56:47.096,3911,83.04,27.16,1011.29,16.329,0.0,0.0,0.0,-1.64,1.97,-0.94,-1.64,5.55,0.05,8.08,31.18,0.18,34.37,0,0,0,0.0,0.0,0.0
1787615807.096471,08:56:47.096,3912,83.05,27.16,1011.29,16.329,0.0,0.0,0.0,-1.64,1.97,-0.94,-1.64,5.55,0.05,8.08,31.18,0.18,34.37,0,0,0,0.0,0.0,0.0
1787615807.096662,08:56:47.096,3913,83.06,27.16,1011.29,16.329,0.0,0.0,0.0,-1.64,1.97,-0.94,-1.64,5.55,0.05,8.08,31.18,0.18,34.37,0,0,0,0.0,0.0,0.0
1787615807.096849,08:56:47.096,3914,83.07,27.16,1011.29,16.329,0.0,0.0,0.0,-1.64,1.97,-0.94,-1.64,5.55,0.05,8.08,31.18,0.18,34.37,0,0,0,0.0,0.0,0.0
1787615807.198211,08:56:47.198,3915,83.08,27.16,1011.29,16.329,0.0,0.0,0.0,-1.64,1.97,-0.94,-1.64,5.55,0.05,8.08,31.18,0.18,34.37,0,0,0,0.0,0.0,0.0
1787615807.198543,08:56:47.198,3916,83.09,27.16,1011.29,16.329,0.0,0.0,0.0,-1.64,1.97,-0.94,-1.64,5.55,0.05,8.08,31.18,0.18,34.37,0,0,0,0.0,0.0,0.0
1787615807.198767,08:56:47.198,3917,83.1,27.16,1011.29,16.329,0.0,0.0,0.0,-1.64,1.97,-0.94,-1.64,5.55,0.05,8.08,31.18,0.18,34.37,0,0,0,0.0,0.0,0.0
1787615807.198986,08:56:47.198,3918,83.11,27.16,1011.29,16.329,0.0,0.0,0.0,-1.64,1.97,-0.94,-1.64,5.55,0.05,8.08,31.18,0.18,34.37,0,0,0,0.0,0.0,0.0
1787615807.199206,08:56:47.199,3919,83.12,27.16,1011.29,16.329,0.0,0.0,0.0,-1.64,1.97,-0.94,-1.64,5.55,0.05,8.08,31.18,0.18,34.37,0,0,0,0.0,0.0,0.0
1787615807.199422,08:56:47.199,3920,83.131,27.16,1011.29,16.329,0.0,0.0,0.0,-1.64,1.97,-0.94,-1.64,5.55,0.05,8.08,31.18,0.18,34.37,0,0,0,0.0,0.0,0.0
1787615807.199642,08:56:47.199,3921,83.14,27.16,1011.29,16.329,0.0,0.0,0.0,-2.13,1.44,-0.39,-2.13,5.77,0.33,7.91,34.56,2.43,36.06,0,0,0,0.0,0.0,0.0
1787615807.199860,08:56:47.199,3922,83.15,27.16,1011.29,16.329,0.0,0.0,0.0,-2.13,1.44,-0.39,-2.13,5.77,0.33,7.91,34.56,2.43,36.06,0,0,0,0.0,0.0,0.0
1787615807.200075,08:56:47.200,3923,83.16,27.16,1011.29,16.329,0.0,0.0,0.0,-2.13,1.44,-0.39,-2.13,5.77,0.33,7.91,34.56,2.43,36.06,0,0,0,0.0,0.0,0.0
1787615807.200289,08:56:47.200,3924,83.17,27.15,1011.32,16.08,0.0,0.0,0.0,-2.13,1.44,-0.39,-2.13,5.77,0.33,7.91,34.56,2.43,36.06,0,0,0,0.0,0.0,0.0
1787615807.200507,08:56:47.200,3925,83.18,27.15,1011.32,16.08,0.0,0.0,0.0,-2.13,1.44,-0.39,-2.13,5.77,0.33,7.91,34.56,2.43,36.06,0,0,0,0.0,0.0,0.0
1787615807.301198,08:56:47.301,3926,83.19,27.15,1011.32,16.08,0.0,0.0,0.0,-2.13,1.44,-0.39,-2.13,5.77,0.33,7.91,34.56,2.43,36.06,0,0,0,0.0,0.0,0.0
1787615807.302625,08:56:47.302,3927,83.2,27.15,1011.32,16.08,0.0,0.0,0.0,-2.13,1.44,-0.39,-2.13,5.77,0.33,7.91,34.56,2.43,36.06,0,0,0,0.0,0.0,0.0
1787615807.303324,08:56:47.303,3928,83.21,27.15,1011.32,16.08,0.0,0.0,0.0,-2.13,1.44,-0.39,-2.13,5.77,0.33,7.91,34.56,2.43,36.06,0,0,0,0.0,0.0,0.0
1787615807.304021,08:56:47.304,3929,83.22,27.15,1011.32,16.08,0.0,0.0,0.0,-2.13,1.44,-0.39,-2.13,5.77,0.33,7.91,34.56,2.43,36.06,0,0,0,0.0,0.0,0.0
1787615807.304699,08:56:47.304,3930,83.23,27.15,1011.32,16.08,0.0,0.0,0.0,-2.1,-0.29,1.5,-2.1,5.89,0.52,7.81,38.0,3.75,36.93,0,0,0,0.0,0.0,0.0
1787615807.305400,08:56:47.305,3931,83.24,27.15,1011.32,16.08,0.0,0.0,0.0,-2.1,-0.29,1.5,-2.1,5.89,0.52,7.81,38.0,3.75,36.93,0,0,0,0.0,0.0,0.0
1787615807.306098,08:56:47.306,3932,83.25,27.15,1011.32,16.08,0.0,0.0,0.0,-2.1,-0.29,1.5,-2.1,5.89,0.52,7.81,38.0,3.75,36.93,0,0,0,0.0,0.0,0.0
1787615807.306699,08:56:47.306,3933,83.26,27.15,1011.32,16.08,0.0,0.0,0.0,-2.1,-0.29,1.5,-2.1,5.89,0.52,7.81,38.0,3.75,36.93,0,0,0,0.0,0.0,0.0
1787615807.306976,08:56:47.306,3934,83.27,27.15,1011.32,16.08,0.0,0.0,0.0,-2.1,-0.29,1.5,-2.1,5.89,0.52,7.81,38.0,3.75,36.93,0,0,0,0.0,0.0,0.0
1787615807.307350,08:56:47.307,3935,83.28,27.15,1011.32,16.08,0.0,0.0,0.0,-2.1,-0.29,1.5,-2.1,5.89,0.52,7.81,38.0,3.75,36.93,0,0,0,0.0,0.0,0.0
1787615807.307749,08:56:47.307,3936,83.29,27.15,1011.32,16.08,0.0,0.0,0.0,-2.1,-0.29,1.5,-2.1,5.89,0.52,7.81,38.0,3.75,36.93,0,0,0,0.0,0.0,0.0
1787615807.409369,08:56:47.409,3937,83.3,27.15,1011.32,16.08,0.0,0.0,0.0,-2.1,-0.29,1.5,-2.1,5.89,0.52,7.81,38.0,3.75,36.93,0,0,0,0.0,0.0,0.0
1787615807.409628,08:56:47.409,3938,83.31,27.15,1011.32,16.08,0.0,0.0,0.0,-2.1,-0.29,1.5,-2.1,5.89,0.52,7.81,38.0,3.75,36.93,0,0,0,0.0,0.0,0.0
1787615807.409765,08:56:47.409,3939,83.32,27.15,1011.32,16.08,0.0,0.0,0.0,-2.1,-0.29,1.5,-2.1,5.89,0.52,7.81,38.0,3.75,36.93,0,0,0,0.0,0.0,0.0
1787615807.409897,08:56:47.409,3940,83.33,27.15,1011.32,16.08,0.0,0.0,0.0,-1.38,-0.8,-0.14,-1.38,5.83,0.47,7.86,40.37,3.43,36.5,0,0,0,0.0,0.0,0.0
1787615807.410029,08:56:47.410,3941,83.34,27.15,1011.32,16.08,0.0,0.0,0.0,-1.38,-0.8,-0.14,-1.38,5.83,0.47,7.86,40.37,3.43,36.5,0,0,0,0.0,0.0,0.0
1787615807.410159,08:56:47.410,3942,83.35,27.15,1011.32,16.08,0.0,0.0,0.0,-1.38,-0.8,-0.14,-1.38,5.83,0.47,7.86,40.37,3.43,36.5,0,0,0,0.0,0.0,0.0
1787615807.410287,08:56:47.410,3943,83.36,27.15,1011.32,16.08,0.0,0.0,0.0,-1.38,-0.8,-0.14,-1.38,5.83,0.47,7.86,40.37,3.43,36.5,0,0,0,0.0,0.0,0.0
1787615807.410416,08:56:47.410,3944,83.37,27.15,1011.27,16.498,0.0,0.0,0.0,-1.38,-0.8,-0.14,-1.38,5.83,0.47,7.86,40.37,3.43,36.5,0,0,0,0.0,0.0,0.0
1787615807.410543,08:56:47.410,3945,83.38,27.15,1011.27,16.498,0.0,0.0,0.0,-1.38,-0.8,-0.14,-1.38,5.83,0.47,7.86,40.37,3.43,36.5,0,0,0,0.0,0.0,0.0
1787615807.410671,08:56:47.410,3946,83.39,27.15,1011.27,16.498,0.0,0.0,0.0,-1.38,-0.8,-0.14,-1.38,5.83,0.47,7.86,40.37,3.43,36.5,0,0,0,0.0,0.0,0.0
1787615807.512030,08:56:47.512,3947,83.4,27.15,1011.27,16.498,0.0,0.0,0.0,-1.38,-0.8,-0.14,-1.38,5.83,0.47,7.86,40.37,3.43,36.5,0,0,0,0.0,0.0,0.0
1787615807.512342,08:56:47.512,3948,83.41,27.15,1011.27,16.498,0.0,0.0,0.0,-1.38,-0.8,-0.14,-1.38,5.83,0.47,7.86,40.37,3.43,36.5,0,0,0,0.0,0.0,0.0
1787615807.512546,08:56:47.512,3949,83.42,27.15,1011.27,16.498,0.0,0.0,0.0,-1.38,-0.8,-0.14,-1.38,5.83,0.47,7.86,40.37,3.43,36.5,0,0,0,0.0,0.0,0.0
1787615807.512745,08:56:47.512,3950,83.43,27.15,1011.27,16.498,0.0,0.0,0.0,-0.43,2.36,-1.22,-0.43,5.58,0.35,8.05,42.75,2.5,34.68,0,0,0,0.0,0.0,0.0
1787615807.512988,08:56:47.512,3951,83.44,27.15,1011.27,16.498,0.0,0.0,0.0,-0.43,2.36,-1.22,-0.43,5.58,0.35,8.05,42.75,2.5,34.68,0,0,0,0.0,0.0,0.0
1787615807.513185,08:56:47.513,3952,83.45,27.15,1011.27,16.498,0.0,0.0,0.0,-0.43,2.36,-1.22,-0.43,5.58,0.35,8.05,42.75,2.5,34.68,0,0,0,0.0,0.0,0.0
1787615807.513380,08:56:47.513,3953,83.46,27.15,1011.27,16.498,0.0,0.0,0.0,-0.43,2.36,-1.22,-0.43,5.58,0.35,8.05,42.75,2.5,34.68,0,0,0,0.0,0.0,0.0
1787615807.513571,08:56:47.513,3954,83.47,27.15,1011.27,16.498,0.0,0.0,0.0,-0.43,2.36,-1.22,-0.43,5.58,0.35,8.05,42.75,2.5,34.68,0,0,0,0.0,0.0,0.0
1787615807.513755,08:56:47.513,3955,83.48,27.15,1011.27,16.498,0.0,0.0,0.0,-0.43,2.36,-1.22,-0.43,5.58,0.35,8.05,42.75,2.5,34.68,0,0,0,0.0,0.0,0.0
1787615807.513926,08:56:47.513,3956,83.49,27.15,1011.27,16.498,0.0,0.0,0.0,-0.43,2.36,-1.22,-0.43,5.58,0.35,8.05,42.75,2.5,34.68,0,0,0,0.0,0.0,0.0
1787615807.615288,08:56:47.615,3957,83.5,27.15,1011.27,16.498,0.0,0.0,0.0,-0.43,2.36,-1.22,-0.43,5.58,0.35,8.05,42.75,2.5,34.68,0,0,0,0.0,0.0,0.0
1787615807.615561,08:56:47.615,3958,83.51,27.15,1011.27,16.498,0.0,0.0,0.0,-0.43,2.36,-1.22,-0.43,5.58,0.35,8.05,42.75,2.5,34.68,0,0,0,0.0,0.0,0.0
1787615807.615722,08:56:47.615,3959,83.52,27.15,1011.27,16.498,0.0,0.0,0.0,-0.43,2.36,-1.22,-0.43,5.58,0.35,8.05,42.75,2.5,34.68,0,0,0,0.0,0.0,0.0
1787615807.615880,08:56:47.615,3960,83.53,27.15,1011.27,16.498,0.0,0.0,0.0,-1.07,-0.77,-0.8,-1.07,5.57,0.13,8.06,45.68,0.87,34.62,0,0,0,0.0,0.0,0.0
1787615807.616036,08:56:47.616,3961,83.54,27.15,1011.27,16.498,0.0,0.0,0.0,-1.07,-0.77,-0.8,-1.07,5.57,0.13,8.06,45.68,0.87,34.62,0,0,0,0.0,0.0,0.0
1787615807.616192,08:56:47.616,3962,83.55,27.15,1011.27,16.498,0.0,0.0,0.0,-1.07,-0.77,-0.8,-1.07,5.57,0.13,8.06,45.68,0.87,34.62,0,0,0,0.0,0.0,0.0
1787615807.616345,08:56:47.616,3963,83.56,27.15,1011.27,16.498,0.0,0.0,0.0,-1.07,-0.77,-0.8,-1.07,5.57,0.13,8.06,45.68,0.87,34.62,0,0,0,0.0,0.0,0.0
1787615807.616500,08:56:47.616,3964,83.57,27.16,1011.29,16.329,0.0,0.0,0.0,-1.07,-0.77,-0.8,-1.07,5.57,0.13,8.06,45.68,0.87,34.62,0,0,0,0.0,0.0,0.0
1787615807.616653,08:56:47.616,3965,83.58,27.16,1011.29,16.329,0.0,0.0,0.0,-1.07,-0.77,-0.8,-1.07,5.57,0.13,8.06,45.68,0.87,34.62,0,0,0,0.0,0.0,0.0
1787615807.616807,08:56:47.616,3966,83.59,27.16,1011.29,16.329,0.0,0.0,0.0,-1.07,-0.77,-0.8,-1.07,5.57,0.13,8.06,45.68,0.87,34.62,0,0,0,0.0,0.0,0.0
1787615807.616962,08:56:47.616,3967,83.6,27.16,1011.29,16.329,0.0,0.0,0.0,-1.07,-0.77,-0.8,-1.07,5.57,0.13,8.06,45.68,0.87,34.62,0,0,0,0.0,0.0,0.0
1787615807.717578,08:56:47.717,3968,83.61,27.16,1011.29,16.329,0.0,0.0,0.0,-1.07,-0.77,-0.8,-1.07,5.57,0.13,8.06,45.68,0.87,34.62,0,0,0,0.0,0.0,0.0
1787615807.717852,08:56:47.717,3969,83.62,27.16,1011.29,16.329,0.0,0.0,0.0,-1.07,-0.77,-0.8,-1.07,5.57,0.13,8.06,45.68,0.87,34.62,0,0,0,0.0,0.0,0.0
1787615807.718013,08:56:47.718,3970,83.63,27.16,1011.29,16.329,0.0,0.0,0.0,-1.65,-2.63,2.51,-1.65,5.75,0.14,7.93,49.18,1.0,35.93,0,0,0,0.0,0.0,0.0
1787615807.718171,08:56:47.718,3971,83.64,27.16,1011.29,16.329,0.0,0.0,0.0,-1.65,-2.63,2.51,-1.65,5.75,0.14,7.93,49.18,1.0,35.93,0,0,0,0.0,0.0,0.0
1787615807.718325,08:56:47.718,3972,83.65,27.16,1011.29,16.329,0.0,0.0,0.0,-1.65,-2.63,2.51,-1.65,5.75,0.14,7.93,49.18,1.0,35.93,0,0,0,0.0,0.0,0.0
1787615807.718479,08:56:47.718,3973,83.66,27.16,1011.29,16.329,0.0,0.0,0.0,-1.65,-2.63,2.51,-1.65,5.75,0.14,7.93,49.18,1.0,35.93,0,0,0,0.0,0.0,0.0
1787615807.718632,08:56:47.718,3974,83.67,27.16,1011.29,16.329,0.0,0.0,0.0,-1.65,-2.63,2.51,-1.65,5.75,0.14,7.93,49.18,1.0,35.93,0,0,0,0.0,0.0,0.0
1787615807.718784,08:56:47.718,3975,83.68,27.16,1011.29,16.329,0.0,0.0,0.0,-1.65,-2.63,2.51,-1.65,5.75,0.14,7.93,49.18,1.0,35.93,0,0,0,0.0,0.0,0.0
1787615807.718937,08:56:47.718,3976,83.69,27.16,1011.29,16.329,0.0,0.0,0.0,-1.65,-2.63,2.51,-1.65,5.75,0.14,7.93,49.18,1.0,35.93,0,0,0,0.0,0.0,0.0
1787615807.719090,08:56:47.719,3977,83.7,27.16,1011.29,16.329,0.0,0.0,0.0,-1.65,-2.63,2.51,-1.65,5.75,0.14,7.93,49.18,1.0,35.93,0,0,0,0.0,0.0,0.0
1787615807.719242,08:56:47.719,3978,83.71,27.16,1011.29,16.329,0.0,0.0,0.0,-1.65,-2.63,2.51,-1.65,5.75,0.14,7.93,49.18,1.0,35.93,0,0,0,0.0,0.0,0.0
1787615807.820042,08:56:47.820,3979,83.72,27.16,1011.29,16.329,0.0,0.0,0.0,-1.65,-2.63,2.51,-1.65,5.75,0.14,7.93,49.18,1.0,35.93,0,0,0,0.0,0.0,0.0
1787615807.820326,08:56:47.820,3980,83.73,27.16,1011.29,16.329,0.0,0.0,0.0,-1.37,-3.97,1.54,-1.37,5.66,-0.11,8.0,51.43,-0.81,35.25,0,0,0,0.0,0.0,0.0
1787615807.820510,08:56:47.820,3981,83.74,27.16,1011.29,16.329,0.0,0.0,0.0,-1.37,-3.97,1.54,-1.37,5.66,-0.11,8.0,51.43,-0.81,35.25,0,0,0,0.0,0.0,0.0
1787615807.820684,08:56:47.820,3982,83.75,27.16,1011.29,16.329,0.0,0.0,0.0,-1.37,-3.97,1.54,-1.37,5.66,-0.11,8.0,51.43,-0.81,35.25,0,0,0,0.0,0.0,0.0
1787615807.820858,08:56:47.820,3983,83.76,27.16,1011.29,16.329,0.0,0.0,0.0,-1.37,-3.97,1.54,-1.37,5.66,-0.11,8.0,51.43,-0.81,35.25,0,0,0,0.0,0.0,0.0
1787615807.821040,08:56:47.821,3984,83.77,27.15,1011.29,16.329,0.0,0.0,0.0,-1.37,-3.97,1.54,-1.37,5.66,-0.11,8.0,51.43,-0.81,35.25,0,0,0,0.0,0.0,0.0
1787615807.821211,08:56:47.821,3985,83.78,27.15,1011.29,16.329,0.0,0.0,0.0,-1.37,-3.97,1.54,-1.37,5.66,-0.11,8.0,51.43,-0.81,35.25,0,0,0,0.0,0.0,0.0
1787615807.821386,08:56:47.821,3986,83.79,27.15,1011.29,16.329,0.0,0.0,0.0,-1.37,-3.97,1.54,-1.37,5.66,-0.11,8.0,51.43,-0.81,35.25,0,0,0,0.0,0.0,0.0
1787615807.821556,08:56:47.821,3987,83.8,27.15,1011.29,16.329,0.0,0.0,0.0,-1.37,-3.97,1.54,-1.37,5.66,-0.11,8.0,51.43,-0.81,35.25,0,0,0,0.0,0.0,0.0
1787615807.821730,08:56:47.821,3988,83.81,27.15,1011.29,16.329,0.0,0.0,0.0,-1.37,-3.97,1.54,-1.37,5.66,-0.11,8.0,51.43,-0.81,35.25,0,0,0,0.0,0.0,0.0
1787615807.922159,08:56:47.922,3989,83.82,27.15,1011.29,16.329,0.0,0.0,0.0,-1.37,-3.97,1.54,-1.37,5.66,-0.11,8.0,51.43,-0.81,35.25,0,0,0,0.0,0.0,0.0
1787615807.922504,08:56:47.922,3990,83.83,27.15,1011.29,16.329,0.0,0.0,0.0,-3.23,-4.34,0.89,-3.23,5.42,-0.19,8.16,52.5,-1.37,33.56,0,0,0,0.0,0.0,0.0
1787615807.922687,08:56:47.922,3991,83.84,27.15,1011.29,16.329,0.0,0.0,0.0,-3.23,-4.34,0.89,-3.23,5.42,-0.19,8.16,52.5,-1.37,33.56,0,0,0,0.0,0.0,0.0
1787615807.922860,08:56:47.922,3992,83.85,27.15,1011.29,16.329,0.0,0.0,0.0,-3.23,-4.34,0.89,-3.23,5.42,-0.19,8.16,52.5,-1.37,33.56,0,0,0,0.0,0.0,0.0
1787615807.923032,08:56:47.923,3993,83.86,27.15,1011.29,16.329,0.0,0.0,0.0,-3.23,-4.34,0.89,-3.23,5.42,-0.19,8.16,52.5,-1.37,33.56,0,0,0,0.0,0.0,0.0
1787615807.923201,08:56:47.923,3994,83.87,27.15,1011.29,16.329,0.0,0.0,0.0,-3.23,-4.34,0.89,-3.23,5.42,-0.19,8.16,52.5,-1.37,33.56,0,0,0,0.0,0.0,0.0
1787615807.923369,08:56:47.923,3995,83.88,27.15,1011.29,16.329,0.0,0.0,0.0,-3.23,-4.34,0.89,-3.23,5.42,-0.19,8.16,52.5,-1.37,33.56,0,0,0,0.0,0.0,0.0
1787615807.923538,08:56:47.923,3996,83.89,27.15,1011.29,16.329,0.0,0.0,0.0,-3.23,-4.34,0.89,-3.23,5.42,-0.19,8.16,52.5,-1.37,33.56,0,0,0,0.0,0.0,0.0
1787615807.923707,08:56:47.923,3997,83.9,27.15,1011.29,16.329,0.0,0.0,0.0,-3.23,-4.34,0.89,-3.23,5.42,-0.19,8.16,52.5,-1.37,33.56,0,0,0,0.0,0.0,0.0
1787615808.025143,08:56:48.025,3998,83.91,27.15,1011.29,16.329,0.0,0.0,0.0,-3.23,-4.34,0.89,-3.23,5.42,-0.19,8.16,52.5,-1.37,33.56,0,0,0,0.0,0.0,0.0
1787615808.026117,08:56:48.026,3999,83.92,27.15,1011.29,16.329,0.0,0.0,0.0,-3.23,-4.34,0.89,-3.23,5.42,-0.19,8.16,52.5,-1.37,33.56,0,0,0,0.0,0.0,0.0
1787615808.026482,08:56:48.026,4000,83.93,27.15,1011.29,16.329,0.0,0.0,0.0,-1.43,-1.41,-0.82,-1.43,4.73,-0.37,8.57,51.56,-2.43,28.87,0,0,0,0.0,0.0,0.0
1787615808.026952,08:56:48.026,4001,83.94,27.15,1011.29,16.329,0.0,0.0,0.0,-1.43,-1.41,-0.82,-1.43,4.73,-0.37,8.57,51.56,-2.43,28.87,0,0,0,0.0,0.0,0.0
1787615808.027304,08:56:48.027,4002,83.95,27.15,1011.29,16.329,0.0,0.0,0.0,-1.43,-1.41,-0.82,-1.43,4.73,-0.37,8.57,51.56,-2.43,28.87,0,0,0,0.0,0.0,0.0
1787615808.027645,08:56:48.027,4003,83.96,27.15,1011.29,16.329,0.0,0.0,0.0,-1.43,-1.41,-0.82,-1.43,4.73,-0.37,8.57,51.56,-2.43,28.87,0,0,0,0.0,0.0,0.0
1787615808.027993,08:56:48.027,4004,83.97,27.14,1011.28,16.413,0.0,0.0,0.0,-1.43,-1.41,-0.82,-1.43,4.73,-0.37,8.57,51.56,-2.43,28.87,0,0,0,0.0,0.0,0.0
1787615808.028345,08:56:48.028,4005,83.98,27.14,1011.28,16.413,0.0,0.0,0.0,-1.43,-1.41,-0.82,-1.43,4.73,-0.37,8.57,51.56,-2.43,28.87,0,0,0,0.0,0.0,0.0
1787615808.028689,08:56:48.028,4006,83.99,27.14,1011.28,16.413,0.0,0.0,0.0,-1.43,-1.41,-0.82,-1.43,4.73,-0.37,8.57,51.56,-2.43,28.87,0,0,0,0.0,0.0,0.0
1787615808.029017,08:56:48.029,4007,84.0,27.14,1011.28,16.413,0.0,0.0,0.0,-1.43,-1.41,-0.82,-1.43,4.73,-0.37,8.57,51.56,-2.43,28.87,0,0,0,0.0,0.0,0.0
1787615808.029345,08:56:48.029,4008,84.01,27.14,1011.28,16.413,0.0,0.0,0.0,-1.43,-1.41,-0.82,-1.43,4.73,-0.37,8.57,51.56,-2.43,28.87,0,0,0,0.0,0.0,0.0
1787615808.029856,08:56:48.029,4009,84.02,27.14,1011.28,16.413,0.0,0.0,0.0,-1.43,-1.41,-0.82,-1.43,4.73,-0.37,8.57,51.56,-2.43,28.87,0,0,0,0.0,0.0,0.0
1787615808.133421,08:56:48.133,4010,84.03,27.14,1011.28,16.413,0.0,0.0,0.0,-0.06,-0.05,0.18,-0.06,3.91,-0.43,8.98,51.0,-2.62,23.93,0,0,0,0.0,0.0,0.0
1787615808.133810,08:56:48.133,4011,84.04,27.14,1011.28,16.413,0.0,0.0,0.0,-0.06,-0.05,0.18,-0.06,3.91,-0.43,8.98,51.0,-2.62,23.93,0,0,0,0.0,0.0,0.0
1787615808.134017,08:56:48.134,4012,84.05,27.14,1011.28,16.413,0.0,0.0,0.0,-0.06,-0.05,0.18,-0.06,3.91,-0.43,8.98,51.0,-2.62,23.93,0,0,0,0.0,0.0,0.0
1787615808.134191,08:56:48.134,4013,84.06,27.14,1011.28,16.413,0.0,0.0,0.0,-0.06,-0.05,0.18,-0.06,3.91,-0.43,8.98,51.0,-2.62,23.93,0,0,0,0.0,0.0,0.0
1787615808.134365,08:56:48.134,4014,84.07,27.14,1011.28,16.413,0.0,0.0,0.0,-0.06,-0.05,0.18,-0.06,3.91,-0.43,8.98,51.0,-2.62,23.93,0,0,0,0.0,0.0,0.0
1787615808.134531,08:56:48.134,4015,84.08,27.14,1011.28,16.413,0.0,0.0,0.0,-0.06,-0.05,0.18,-0.06,3.91,-0.43,8.98,51.0,-2.62,23.93,0,0,0,0.0,0.0,0.0
1787615808.134751,08:56:48.134,4016,84.09,27.14,1011.28,16.413,0.0,0.0,0.0,-0.06,-0.05,0.18,-0.06,3.91,-0.43,8.98,51.0,-2.62,23.93,0,0,0,0.0,0.0,0.0
1787615808.134936,08:56:48.134,4017,84.1,27.14,1011.28,16.413,0.0,0.0,0.0,-0.06,-0.05,0.18,-0.06,3.91,-0.43,8.98,51.0,-2.62,23.93,0,0,0,0.0,0.0,0.0
1787615808.135109,08:56:48.135,4018,84.11,27.14,1011.28,16.413,0.0,0.0,0.0,-0.06,-0.05,0.18,-0.06,3.91,-0.43,8.98,51.0,-2.62,23.93,0,0,0,0.0,0.0,0.0
1787615808.235989,08:56:48.235,4019,84.12,27.14,1011.28,16.413,0.0,0.0,0.0,-0.06,-0.05,0.18,-0.06,3.91,-0.43,8.98,51.0,-2.62,23.93,0,0,0,0.0,0.0,0.0
1787615808.236326,08:56:48.236,4020,84.13,27.14,1011.28,16.413,0.0,0.0,0.0,-0.57,1.65,1.36,-0.57,3.23,-0.51,9.24,50.5,-3.12,19.75,0,0,0,0.0,0.0,0.0
1787615808.236496,08:56:48.236,4021,84.14,27.14,1011.28,16.413,0.0,0.0,0.0,-0.57,1.65,1.36,-0.57,3.23,-0.51,9.24,50.5,-3.12,19.75,0,0,0,0.0,0.0,0.0
1787615808.236656,08:56:48.236,4022,84.15,27.14,1011.28,16.413,0.0,0.0,0.0,-0.57,1.65,1.36,-0.57,3.23,-0.51,9.24,50.5,-3.12,19.75,0,0,0,0.0,0.0,0.0
1787615808.236815,08:56:48.236,4023,84.16,27.14,1011.28,16.413,0.0,0.0,0.0,-0.57,1.65,1.36,-0.57,3.23,-0.51,9.24,50.5,-3.12,19.75,0,0,0,0.0,0.0,0.0
1787615808.236973,08:56:48.236,4024,84.17,27.15,1011.33,15.996,0.0,0.0,0.0,-0.57,1.65,1.36,-0.57,3.23,-0.51,9.24,50.5,-3.12,19.75,0,0,0,0.0,0.0,0.0
1787615808.237146,08:56:48.237,4025,84.18,27.15,1011.33,15.996,0.0,0.0,0.0,-0.57,1.65,1.36,-0.57,3.23,-0.51,9.24,50.5,-3.12,19.75,0,0,0,0.0,0.0,0.0
1787615808.237308,08:56:48.237,4026,84.19,27.15,1011.33,15.996,0.0,0.0,0.0,-0.57,1.65,1.36,-0.57,3.23,-0.51,9.24,50.5,-3.12,19.75,0,0,0,0.0,0.0,0.0
1787615808.237460,08:56:48.237,4027,84.2,27.15,1011.33,15.996,0.0,0.0,0.0,-0.57,1.65,1.36,-0.57,3.23,-0.51,9.24,50.5,-3.12,19.75,0,0,0,0.0,0.0,0.0
1787615808.237619,08:56:48.237,4028,84.21,27.15,1011.33,15.996,0.0,0.0,0.0,-0.57,1.65,1.36,-0.57,3.23,-0.51,9.24,50.5,-3.12,19.75,0,0,0,0.0,0.0,0.0
1787615808.237777,08:56:48.237,4029,84.22,27.15,1011.33,15.996,0.0,0.0,0.0,-0.57,1.65,1.36,-0.57,3.23,-0.51,9.24,50.5,-3.12,19.75,0,0,0,0.0,0.0,0.0
1787615808.338797,08:56:48.338,4030,84.23,27.15,1011.33,15.996,0.0,0.0,0.0,-1.64,0.99,-1.09,-1.64,2.51,-0.69,9.45,49.18,-3.93,15.31,0,0,0,0.0,0.0,0.0
1787615808.339162,08:56:48.339,4031,84.24,27.15,1011.33,15.996,0.0,0.0,0.0,-1.64,0.99,-1.09,-1.64,2.51,-0.69,9.45,49.18,-3.93,15.31,0,0,0,0.0,0.0,0.0
1787615808.339349,08:56:48.339,4032,84.25,27.15,1011.33,15.996,0.0,0.0,0.0,-1.64,0.99,-1.09,-1.64,2.51,-0.69,9.45,49.18,-3.93,15.31,0,0,0,0.0,0.0,0.0
1787615808.339524,08:56:48.339,4033,84.26,27.15,1011.33,15.996,0.0,0.0,0.0,-1.64,0.99,-1.09,-1.64,2.51,-0.69,9.45,49.18,-3.93,15.31,0,0,0,0.0,0.0,0.0
1787615808.339693,08:56:48.339,4034,84.27,27.15,1011.33,15.996,0.0,0.0,0.0,-1.64,0.99,-1.09,-1.64,2.51,-0.69,9.45,49.18,-3.93,15.31,0,0,0,0.0,0.0,0.0
1787615808.339861,08:56:48.339,4035,84.28,27.15,1011.33,15.996,0.0,0.0,0.0,-1.64,0.99,-1.09,-1.64,2.51,-0.69,9.45,49.18,-3.93,15.31,0,0,0,0.0,0.0,0.0
1787615808.340133,08:56:48.340,4036,84.29,27.15,1011.33,15.996,0.0,0.0,0.0,-1.64,0.99,-1.09,-1.64,2.51,-0.69,9.45,49.18,-3.93,15.31,0,0,0,0.0,0.0,0.0
1787615808.340340,08:56:48.340,4037,84.3,27.15,1011.33,15.996,0.0,0.0,0.0,-1.64,0.99,-1.09,-1.64,2.51,-0.69,9.45,49.18,-3.93,15.31,0,0,0,0.0,0.0,0.0
1787615808.340524,08:56:48.340,4038,84.31,27.15,1011.33,15.996,0.0,0.0,0.0,-1.64,0.99,-1.09,-1.64,2.51,-0.69,9.45,49.18,-3.93,15.31,0,0,0,0.0,0.0,0.0
1787615808.340701,08:56:48.340,4039,84.32,27.15,1011.33,15.996,0.0,0.0,0.0,-1.64,0.99,-1.09,-1.64,2.51,-0.69,9.45,49.18,-3.93,15.31,0,0,0,0.0,0.0,0.0
1787615808.441023,08:56:48.441,4040,84.33,27.15,1011.33,15.996,0.0,0.0,0.0,2.74,1.34,0.1,2.74,1.75,-0.86,9.6,46.0,-4.93,10.62,0,0,0,0.0,0.0,0.0
1787615808.441394,08:56:48.441,4041,84.34,27.15,1011.33,15.996,0.0,0.0,0.0,2.74,1.34,0.1,2.74,1.75,-0.86,9.6,46.0,-4.93,10.62,0,0,0,0.0,0.0,0.0
1787615808.441597,08:56:48.441,4042,84.35,27.15,1011.33,15.996,0.0,0.0,0.0,2.74,1.34,0.1,2.74,1.75,-0.86,9.6,46.0,-4.93,10.62,0,0,0,0.0,0.0,0.0
1787615808.441791,08:56:48.441,4043,84.36,27.15,1011.33,15.996,0.0,0.0,0.0,2.74,1.34,0.1,2.74,1.75,-0.86,9.6,46.0,-4.93,10.62,0,0,0,0.0,0.0,0.0
1787615808.441982,08:56:48.441,4044,84.37,27.16,1011.36,15.747,0.0,0.0,0.0,2.74,1.34,0.1,2.74,1.75,-0.86,9.6,46.0,-4.93,10.62,0,0,0,0.0,0.0,0.0
1787615808.442176,08:56:48.442,4045,84.38,27.16,1011.36,15.747,0.0,0.0,0.0,2.74,1.34,0.1,2.74,1.75,-0.86,9.6,46.0,-4.93,10.62,0,0,0,0.0,0.0,0.0
1787615808.442366,08:56:48.442,4046,84.39,27.16,1011.36,15.747,0.0,0.0,0.0,2.74,1.34,0.1,2.74,1.75,-0.86,9.6,46.0,-4.93,10.62,0,0,0,0.0,0.0,0.0
1787615808.442555,08:56:48.442,4047,84.4,27.16,1011.36,15.747,0.0,0.0,0.0,2.74,1.34,0.1,2.74,1.75,-0.86,9.6,46.0,-4.93,10.62,0,0,0,0.0,0.0,0.0
1787615808.442732,08:56:48.442,4048,84.41,27.16,1011.36,15.747,0.0,0.0,0.0,2.74,1.34,0.1,2.74,1.75,-0.86,9.6,46.0,-4.93,10.62,0,0,0,0.0,0.0,0.0
1787615808.442899,08:56:48.442,4049,84.42,27.16,1011.36,15.747,0.0,0.0,0.0,2.74,1.34,0.1,2.74,1.75,-0.86,9.6,46.0,-4.93,10.62,0,0,0,0.0,0.0,0.0
1787615808.443066,08:56:48.443,4050,84.43,27.16,1011.36,15.747,0.0,0.0,0.0,1.33,1.57,0.21,1.33,1.6,-0.93,9.62,41.75,-5.5,9.25,0,0,0,0.0,0.0,0.0
1787615808.543573,08:56:48.543,4051,84.44,27.16,1011.36,15.747,0.0,0.0,0.0,1.33,1.57,0.21,1.33,1.6,-0.93,9.62,41.75,-5.5,9.25,0,0,0,0.0,0.0,0.0
1787615808.543951,08:56:48.543,4052,84.45,27.16,1011.36,15.747,0.0,0.0,0.0,1.33,1.57,0.21,1.33,1.6,-0.93,9.62,41.75,-5.5,9.25,0,0,0,0.0,0.0,0.0
1787615808.544163,08:56:48.544,4053,84.46,27.16,1011.36,15.747,0.0,0.0,0.0,1.33,1.57,0.21,1.33,1.6,-0.93,9.62,41.75,-5.5,9.25,0,0,0,0.0,0.0,0.0
1787615808.544380,08:56:48.544,4054,84.47,27.16,1011.36,15.747,0.0,0.0,0.0,1.33,1.57,0.21,1.33,1.6,-0.93,9.62,41.75,-5.5,9.25,0,0,0,0.0,0.0,0.0
1787615808.544582,08:56:48.544,4055,84.48,27.16,1011.36,15.747,0.0,0.0,0.0,1.33,1.57,0.21,1.33,1.6,-0.93,9.62,41.75,-5.5,9.25,0,0,0,0.0,0.0,0.0
1787615808.544779,08:56:48.544,4056,84.49,27.16,1011.36,15.747,0.0,0.0,0.0,1.33,1.57,0.21,1.33,1.6,-0.93,9.62,41.75,-5.5,9.25,0,0,0,0.0,0.0,0.0
1787615808.544975,08:56:48.544,4057,84.5,27.16,1011.36,15.747,0.0,0.0,0.0,1.33,1.57,0.21,1.33,1.6,-0.93,9.62,41.75,-5.5,9.25,0,0,0,0.0,0.0,0.0
1787615808.545176,08:56:48.545,4058,84.51,27.16,1011.36,15.747,0.0,0.0,0.0,1.33,1.57,0.21,1.33,1.6,-0.93,9.62,41.75,-5.5,9.25,0,0,0,0.0,0.0,0.0
1787615808.545369,08:56:48.545,4059,84.52,27.16,1011.36,15.747,0.0,0.0,0.0,1.33,1.57,0.21,1.33,1.6,-0.93,9.62,41.75,-5.5,9.25,0,0,0,0.0,0.0,0.0
1787615808.545551,08:56:48.545,4060,84.53,27.16,1011.36,15.747,0.0,0.0,0.0,1.05,1.63,1.56,1.05,2.13,-0.81,9.53,38.87,-5.0,12.12,0,0,0,0.0,0.0,0.0
1787615808.646796,08:56:48.646,4061,84.54,27.16,1011.36,15.747,0.0,0.0,0.0,1.05,1.63,1.56,1.05,2.13,-0.81,9.53,38.87,-5.0,12.12,0,0,0,0.0,0.0,0.0
1787615808.647141,08:56:48.647,4062,84.55,27.16,1011.36,15.747,0.0,0.0,0.0,1.05,1.63,1.56,1.05,2.13,-0.81,9.53,38.87,-5.0,12.12,0,0,0,0.0,0.0,0.0
1787615808.647341,08:56:48.647,4063,84.56,27.16,1011.36,15.747,0.0,0.0,0.0,1.05,1.63,1.56,1.05,2.13,-0.81,9.53,38.87,-5.0,12.12,0,0,0,0.0,0.0,0.0
1787615808.647534,08:56:48.647,4064,84.57,27.15,1011.35,15.829,0.0,0.0,0.0,1.05,1.63,1.56,1.05,2.13,-0.81,9.53,38.87,-5.0,12.12,0,0,0,0.0,0.0,0.0
1787615808.647728,08:56:48.647,4065,84.58,27.15,1011.35,15.829,0.0,0.0,0.0,1.05,1.63,1.56,1.05,2.13,-0.81,9.53,38.87,-5.0,12.12,0,0,0,0.0,0.0,0.0
1787615808.647925,08:56:48.647,4066,84.59,27.15,1011.35,15.829,0.0,0.0,0.0,1.05,1.63,1.56,1.05,2.13,-0.81,9.53,38.87,-5.0,12.12,0,0,0,0.0,0.0,0.0
1787615808.648114,08:56:48.648,4067,84.6,27.15,1011.35,15.829,0.0,0.0,0.0,1.05,1.63,1.56,1.05,2.13,-0.81,9.53,38.87,-5.0,12.12,0,0,0,0.0,0.0,0.0
1787615808.648303,08:56:48.648,4068,84.61,27.15,1011.35,15.829,0.0,0.0,0.0,1.05,1.63,1.56,1.05,2.13,-0.81,9.53,38.87,-5.0,12.12,0,0,0,0.0,0.0,0.0
1787615808.648496,08:56:48.648,4069,84.62,27.15,1011.35,15.829,0.0,0.0,0.0,1.05,1.63,1.56,1.05,2.13,-0.81,9.53,38.87,-5.0,12.12,0,0,0,0.0,0.0,0.0
1787615808.648683,08:56:48.648,4070,84.63,27.15,1011.35,15.829,0.0,0.0,0.0,-1.69,-1.1,1.93,-1.69,2.73,-0.62,9.39,36.25,-3.87,16.06,0,0,0,0.0,0.0,0.0
1787615808.648879,08:56:48.648,4071,84.64,27.15,1011.35,15.829,0.0,0.0,0.0,-1.69,-1.1,1.93,-1.69,2.73,-0.62,9.39,36.25,-3.87,16.06,0,0,0,0.0,0.0,0.0
1787615808.749842,08:56:48.749,4072,84.65,27.15,1011.35,15.829,0.0,0.0,0.0,-1.69,-1.1,1.93,-1.69,2.73,-0.62,9.39,36.25,-3.87,16.06,0,0,0,0.0,0.0,0.0
1787615808.750138,08:56:48.750,4073,84.66,27.15,1011.35,15.829,0.0,0.0,0.0,-1.69,-1.1,1.93,-1.69,2.73,-0.62,9.39,36.25,-3.87,16.06,0,0,0,0.0,0.0,0.0
1787615808.750296,08:56:48.750,4074,84.67,27.15,1011.35,15.829,0.0,0.0,0.0,-1.69,-1.1,1.93,-1.69,2.73,-0.62,9.39,36.25,-3.87,16.06,0,0,0,0.0,0.0,0.0
1787615808.750442,08:56:48.750,4075,84.68,27.15,1011.35,15.829,0.0,0.0,0.0,-1.69,-1.1,1.93,-1.69,2.73,-0.62,9.39,36.25,-3.87,16.06,0,0,0,0.0,0.0,0.0
1787615808.750584,08:56:48.750,4076,84.69,27.15,1011.35,15.829,0.0,0.0,0.0,-1.69,-1.1,1.93,-1.69,2.73,-0.62,9.39,36.25,-3.87,16.06,0,0,0,0.0,0.0,0.0
1787615808.750723,08:56:48.750,4077,84.7,27.15,1011.35,15.829,0.0,0.0,0.0,-1.69,-1.1,1.93,-1.69,2.73,-0.62,9.39,36.25,-3.87,16.06,0,0,0,0.0,0.0,0.0
1787615808.750864,08:56:48.750,4078,84.71,27.15,1011.35,15.829,0.0,0.0,0.0,-1.69,-1.1,1.93,-1.69,2.73,-0.62,9.39,36.25,-3.87,16.06,0,0,0,0.0,0.0,0.0
1787615808.751003,08:56:48.751,4079,84.72,27.15,1011.35,15.829,0.0,0.0,0.0,-1.69,-1.1,1.93,-1.69,2.73,-0.62,9.39,36.25,-3.87,16.06,0,0,0,0.0,0.0,0.0
1787615808.751142,08:56:48.751,4080,84.73,27.15,1011.35,15.829,0.0,0.0,0.0,-1.69,-1.1,1.93,-1.69,2.73,-0.62,9.39,36.25,-3.87,16.06,0,0,0,0.0,0.0,0.0
1787615808.751279,08:56:48.751,4081,84.74,27.15,1011.35,15.829,0.0,0.0,0.0,-1.76,-0.75,-1.31,-1.76,2.17,-0.44,9.55,34.37,-2.62,12.81,0,0,0,0.0,0.0,0.0
1787615808.852106,08:56:48.852,4082,84.75,27.15,1011.35,15.829,0.0,0.0,0.0,-1.76,-0.75,-1.31,-1.76,2.17,-0.44,9.55,34.37,-2.62,12.81,0,0,0,0.0,0.0,0.0
1787615808.852456,08:56:48.852,4083,84.76,27.15,1011.35,15.829,0.0,0.0,0.0,-1.76,-0.75,-1.31,-1.76,2.17,-0.44,9.55,34.37,-2.62,12.81,0,0,0,0.0,0.0,0.0
1787615808.852648,08:56:48.852,4084,84.77,27.17,1011.38,15.581,0.0,0.0,0.0,-1.76,-0.75,-1.31,-1.76,2.17,-0.44,9.55,34.37,-2.62,12.81,0,0,0,0.0,0.0,0.0
1787615808.852826,08:56:48.852,4085,84.78,27.17,1011.38,15.581,0.0,0.0,0.0,-1.76,-0.75,-1.31,-1.76,2.17,-0.44,9.55,34.37,-2.62,12.81,0,0,0,0.0,0.0,0.0
1787615808.853003,08:56:48.853,4086,84.79,27.17,1011.38,15.581,0.0,0.0,0.0,-1.76,-0.75,-1.31,-1.76,2.17,-0.44,9.55,34.37,-2.62,12.81,0,0,0,0.0,0.0,0.0
1787615808.853177,08:56:48.853,4087,84.8,27.17,1011.38,15.581,0.0,0.0,0.0,-1.76,-0.75,-1.31,-1.76,2.17,-0.44,9.55,34.37,-2.62,12.81,0,0,0,0.0,0.0,0.0
1787615808.853353,08:56:48.853,4088,84.81,27.17,1011.38,15.581,0.0,0.0,0.0,-1.76,-0.75,-1.31,-1.76,2.17,-0.44,9.55,34.37,-2.62,12.81,0,0,0,0.0,0.0,0.0
1787615808.853529,08:56:48.853,4089,84.82,27.17,1011.38,15.581,0.0,0.0,0.0,-1.76,-0.75,-1.31,-1.76,2.17,-0.44,9.55,34.37,-2.62,12.81,0,0,0,0.0,0.0,0.0
1787615808.853698,08:56:48.853,4090,84.83,27.17,1011.38,15.581,0.0,0.0,0.0,-1.76,-0.75,-1.31,-1.76,2.17,-0.44,9.55,34.37,-2.62,12.81,0,0,0,0.0,0.0,0.0
1787615808.954086,08:56:48.954,4091,84.84,27.17,1011.38,15.581,0.0,0.0,0.0,2.43,-0.75,1.3,2.43,1.68,-0.3,9.65,32.87,-1.81,9.87,0,0,0,0.0,0.0,0.0
1787615808.954560,08:56:48.954,4092,84.85,27.17,1011.38,15.581,0.0,0.0,0.0,2.43,-0.75,1.3,2.43,1.68,-0.3,9.65,32.87,-1.81,9.87,0,0,0,0.0,0.0,0.0
1787615808.954771,08:56:48.954,4093,84.86,27.17,1011.38,15.581,0.0,0.0,0.0,2.43,-0.75,1.3,2.43,1.68,-0.3,9.65,32.87,-1.81,9.87,0,0,0,0.0,0.0,0.0
1787615808.954973,08:56:48.954,4094,84.87,27.17,1011.38,15.581,0.0,0.0,0.0,2.43,-0.75,1.3,2.43,1.68,-0.3,9.65,32.87,-1.81,9.87,0,0,0,0.0,0.0,0.0
1787615808.955168,08:56:48.955,4095,84.88,27.17,1011.38,15.581,0.0,0.0,0.0,2.43,-0.75,1.3,2.43,1.68,-0.3,9.65,32.87,-1.81,9.87,0,0,0,0.0,0.0,0.0
1787615808.955360,08:56:48.955,4096,84.89,27.17,1011.38,15.581,0.0,0.0,0.0,2.43,-0.75,1.3,2.43,1.68,-0.3,9.65,32.87,-1.81,9.87,0,0,0,0.0,0.0,0.0
1787615808.955553,08:56:48.955,4097,84.9,27.17,1011.38,15.581,0.0,0.0,0.0,2.43,-0.75,1.3,2.43,1.68,-0.3,9.65,32.87,-1.81,9.87,0,0,0,0.0,0.0,0.0
1787615808.955742,08:56:48.955,4098,84.91,27.17,1011.38,15.581,0.0,0.0,0.0,2.43,-0.75,1.3,2.43,1.68,-0.3,9.65,32.87,-1.81,9.87,0,0,0,0.0,0.0,0.0
1787615808.955933,08:56:48.955,4099,84.92,27.17,1011.38,15.581,0.0,0.0,0.0,2.43,-0.75,1.3,2.43,1.68,-0.3,9.65,32.87,-1.81,9.87,0,0,0,0.0,0.0,0.0
1787615808.956122,08:56:48.956,4100,84.93,27.17,1011.38,15.581,0.0,0.0,0.0,3.15,-0.19,0.21,3.15,1.5,-0.52,9.67,31.37,-3.06,8.81,0,0,0,0.0,0.0,0.0
1787615808.956393,08:56:48.956,4101,84.94,27.17,1011.38,15.581,0.0,0.0,0.0,3.15,-0.19,0.21,3.15,1.5,-0.52,9.67,31.37,-3.06,8.81,0,0,0,0.0,0.0,0.0
1787615809.057441,08:56:49.057,4102,84.95,27.17,1011.38,15.581,0.0,0.0,0.0,3.15,-0.19,0.21,3.15,1.5,-0.52,9.67,31.37,-3.06,8.81,0,0,0,0.0,0.0,0.0
1787615809.057905,08:56:49.057,4103,84.96,27.17,1011.38,15.581,0.0,0.0,0.0,3.15,-0.19,0.21,3.15,1.5,-0.52,9.67,31.37,-3.06,8.81,0,0,0,0.0,0.0,0.0
1787615809.058143,08:56:49.058,4104,84.97,27.16,1011.37,15.663,0.0,0.0,0.0,3.15,-0.19,0.21,3.15,1.5,-0.52,9.67,31.37,-3.06,8.81,0,0,0,0.0,0.0,0.0
1787615809.058375,08:56:49.058,4105,84.98,27.16,1011.37,15.663,0.0,0.0,0.0,3.15,-0.19,0.21,3.15,1.5,-0.52,9.67,31.37,-3.06,8.81,0,0,0,0.0,0.0,0.0
1787615809.058677,08:56:49.058,4106,84.99,27.16,1011.37,15.663,0.0,0.0,0.0,3.15,-0.19,0.21,3.15,1.5,-0.52,9.67,31.37,-3.06,8.81,0,0,0,0.0,0.0,0.0
1787615809.058934,08:56:49.058,4107,85.0,27.16,1011.37,15.663,0.0,0.0,0.0,3.15,-0.19,0.21,3.15,1.5,-0.52,9.67,31.37,-3.06,8.81,0,0,0,0.0,0.0,0.0
1787615809.059168,08:56:49.059,4108,85.01,27.16,1011.37,15.663,0.0,0.0,0.0,3.15,-0.19,0.21,3.15,1.5,-0.52,9.67,31.37,-3.06,8.81,0,0,0,0.0,0.0,0.0
1787615809.059388,08:56:49.059,4109,85.02,27.16,1011.37,15.663,0.0,0.0,0.0,3.15,-0.19,0.21,3.15,1.5,-0.52,9.67,31.37,-3.06,8.81,0,0,0,0.0,0.0,0.0
1787615809.059581,08:56:49.059,4110,85.03,27.16,1011.37,15.663,0.0,0.0,0.0,-0.21,-0.24,-0.62,-0.21,1.5,-0.78,9.65,30.0,-4.62,8.81,0,0,0,0.0,0.0,0.0
1787615809.059779,08:56:49.059,4111,85.04,27.16,1011.37,15.663,0.0,0.0,0.0,-0.21,-0.24,-0.62,-0.21,1.5,-0.78,9.65,30.0,-4.62,8.81,0,0,0,0.0,0.0,0.0
