host_unix,host_time,seq,up_ms,temp_c,press_hpa,alt_baro_m,alt_fused_m,vel_m_s,speed_m_s,az_m_s2,lax_m_s2,lay_m_s2,laz_m_s2,gx_m_s2,gy_m_s2,gz_m_s2,heading,roll,pitch,calib,vstate,elev,servo_deg,rudder_deg,throttle
1787615153.787458,08:45:53.787,7506,128.889,28.05,1011.45,14.997,0.0,0.0,0.0,-0.07,-0.03,-0.1,-0.07,0.51,1.9,9.6,225.56,11.18,3.0,0,0,0,0.0,0.0,0.0
1787615153.788032,08:45:53.788,7507,128.899,28.05,1011.45,14.997,0.0,0.0,0.0,-0.07,-0.03,-0.1,-0.07,0.51,1.9,9.6,225.56,11.18,3.0,0,0,0,0.0,0.0,0.0
1787615153.788350,08:45:53.788,7508,128.909,28.05,1011.45,14.997,0.0,0.0,0.0,-0.07,-0.03,-0.1,-0.07,0.51,1.9,9.6,225.56,11.18,3.0,0,0,0,0.0,0.0,0.0
1787615153.788638,08:45:53.788,7509,128.919,28.05,1011.45,14.997,0.0,0.0,0.0,-0.07,-0.03,-0.1,-0.07,0.51,1.9,9.6,225.56,11.18,3.0,0,0,0,0.0,0.0,0.0
1787615153.788909,08:45:53.788,7510,128.929,28.05,1011.45,14.997,0.0,0.0,0.0,-0.12,-0.03,-0.08,-0.12,0.51,1.9,9.6,225.56,11.18,3.0,0,0,0,0.0,0.0,0.0
1787615153.789195,08:45:53.789,7511,128.939,28.05,1011.45,14.997,0.0,0.0,0.0,-0.12,-0.03,-0.08,-0.12,0.51,1.9,9.6,225.56,11.18,3.0,0,0,0,0.0,0.0,0.0
1787615153.789753,08:45:53.789,7512,128.949,28.05,1011.45,14.997,0.0,0.0,0.0,-0.12,-0.03,-0.08,-0.12,0.51,1.9,9.6,225.56,11.18,3.0,0,0,0,0.0,0.0,0.0
1787615153.790203,08:45:53.790,7513,128.959,28.05,1011.45,14.997,0.0,0.0,0.0,-0.12,-0.03,-0.08,-0.12,0.51,1.9,9.6,225.56,11.18,3.0,0,0,0,0.0,0.0,0.0
1787615153.790560,08:45:53.790,7514,128.969,28.04,1011.44,15.079,0.0,0.0,0.0,-0.12,-0.03,-0.08,-0.12,0.51,1.9,9.6,225.56,11.18,3.0,0,0,0,0.0,0.0,0.0
1787615153.790912,08:45:53.790,7515,128.979,28.04,1011.44,15.079,0.0,0.0,0.0,-0.12,-0.03,-0.08,-0.12,0.51,1.9,9.6,225.56,11.18,3.0,0,0,0,0.0,0.0,0.0
1787615153.791256,08:45:53.791,7516,128.989,28.04,1011.44,15.079,0.0,0.0,0.0,-0.12,-0.03,-0.08,-0.12,0.51,1.9,9.6,225.56,11.18,3.0,0,0,0,0.0,0.0,0.0
1787615153.892768,08:45:53.892,7517,128.999,28.04,1011.44,15.079,0.0,0.0,0.0,-0.12,-0.03,-0.08,-0.12,0.51,1.9,9.6,225.56,11.18,3.0,0,0,0,0.0,0.0,0.0
1787615153.893057,08:45:53.893,7518,129.009,28.04,1011.44,15.079,0.0,0.0,0.0,-0.12,-0.03,-0.08,-0.12,0.51,1.9,9.6,225.56,11.18,3.0,0,0,0,0.0,0.0,0.0
1787615153.893213,08:45:53.893,7519,129.019,28.04,1011.44,15.079,0.0,0.0,0.0,-0.12,-0.03,-0.08,-0.12,0.51,1.9,9.6,225.56,11.18,3.0,0,0,0,0.0,0.0,0.0
1787615153.893360,08:45:53.893,7520,129.029,28.04,1011.44,15.079,0.0,0.0,0.0,-0.07,-0.03,-0.16,-0.07,0.51,1.9,9.6,225.56,11.18,3.0,0,0,0,0.0,0.0,0.0
1787615153.893504,08:45:53.893,7521,129.039,28.04,1011.44,15.079,0.0,0.0,0.0,-0.07,-0.03,-0.16,-0.07,0.51,1.9,9.6,225.56,11.18,3.0,0,0,0,0.0,0.0,0.0
1787615153.893646,08:45:53.893,7522,129.049,28.04,1011.44,15.079,0.0,0.0,0.0,-0.07,-0.03,-0.16,-0.07,0.51,1.9,9.6,225.56,11.18,3.0,0,0,0,0.0,0.0,0.0
1787615153.893788,08:45:53.893,7523,129.059,28.04,1011.44,15.079,0.0,0.0,0.0,-0.07,-0.03,-0.16,-0.07,0.51,1.9,9.6,225.56,11.18,3.0,0,0,0,0.0,0.0,0.0
1787615153.893930,08:45:53.893,7524,129.069,28.04,1011.44,15.079,0.0,0.0,0.0,-0.07,-0.03,-0.16,-0.07,0.51,1.9,9.6,225.56,11.18,3.0,0,0,0,0.0,0.0,0.0
1787615153.894085,08:45:53.894,7525,129.079,28.04,1011.44,15.079,0.0,0.0,0.0,-0.07,-0.03,-0.16,-0.07,0.51,1.9,9.6,225.56,11.18,3.0,0,0,0,0.0,0.0,0.0
1787615153.894233,08:45:53.894,7526,129.089,28.04,1011.44,15.079,0.0,0.0,0.0,-0.07,-0.03,-0.16,-0.07,0.51,1.9,9.6,225.56,11.18,3.0,0,0,0,0.0,0.0,0.0
1787615153.994744,08:45:53.994,7527,129.099,28.04,1011.44,15.079,0.0,0.0,0.0,-0.07,-0.03,-0.16,-0.07,0.51,1.9,9.6,225.56,11.18,3.0,0,0,0,0.0,0.0,0.0
1787615153.995184,08:45:53.995,7528,129.109,28.04,1011.44,15.079,0.0,0.0,0.0,-0.07,-0.03,-0.16,-0.07,0.51,1.9,9.6,225.56,11.18,3.0,0,0,0,0.0,0.0,0.0
1787615153.995464,08:45:53.995,7529,129.119,28.04,1011.44,15.079,0.0,0.0,0.0,-0.07,-0.03,-0.16,-0.07,0.51,1.9,9.6,225.56,11.18,3.0,0,0,0,0.0,0.0,0.0
1787615153.995739,08:45:53.995,7530,129.129,28.04,1011.44,15.079,0.0,0.0,0.0,-0.09,-0.05,-0.11,-0.09,0.51,1.9,9.6,225.56,11.18,3.0,0,0,0,0.0,0.0,0.0
1787615153.996017,08:45:53.996,7531,129.139,28.04,1011.44,15.079,0.0,0.0,0.0,-0.09,-0.05,-0.11,-0.09,0.51,1.9,9.6,225.56,11.18,3.0,0,0,0,0.0,0.0,0.0
1787615153.996585,08:45:53.996,7532,129.149,28.04,1011.44,15.079,0.0,0.0,0.0,-0.09,-0.05,-0.11,-0.09,0.51,1.9,9.6,225.56,11.18,3.0,0,0,0,0.0,0.0,0.0
1787615153.996898,08:45:53.996,7533,129.159,28.04,1011.44,15.079,0.0,0.0,0.0,-0.09,-0.05,-0.11,-0.09,0.51,1.9,9.6,225.56,11.18,3.0,0,0,0,0.0,0.0,0.0
1787615153.997185,08:45:53.997,7534,129.169,28.04,1011.45,14.997,0.0,0.0,0.0,-0.09,-0.05,-0.11,-0.09,0.51,1.9,9.6,225.56,11.18,3.0,0,0,0,0.0,0.0,0.0
1787615153.997460,08:45:53.997,7535,129.179,28.04,1011.45,14.997,0.0,0.0,0.0,-0.09,-0.05,-0.11,-0.09,0.51,1.9,9.6,225.56,11.18,3.0,0,0,0,0.0,0.0,0.0
1787615153.997728,08:45:53.997,7536,129.189,28.04,1011.45,14.997,0.0,0.0,0.0,-0.09,-0.05,-0.11,-0.09,0.51,1.9,9.6,225.56,11.18,3.0,0,0,0,0.0,0.0,0.0
1787615153.997975,08:45:53.997,7537,129.199,28.04,1011.45,14.997,0.0,0.0,0.0,-0.09,-0.05,-0.11,-0.09,0.51,1.9,9.6,225.56,11.18,3.0,0,0,0,0.0,0.0,0.0
1787615154.098822,08:45:54.098,7538,129.209,28.04,1011.45,14.997,0.0,0.0,0.0,-0.09,-0.05,-0.11,-0.09,0.51,1.9,9.6,225.56,11.18,3.0,0,0,0,0.0,0.0,0.0
1787615154.099398,08:45:54.099,7539,129.219,28.04,1011.45,14.997,0.0,0.0,0.0,-0.09,-0.05,-0.11,-0.09,0.51,1.9,9.6,225.56,11.18,3.0,0,0,0,0.0,0.0,0.0
1787615154.099691,08:45:54.099,7540,129.229,28.04,1011.45,14.997,0.0,0.0,0.0,-0.07,-0.04,-0.14,-0.07,0.51,1.9,9.6,225.56,11.18,3.0,0,0,0,0.0,0.0,0.0
1787615154.099974,08:45:54.099,7541,129.239,28.04,1011.45,14.997,0.0,0.0,0.0,-0.07,-0.04,-0.14,-0.07,0.51,1.9,9.6,225.56,11.18,3.0,0,0,0,0.0,0.0,0.0
1787615154.100250,08:45:54.100,7542,129.249,28.04,1011.45,14.997,0.0,0.0,0.0,-0.07,-0.04,-0.14,-0.07,0.51,1.9,9.6,225.56,11.18,3.0,0,0,0,0.0,0.0,0.0
1787615154.100519,08:45:54.100,7543,129.259,28.04,1011.45,14.997,0.0,0.0,0.0,-0.07,-0.04,-0.14,-0.07,0.51,1.9,9.6,225.56,11.18,3.0,0,0,0,0.0,0.0,0.0
1787615154.100823,08:45:54.100,7544,129.269,28.04,1011.45,14.997,0.0,0.0,0.0,-0.07,-0.04,-0.14,-0.07,0.51,1.9,9.6,225.56,11.18,3.0,0,0,0,0.0,0.0,0.0
1787615154.101196,08:45:54.101,7545,129.279,28.04,1011.45,14.997,0.0,0.0,0.0,-0.07,-0.04,-0.14,-0.07,0.51,1.9,9.6,225.56,11.18,3.0,0,0,0,0.0,0.0,0.0
1787615154.101478,08:45:54.101,7546,129.289,28.04,1011.45,14.997,0.0,0.0,0.0,-0.07,-0.04,-0.14,-0.07,0.51,1.9,9.6,225.56,11.18,3.0,0,0,0,0.0,0.0,0.0
1787615154.101752,08:45:54.101,7547,129.299,28.04,1011.45,14.997,0.0,0.0,0.0,-0.07,-0.04,-0.14,-0.07,0.51,1.9,9.6,225.56,11.18,3.0,0,0,0,0.0,0.0,0.0
1787615154.202890,08:45:54.202,7548,129.309,28.04,1011.45,14.997,0.0,0.0,0.0,-0.07,-0.04,-0.14,-0.07,0.51,1.9,9.6,225.56,11.18,3.0,0,0,0,0.0,0.0,0.0
1787615154.203120,08:45:54.203,7549,129.319,28.04,1011.45,14.997,0.0,0.0,0.0,-0.07,-0.04,-0.14,-0.07,0.51,1.9,9.6,225.56,11.18,3.0,0,0,0,0.0,0.0,0.0
1787615154.203249,08:45:54.203,7550,129.329,28.04,1011.45,14.997,0.0,0.0,0.0,-0.05,-0.04,-0.13,-0.05,0.51,1.9,9.6,225.56,11.18,3.0,0,0,0,0.0,0.0,0.0
1787615154.203369,08:45:54.203,7551,129.339,28.04,1011.45,14.997,0.0,0.0,0.0,-0.05,-0.04,-0.13,-0.05,0.51,1.9,9.6,225.56,11.18,3.0,0,0,0,0.0,0.0,0.0
1787615154.203487,08:45:54.203,7552,129.349,28.04,1011.45,14.997,0.0,0.0,0.0,-0.05,-0.04,-0.13,-0.05,0.51,1.9,9.6,225.56,11.18,3.0,0,0,0,0.0,0.0,0.0
1787615154.203604,08:45:54.203,7553,129.359,28.04,1011.45,14.997,0.0,0.0,0.0,-0.05,-0.04,-0.13,-0.05,0.51,1.9,9.6,225.56,11.18,3.0,0,0,0,0.0,0.0,0.0
1787615154.203755,08:45:54.203,7554,129.369,28.04,1011.43,15.164,0.0,0.0,0.0,-0.05,-0.04,-0.13,-0.05,0.51,1.9,9.6,225.56,11.18,3.0,0,0,0,0.0,0.0,0.0
1787615154.203883,08:45:54.203,7555,129.379,28.04,1011.43,15.164,0.0,0.0,0.0,-0.05,-0.04,-0.13,-0.05,0.51,1.9,9.6,225.56,11.18,3.0,0,0,0,0.0,0.0,0.0
1787615154.204049,08:45:54.204,7556,129.389,28.04,1011.43,15.164,0.0,0.0,0.0,-0.05,-0.04,-0.13,-0.05,0.51,1.9,9.6,225.56,11.18,3.0,0,0,0,0.0,0.0,0.0
1787615154.304592,08:45:54.304,7557,129.399,28.04,1011.43,15.164,0.0,0.0,0.0,-0.05,-0.04,-0.13,-0.05,0.51,1.9,9.6,225.56,11.18,3.0,0,0,0,0.0,0.0,0.0
1787615154.304800,08:45:54.304,7558,129.409,28.04,1011.43,15.164,0.0,0.0,0.0,-0.05,-0.04,-0.13,-0.05,0.51,1.9,9.6,225.56,11.18,3.0,0,0,0,0.0,0.0,0.0
1787615154.304983,08:45:54.304,7559,129.419,28.04,1011.43,15.164,0.0,0.0,0.0,-0.05,-0.04,-0.13,-0.05,0.51,1.9,9.6,225.56,11.18,3.0,0,0,0,0.0,0.0,0.0
1787615154.305090,08:45:54.305,7560,129.429,28.04,1011.43,15.164,0.0,0.0,0.0,-0.08,-0.03,-0.12,-0.08,0.51,1.9,9.6,225.56,11.18,3.0,0,0,0,0.0,0.0,0.0
1787615154.305192,08:45:54.305,7561,129.439,28.04,1011.43,15.164,0.0,0.0,0.0,-0.08,-0.03,-0.12,-0.08,0.51,1.9,9.6,225.56,11.18,3.0,0,0,0,0.0,0.0,0.0
1787615154.305282,08:45:54.305,7562,129.449,28.04,1011.43,15.164,0.0,0.0,0.0,-0.08,-0.03,-0.12,-0.08,0.51,1.9,9.6,225.56,11.18,3.0,0,0,0,0.0,0.0,0.0
1787615154.305369,08:45:54.305,7563,129.459,28.04,1011.43,15.164,0.0,0.0,0.0,-0.08,-0.03,-0.12,-0.08,0.51,1.9,9.6,225.56,11.18,3.0,0,0,0,0.0,0.0,0.0
1787615154.305457,08:45:54.305,7564,129.469,28.04,1011.43,15.164,0.0,0.0,0.0,-0.08,-0.03,-0.12,-0.08,0.51,1.9,9.6,225.56,11.18,3.0,0,0,0,0.0,0.0,0.0
1787615154.305544,08:45:54.305,7565,129.479,28.04,1011.43,15.164,0.0,0.0,0.0,-0.08,-0.03,-0.12,-0.08,0.51,1.9,9.6,225.56,11.18,3.0,0,0,0,0.0,0.0,0.0
1787615154.305631,08:45:54.305,7566,129.489,28.04,1011.43,15.164,0.0,0.0,0.0,-0.08,-0.03,-0.12,-0.08,0.51,1.9,9.6,225.56,11.18,3.0,0,0,0,0.0,0.0,0.0
1787615154.305717,08:45:54.305,7567,129.499,28.04,1011.43,15.164,0.0,0.0,0.0,-0.08,-0.03,-0.12,-0.08,0.51,1.9,9.6,225.56,11.18,3.0,0,0,0,0.0,0.0,0.0
1787615154.406240,08:45:54.406,7568,129.509,28.04,1011.43,15.164,0.0,0.0,0.0,-0.08,-0.03,-0.12,-0.08,0.51,1.9,9.6,225.56,11.18,3.0,0,0,0,0.0,0.0,0.0
1787615154.406450,08:45:54.406,7569,129.519,28.04,1011.43,15.164,0.0,0.0,0.0,-0.08,-0.03,-0.12,-0.08,0.51,1.9,9.6,225.56,11.18,3.0,0,0,0,0.0,0.0,0.0
1787615154.406549,08:45:54.406,7570,129.529,28.04,1011.43,15.164,0.0,0.0,0.0,-0.04,-0.04,-0.11,-0.04,0.51,1.9,9.6,225.56,11.18,3.0,0,0,0,0.0,0.0,0.0
1787615154.406641,08:45:54.406,7571,129.539,28.04,1011.43,15.164,0.0,0.0,0.0,-0.04,-0.04,-0.11,-0.04,0.51,1.9,9.6,225.56,11.18,3.0,0,0,0,0.0,0.0,0.0
1787615154.406732,08:45:54.406,7572,129.549,28.04,1011.43,15.164,0.0,0.0,0.0,-0.04,-0.04,-0.11,-0.04,0.51,1.9,9.6,225.56,11.18,3.0,0,0,0,0.0,0.0,0.0
1787615154.406839,08:45:54.406,7573,129.559,28.04,1011.43,15.164,0.0,0.0,0.0,-0.04,-0.04,-0.11,-0.04,0.51,1.9,9.6,225.56,11.18,3.0,0,0,0,0.0,0.0,0.0
1787615154.406944,08:45:54.406,7574,129.569,28.04,1011.47,14.831,0.0,0.0,0.0,-0.04,-0.04,-0.11,-0.04,0.51,1.9,9.6,225.56,11.18,3.0,0,0,0,0.0,0.0,0.0
1787615154.407043,08:45:54.407,7575,129.579,28.04,1011.47,14.831,0.0,0.0,0.0,-0.04,-0.04,-0.11,-0.04,0.51,1.9,9.6,225.56,11.18,3.0,0,0,0,0.0,0.0,0.0
1787615154.407143,08:45:54.407,7576,129.589,28.04,1011.47,14.831,0.0,0.0,0.0,-0.04,-0.04,-0.11,-0.04,0.51,1.9,9.6,225.56,11.18,3.0,0,0,0,0.0,0.0,0.0
1787615154.407255,08:45:54.407,7577,129.599,28.04,1011.47,14.831,0.0,0.0,0.0,-0.04,-0.04,-0.11,-0.04,0.51,1.9,9.6,225.56,11.18,3.0,0,0,0,0.0,0.0,0.0
1787615154.507764,08:45:54.507,7578,129.609,28.04,1011.47,14.831,0.0,0.0,0.0,-0.04,-0.04,-0.11,-0.04,0.51,1.9,9.6,225.56,11.18,3.0,0,0,0,0.0,0.0,0.0
1787615154.507952,08:45:54.507,7579,129.619,28.04,1011.47,14.831,0.0,0.0,0.0,-0.04,-0.04,-0.11,-0.04,0.51,1.9,9.6,225.56,11.18,3.0,0,0,0,0.0,0.0,0.0
1787615154.508057,08:45:54.508,7580,129.629,28.04,1011.47,14.831,0.0,0.0,0.0,-0.06,-0.05,-0.18,-0.06,0.51,1.9,9.6,225.56,11.18,3.0,0,0,0,0.0,0.0,0.0
1787615154.508158,08:45:54.508,7581,129.639,28.04,1011.47,14.831,0.0,0.0,0.0,-0.06,-0.05,-0.18,-0.06,0.51,1.9,9.6,225.56,11.18,3.0,0,0,0,0.0,0.0,0.0
1787615154.508257,08:45:54.508,7582,129.649,28.04,1011.47,14.831,0.0,0.0,0.0,-0.06,-0.05,-0.18,-0.06,0.51,1.9,9.6,225.56,11.18,3.0,0,0,0,0.0,0.0,0.0
1787615154.508358,08:45:54.508,7583,129.659,28.04,1011.47,14.831,0.0,0.0,0.0,-0.06,-0.05,-0.18,-0.06,0.51,1.9,9.6,225.56,11.18,3.0,0,0,0,0.0,0.0,0.0
1787615154.508453,08:45:54.508,7584,129.669,28.04,1011.47,14.831,0.0,0.0,0.0,-0.06,-0.05,-0.18,-0.06,0.51,1.9,9.6,225.56,11.18,3.0,0,0,0,0.0,0.0,0.0
1787615154.508542,08:45:54.508,7585,129.679,28.04,1011.47,14.831,0.0,0.0,0.0,-0.06,-0.05,-0.18,-0.06,0.51,1.9,9.6,225.56,11.18,3.0,0,0,0,0.0,0.0,0.0
1787615154.508629,08:45:54.508,7586,129.689,28.04,1011.47,14.831,0.0,0.0,0.0,-0.06,-0.05,-0.18,-0.06,0.51,1.9,9.6,225.56,11.18,3.0,0,0,0,0.0,0.0,0.0
1787615154.508717,08:45:54.508,7587,129.699,28.04,1011.47,14.831,0.0,0.0,0.0,-0.06,-0.05,-0.18,-0.06,0.51,1.9,9.6,225.56,11.18,3.0,0,0,0,0.0,0.0,0.0
1787615154.508812,08:45:54.508,7588,129.709,28.04,1011.47,14.831,0.0,0.0,0.0,-0.06,-0.05,-0.18,-0.06,0.51,1.9,9.6,225.56,11.18,3.0,0,0,0,0.0,0.0,0.0
1787615154.609345,08:45:54.609,7589,129.719,28.04,1011.47,14.831,0.0,0.0,0.0,-0.06,-0.05,-0.18,-0.06,0.51,1.9,9.6,225.56,11.18,3.0,0,0,0,0.0,0.0,0.0
1787615154.609567,08:45:54.609,7590,129.729,28.04,1011.47,14.831,0.0,0.0,0.0,-0.11,-0.03,-0.16,-0.11,0.51,1.9,9.6,225.56,11.18,3.0,0,0,0,0.0,0.0,0.0
1787615154.609678,08:45:54.609,7591,129.739,28.04,1011.47,14.831,0.0,0.0,0.0,-0.11,-0.03,-0.16,-0.11,0.51,1.9,9.6,225.56,11.18,3.0,0,0,0,0.0,0.0,0.0
1787615154.609780,08:45:54.609,7592,129.749,28.04,1011.47,14.831,0.0,0.0,0.0,-0.11,-0.03,-0.16,-0.11,0.51,1.9,9.6,225.56,11.18,3.0,0,0,0,0.0,0.0,0.0
1787615154.609881,08:45:54.609,7593,129.759,28.04,1011.47,14.831,0.0,0.0,0.0,-0.11,-0.03,-0.16,-0.11,0.51,1.9,9.6,225.56,11.18,3.0,0,0,0,0.0,0.0,0.0
1787615154.609982,08:45:54.609,7594,129.769,28.02,1011.44,15.079,0.0,0.0,0.0,-0.11,-0.03,-0.16,-0.11,0.51,1.9,9.6,225.56,11.18,3.0,0,0,0,0.0,0.0,0.0
1787615154.610080,08:45:54.610,7595,129.779,28.02,1011.44,15.079,0.0,0.0,0.0,-0.11,-0.03,-0.16,-0.11,0.51,1.9,9.6,225.56,11.18,3.0,0,0,0,0.0,0.0,0.0
1787615154.610170,08:45:54.610,7596,129.789,28.02,1011.44,15.079,0.0,0.0,0.0,-0.11,-0.03,-0.16,-0.11,0.51,1.9,9.6,225.56,11.18,3.0,0,0,0,0.0,0.0,0.0
1787615154.610259,08:45:54.610,7597,129.799,28.02,1011.44,15.079,0.0,0.0,0.0,-0.11,-0.03,-0.16,-0.11,0.51,1.9,9.6,225.56,11.18,3.0,0,0,0,0.0,0.0,0.0
1787615154.710767,08:45:54.710,7598,129.809,28.02,1011.44,15.079,0.0,0.0,0.0,-0.11,-0.03,-0.16,-0.11,0.51,1.9,9.6,225.56,11.18,3.0,0,0,0,0.0,0.0,0.0
1787615154.711048,08:45:54.711,7599,129.819,28.02,1011.44,15.079,0.0,0.0,0.0,-0.11,-0.03,-0.16,-0.11,0.51,1.9,9.6,225.56,11.18,3.0,0,0,0,0.0,0.0,0.0
1787615154.711170,08:45:54.711,7600,129.829,28.02,1011.44,15.079,0.0,0.0,0.0,-0.08,-0.05,-0.12,-0.08,0.51,1.9,9.6,225.56,11.18,3.0,0,0,0,0.0,0.0,0.0
1787615154.711283,08:45:54.711,7601,129.839,28.02,1011.44,15.079,0.0,0.0,0.0,-0.08,-0.05,-0.12,-0.08,0.51,1.9,9.6,225.56,11.18,3.0,0,0,0,0.0,0.0,0.0
1787615154.711389,08:45:54.711,7602,129.849,28.02,1011.44,15.079,0.0,0.0,0.0,-0.08,-0.05,-0.12,-0.08,0.51,1.9,9.6,225.56,11.18,3.0,0,0,0,0.0,0.0,0.0
1787615154.711495,08:45:54.711,7603,129.859,28.02,1011.44,15.079,0.0,0.0,0.0,-0.08,-0.05,-0.12,-0.08,0.51,1.9,9.6,225.56,11.18,3.0,0,0,0,0.0,0.0,0.0
1787615154.711600,08:45:54.711,7604,129.869,28.02,1011.44,15.079,0.0,0.0,0.0,-0.08,-0.05,-0.12,-0.08,0.51,1.9,9.6,225.56,11.18,3.0,0,0,0,0.0,0.0,0.0
1787615154.711703,08:45:54.711,7605,129.879,28.02,1011.44,15.079,0.0,0.0,0.0,-0.08,-0.05,-0.12,-0.08,0.51,1.9,9.6,225.56,11.18,3.0,0,0,0,0.0,0.0,0.0
1787615154.711853,08:45:54.711,7606,129.889,28.02,1011.44,15.079,0.0,0.0,0.0,-0.08,-0.05,-0.12,-0.08,0.51,1.9,9.6,225.56,11.18,3.0,0,0,0,0.0,0.0,0.0
1787615154.711956,08:45:54.711,7607,129.899,28.02,1011.44,15.079,0.0,0.0,0.0,-0.08,-0.05,-0.12,-0.08,0.51,1.9,9.6,225.56,11.18,3.0,0,0,0,0.0,0.0,0.0
1787615154.813157,08:45:54.813,7608,129.909,28.02,1011.44,15.079,0.0,0.0,0.0,-0.08,-0.05,-0.12,-0.08,0.51,1.9,9.6,225.56,11.18,3.0,0,0,0,0.0,0.0,0.0
1787615154.813494,08:45:54.813,7609,129.919,28.02,1011.44,15.079,0.0,0.0,0.0,-0.08,-0.05,-0.12,-0.08,0.51,1.9,9.6,225.56,11.18,3.0,0,0,0,0.0,0.0,0.0
1787615154.813618,08:45:54.813,7610,129.929,28.02,1011.44,15.079,0.0,0.0,0.0,-0.08,-0.04,-0.11,-0.08,0.51,1.9,9.6,225.56,11.18,3.0,0,0,0,0.0,0.0,0.0
1787615154.813720,08:45:54.813,7611,129.939,28.02,1011.44,15.079,0.0,0.0,0.0,-0.08,-0.04,-0.11,-0.08,0.51,1.9,9.6,225.56,11.18,3.0,0,0,0,0.0,0.0,0.0
1787615154.813811,08:45:54.813,7612,129.949,28.02,1011.44,15.079,0.0,0.0,0.0,-0.08,-0.04,-0.11,-0.08,0.51,1.9,9.6,225.56,11.18,3.0,0,0,0,0.0,0.0,0.0
1787615154.813900,08:45:54.813,7613,129.959,28.02,1011.44,15.079,0.0,0.0,0.0,-0.08,-0.04,-0.11,-0.08,0.51,1.9,9.6,225.56,11.18,3.0,0,0,0,0.0,0.0,0.0
1787615154.813988,08:45:54.813,7614,129.969,28.05,1011.48,14.746,0.0,0.0,0.0,-0.08,-0.04,-0.11,-0.08,0.51,1.9,9.6,225.56,11.18,3.0,0,0,0,0.0,0.0,0.0
1787615154.814077,08:45:54.814,7615,129.979,28.05,1011.48,14.746,0.0,0.0,0.0,-0.08,-0.04,-0.11,-0.08,0.51,1.9,9.6,225.56,11.18,3.0,0,0,0,0.0,0.0,0.0
1787615154.814165,08:45:54.814,7616,129.989,28.05,1011.48,14.746,0.0,0.0,0.0,-0.08,-0.04,-0.11,-0.08,0.51,1.9,9.6,225.56,11.18,3.0,0,0,0,0.0,0.0,0.0
1787615154.814252,08:45:54.814,7617,129.999,28.05,1011.48,14.746,0.0,0.0,0.0,-0.08,-0.04,-0.11,-0.08,0.51,1.9,9.6,225.56,11.18,3.0,0,0,0,0.0,0.0,0.0
1787615154.814342,08:45:54.814,7618,130.009,28.05,1011.48,14.746,0.0,0.0,0.0,-0.08,-0.04,-0.11,-0.08,0.51,1.9,9.6,225.56,11.18,3.0,0,0,0,0.0,0.0,0.0
1787615154.915555,08:45:54.915,7619,130.019,28.05,1011.48,14.746,0.0,0.0,0.0,-0.08,-0.04,-0.11,-0.08,0.51,1.9,9.6,225.56,11.18,3.0,0,0,0,0.0,0.0,0.0
1787615154.915793,08:45:54.915,7620,130.029,28.05,1011.48,14.746,0.0,0.0,0.0,-0.09,-0.04,-0.14,-0.09,0.51,1.9,9.6,225.56,11.18,3.0,0,0,0,0.0,0.0,0.0
1787615154.915900,08:45:54.915,7621,130.039,28.05,1011.48,14.746,0.0,0.0,0.0,-0.09,-0.04,-0.14,-0.09,0.51,1.9,9.6,225.56,11.18,3.0,0,0,0,0.0,0.0,0.0
1787615154.915993,08:45:54.915,7622,130.049,28.05,1011.48,14.746,0.0,0.0,0.0,-0.09,-0.04,-0.14,-0.09,0.51,1.9,9.6,225.56,11.18,3.0,0,0,0,0.0,0.0,0.0
1787615154.916088,08:45:54.916,7623,130.059,28.05,1011.48,14.746,0.0,0.0,0.0,-0.09,-0.04,-0.14,-0.09,0.51,1.9,9.6,225.56,11.18,3.0,0,0,0,0.0,0.0,0.0
1787615154.916189,08:45:54.916,7624,130.069,28.05,1011.48,14.746,0.0,0.0,0.0,-0.09,-0.04,-0.14,-0.09,0.51,1.9,9.6,225.56,11.18,3.0,0,0,0,0.0,0.0,0.0
1787615154.916290,08:45:54.916,7625,130.079,28.05,1011.48,14.746,0.0,0.0,0.0,-0.09,-0.04,-0.14,-0.09,0.51,1.9,9.6,225.56,11.18,3.0,0,0,0,0.0,0.0,0.0
1787615154.916390,08:45:54.916,7626,130.089,28.05,1011.48,14.746,0.0,0.0,0.0,-0.09,-0.04,-0.14,-0.09,0.51,1.9,9.6,225.56,11.18,3.0,0,0,0,0.0,0.0,0.0
1787615154.916487,08:45:54.916,7627,130.099,28.05,1011.48,14.746,0.0,0.0,0.0,-0.09,-0.04,-0.14,-0.09,0.51,1.9,9.6,225.56,11.18,3.0,0,0,0,0.0,0.0,0.0
1787615154.916582,08:45:54.916,7628,130.109,28.05,1011.48,14.746,0.0,0.0,0.0,-0.09,-0.04,-0.14,-0.09,0.51,1.9,9.6,225.56,11.18,3.0,0,0,0,0.0,0.0,0.0
1787615155.016818,08:45:55.016,7629,130.119,28.05,1011.48,14.746,0.0,0.0,0.0,-0.09,-0.04,-0.14,-0.09,0.51,1.9,9.6,225.56,11.18,3.0,0,0,0,0.0,0.0,0.0
1787615155.017021,08:45:55.017,7630,130.129,28.05,1011.48,14.746,0.0,0.0,0.0,-0.08,-0.03,-0.14,-0.08,0.51,1.9,9.6,225.56,11.18,3.0,0,0,0,0.0,0.0,0.0
1787615155.017120,08:45:55.017,7631,130.139,28.05,1011.48,14.746,0.0,0.0,0.0,-0.08,-0.03,-0.14,-0.08,0.51,1.9,9.6,225.56,11.18,3.0,0,0,0,0.0,0.0,0.0
1787615155.017212,08:45:55.017,7632,130.149,28.05,1011.48,14.746,0.0,0.0,0.0,-0.08,-0.03,-0.14,-0.08,0.51,1.9,9.6,225.56,11.18,3.0,0,0,0,0.0,0.0,0.0
1787615155.017301,08:45:55.017,7633,130.159,28.05,1011.48,14.746,0.0,0.0,0.0,-0.08,-0.03,-0.14,-0.08,0.51,1.9,9.6,225.56,11.18,3.0,0,0,0,0.0,0.0,0.0
1787615155.017390,08:45:55.017,7634,130.169,28.05,1011.47,14.831,0.0,0.0,0.0,-0.08,-0.03,-0.14,-0.08,0.51,1.9,9.6,225.56,11.18,3.0,0,0,0,0.0,0.0,0.0
1787615155.017479,08:45:55.017,7635,130.179,28.05,1011.47,14.831,0.0,0.0,0.0,-0.08,-0.03,-0.14,-0.08,0.51,1.9,9.6,225.56,11.18,3.0,0,0,0,0.0,0.0,0.0
1787615155.017566,08:45:55.017,7636,130.189,28.05,1011.47,14.831,0.0,0.0,0.0,-0.08,-0.03,-0.14,-0.08,0.51,1.9,9.6,225.56,11.18,3.0,0,0,0,0.0,0.0,0.0
1787615155.017654,08:45:55.017,7637,130.199,28.05,1011.47,14.831,0.0,0.0,0.0,-0.08,-0.03,-0.14,-0.08,0.51,1.9,9.6,225.56,11.18,3.0,0,0,0,0.0,0.0,0.0
1787615155.017741,08:45:55.017,7638,130.209,28.05,1011.47,14.831,0.0,0.0,0.0,-0.08,-0.03,-0.14,-0.08,0.51,1.9,9.6,225.56,11.18,3.0,0,0,0,0.0,0.0,0.0
1787615155.017828,08:45:55.017,7639,130.219,28.05,1011.47,14.831,0.0,0.0,0.0,-0.08,-0.03,-0.14,-0.08,0.51,1.9,9.6,225.56,11.18,3.0,0,0,0,0.0,0.0,0.0
1787615155.118370,08:45:55.118,7640,130.229,28.05,1011.47,14.831,0.0,0.0,0.0,-0.07,-0.04,-0.13,-0.07,0.51,1.9,9.6,225.56,11.18,3.0,0,0,0,0.0,0.0,0.0
1787615155.118570,08:45:55.118,7641,130.239,28.05,1011.47,14.831,0.0,0.0,0.0,-0.07,-0.04,-0.13,-0.07,0.51,1.9,9.6,225.56,11.18,3.0,0,0,0,0.0,0.0,0.0
1787615155.118673,08:45:55.118,7642,130.249,28.05,1011.47,14.831,0.0,0.0,0.0,-0.07,-0.04,-0.13,-0.07,0.51,1.9,9.6,225.56,11.18,3.0,0,0,0,0.0,0.0,0.0
1787615155.118771,08:45:55.118,7643,130.259,28.05,1011.47,14.831,0.0,0.0,0.0,-0.07,-0.04,-0.13,-0.07,0.51,1.9,9.6,225.56,11.18,3.0,0,0,0,0.0,0.0,0.0
1787615155.118868,08:45:55.118,7644,130.269,28.05,1011.47,14.831,0.0,0.0,0.0,-0.07,-0.04,-0.13,-0.07,0.51,1.9,9.6,225.56,11.18,3.0,0,0,0,0.0,0.0,0.0
1787615155.118965,08:45:55.118,7645,130.279,28.05,1011.47,14.831,0.0,0.0,0.0,-0.07,-0.04,-0.13,-0.07,0.51,1.9,9.6,225.56,11.18,3.0,0,0,0,0.0,0.0,0.0
1787615155.119053,08:45:55.119,7646,130.289,28.05,1011.47,14.831,0.0,0.0,0.0,-0.07,-0.04,-0.13,-0.07,0.51,1.9,9.6,225.56,11.18,3.0,0,0,0,0.0,0.0,0.0
1787615155.119148,08:45:55.119,7647,130.299,28.05,1011.47,14.831,0.0,0.0,0.0,-0.07,-0.04,-0.13,-0.07,0.51,1.9,9.6,225.56,11.18,3.0,0,0,0,0.0,0.0,0.0
1787615155.119245,08:45:55.119,7648,130.309,28.05,1011.47,14.831,0.0,0.0,0.0,-0.07,-0.04,-0.13,-0.07,0.51,1.9,9.6,225.56,11.18,3.0,0,0,0,0.0,0.0,0.0
1787615155.219788,08:45:55.219,7649,130.319,28.05,1011.47,14.831,0.0,0.0,0.0,-0.07,-0.04,-0.13,-0.07,0.51,1.9,9.6,225.56,11.18,3.0,0,0,0,0.0,0.0,0.0
1787615155.220011,08:45:55.220,7650,130.329,28.05,1011.47,14.831,0.0,0.0,0.0,-0.09,-0.04,-0.14,-0.09,0.51,1.9,9.6,225.56,11.18,3.0,0,0,0,0.0,0.0,0.0
1787615155.220117,08:45:55.220,7651,130.339,28.05,1011.47,14.831,0.0,0.0,0.0,-0.09,-0.04,-0.14,-0.09,0.51,1.9,9.6,225.56,11.18,3.0,0,0,0,0.0,0.0,0.0
1787615155.220220,08:45:55.220,7652,130.349,28.05,1011.47,14.831,0.0,0.0,0.0,-0.09,-0.04,-0.14,-0.09,0.51,1.9,9.6,225.56,11.18,3.0,0,0,0,0.0,0.0,0.0
1787615155.220321,08:45:55.220,7653,130.359,28.05,1011.47,14.831,0.0,0.0,0.0,-0.09,-0.04,-0.14,-0.09,0.51,1.9,9.6,225.56,11.18,3.0,0,0,0,0.0,0.0,0.0
1787615155.220422,08:45:55.220,7654,130.369,28.01,1011.4,15.412,0.0,0.0,0.0,-0.09,-0.04,-0.14,-0.09,0.51,1.9,9.6,225.56,11.18,3.0,0,0,0,0.0,0.0,0.0
1787615155.220518,08:45:55.220,7655,130.379,28.01,1011.4,15.412,0.0,0.0,0.0,-0.09,-0.04,-0.14,-0.09,0.51,1.9,9.6,225.56,11.18,3.0,0,0,0,0.0,0.0,0.0
1787615155.220655,08:45:55.220,7656,130.389,28.01,1011.4,15.412,0.0,0.0,0.0,-0.09,-0.04,-0.14,-0.09,0.51,1.9,9.6,225.56,11.18,3.0,0,0,0,0.0,0.0,0.0
1787615155.220755,08:45:55.220,7657,130.399,28.01,1011.4,15.412,0.0,0.0,0.0,-0.09,-0.04,-0.14,-0.09,0.51,1.9,9.6,225.56,11.18,3.0,0,0,0,0.0,0.0,0.0
1787615155.220855,08:45:55.220,7658,130.409,28.01,1011.4,15.412,0.0,0.0,0.0,-0.09,-0.04,-0.14,-0.09,0.51,1.9,9.6,225.56,11.18,3.0,0,0,0,0.0,0.0,0.0
1787615155.321281,08:45:55.321,7659,130.419,28.01,1011.4,15.412,0.0,0.0,0.0,-0.09,-0.04,-0.14,-0.09,0.51,1.9,9.6,225.56,11.18,3.0,0,0,0,0.0,0.0,0.0
1787615155.321505,08:45:55.321,7660,130.429,28.01,1011.4,15.412,0.0,0.0,0.0,-0.07,-0.06,-0.12,-0.07,0.51,1.9,9.6,225.56,11.18,3.0,0,0,0,0.0,0.0,0.0
1787615155.321606,08:45:55.321,7661,130.439,28.01,1011.4,15.412,0.0,0.0,0.0,-0.07,-0.06,-0.12,-0.07,0.51,1.9,9.6,225.56,11.18,3.0,0,0,0,0.0,0.0,0.0
1787615155.321710,08:45:55.321,7662,130.449,28.01,1011.4,15.412,0.0,0.0,0.0,-0.07,-0.06,-0.12,-0.07,0.51,1.9,9.6,225.56,11.18,3.0,0,0,0,0.0,0.0,0.0
1787615155.321811,08:45:55.321,7663,130.459,28.01,1011.4,15.412,0.0,0.0,0.0,-0.07,-0.06,-0.12,-0.07,0.51,1.9,9.6,225.56,11.18,3.0,0,0,0,0.0,0.0,0.0
1787615155.321911,08:45:55.321,7664,130.469,28.01,1011.4,15.412,0.0,0.0,0.0,-0.07,-0.06,-0.12,-0.07,0.51,1.9,9.6,225.56,11.18,3.0,0,0,0,0.0,0.0,0.0
1787615155.322105,08:45:55.322,7665,130.479,28.01,1011.4,15.412,0.0,0.0,0.0,-0.07,-0.06,-0.12,-0.07,0.51,1.9,9.6,225.56,11.18,3.0,0,0,0,0.0,0.0,0.0
1787615155.322221,08:45:55.322,7666,130.489,28.01,1011.4,15.412,0.0,0.0,0.0,-0.07,-0.06,-0.12,-0.07,0.51,1.9,9.6,225.56,11.18,3.0,0,0,0,0.0,0.0,0.0
1787615155.322321,08:45:55.322,7667,130.499,28.01,1011.4,15.412,0.0,0.0,0.0,-0.07,-0.06,-0.12,-0.07,0.51,1.9,9.6,225.56,11.18,3.0,0,0,0,0.0,0.0,0.0
1787615155.322420,08:45:55.322,7668,130.509,28.01,1011.4,15.412,0.0,0.0,0.0,-0.07,-0.06,-0.12,-0.07,0.51,1.9,9.6,225.56,11.18,3.0,0,0,0,0.0,0.0,0.0
1787615155.322516,08:45:55.322,7669,130.519,28.01,1011.4,15.412,0.0,0.0,0.0,-0.07,-0.06,-0.12,-0.07,0.51,1.9,9.6,225.56,11.18,3.0,0,0,0,0.0,0.0,0.0
1787615155.423332,08:45:55.423,7670,130.529,28.01,1011.4,15.412,0.0,0.0,0.0,-0.11,-0.04,-0.13,-0.11,0.51,1.9,9.6,225.56,11.18,3.0,0,0,0,0.0,0.0,0.0
1787615155.423545,08:45:55.423,7671,130.539,28.01,1011.4,15.412,0.0,0.0,0.0,-0.11,-0.04,-0.13,-0.11,0.51,1.9,9.6,225.56,11.18,3.0,0,0,0,0.0,0.0,0.0
1787615155.423647,08:45:55.423,7672,130.549,28.01,1011.4,15.412,0.0,0.0,0.0,-0.11,-0.04,-0.13,-0.11,0.51,1.9,9.6,225.56,11.18,3.0,0,0,0,0.0,0.0,0.0
1787615155.423749,08:45:55.423,7673,130.559,28.01,1011.4,15.412,0.0,0.0,0.0,-0.11,-0.04,-0.13,-0.11,0.51,1.9,9.6,225.56,11.18,3.0,0,0,0,0.0,0.0,0.0
1787615155.423849,08:45:55.423,7674,130.569,28.04,1011.44,15.079,0.0,0.0,0.0,-0.11,-0.04,-0.13,-0.11,0.51,1.9,9.6,225.56,11.18,3.0,0,0,0,0.0,0.0,0.0
1787615155.423951,08:45:55.423,7675,130.579,28.04,1011.44,15.079,0.0,0.0,0.0,-0.11,-0.04,-0.13,-0.11,0.51,1.9,9.6,225.56,11.18,3.0,0,0,0,0.0,0.0,0.0
1787615155.424045,08:45:55.424,7676,130.589,28.04,1011.44,15.079,0.0,0.0,0.0,-0.11,-0.04,-0.13,-0.11,0.51,1.9,9.6,225.56,11.18,3.0,0,0,0,0.0,0.0,0.0
1787615155.424139,08:45:55.424,7677,130.599,28.04,1011.44,15.079,0.0,0.0,0.0,-0.11,-0.04,-0.13,-0.11,0.51,1.9,9.6,225.56,11.18,3.0,0,0,0,0.0,0.0,0.0
1787615155.424239,08:45:55.424,7678,130.609,28.04,1011.44,15.079,0.0,0.0,0.0,-0.11,-0.04,-0.13,-0.11,0.51,1.9,9.6,225.56,11.18,3.0,0,0,0,0.0,0.0,0.0
1787615155.424338,08:45:55.424,7679,130.619,28.04,1011.44,15.079,0.0,0.0,0.0,-0.11,-0.04,-0.13,-0.11,0.51,1.9,9.6,225.56,11.18,3.0,0,0,0,0.0,0.0,0.0
1787615155.525544,08:45:55.525,7680,130.629,28.04,1011.44,15.079,0.0,0.0,0.0,-0.07,-0.03,-0.14,-0.07,0.51,1.9,9.6,225.56,11.18,3.0,0,0,0,0.0,0.0,0.0
1787615155.525759,08:45:55.525,7681,130.639,28.04,1011.44,15.079,0.0,0.0,0.0,-0.07,-0.03,-0.14,-0.07,0.51,1.9,9.6,225.56,11.18,3.0,0,0,0,0.0,0.0,0.0
1787615155.525988,08:45:55.525,7682,130.649,28.04,1011.44,15.079,0.0,0.0,0.0,-0.07,-0.03,-0.14,-0.07,0.51,1.9,9.6,225.56,11.18,3.0,0,0,0,0.0,0.0,0.0
1787615155.526082,08:45:55.526,7683,130.659,28.04,1011.44,15.079,0.0,0.0,0.0,-0.07,-0.03,-0.14,-0.07,0.51,1.9,9.6,225.56,11.18,3.0,0,0,0,0.0,0.0,0.0
1787615155.526175,08:45:55.526,7684,130.669,28.04,1011.44,15.079,0.0,0.0,0.0,-0.07,-0.03,-0.14,-0.07,0.51,1.9,9.6,225.56,11.18,3.0,0,0,0,0.0,0.0,0.0
1787615155.526275,08:45:55.526,7685,130.679,28.04,1011.44,15.079,0.0,0.0,0.0,-0.07,-0.03,-0.14,-0.07,0.51,1.9,9.6,225.56,11.18,3.0,0,0,0,0.0,0.0,0.0
1787615155.526376,08:45:55.526,7686,130.689,28.04,1011.44,15.079,0.0,0.0,0.0,-0.07,-0.03,-0.14,-0.07,0.51,1.9,9.6,225.56,11.18,3.0,0,0,0,0.0,0.0,0.0
1787615155.526475,08:45:55.526,7687,130.699,28.04,1011.44,15.079,0.0,0.0,0.0,-0.07,-0.03,-0.14,-0.07,0.51,1.9,9.6,225.56,11.18,3.0,0,0,0,0.0,0.0,0.0
1787615155.526568,08:45:55.526,7688,130.709,28.04,1011.44,15.079,0.0,0.0,0.0,-0.07,-0.03,-0.14,-0.07,0.51,1.9,9.6,225.56,11.18,3.0,0,0,0,0.0,0.0,0.0
1787615155.526664,08:45:55.526,7689,130.719,28.04,1011.44,15.079,0.0,0.0,0.0,-0.07,-0.03,-0.14,-0.07,0.51,1.9,9.6,225.56,11.18,3.0,0,0,0,0.0,0.0,0.0
1787615155.526764,08:45:55.526,7690,130.729,28.04,1011.44,15.079,0.0,0.0,0.0,-0.09,-0.04,-0.13,-0.09,0.51,1.9,9.6,225.56,11.18,3.0,0,0,0,0.0,0.0,0.0
1787615155.627416,08:45:55.627,7691,130.739,28.04,1011.44,15.079,0.0,0.0,0.0,-0.09,-0.04,-0.13,-0.09,0.51,1.9,9.6,225.56,11.18,3.0,0,0,0,0.0,0.0,0.0
1787615155.627618,08:45:55.627,7692,130.749,28.04,1011.44,15.079,0.0,0.0,0.0,-0.09,-0.04,-0.13,-0.09,0.51,1.9,9.6,225.56,11.18,3.0,0,0,0,0.0,0.0,0.0
1787615155.627725,08:45:55.627,7693,130.759,28.04,1011.44,15.079,0.0,0.0,0.0,-0.09,-0.04,-0.13,-0.09,0.51,1.9,9.6,225.56,11.18,3.0,0,0,0,0.0,0.0,0.0
1787615155.627827,08:45:55.627,7694,130.769,28.05,1011.47,14.831,0.0,0.0,0.0,-0.09,-0.04,-0.13,-0.09,0.51,1.9,9.6,225.56,11.18,3.0,0,0,0,0.0,0.0,0.0
1787615155.627928,08:45:55.627,7695,130.779,28.05,1011.47,14.831,0.0,0.0,0.0,-0.09,-0.04,-0.13,-0.09,0.51,1.9,9.6,225.56,11.18,3.0,0,0,0,0.0,0.0,0.0
1787615155.628028,08:45:55.628,7696,130.789,28.05,1011.47,14.831,0.0,0.0,0.0,-0.09,-0.04,-0.13,-0.09,0.51,1.9,9.6,225.56,11.18,3.0,0,0,0,0.0,0.0,0.0
1787615155.628128,08:45:55.628,7697,130.799,28.05,1011.47,14.831,0.0,0.0,0.0,-0.09,-0.04,-0.13,-0.09,0.51,1.9,9.6,225.56,11.18,3.0,0,0,0,0.0,0.0,0.0
1787615155.729167,08:45:55.729,7698,130.809,28.05,1011.47,14.831,0.0,0.0,0.0,-0.09,-0.04,-0.13,-0.09,0.51,1.9,9.6,225.56,11.18,3.0,0,0,0,0.0,0.0,0.0
1787615155.729373,08:45:55.729,7699,130.819,28.05,1011.47,14.831,0.0,0.0,0.0,-0.09,-0.04,-0.13,-0.09,0.51,1.9,9.6,225.56,11.18,3.0,0,0,0,0.0,0.0,0.0
1787615155.729485,08:45:55.729,7700,130.829,28.05,1011.47,14.831,0.0,0.0,0.0,-0.07,-0.05,-0.13,-0.07,0.51,1.9,9.6,225.56,11.18,3.0,0,0,0,0.0,0.0,0.0
1787615155.729592,08:45:55.729,7701,130.839,28.05,1011.47,14.831,0.0,0.0,0.0,-0.07,-0.05,-0.13,-0.07,0.51,1.9,9.6,225.56,11.18,3.0,0,0,0,0.0,0.0,0.0
1787615155.729697,08:45:55.729,7702,130.849,28.05,1011.47,14.831,0.0,0.0,0.0,-0.07,-0.05,-0.13,-0.07,0.51,1.9,9.6,225.56,11.18,3.0,0,0,0,0.0,0.0,0.0
1787615155.729800,08:45:55.729,7703,130.859,28.05,1011.47,14.831,0.0,0.0,0.0,-0.07,-0.05,-0.13,-0.07,0.51,1.9,9.6,225.56,11.18,3.0,0,0,0,0.0,0.0,0.0
1787615155.729902,08:45:55.729,7704,130.869,28.05,1011.47,14.831,0.0,0.0,0.0,-0.07,-0.05,-0.13,-0.07,0.51,1.9,9.6,225.56,11.18,3.0,0,0,0,0.0,0.0,0.0
1787615155.730004,08:45:55.730,7705,130.879,28.05,1011.47,14.831,0.0,0.0,0.0,-0.07,-0.05,-0.13,-0.07,0.51,1.9,9.6,225.56,11.18,3.0,0,0,0,0.0,0.0,0.0
1787615155.730137,08:45:55.730,7706,130.889,28.05,1011.47,14.831,0.0,0.0,0.0,-0.07,-0.05,-0.13,-0.07,0.51,1.9,9.6,225.56,11.18,3.0,0,0,0,0.0,0.0,0.0
1787615155.730239,08:45:55.730,7707,130.899,28.05,1011.47,14.831,0.0,0.0,0.0,-0.07,-0.05,-0.13,-0.07,0.51,1.9,9.6,225.56,11.18,3.0,0,0,0,0.0,0.0,0.0
1787615155.730340,08:45:55.730,7708,130.909,28.05,1011.47,14.831,0.0,0.0,0.0,-0.07,-0.05,-0.13,-0.07,0.51,1.9,9.6,225.56,11.18,3.0,0,0,0,0.0,0.0,0.0
1787615155.730440,08:45:55.730,7709,130.919,28.05,1011.47,14.831,0.0,0.0,0.0,-0.07,-0.05,-0.13,-0.07,0.51,1.9,9.6,225.56,11.18,3.0,0,0,0,0.0,0.0,0.0
1787615155.831644,08:45:55.831,7710,130.929,28.05,1011.47,14.831,0.0,0.0,0.0,-0.07,-0.05,-0.14,-0.07,0.51,1.9,9.6,225.56,11.18,3.0,0,0,0,0.0,0.0,0.0
1787615155.831978,08:45:55.831,7711,130.939,28.05,1011.47,14.831,0.0,0.0,0.0,-0.07,-0.05,-0.14,-0.07,0.51,1.9,9.6,225.56,11.18,3.0,0,0,0,0.0,0.0,0.0
1787615155.832111,08:45:55.832,7712,130.949,28.05,1011.47,14.831,0.0,0.0,0.0,-0.07,-0.05,-0.14,-0.07,0.51,1.9,9.6,225.56,11.18,3.0,0,0,0,0.0,0.0,0.0
1787615155.832220,08:45:55.832,7713,130.959,28.05,1011.47,14.831,0.0,0.0,0.0,-0.07,-0.05,-0.14,-0.07,0.51,1.9,9.6,225.56,11.18,3.0,0,0,0,0.0,0.0,0.0
1787615155.832326,08:45:55.832,7714,130.969,28.04,1011.47,14.831,0.0,0.0,0.0,-0.07,-0.05,-0.14,-0.07,0.51,1.9,9.6,225.56,11.18,3.0,0,0,0,0.0,0.0,0.0
1787615155.832431,08:45:55.832,7715,130.979,28.04,1011.47,14.831,0.0,0.0,0.0,-0.07,-0.05,-0.14,-0.07,0.51,1.9,9.6,225.56,11.18,3.0,0,0,0,0.0,0.0,0.0
1787615155.832534,08:45:55.832,7716,130.989,28.04,1011.47,14.831,0.0,0.0,0.0,-0.07,-0.05,-0.14,-0.07,0.51,1.9,9.6,225.56,11.18,3.0,0,0,0,0.0,0.0,0.0
1787615155.832638,08:45:55.832,7717,130.999,28.04,1011.47,14.831,0.0,0.0,0.0,-0.07,-0.05,-0.14,-0.07,0.51,1.9,9.6,225.56,11.18,3.0,0,0,0,0.0,0.0,0.0
1787615155.832741,08:45:55.832,7718,131.009,28.04,1011.47,14.831,0.0,0.0,0.0,-0.07,-0.05,-0.14,-0.07,0.51,1.9,9.6,225.56,11.18,3.0,0,0,0,0.0,0.0,0.0
1787615155.832843,08:45:55.832,7719,131.019,28.04,1011.47,14.831,0.0,0.0,0.0,-0.07,-0.05,-0.14,-0.07,0.51,1.9,9.6,225.56,11.18,3.0,0,0,0,0.0,0.0,0.0
1787615155.832945,08:45:55.832,7720,131.029,28.04,1011.47,14.831,0.0,0.0,0.0,-0.07,-0.02,-0.12,-0.07,0.51,1.9,9.6,225.56,11.18,3.0,0,0,0,0.0,0.0,0.0
1787615155.934147,08:45:55.934,7721,131.039,28.04,1011.47,14.831,0.0,0.0,0.0,-0.07,-0.02,-0.12,-0.07,0.51,1.9,9.6,225.56,11.18,3.0,0,0,0,0.0,0.0,0.0
1787615155.934356,08:45:55.934,7722,131.049,28.04,1011.47,14.831,0.0,0.0,0.0,-0.07,-0.02,-0.12,-0.07,0.51,1.9,9.6,225.56,11.18,3.0,0,0,0,0.0,0.0,0.0
1787615155.934467,08:45:55.934,7723,131.059,28.04,1011.47,14.831,0.0,0.0,0.0,-0.07,-0.02,-0.12,-0.07,0.51,1.9,9.6,225.56,11.18,3.0,0,0,0,0.0,0.0,0.0
1787615155.934572,08:45:55.934,7724,131.069,28.04,1011.47,14.831,0.0,0.0,0.0,-0.07,-0.02,-0.12,-0.07,0.51,1.9,9.6,225.56,11.18,3.0,0,0,0,0.0,0.0,0.0
1787615155.934675,08:45:55.934,7725,131.079,28.04,1011.47,14.831,0.0,0.0,0.0,-0.07,-0.02,-0.12,-0.07,0.51,1.9,9.6,225.56,11.18,3.0,0,0,0,0.0,0.0,0.0
1787615155.934777,08:45:55.934,7726,131.089,28.04,1011.47,14.831,0.0,0.0,0.0,-0.07,-0.02,-0.12,-0.07,0.51,1.9,9.6,225.56,11.18,3.0,0,0,0,0.0,0.0,0.0
1787615155.934879,08:45:55.934,7727,131.099,28.04,1011.47,14.831,0.0,0.0,0.0,-0.07,-0.02,-0.12,-0.07,0.51,1.9,9.6,225.56,11.18,3.0,0,0,0,0.0,0.0,0.0
1787615155.934980,08:45:55.934,7728,131.109,28.04,1011.47,14.831,0.0,0.0,0.0,-0.07,-0.02,-0.12,-0.07,0.51,1.9,9.6,225.56,11.18,3.0,0,0,0,0.0,0.0,0.0
1787615155.935083,08:45:55.935,7729,131.119,28.04,1011.47,14.831,0.0,0.0,0.0,-0.07,-0.02,-0.12,-0.07,0.51,1.9,9.6,225.56,11.18,3.0,0,0,0,0.0,0.0,0.0
1787615155.935184,08:45:55.935,7730,131.129,28.04,1011.47,14.831,0.0,0.0,0.0,-0.09,-0.02,-0.14,-0.09,0.51,1.9,9.6,225.56,11.18,3.0,0,0,0,0.0,0.0,0.0
1787615156.036428,08:45:56.036,7731,131.139,28.04,1011.47,14.831,0.0,0.0,0.0,-0.09,-0.02,-0.14,-0.09,0.51,1.9,9.6,225.56,11.18,3.0,0,0,0,0.0,0.0,0.0
1787615156.036698,08:45:56.036,7732,131.149,28.04,1011.47,14.831,0.0,0.0,0.0,-0.09,-0.02,-0.14,-0.09,0.51,1.9,9.6,225.56,11.18,3.0,0,0,0,0.0,0.0,0.0
1787615156.036812,08:45:56.036,7733,131.159,28.04,1011.47,14.831,0.0,0.0,0.0,-0.09,-0.02,-0.14,-0.09,0.51,1.9,9.6,225.56,11.18,3.0,0,0,0,0.0,0.0,0.0
1787615156.036917,08:45:56.036,7734,131.169,28.05,1011.44,15.079,0.0,0.0,0.0,-0.09,-0.02,-0.14,-0.09,0.51,1.9,9.6,225.56,11.18,3.0,0,0,0,0.0,0.0,0.0
1787615156.037020,08:45:56.037,7735,131.179,28.05,1011.44,15.079,0.0,0.0,0.0,-0.09,-0.02,-0.14,-0.09,0.51,1.9,9.6,225.56,11.18,3.0,0,0,0,0.0,0.0,0.0
1787615156.037122,08:45:56.037,7736,131.189,28.05,1011.44,15.079,0.0,0.0,0.0,-0.09,-0.02,-0.14,-0.09,0.51,1.9,9.6,225.56,11.18,3.0,0,0,0,0.0,0.0,0.0
1787615156.037223,08:45:56.037,7737,131.199,28.05,1011.44,15.079,0.0,0.0,0.0,-0.09,-0.02,-0.14,-0.09,0.51,1.9,9.6,225.56,11.18,3.0,0,0,0,0.0,0.0,0.0
1787615156.037324,08:45:56.037,7738,131.209,28.05,1011.44,15.079,0.0,0.0,0.0,-0.09,-0.02,-0.14,-0.09,0.51,1.9,9.6,225.56,11.18,3.0,0,0,0,0.0,0.0,0.0
1787615156.037424,08:45:56.037,7739,131.219,28.05,1011.44,15.079,0.0,0.0,0.0,-0.09,-0.02,-0.14,-0.09,0.51,1.9,9.6,225.56,11.18,3.0,0,0,0,0.0,0.0,0.0
1787615156.037525,08:45:56.037,7740,131.229,28.05,1011.44,15.079,0.0,0.0,0.0,-0.08,-0.04,-0.14,-0.08,0.51,1.9,9.6,225.56,11.18,3.0,0,0,0,0.0,0.0,0.0
1787615156.037626,08:45:56.037,7741,131.239,28.05,1011.44,15.079,0.0,0.0,0.0,-0.08,-0.04,-0.14,-0.08,0.51,1.9,9.6,225.56,11.18,3.0,0,0,0,0.0,0.0,0.0
1787615156.138826,08:45:56.138,7742,131.249,28.05,1011.44,15.079,0.0,0.0,0.0,-0.08,-0.04,-0.14,-0.08,0.51,1.9,9.6,225.56,11.18,3.0,0,0,0,0.0,0.0,0.0
1787615156.139036,08:45:56.139,7743,131.259,28.05,1011.44,15.079,0.0,0.0,0.0,-0.08,-0.04,-0.14,-0.08,0.51,1.9,9.6,225.56,11.18,3.0,0,0,0,0.0,0.0,0.0
1787615156.139143,08:45:56.139,7744,131.269,28.05,1011.44,15.079,0.0,0.0,0.0,-0.08,-0.04,-0.14,-0.08,0.51,1.9,9.6,225.56,11.18,3.0,0,0,0,0.0,0.0,0.0
1787615156.139246,08:45:56.139,7745,131.279,28.05,1011.44,15.079,0.0,0.0,0.0,-0.08,-0.04,-0.14,-0.08,0.51,1.9,9.6,225.56,11.18,3.0,0,0,0,0.0,0.0,0.0
1787615156.139347,08:45:56.139,7746,131.289,28.05,1011.44,15.079,0.0,0.0,0.0,-0.08,-0.04,-0.14,-0.08,0.51,1.9,9.6,225.56,11.18,3.0,0,0,0,0.0,0.0,0.0
1787615156.139447,08:45:56.139,7747,131.299,28.05,1011.44,15.079,0.0,0.0,0.0,-0.08,-0.04,-0.14,-0.08,0.51,1.9,9.6,225.56,11.18,3.0,0,0,0,0.0,0.0,0.0
1787615156.139556,08:45:56.139,7748,131.309,28.05,1011.44,15.079,0.0,0.0,0.0,-0.08,-0.04,-0.14,-0.08,0.51,1.9,9.6,225.56,11.18,3.0,0,0,0,0.0,0.0,0.0
1787615156.139659,08:45:56.139,7749,131.319,28.05,1011.44,15.079,0.0,0.0,0.0,-0.08,-0.04,-0.14,-0.08,0.51,1.9,9.6,225.56,11.18,3.0,0,0,0,0.0,0.0,0.0
1787615156.139760,08:45:56.139,7750,131.329,28.05,1011.44,15.079,0.0,0.0,0.0,-0.06,-0.03,-0.13,-0.06,0.51,1.9,9.6,225.56,11.18,3.0,0,0,0,0.0,0.0,0.0
1787615156.240072,08:45:56.240,7751,131.339,28.05,1011.44,15.079,0.0,0.0,0.0,-0.06,-0.03,-0.13,-0.06,0.51,1.9,9.6,225.56,11.18,3.0,0,0,0,0.0,0.0,0.0
1787615156.240292,08:45:56.240,7752,131.349,28.05,1011.44,15.079,0.0,0.0,0.0,-0.06,-0.03,-0.13,-0.06,0.51,1.9,9.6,225.56,11.18,3.0,0,0,0,0.0,0.0,0.0
1787615156.240404,08:45:56.240,7753,131.359,28.05,1011.44,15.079,0.0,0.0,0.0,-0.06,-0.03,-0.13,-0.06,0.51,1.9,9.6,225.56,11.18,3.0,0,0,0,0.0,0.0,0.0
1787615156.240506,08:45:56.240,7754,131.369,28.04,1011.44,15.079,0.0,0.0,0.0,-0.06,-0.03,-0.13,-0.06,0.51,1.9,9.6,225.56,11.18,3.0,0,0,0,0.0,0.0,0.0
1787615156.240599,08:45:56.240,7755,131.379,28.04,1011.44,15.079,0.0,0.0,0.0,-0.06,-0.03,-0.13,-0.06,0.51,1.9,9.6,225.56,11.18,3.0,0,0,0,0.0,0.0,0.0
1787615156.240721,08:45:56.240,7756,131.389,28.04,1011.44,15.079,0.0,0.0,0.0,-0.06,-0.03,-0.13,-0.06,0.51,1.9,9.6,225.56,11.18,3.0,0,0,0,0.0,0.0,0.0
1787615156.240813,08:45:56.240,7757,131.399,28.04,1011.44,15.079,0.0,0.0,0.0,-0.06,-0.03,-0.13,-0.06,0.51,1.9,9.6,225.56,11.18,3.0,0,0,0,0.0,0.0,0.0
1787615156.240903,08:45:56.240,7758,131.409,28.04,1011.44,15.079,0.0,0.0,0.0,-0.06,-0.03,-0.13,-0.06,0.51,1.9,9.6,225.56,11.18,3.0,0,0,0,0.0,0.0,0.0
1787615156.240995,08:45:56.240,7759,131.419,28.04,1011.44,15.079,0.0,0.0,0.0,-0.06,-0.03,-0.13,-0.06,0.51,1.9,9.6,225.56,11.18,3.0,0,0,0,0.0,0.0,0.0
1787615156.241085,08:45:56.241,7760,131.429,28.04,1011.44,15.079,0.0,0.0,0.0,-0.1,-0.02,-0.11,-0.1,0.51,1.9,9.6,225.56,11.18,3.0,0,0,0,0.0,0.0,0.0
1787615156.341732,08:45:56.341,7761,131.439,28.04,1011.44,15.079,0.0,0.0,0.0,-0.1,-0.02,-0.11,-0.1,0.51,1.9,9.6,225.56,11.18,3.0,0,0,0,0.0,0.0,0.0
1787615156.341909,08:45:56.341,7762,131.449,28.04,1011.44,15.079,0.0,0.0,0.0,-0.1,-0.02,-0.11,-0.1,0.51,1.9,9.6,225.56,11.18,3.0,0,0,0,0.0,0.0,0.0
1787615156.342019,08:45:56.342,7763,131.459,28.04,1011.44,15.079,0.0,0.0,0.0,-0.1,-0.02,-0.11,-0.1,0.51,1.9,9.6,225.56,11.18,3.0,0,0,0,0.0,0.0,0.0
1787615156.342123,08:45:56.342,7764,131.469,28.04,1011.44,15.079,0.0,0.0,0.0,-0.1,-0.02,-0.11,-0.1,0.51,1.9,9.6,225.56,11.18,3.0,0,0,0,0.0,0.0,0.0
1787615156.342223,08:45:56.342,7765,131.479,28.04,1011.44,15.079,0.0,0.0,0.0,-0.1,-0.02,-0.11,-0.1,0.51,1.9,9.6,225.56,11.18,3.0,0,0,0,0.0,0.0,0.0
1787615156.342314,08:45:56.342,7766,131.489,28.04,1011.44,15.079,0.0,0.0,0.0,-0.1,-0.02,-0.11,-0.1,0.51,1.9,9.6,225.56,11.18,3.0,0,0,0,0.0,0.0,0.0
1787615156.342403,08:45:56.342,7767,131.499,28.04,1011.44,15.079,0.0,0.0,0.0,-0.1,-0.02,-0.11,-0.1,0.51,1.9,9.6,225.56,11.18,3.0,0,0,0,0.0,0.0,0.0
1787615156.342492,08:45:56.342,7768,131.509,28.04,1011.44,15.079,0.0,0.0,0.0,-0.1,-0.02,-0.11,-0.1,0.51,1.9,9.6,225.56,11.18,3.0,0,0,0,0.0,0.0,0.0
1787615156.342601,08:45:56.342,7769,131.519,28.04,1011.44,15.079,0.0,0.0,0.0,-0.1,-0.02,-0.11,-0.1,0.51,1.9,9.6,225.56,11.18,3.0,0,0,0,0.0,0.0,0.0
1787615156.342779,08:45:56.342,7770,131.529,28.04,1011.44,15.079,0.0,0.0,0.0,-1.11,0.41,-0.83,-1.11,0.51,1.91,9.6,225.56,11.25,3.0,0,0,0,0.0,0.0,0.0
1787615156.342893,08:45:56.342,7771,131.539,28.04,1011.44,15.079,0.0,0.0,0.0,-1.11,0.41,-0.83,-1.11,0.51,1.91,9.6,225.56,11.25,3.0,0,0,0,0.0,0.0,0.0
1787615156.443471,08:45:56.443,7772,131.549,28.04,1011.44,15.079,0.0,0.0,0.0,-1.11,0.41,-0.83,-1.11,0.51,1.91,9.6,225.56,11.25,3.0,0,0,0,0.0,0.0,0.0
1787615156.443681,08:45:56.443,7773,131.559,28.04,1011.44,15.079,0.0,0.0,0.0,-1.11,0.41,-0.83,-1.11,0.51,1.91,9.6,225.56,11.25,3.0,0,0,0,0.0,0.0,0.0
1787615156.443791,08:45:56.443,7774,131.569,28.04,1011.45,14.997,0.0,0.0,0.0,-1.11,0.41,-0.83,-1.11,0.51,1.91,9.6,225.56,11.25,3.0,0,0,0,0.0,0.0,0.0
1787615156.443896,08:45:56.443,7775,131.579,28.04,1011.45,14.997,0.0,0.0,0.0,-1.11,0.41,-0.83,-1.11,0.51,1.91,9.6,225.56,11.25,3.0,0,0,0,0.0,0.0,0.0
1787615156.443999,08:45:56.443,7776,131.589,28.04,1011.45,14.997,0.0,0.0,0.0,-1.11,0.41,-0.83,-1.11,0.51,1.91,9.6,225.56,11.25,3.0,0,0,0,0.0,0.0,0.0
1787615156.444101,08:45:56.444,7777,131.599,28.04,1011.45,14.997,0.0,0.0,0.0,-1.11,0.41,-0.83,-1.11,0.51,1.91,9.6,225.56,11.25,3.0,0,0,0,0.0,0.0,0.0
1787615156.444203,08:45:56.444,7778,131.609,28.04,1011.45,14.997,0.0,0.0,0.0,-1.11,0.41,-0.83,-1.11,0.51,1.91,9.6,225.56,11.25,3.0,0,0,0,0.0,0.0,0.0
1787615156.444304,08:45:56.444,7779,131.619,28.04,1011.45,14.997,0.0,0.0,0.0,-1.11,0.41,-0.83,-1.11,0.51,1.91,9.6,225.56,11.25,3.0,0,0,0,0.0,0.0,0.0
1787615156.444405,08:45:56.444,7780,131.629,28.04,1011.45,14.997,0.0,0.0,0.0,-0.59,-0.2,-0.24,-0.59,0.51,1.9,9.6,225.5,11.18,3.0,0,0,0,0.0,0.0,0.0
1787615156.444507,08:45:56.444,7781,131.639,28.04,1011.45,14.997,0.0,0.0,0.0,-0.59,-0.2,-0.24,-0.59,0.51,1.9,9.6,225.5,11.18,3.0,0,0,0,0.0,0.0,0.0
1787615156.562988,08:45:56.562,7782,131.649,28.04,1011.45,14.997,0.0,0.0,0.0,-0.59,-0.2,-0.24,-0.59,0.51,1.9,9.6,225.5,11.18,3.0,0,0,0,0.0,0.0,0.0
1787615156.563178,08:45:56.563,7783,131.659,28.04,1011.45,14.997,0.0,0.0,0.0,-0.59,-0.2,-0.24,-0.59,0.51,1.9,9.6,225.5,11.18,3.0,0,0,0,0.0,0.0,0.0
1787615156.563289,08:45:56.563,7784,131.669,28.04,1011.45,14.997,0.0,0.0,0.0,-0.59,-0.2,-0.24,-0.59,0.51,1.9,9.6,225.5,11.18,3.0,0,0,0,0.0,0.0,0.0
1787615156.563394,08:45:56.563,7785,131.679,28.04,1011.45,14.997,0.0,0.0,0.0,-0.59,-0.2,-0.24,-0.59,0.51,1.9,9.6,225.5,11.18,3.0,0,0,0,0.0,0.0,0.0
1787615156.563497,08:45:56.563,7786,131.689,28.04,1011.45,14.997,0.0,0.0,0.0,-0.59,-0.2,-0.24,-0.59,0.51,1.9,9.6,225.5,11.18,3.0,0,0,0,0.0,0.0,0.0
1787615156.563599,08:45:56.563,7787,131.699,28.04,1011.45,14.997,0.0,0.0,0.0,-0.59,-0.2,-0.24,-0.59,0.51,1.9,9.6,225.5,11.18,3.0,0,0,0,0.0,0.0,0.0
1787615156.563701,08:45:56.563,7788,131.709,28.04,1011.45,14.997,0.0,0.0,0.0,-0.59,-0.2,-0.24,-0.59,0.51,1.9,9.6,225.5,11.18,3.0,0,0,0,0.0,0.0,0.0
1787615156.563810,08:45:56.563,7789,131.719,28.04,1011.45,14.997,0.0,0.0,0.0,-0.59,-0.2,-0.24,-0.59,0.51,1.9,9.6,225.5,11.18,3.0,0,0,0,0.0,0.0,0.0
1787615156.563923,08:45:56.563,7790,131.729,28.04,1011.45,14.997,0.0,0.0,0.0,-0.27,1.77,-1.0,-0.27,0.51,1.91,9.6,225.56,11.18,3.0,0,0,0,0.0,0.0,0.0
1787615156.564037,08:45:56.564,7791,131.739,28.04,1011.45,14.997,0.0,0.0,0.0,-0.27,1.77,-1.0,-0.27,0.51,1.91,9.6,225.56,11.18,3.0,0,0,0,0.0,0.0,0.0
1787615156.564152,08:45:56.564,7792,131.749,28.04,1011.45,14.997,0.0,0.0,0.0,-0.27,1.77,-1.0,-0.27,0.51,1.91,9.6,225.56,11.18,3.0,0,0,0,0.0,0.0,0.0
1787615156.564267,08:45:56.564,7793,131.759,28.04,1011.45,14.997,0.0,0.0,0.0,-0.27,1.77,-1.0,-0.27,0.51,1.91,9.6,225.56,11.18,3.0,0,0,0,0.0,0.0,0.0
1787615156.665545,08:45:56.665,7794,131.769,28.04,1011.48,14.746,0.0,0.0,0.0,-0.27,1.77,-1.0,-0.27,0.51,1.91,9.6,225.56,11.18,3.0,0,0,0,0.0,0.0,0.0
1787615156.665806,08:45:56.665,7795,131.779,28.04,1011.48,14.746,0.0,0.0,0.0,-0.27,1.77,-1.0,-0.27,0.51,1.91,9.6,225.56,11.18,3.0,0,0,0,0.0,0.0,0.0
1787615156.665912,08:45:56.665,7796,131.789,28.04,1011.48,14.746,0.0,0.0,0.0,-0.27,1.77,-1.0,-0.27,0.51,1.91,9.6,225.56,11.18,3.0,0,0,0,0.0,0.0,0.0
1787615156.666015,08:45:56.666,7797,131.799,28.04,1011.48,14.746,0.0,0.0,0.0,-0.27,1.77,-1.0,-0.27,0.51,1.91,9.6,225.56,11.18,3.0,0,0,0,0.0,0.0,0.0
1787615156.666115,08:45:56.666,7798,131.809,28.04,1011.48,14.746,0.0,0.0,0.0,-0.27,1.77,-1.0,-0.27,0.51,1.91,9.6,225.56,11.18,3.0,0,0,0,0.0,0.0,0.0
1787615156.666219,08:45:56.666,7799,131.819,28.04,1011.48,14.746,0.0,0.0,0.0,-0.27,1.77,-1.0,-0.27,0.51,1.91,9.6,225.56,11.18,3.0,0,0,0,0.0,0.0,0.0
1787615156.666320,08:45:56.666,7800,131.829,28.04,1011.48,14.746,0.0,0.0,0.0,0.36,-1.5,-1.19,0.36,0.51,1.9,9.6,225.56,11.12,3.0,0,0,0,0.0,0.0,0.0
1787615156.666421,08:45:56.666,7801,131.839,28.04,1011.48,14.746,0.0,0.0,0.0,0.36,-1.5,-1.19,0.36,0.51,1.9,9.6,225.56,11.12,3.0,0,0,0,0.0,0.0,0.0
1787615156.666522,08:45:56.666,7802,131.849,28.04,1011.48,14.746,0.0,0.0,0.0,0.36,-1.5,-1.19,0.36,0.51,1.9,9.6,225.56,11.12,3.0,0,0,0,0.0,0.0,0.0
1787615156.767636,08:45:56.767,7803,131.859,28.04,1011.48,14.746,0.0,0.0,0.0,0.36,-1.5,-1.19,0.36,0.51,1.9,9.6,225.56,11.12,3.0,0,0,0,0.0,0.0,0.0
1787615156.767874,08:45:56.767,7804,131.869,28.04,1011.48,14.746,0.0,0.0,0.0,0.36,-1.5,-1.19,0.36,0.51,1.9,9.6,225.56,11.12,3.0,0,0,0,0.0,0.0,0.0
1787615156.767988,08:45:56.767,7805,131.879,28.04,1011.48,14.746,0.0,0.0,0.0,0.36,-1.5,-1.19,0.36,0.51,1.9,9.6,225.56,11.12,3.0,0,0,0,0.0,0.0,0.0
1787615156.768127,08:45:56.768,7806,131.889,28.04,1011.48,14.746,0.0,0.0,0.0,0.36,-1.5,-1.19,0.36,0.51,1.9,9.6,225.56,11.12,3.0,0,0,0,0.0,0.0,0.0
1787615156.768231,08:45:56.768,7807,131.899,28.04,1011.48,14.746,0.0,0.0,0.0,0.36,-1.5,-1.19,0.36,0.51,1.9,9.6,225.56,11.12,3.0,0,0,0,0.0,0.0,0.0
1787615156.768333,08:45:56.768,7808,131.909,28.04,1011.48,14.746,0.0,0.0,0.0,0.36,-1.5,-1.19,0.36,0.51,1.9,9.6,225.56,11.12,3.0,0,0,0,0.0,0.0,0.0
1787615156.768436,08:45:56.768,7809,131.919,28.04,1011.48,14.746,0.0,0.0,0.0,0.36,-1.5,-1.19,0.36,0.51,1.9,9.6,225.56,11.12,3.0,0,0,0,0.0,0.0,0.0
1787615156.768539,08:45:56.768,7810,131.929,28.04,1011.48,14.746,0.0,0.0,0.0,-0.52,-0.77,-0.15,-0.52,0.51,1.83,9.61,225.5,10.87,3.0,0,0,0,0.0,0.0,0.0
1787615156.768648,08:45:56.768,7811,131.939,28.04,1011.48,14.746,0.0,0.0,0.0,-0.52,-0.77,-0.15,-0.52,0.51,1.83,9.61,225.5,10.87,3.0,0,0,0,0.0,0.0,0.0
1787615156.768753,08:45:56.768,7812,131.949,28.04,1011.48,14.746,0.0,0.0,0.0,-0.52,-0.77,-0.15,-0.52,0.51,1.83,9.61,225.5,10.87,3.0,0,0,0,0.0,0.0,0.0
1787615156.768855,08:45:56.768,7813,131.959,28.04,1011.48,14.746,0.0,0.0,0.0,-0.52,-0.77,-0.15,-0.52,0.51,1.83,9.61,225.5,10.87,3.0,0,0,0,0.0,0.0,0.0
1787615156.869257,08:45:56.869,7814,131.969,28.04,1011.47,14.831,0.0,0.0,0.0,-0.52,-0.77,-0.15,-0.52,0.51,1.83,9.61,225.5,10.87,3.0,0,0,0,0.0,0.0,0.0
1787615156.869571,08:45:56.869,7815,131.979,28.04,1011.47,14.831,0.0,0.0,0.0,-0.52,-0.77,-0.15,-0.52,0.51,1.83,9.61,225.5,10.87,3.0,0,0,0,0.0,0.0,0.0
1787615156.869695,08:45:56.869,7816,131.989,28.04,1011.47,14.831,0.0,0.0,0.0,-0.52,-0.77,-0.15,-0.52,0.51,1.83,9.61,225.5,10.87,3.0,0,0,0,0.0,0.0,0.0
1787615156.869800,08:45:56.869,7817,131.999,28.04,1011.47,14.831,0.0,0.0,0.0,-0.52,-0.77,-0.15,-0.52,0.51,1.83,9.61,225.5,10.87,3.0,0,0,0,0.0,0.0,0.0
1787615156.869903,08:45:56.869,7818,132.009,28.04,1011.47,14.831,0.0,0.0,0.0,-0.52,-0.77,-0.15,-0.52,0.51,1.83,9.61,225.5,10.87,3.0,0,0,0,0.0,0.0,0.0
1787615156.870005,08:45:56.870,7819,132.019,28.04,1011.47,14.831,0.0,0.0,0.0,-0.52,-0.77,-0.15,-0.52,0.51,1.83,9.61,225.5,10.87,3.0,0,0,0,0.0,0.0,0.0
1787615156.870107,08:45:56.870,7820,132.029,28.04,1011.47,14.831,0.0,0.0,0.0,0.67,0.85,1.32,0.67,0.51,1.81,9.62,225.62,10.68,3.0,0,0,0,0.0,0.0,0.0
1787615156.870210,08:45:56.870,7821,132.039,28.04,1011.47,14.831,0.0,0.0,0.0,0.67,0.85,1.32,0.67,0.51,1.81,9.62,225.62,10.68,3.0,0,0,0,0.0,0.0,0.0
1787615156.870311,08:45:56.870,7822,132.049,28.04,1011.47,14.831,0.0,0.0,0.0,0.67,0.85,1.32,0.67,0.51,1.81,9.62,225.62,10.68,3.0,0,0,0,0.0,0.0,0.0
1787615156.870412,08:45:56.870,7823,132.059,28.04,1011.47,14.831,0.0,0.0,0.0,0.67,0.85,1.32,0.67,0.51,1.81,9.62,225.62,10.68,3.0,0,0,0,0.0,0.0,0.0
1787615156.971622,08:45:56.971,7824,132.069,28.04,1011.47,14.831,0.0,0.0,0.0,0.67,0.85,1.32,0.67,0.51,1.81,9.62,225.62,10.68,3.0,0,0,0,0.0,0.0,0.0
1787615156.971853,08:45:56.971,7825,132.079,28.04,1011.47,14.831,0.0,0.0,0.0,0.67,0.85,1.32,0.67,0.51,1.81,9.62,225.62,10.68,3.0,0,0,0,0.0,0.0,0.0
1787615156.971962,08:45:56.971,7826,132.089,28.04,1011.47,14.831,0.0,0.0,0.0,0.67,0.85,1.32,0.67,0.51,1.81,9.62,225.62,10.68,3.0,0,0,0,0.0,0.0,0.0
1787615156.972067,08:45:56.972,7827,132.099,28.04,1011.47,14.831,0.0,0.0,0.0,0.67,0.85,1.32,0.67,0.51,1.81,9.62,225.62,10.68,3.0,0,0,0,0.0,0.0,0.0
1787615156.972171,08:45:56.972,7828,132.109,28.04,1011.47,14.831,0.0,0.0,0.0,0.67,0.85,1.32,0.67,0.51,1.81,9.62,225.62,10.68,3.0,0,0,0,0.0,0.0,0.0
1787615156.972274,08:45:56.972,7829,132.119,28.04,1011.47,14.831,0.0,0.0,0.0,0.67,0.85,1.32,0.67,0.51,1.81,9.62,225.62,10.68,3.0,0,0,0,0.0,0.0,0.0
1787615156.972376,08:45:56.972,7830,132.129,28.04,1011.47,14.831,0.0,0.0,0.0,-0.09,-0.9,-0.37,-0.09,0.52,1.72,9.63,225.56,10.18,3.0,0,0,0,0.0,0.0,0.0
1787615156.972484,08:45:56.972,7831,132.139,28.04,1011.47,14.831,0.0,0.0,0.0,-0.09,-0.9,-0.37,-0.09,0.52,1.72,9.63,225.56,10.18,3.0,0,0,0,0.0,0.0,0.0
1787615156.972592,08:45:56.972,7832,132.149,28.04,1011.47,14.831,0.0,0.0,0.0,-0.09,-0.9,-0.37,-0.09,0.52,1.72,9.63,225.56,10.18,3.0,0,0,0,0.0,0.0,0.0
1787615156.972699,08:45:56.972,7833,132.159,28.04,1011.47,14.831,0.0,0.0,0.0,-0.09,-0.9,-0.37,-0.09,0.52,1.72,9.63,225.56,10.18,3.0,0,0,0,0.0,0.0,0.0
1787615156.972801,08:45:56.972,7834,132.169,28.04,1011.46,14.912,0.0,0.0,0.0,-0.09,-0.9,-0.37,-0.09,0.52,1.72,9.63,225.56,10.18,3.0,0,0,0,0.0,0.0,0.0
1787615157.086863,08:45:57.086,7835,132.179,28.04,1011.46,14.912,0.0,0.0,0.0,-0.09,-0.9,-0.37,-0.09,0.52,1.72,9.63,225.56,10.18,3.0,0,0,0,0.0,0.0,0.0
1787615157.087072,08:45:57.087,7836,132.189,28.04,1011.46,14.912,0.0,0.0,0.0,-0.09,-0.9,-0.37,-0.09,0.52,1.72,9.63,225.56,10.18,3.0,0,0,0,0.0,0.0,0.0
1787615157.087184,08:45:57.087,7837,132.199,28.04,1011.46,14.912,0.0,0.0,0.0,-0.09,-0.9,-0.37,-0.09,0.52,1.72,9.63,225.56,10.18,3.0,0,0,0,0.0,0.0,0.0
1787615157.087299,08:45:57.087,7838,132.209,28.04,1011.46,14.912,0.0,0.0,0.0,-0.09,-0.9,-0.37,-0.09,0.52,1.72,9.63,225.56,10.18,3.0,0,0,0,0.0,0.0,0.0
1787615157.087415,08:45:57.087,7839,132.219,28.04,1011.46,14.912,0.0,0.0,0.0,-0.09,-0.9,-0.37,-0.09,0.52,1.72,9.63,225.56,10.18,3.0,0,0,0,0.0,0.0,0.0
1787615157.087515,08:45:57.087,7840,132.229,28.04,1011.46,14.912,0.0,0.0,0.0,0.84,-0.9,-1.38,0.84,0.52,1.4,9.69,225.62,8.5,3.0,0,0,0,0.0,0.0,0.0
1787615157.087616,08:45:57.087,7841,132.239,28.04,1011.46,14.912,0.0,0.0,0.0,0.84,-0.9,-1.38,0.84,0.52,1.4,9.69,225.62,8.5,3.0,0,0,0,0.0,0.0,0.0
1787615157.087851,08:45:57.087,7842,132.249,28.04,1011.46,14.912,0.0,0.0,0.0,0.84,-0.9,-1.38,0.84,0.52,1.4,9.69,225.62,8.5,3.0,0,0,0,0.0,0.0,0.0
1787615157.087965,08:45:57.087,7843,132.259,28.04,1011.46,14.912,0.0,0.0,0.0,0.84,-0.9,-1.38,0.84,0.52,1.4,9.69,225.62,8.5,3.0,0,0,0,0.0,0.0,0.0
1787615157.088070,08:45:57.088,7844,132.269,28.04,1011.46,14.912,0.0,0.0,0.0,0.84,-0.9,-1.38,0.84,0.52,1.4,9.69,225.62,8.5,3.0,0,0,0,0.0,0.0,0.0
1787615157.088174,08:45:57.088,7845,132.279,28.04,1011.46,14.912,0.0,0.0,0.0,0.84,-0.9,-1.38,0.84,0.52,1.4,9.69,225.62,8.5,3.0,0,0,0,0.0,0.0,0.0
1787615157.088280,08:45:57.088,7846,132.289,28.04,1011.46,14.912,0.0,0.0,0.0,0.84,-0.9,-1.38,0.84,0.52,1.4,9.69,225.62,8.5,3.0,0,0,0,0.0,0.0,0.0
1787615157.189488,08:45:57.189,7847,132.299,28.04,1011.46,14.912,0.0,0.0,0.0,0.84,-0.9,-1.38,0.84,0.52,1.4,9.69,225.62,8.5,3.0,0,0,0,0.0,0.0,0.0
1787615157.189731,08:45:57.189,7848,132.309,28.04,1011.46,14.912,0.0,0.0,0.0,0.84,-0.9,-1.38,0.84,0.52,1.4,9.69,225.62,8.5,3.0,0,0,0,0.0,0.0,0.0
1787615157.189844,08:45:57.189,7849,132.319,28.04,1011.46,14.912,0.0,0.0,0.0,0.84,-0.9,-1.38,0.84,0.52,1.4,9.69,225.62,8.5,3.0,0,0,0,0.0,0.0,0.0
1787615157.189951,08:45:57.189,7850,132.329,28.04,1011.46,14.912,0.0,0.0,0.0,0.02,2.86,0.71,0.02,0.49,0.88,9.75,225.56,5.31,2.87,0,0,0,0.0,0.0,0.0
1787615157.190057,08:45:57.190,7851,132.339,28.04,1011.46,14.912,0.0,0.0,0.0,0.02,2.86,0.71,0.02,0.49,0.88,9.75,225.56,5.31,2.87,0,0,0,0.0,0.0,0.0
1787615157.190157,08:45:57.190,7852,132.349,28.04,1011.46,14.912,0.0,0.0,0.0,0.02,2.86,0.71,0.02,0.49,0.88,9.75,225.56,5.31,2.87,0,0,0,0.0,0.0,0.0
1787615157.190257,08:45:57.190,7853,132.359,28.04,1011.46,14.912,0.0,0.0,0.0,0.02,2.86,0.71,0.02,0.49,0.88,9.75,225.56,5.31,2.87,0,0,0,0.0,0.0,0.0
1787615157.190352,08:45:57.190,7854,132.369,28.03,1011.43,15.164,0.0,0.0,0.0,0.02,2.86,0.71,0.02,0.49,0.88,9.75,225.56,5.31,2.87,0,0,0,0.0,0.0,0.0
1787615157.190460,08:45:57.190,7855,132.379,28.03,1011.43,15.164,0.0,0.0,0.0,0.02,2.86,0.71,0.02,0.49,0.88,9.75,225.56,5.31,2.87,0,0,0,0.0,0.0,0.0
1787615157.291208,08:45:57.291,7856,132.389,28.03,1011.43,15.164,0.0,0.0,0.0,0.02,2.86,0.71,0.02,0.49,0.88,9.75,225.56,5.31,2.87,0,0,0,0.0,0.0,0.0
1787615157.291438,08:45:57.291,7857,132.399,28.03,1011.43,15.164,0.0,0.0,0.0,0.02,2.86,0.71,0.02,0.49,0.88,9.75,225.56,5.31,2.87,0,0,0,0.0,0.0,0.0
1787615157.291549,08:45:57.291,7858,132.409,28.03,1011.43,15.164,0.0,0.0,0.0,0.02,2.86,0.71,0.02,0.49,0.88,9.75,225.56,5.31,2.87,0,0,0,0.0,0.0,0.0
1787615157.291652,08:45:57.291,7859,132.419,28.03,1011.43,15.164,0.0,0.0,0.0,0.02,2.86,0.71,0.02,0.49,0.88,9.75,225.56,5.31,2.87,0,0,0,0.0,0.0,0.0
1787615157.291753,08:45:57.291,7860,132.429,28.03,1011.43,15.164,0.0,0.0,0.0,0.02,2.86,0.71,0.02,0.49,0.88,9.75,225.56,5.31,2.87,0,0,0,0.0,0.0,0.0
1787615157.291854,08:45:57.291,7861,132.439,28.03,1011.43,15.164,0.0,0.0,0.0,-2.04,-1.15,0.47,-2.04,0.53,0.87,9.75,225.31,4.93,3.06,0,0,0,0.0,0.0,0.0
1787615157.291946,08:45:57.291,7862,132.449,28.03,1011.43,15.164,0.0,0.0,0.0,-2.04,-1.15,0.47,-2.04,0.53,0.87,9.75,225.31,4.93,3.06,0,0,0,0.0,0.0,0.0
1787615157.292035,08:45:57.292,7863,132.459,28.03,1011.43,15.164,0.0,0.0,0.0,-2.04,-1.15,0.47,-2.04,0.53,0.87,9.75,225.31,4.93,3.06,0,0,0,0.0,0.0,0.0
1787615157.292122,08:45:57.292,7864,132.469,28.03,1011.43,15.164,0.0,0.0,0.0,-2.04,-1.15,0.47,-2.04,0.53,0.87,9.75,225.31,4.93,3.06,0,0,0,0.0,0.0,0.0
1787615157.292210,08:45:57.292,7865,132.479,28.03,1011.43,15.164,0.0,0.0,0.0,-2.04,-1.15,0.47,-2.04,0.53,0.87,9.75,225.31,4.93,3.06,0,0,0,0.0,0.0,0.0
1787615157.392598,08:45:57.392,7866,132.489,28.03,1011.43,15.164,0.0,0.0,0.0,-2.04,-1.15,0.47,-2.04,0.53,0.87,9.75,225.31,4.93,3.06,0,0,0,0.0,0.0,0.0
1787615157.392827,08:45:57.392,7867,132.499,28.03,1011.43,15.164,0.0,0.0,0.0,-2.04,-1.15,0.47,-2.04,0.53,0.87,9.75,225.31,4.93,3.06,0,0,0,0.0,0.0,0.0
1787615157.392937,08:45:57.392,7868,132.509,28.03,1011.43,15.164,0.0,0.0,0.0,-2.04,-1.15,0.47,-2.04,0.53,0.87,9.75,225.31,4.93,3.06,0,0,0,0.0,0.0,0.0
1787615157.393041,08:45:57.393,7869,132.519,28.03,1011.43,15.164,0.0,0.0,0.0,-2.04,-1.15,0.47,-2.04,0.53,0.87,9.75,225.31,4.93,3.06,0,0,0,0.0,0.0,0.0
1787615157.393143,08:45:57.393,7870,132.529,28.03,1011.43,15.164,0.0,0.0,0.0,-2.04,-1.15,0.47,-2.04,0.53,0.87,9.75,225.31,4.93,3.06,0,0,0,0.0,0.0,0.0
1787615157.393244,08:45:57.393,7871,132.539,28.03,1011.43,15.164,0.0,0.0,0.0,0.39,0.14,-2.6,0.39,0.49,1.12,9.72,225.37,6.56,2.81,0,0,0,0.0,0.0,0.0
1787615157.393347,08:45:57.393,7872,132.549,28.03,1011.43,15.164,0.0,0.0,0.0,0.39,0.14,-2.6,0.39,0.49,1.12,9.72,225.37,6.56,2.81,0,0,0,0.0,0.0,0.0
1787615157.393447,08:45:57.393,7873,132.559,28.03,1011.43,15.164,0.0,0.0,0.0,0.39,0.14,-2.6,0.39,0.49,1.12,9.72,225.37,6.56,2.81,0,0,0,0.0,0.0,0.0
1787615157.393548,08:45:57.393,7874,132.569,28.03,1011.46,14.912,0.0,0.0,0.0,0.39,0.14,-2.6,0.39,0.49,1.12,9.72,225.37,6.56,2.81,0,0,0,0.0,0.0,0.0
1787615157.393713,08:45:57.393,7875,132.579,28.03,1011.46,14.912,0.0,0.0,0.0,0.39,0.14,-2.6,0.39,0.49,1.12,9.72,225.37,6.56,2.81,0,0,0,0.0,0.0,0.0
1787615157.393833,08:45:57.393,7876,132.589,28.03,1011.46,14.912,0.0,0.0,0.0,0.39,0.14,-2.6,0.39,0.49,1.12,9.72,225.37,6.56,2.81,0,0,0,0.0,0.0,0.0
1787615157.494617,08:45:57.494,7877,132.599,28.03,1011.46,14.912,0.0,0.0,0.0,0.39,0.14,-2.6,0.39,0.49,1.12,9.72,225.37,6.56,2.81,0,0,0,0.0,0.0,0.0
1787615157.494896,08:45:57.494,7878,132.609,28.03,1011.46,14.912,0.0,0.0,0.0,0.39,0.14,-2.6,0.39,0.49,1.12,9.72,225.37,6.56,2.81,0,0,0,0.0,0.0,0.0
1787615157.495021,08:45:57.495,7879,132.619,28.03,1011.46,14.912,0.0,0.0,0.0,0.39,0.14,-2.6,0.39,0.49,1.12,9.72,225.37,6.56,2.81,0,0,0,0.0,0.0,0.0
1787615157.495129,08:45:57.495,7880,132.629,28.03,1011.46,14.912,0.0,0.0,0.0,-0.27,0.6,1.93,-0.27,0.48,1.3,9.7,225.43,7.62,2.81,0,0,0,0.0,0.0,0.0
1787615157.495236,08:45:57.495,7881,132.639,28.03,1011.46,14.912,0.0,0.0,0.0,-0.27,0.6,1.93,-0.27,0.48,1.3,9.7,225.43,7.62,2.81,0,0,0,0.0,0.0,0.0
1787615157.495340,08:45:57.495,7882,132.649,28.03,1011.46,14.912,0.0,0.0,0.0,-0.27,0.6,1.93,-0.27,0.48,1.3,9.7,225.43,7.62,2.81,0,0,0,0.0,0.0,0.0
1787615157.495443,08:45:57.495,7883,132.659,28.03,1011.46,14.912,0.0,0.0,0.0,-0.27,0.6,1.93,-0.27,0.48,1.3,9.7,225.43,7.62,2.81,0,0,0,0.0,0.0,0.0
1787615157.495546,08:45:57.495,7884,132.669,28.03,1011.46,14.912,0.0,0.0,0.0,-0.27,0.6,1.93,-0.27,0.48,1.3,9.7,225.43,7.62,2.81,0,0,0,0.0,0.0,0.0
1787615157.495648,08:45:57.495,7885,132.679,28.03,1011.46,14.912,0.0,0.0,0.0,-0.27,0.6,1.93,-0.27,0.48,1.3,9.7,225.43,7.62,2.81,0,0,0,0.0,0.0,0.0
1787615157.495749,08:45:57.495,7886,132.689,28.03,1011.46,14.912,0.0,0.0,0.0,-0.27,0.6,1.93,-0.27,0.48,1.3,9.7,225.43,7.62,2.81,0,0,0,0.0,0.0,0.0
1787615157.596173,08:45:57.596,7887,132.699,28.03,1011.46,14.912,0.0,0.0,0.0,-0.27,0.6,1.93,-0.27,0.48,1.3,9.7,225.43,7.62,2.81,0,0,0,0.0,0.0,0.0
1787615157.596400,08:45:57.596,7888,132.709,28.03,1011.46,14.912,0.0,0.0,0.0,-0.27,0.6,1.93,-0.27,0.48,1.3,9.7,225.43,7.62,2.81,0,0,0,0.0,0.0,0.0
1787615157.596511,08:45:57.596,7889,132.719,28.03,1011.46,14.912,0.0,0.0,0.0,-0.27,0.6,1.93,-0.27,0.48,1.3,9.7,225.43,7.62,2.81,0,0,0,0.0,0.0,0.0
1787615157.596615,08:45:57.596,7890,132.729,28.03,1011.46,14.912,0.0,0.0,0.0,-0.55,1.98,-3.2,-0.55,0.5,1.28,9.7,225.43,7.5,2.93,0,0,0,0.0,0.0,0.0
1787615157.596718,08:45:57.596,7891,132.739,28.03,1011.46,14.912,0.0,0.0,0.0,-0.55,1.98,-3.2,-0.55,0.5,1.28,9.7,225.43,7.5,2.93,0,0,0,0.0,0.0,0.0
1787615157.596819,08:45:57.596,7892,132.749,28.03,1011.46,14.912,0.0,0.0,0.0,-0.55,1.98,-3.2,-0.55,0.5,1.28,9.7,225.43,7.5,2.93,0,0,0,0.0,0.0,0.0
1787615157.596919,08:45:57.596,7893,132.759,28.03,1011.46,14.912,0.0,0.0,0.0,-0.55,1.98,-3.2,-0.55,0.5,1.28,9.7,225.43,7.5,2.93,0,0,0,0.0,0.0,0.0
1787615157.597020,08:45:57.597,7894,132.769,28.04,1011.47,14.831,0.0,0.0,0.0,-0.55,1.98,-3.2,-0.55,0.5,1.28,9.7,225.43,7.5,2.93,0,0,0,0.0,0.0,0.0
1787615157.597119,08:45:57.597,7895,132.779,28.04,1011.47,14.831,0.0,0.0,0.0,-0.55,1.98,-3.2,-0.55,0.5,1.28,9.7,225.43,7.5,2.93,0,0,0,0.0,0.0,0.0
1787615157.698317,08:45:57.698,7896,132.789,28.04,1011.47,14.831,0.0,0.0,0.0,-0.55,1.98,-3.2,-0.55,0.5,1.28,9.7,225.43,7.5,2.93,0,0,0,0.0,0.0,0.0
1787615157.698537,08:45:57.698,7897,132.799,28.04,1011.47,14.831,0.0,0.0,0.0,-0.55,1.98,-3.2,-0.55,0.5,1.28,9.7,225.43,7.5,2.93,0,0,0,0.0,0.0,0.0
1787615157.698650,08:45:57.698,7898,132.809,28.04,1011.47,14.831,0.0,0.0,0.0,-0.55,1.98,-3.2,-0.55,0.5,1.28,9.7,225.43,7.5,2.93,0,0,0,0.0,0.0,0.0
1787615157.698757,08:45:57.698,7899,132.819,28.04,1011.47,14.831,0.0,0.0,0.0,-0.55,1.98,-3.2,-0.55,0.5,1.28,9.7,225.43,7.5,2.93,0,0,0,0.0,0.0,0.0
1787615157.698861,08:45:57.698,7900,132.829,28.04,1011.47,14.831,0.0,0.0,0.0,-1.58,-0.4,-2.48,-1.58,0.49,1.15,9.72,225.5,6.75,2.87,0,0,0,0.0,0.0,0.0
1787615157.698966,08:45:57.698,7901,132.839,28.04,1011.47,14.831,0.0,0.0,0.0,-1.58,-0.4,-2.48,-1.58,0.49,1.15,9.72,225.5,6.75,2.87,0,0,0,0.0,0.0,0.0
1787615157.699070,08:45:57.699,7902,132.849,28.04,1011.47,14.831,0.0,0.0,0.0,-1.58,-0.4,-2.48,-1.58,0.49,1.15,9.72,225.5,6.75,2.87,0,0,0,0.0,0.0,0.0
1787615157.699172,08:45:57.699,7903,132.859,28.04,1011.47,14.831,0.0,0.0,0.0,-1.58,-0.4,-2.48,-1.58,0.49,1.15,9.72,225.5,6.75,2.87,0,0,0,0.0,0.0,0.0
1787615157.699273,08:45:57.699,7904,132.869,28.04,1011.47,14.831,0.0,0.0,0.0,-1.58,-0.4,-2.48,-1.58,0.49,1.15,9.72,225.5,6.75,2.87,0,0,0,0.0,0.0,0.0
1787615157.699373,08:45:57.699,7905,132.879,28.04,1011.47,14.831,0.0,0.0,0.0,-1.58,-0.4,-2.48,-1.58,0.49,1.15,9.72,225.5,6.75,2.87,0,0,0,0.0,0.0,0.0
1787615157.699506,08:45:57.699,7906,132.889,28.04,1011.47,14.831,0.0,0.0,0.0,-1.58,-0.4,-2.48,-1.58,0.49,1.15,9.72,225.5,6.75,2.87,0,0,0,0.0,0.0,0.0
1787615157.800749,08:45:57.800,7907,132.899,28.04,1011.47,14.831,0.0,0.0,0.0,-1.58,-0.4,-2.48,-1.58,0.49,1.15,9.72,225.5,6.75,2.87,0,0,0,0.0,0.0,0.0
1787615157.800979,08:45:57.800,7908,132.909,28.04,1011.47,14.831,0.0,0.0,0.0,-1.58,-0.4,-2.48,-1.58,0.49,1.15,9.72,225.5,6.75,2.87,0,0,0,0.0,0.0,0.0
1787615157.801095,08:45:57.801,7909,132.919,28.04,1011.47,14.831,0.0,0.0,0.0,-1.58,-0.4,-2.48,-1.58,0.49,1.15,9.72,225.5,6.75,2.87,0,0,0,0.0,0.0,0.0
1787615157.801205,08:45:57.801,7910,132.929,28.04,1011.47,14.831,0.0,0.0,0.0,0.98,0.38,0.42,0.98,0.5,1.06,9.73,225.5,6.25,2.93,0,0,0,0.0,0.0,0.0
1787615157.801316,08:45:57.801,7911,132.939,28.04,1011.47,14.831,0.0,0.0,0.0,0.98,0.38,0.42,0.98,0.5,1.06,9.73,225.5,6.25,2.93,0,0,0,0.0,0.0,0.0
1787615157.801418,08:45:57.801,7912,132.949,28.04,1011.47,14.831,0.0,0.0,0.0,0.98,0.38,0.42,0.98,0.5,1.06,9.73,225.5,6.25,2.93,0,0,0,0.0,0.0,0.0
1787615157.801523,08:45:57.801,7913,132.959,28.04,1011.47,14.831,0.0,0.0,0.0,0.98,0.38,0.42,0.98,0.5,1.06,9.73,225.5,6.25,2.93,0,0,0,0.0,0.0,0.0
1787615157.801630,08:45:57.801,7914,132.969,28.02,1011.42,15.245,0.0,0.0,0.0,0.98,0.38,0.42,0.98,0.5,1.06,9.73,225.5,6.25,2.93,0,0,0,0.0,0.0,0.0
1787615157.801735,08:45:57.801,7915,132.979,28.02,1011.42,15.245,0.0,0.0,0.0,0.98,0.38,0.42,0.98,0.5,1.06,9.73,225.5,6.25,2.93,0,0,0,0.0,0.0,0.0
1787615157.801835,08:45:57.801,7916,132.989,28.02,1011.42,15.245,0.0,0.0,0.0,0.98,0.38,0.42,0.98,0.5,1.06,9.73,225.5,6.25,2.93,0,0,0,0.0,0.0,0.0
1787615157.907989,08:45:57.907,7917,132.999,28.02,1011.42,15.245,0.0,0.0,0.0,0.98,0.38,0.42,0.98,0.5,1.06,9.73,225.5,6.25,2.93,0,0,0,0.0,0.0,0.0
1787615157.908216,08:45:57.908,7918,133.009,28.02,1011.42,15.245,0.0,0.0,0.0,0.98,0.38,0.42,0.98,0.5,1.06,9.73,225.5,6.25,2.93,0,0,0,0.0,0.0,0.0
1787615157.908340,08:45:57.908,7919,133.019,28.02,1011.42,15.245,0.0,0.0,0.0,0.98,0.38,0.42,0.98,0.5,1.06,9.73,225.5,6.25,2.93,0,0,0,0.0,0.0,0.0
1787615157.908446,08:45:57.908,7920,133.029,28.02,1011.42,15.245,0.0,0.0,0.0,-1.58,-1.47,-1.86,-1.58,0.49,1.08,9.73,225.43,6.31,2.87,0,0,0,0.0,0.0,0.0
1787615157.908551,08:45:57.908,7921,133.039,28.02,1011.42,15.245,0.0,0.0,0.0,-1.58,-1.47,-1.86,-1.58,0.49,1.08,9.73,225.43,6.31,2.87,0,0,0,0.0,0.0,0.0
1787615157.908654,08:45:57.908,7922,133.049,28.02,1011.42,15.245,0.0,0.0,0.0,-1.58,-1.47,-1.86,-1.58,0.49,1.08,9.73,225.43,6.31,2.87,0,0,0,0.0,0.0,0.0
1787615157.908756,08:45:57.908,7923,133.059,28.02,1011.42,15.245,0.0,0.0,0.0,-1.58,-1.47,-1.86,-1.58,0.49,1.08,9.73,225.43,6.31,2.87,0,0,0,0.0,0.0,0.0
1787615157.908857,08:45:57.908,7924,133.069,28.02,1011.42,15.245,0.0,0.0,0.0,-1.58,-1.47,-1.86,-1.58,0.49,1.08,9.73,225.43,6.31,2.87,0,0,0,0.0,0.0,0.0
1787615157.908958,08:45:57.908,7925,133.079,28.02,1011.42,15.245,0.0,0.0,0.0,-1.58,-1.47,-1.86,-1.58,0.49,1.08,9.73,225.43,6.31,2.87,0,0,0,0.0,0.0,0.0
1787615157.909059,08:45:57.909,7926,133.089,28.02,1011.42,15.245,0.0,0.0,0.0,-1.58,-1.47,-1.86,-1.58,0.49,1.08,9.73,225.43,6.31,2.87,0,0,0,0.0,0.0,0.0
1787615157.909160,08:45:57.909,7927,133.099,28.02,1011.42,15.245,0.0,0.0,0.0,-1.58,-1.47,-1.86,-1.58,0.49,1.08,9.73,225.43,6.31,2.87,0,0,0,0.0,0.0,0.0
1787615158.009840,08:45:58.009,7928,133.109,28.02,1011.42,15.245,0.0,0.0,0.0,-1.58,-1.47,-1.86,-1.58,0.49,1.08,9.73,225.43,6.31,2.87,0,0,0,0.0,0.0,0.0
1787615158.010059,08:45:58.010,7929,133.119,28.02,1011.42,15.245,0.0,0.0,0.0,-1.58,-1.47,-1.86,-1.58,0.49,1.08,9.73,225.43,6.31,2.87,0,0,0,0.0,0.0,0.0
1787615158.010171,08:45:58.010,7930,133.129,28.02,1011.42,15.245,0.0,0.0,0.0,-1.76,-1.18,0.29,-1.76,0.48,1.09,9.73,225.5,6.43,2.81,0,0,0,0.0,0.0,0.0
1787615158.010277,08:45:58.010,7931,133.139,28.02,1011.42,15.245,0.0,0.0,0.0,-1.76,-1.18,0.29,-1.76,0.48,1.09,9.73,225.5,6.43,2.81,0,0,0,0.0,0.0,0.0
1787615158.010379,08:45:58.010,7932,133.149,28.02,1011.42,15.245,0.0,0.0,0.0,-1.76,-1.18,0.29,-1.76,0.48,1.09,9.73,225.5,6.43,2.81,0,0,0,0.0,0.0,0.0
1787615158.010480,08:45:58.010,7933,133.159,28.02,1011.42,15.245,0.0,0.0,0.0,-1.76,-1.18,0.29,-1.76,0.48,1.09,9.73,225.5,6.43,2.81,0,0,0,0.0,0.0,0.0
1787615158.010582,08:45:58.010,7934,133.169,28.02,1011.46,14.912,0.0,0.0,0.0,-1.76,-1.18,0.29,-1.76,0.48,1.09,9.73,225.5,6.43,2.81,0,0,0,0.0,0.0,0.0
1787615158.010677,08:45:58.010,7935,133.179,28.02,1011.46,14.912,0.0,0.0,0.0,-1.76,-1.18,0.29,-1.76,0.48,1.09,9.73,225.5,6.43,2.81,0,0,0,0.0,0.0,0.0
1787615158.010782,08:45:58.010,7936,133.189,28.02,1011.46,14.912,0.0,0.0,0.0,-1.76,-1.18,0.29,-1.76,0.48,1.09,9.73,225.5,6.43,2.81,0,0,0,0.0,0.0,0.0
1787615158.010882,08:45:58.010,7937,133.199,28.02,1011.46,14.912,0.0,0.0,0.0,-1.76,-1.18,0.29,-1.76,0.48,1.09,9.73,225.5,6.43,2.81,0,0,0,0.0,0.0,0.0
1787615158.111146,08:45:58.111,7938,133.209,28.02,1011.46,14.912,0.0,0.0,0.0,-1.76,-1.18,0.29,-1.76,0.48,1.09,9.73,225.5,6.43,2.81,0,0,0,0.0,0.0,0.0
1787615158.111405,08:45:58.111,7939,133.219,28.02,1011.46,14.912,0.0,0.0,0.0,-1.76,-1.18,0.29,-1.76,0.48,1.09,9.73,225.5,6.43,2.81,0,0,0,0.0,0.0,0.0
1787615158.111523,08:45:58.111,7940,133.229,28.02,1011.46,14.912,0.0,0.0,0.0,-0.76,1.32,2.27,-0.76,0.47,0.93,9.74,225.5,5.5,2.75,0,0,0,0.0,0.0,0.0
1787615158.111631,08:45:58.111,7941,133.239,28.02,1011.46,14.912,0.0,0.0,0.0,-0.76,1.32,2.27,-0.76,0.47,0.93,9.74,225.5,5.5,2.75,0,0,0,0.0,0.0,0.0
1787615158.111733,08:45:58.111,7942,133.249,28.02,1011.46,14.912,0.0,0.0,0.0,-0.76,1.32,2.27,-0.76,0.47,0.93,9.74,225.5,5.5,2.75,0,0,0,0.0,0.0,0.0
1787615158.111835,08:45:58.111,7943,133.259,28.02,1011.46,14.912,0.0,0.0,0.0,-0.76,1.32,2.27,-0.76,0.47,0.93,9.74,225.5,5.5,2.75,0,0,0,0.0,0.0,0.0
1787615158.111935,08:45:58.111,7944,133.269,28.02,1011.46,14.912,0.0,0.0,0.0,-0.76,1.32,2.27,-0.76,0.47,0.93,9.74,225.5,5.5,2.75,0,0,0,0.0,0.0,0.0
1787615158.112036,08:45:58.112,7945,133.279,28.02,1011.46,14.912,0.0,0.0,0.0,-0.76,1.32,2.27,-0.76,0.47,0.93,9.74,225.5,5.5,2.75,0,0,0,0.0,0.0,0.0
1787615158.112138,08:45:58.112,7946,133.289,28.02,1011.46,14.912,0.0,0.0,0.0,-0.76,1.32,2.27,-0.76,0.47,0.93,9.74,225.5,5.5,2.75,0,0,0,0.0,0.0,0.0
1787615158.112240,08:45:58.112,7947,133.299,28.02,1011.46,14.912,0.0,0.0,0.0,-0.76,1.32,2.27,-0.76,0.47,0.93,9.74,225.5,5.5,2.75,0,0,0,0.0,0.0,0.0
1787615158.112340,08:45:58.112,7948,133.309,28.02,1011.46,14.912,0.0,0.0,0.0,-0.76,1.32,2.27,-0.76,0.47,0.93,9.74,225.5,5.5,2.75,0,0,0,0.0,0.0,0.0
1787615158.212853,08:45:58.212,7949,133.319,28.02,1011.46,14.912,0.0,0.0,0.0,-0.76,1.32,2.27,-0.76,0.47,0.93,9.74,225.5,5.5,2.75,0,0,0,0.0,0.0,0.0
1787615158.213101,08:45:58.213,7950,133.329,28.02,1011.46,14.912,0.0,0.0,0.0,-0.85,-0.91,5.24,-0.85,0.48,0.84,9.75,225.56,4.93,2.81,0,0,0,0.0,0.0,0.0
1787615158.213217,08:45:58.213,7951,133.339,28.02,1011.46,14.912,0.0,0.0,0.0,-0.85,-0.91,5.24,-0.85,0.48,0.84,9.75,225.56,4.93,2.81,0,0,0,0.0,0.0,0.0
1787615158.213324,08:45:58.213,7952,133.349,28.02,1011.46,14.912,0.0,0.0,0.0,-0.85,-0.91,5.24,-0.85,0.48,0.84,9.75,225.56,4.93,2.81,0,0,0,0.0,0.0,0.0
1787615158.213428,08:45:58.213,7953,133.359,28.02,1011.46,14.912,0.0,0.0,0.0,-0.85,-0.91,5.24,-0.85,0.48,0.84,9.75,225.56,4.93,2.81,0,0,0,0.0,0.0,0.0
1787615158.213530,08:45:58.213,7954,133.369,28.03,1011.46,14.912,0.0,0.0,0.0,-0.85,-0.91,5.24,-0.85,0.48,0.84,9.75,225.56,4.93,2.81,0,0,0,0.0,0.0,0.0
1787615158.213633,08:45:58.213,7955,133.379,28.03,1011.46,14.912,0.0,0.0,0.0,-0.85,-0.91,5.24,-0.85,0.48,0.84,9.75,225.56,4.93,2.81,0,0,0,0.0,0.0,0.0
1787615158.213769,08:45:58.213,7956,133.389,28.03,1011.46,14.912,0.0,0.0,0.0,-0.85,-0.91,5.24,-0.85,0.48,0.84,9.75,225.56,4.93,2.81,0,0,0,0.0,0.0,0.0
1787615158.213872,08:45:58.213,7957,133.399,28.03,1011.46,14.912,0.0,0.0,0.0,-0.85,-0.91,5.24,-0.85,0.48,0.84,9.75,225.56,4.93,2.81,0,0,0,0.0,0.0,0.0
1787615158.314450,08:45:58.314,7958,133.409,28.03,1011.46,14.912,0.0,0.0,0.0,-0.85,-0.91,5.24,-0.85,0.48,0.84,9.75,225.56,4.93,2.81,0,0,0,0.0,0.0,0.0
1787615158.314665,08:45:58.314,7959,133.419,28.03,1011.46,14.912,0.0,0.0,0.0,-0.85,-0.91,5.24,-0.85,0.48,0.84,9.75,225.56,4.93,2.81,0,0,0,0.0,0.0,0.0
1787615158.314776,08:45:58.314,7960,133.429,28.03,1011.46,14.912,0.0,0.0,0.0,-0.24,8.68,2.41,-0.24,0.48,0.9,9.75,225.68,5.31,2.81,0,0,0,0.0,0.0,0.0
1787615158.314881,08:45:58.314,7961,133.439,28.03,1011.46,14.912,0.0,0.0,0.0,-0.24,8.68,2.41,-0.24,0.48,0.9,9.75,225.68,5.31,2.81,0,0,0,0.0,0.0,0.0
1787615158.314983,08:45:58.314,7962,133.449,28.03,1011.46,14.912,0.0,0.0,0.0,-0.24,8.68,2.41,-0.24,0.48,0.9,9.75,225.68,5.31,2.81,0,0,0,0.0,0.0,0.0
1787615158.315084,08:45:58.315,7963,133.459,28.03,1011.46,14.912,0.0,0.0,0.0,-0.24,8.68,2.41,-0.24,0.48,0.9,9.75,225.68,5.31,2.81,0,0,0,0.0,0.0,0.0
1787615158.315184,08:45:58.315,7964,133.469,28.03,1011.46,14.912,0.0,0.0,0.0,-0.24,8.68,2.41,-0.24,0.48,0.9,9.75,225.68,5.31,2.81,0,0,0,0.0,0.0,0.0
1787615158.315284,08:45:58.315,7965,133.479,28.03,1011.46,14.912,0.0,0.0,0.0,-0.24,8.68,2.41,-0.24,0.48,0.9,9.75,225.68,5.31,2.81,0,0,0,0.0,0.0,0.0
1787615158.315384,08:45:58.315,7966,133.489,28.03,1011.46,14.912,0.0,0.0,0.0,-0.24,8.68,2.41,-0.24,0.48,0.9,9.75,225.68,5.31,2.81,0,0,0,0.0,0.0,0.0
1787615158.416491,08:45:58.416,7967,133.499,28.03,1011.46,14.912,0.0,0.0,0.0,-0.24,8.68,2.41,-0.24,0.48,0.9,9.75,225.68,5.31,2.81,0,0,0,0.0,0.0,0.0
1787615158.416745,08:45:58.416,7968,133.509,28.03,1011.46,14.912,0.0,0.0,0.0,-0.24,8.68,2.41,-0.24,0.48,0.9,9.75,225.68,5.31,2.81,0,0,0,0.0,0.0,0.0
1787615158.416881,08:45:58.416,7969,133.519,28.03,1011.46,14.912,0.0,0.0,0.0,-0.24,8.68,2.41,-0.24,0.48,0.9,9.75,225.68,5.31,2.81,0,0,0,0.0,0.0,0.0
1787615158.417014,08:45:58.417,7970,133.529,28.03,1011.46,14.912,0.0,0.0,0.0,-0.43,-1.28,3.85,-0.43,0.5,0.96,9.74,225.87,5.62,2.93,0,0,0,0.0,0.0,0.0
1787615158.417166,08:45:58.417,7971,133.539,28.03,1011.46,14.912,0.0,0.0,0.0,-0.43,-1.28,3.85,-0.43,0.5,0.96,9.74,225.87,5.62,2.93,0,0,0,0.0,0.0,0.0
1787615158.417297,08:45:58.417,7972,133.549,28.03,1011.46,14.912,0.0,0.0,0.0,-0.43,-1.28,3.85,-0.43,0.5,0.96,9.74,225.87,5.62,2.93,0,0,0,0.0,0.0,0.0
1787615158.417427,08:45:58.417,7973,133.559,28.03,1011.46,14.912,0.0,0.0,0.0,-0.43,-1.28,3.85,-0.43,0.5,0.96,9.74,225.87,5.62,2.93,0,0,0,0.0,0.0,0.0
1787615158.417556,08:45:58.417,7974,133.569,27.99,1011.41,15.33,0.0,0.0,0.0,-0.43,-1.28,3.85,-0.43,0.5,0.96,9.74,225.87,5.62,2.93,0,0,0,0.0,0.0,0.0
1787615158.417685,08:45:58.417,7975,133.579,27.99,1011.41,15.33,0.0,0.0,0.0,-0.43,-1.28,3.85,-0.43,0.5,0.96,9.74,225.87,5.62,2.93,0,0,0,0.0,0.0,0.0
1787615158.417813,08:45:58.417,7976,133.589,27.99,1011.41,15.33,0.0,0.0,0.0,-0.43,-1.28,3.85,-0.43,0.5,0.96,9.74,225.87,5.62,2.93,0,0,0,0.0,0.0,0.0
1787615158.417941,08:45:58.417,7977,133.599,27.99,1011.41,15.33,0.0,0.0,0.0,-0.43,-1.28,3.85,-0.43,0.5,0.96,9.74,225.87,5.62,2.93,0,0,0,0.0,0.0,0.0
1787615158.418069,08:45:58.418,7978,133.609,27.99,1011.41,15.33,0.0,0.0,0.0,-0.43,-1.28,3.85,-0.43,0.5,0.96,9.74,225.87,5.62,2.93,0,0,0,0.0,0.0,0.0
1787615158.519392,08:45:58.519,7979,133.619,27.99,1011.41,15.33,0.0,0.0,0.0,-0.43,-1.28,3.85,-0.43,0.5,0.96,9.74,225.87,5.62,2.93,0,0,0,0.0,0.0,0.0
1787615158.519742,08:45:58.519,7980,133.629,27.99,1011.41,15.33,0.0,0.0,0.0,-0.04,6.18,-2.48,-0.04,0.52,0.89,9.75,226.12,5.31,3.06,0,0,0,0.0,0.0,0.0
1787615158.519893,08:45:58.519,7981,133.639,27.99,1011.41,15.33,0.0,0.0,0.0,-0.04,6.18,-2.48,-0.04,0.52,0.89,9.75,226.12,5.31,3.06,0,0,0,0.0,0.0,0.0
1787615158.520018,08:45:58.520,7982,133.649,27.99,1011.41,15.33,0.0,0.0,0.0,-0.04,6.18,-2.48,-0.04,0.52,0.89,9.75,226.12,5.31,3.06,0,0,0,0.0,0.0,0.0
1787615158.520141,08:45:58.520,7983,133.659,27.99,1011.41,15.33,0.0,0.0,0.0,-0.04,6.18,-2.48,-0.04,0.52,0.89,9.75,226.12,5.31,3.06,0,0,0,0.0,0.0,0.0
1787615158.520261,08:45:58.520,7984,133.669,27.99,1011.41,15.33,0.0,0.0,0.0,-0.04,6.18,-2.48,-0.04,0.52,0.89,9.75,226.12,5.31,3.06,0,0,0,0.0,0.0,0.0
1787615158.520382,08:45:58.520,7985,133.679,27.99,1011.41,15.33,0.0,0.0,0.0,-0.04,6.18,-2.48,-0.04,0.52,0.89,9.75,226.12,5.31,3.06,0,0,0,0.0,0.0,0.0
1787615158.520500,08:45:58.520,7986,133.689,27.99,1011.41,15.33,0.0,0.0,0.0,-0.04,6.18,-2.48,-0.04,0.52,0.89,9.75,226.12,5.31,3.06,0,0,0,0.0,0.0,0.0
1787615158.520620,08:45:58.520,7987,133.699,27.99,1011.41,15.33,0.0,0.0,0.0,-0.04,6.18,-2.48,-0.04,0.52,0.89,9.75,226.12,5.31,3.06,0,0,0,0.0,0.0,0.0
1787615158.520738,08:45:58.520,7988,133.709,27.99,1011.41,15.33,0.0,0.0,0.0,-0.04,6.18,-2.48,-0.04,0.52,0.89,9.75,226.12,5.31,3.06,0,0,0,0.0,0.0,0.0
1787615158.622024,08:45:58.622,7989,133.719,27.99,1011.41,15.33,0.0,0.0,0.0,-0.04,6.18,-2.48,-0.04,0.52,0.89,9.75,226.12,5.31,3.06,0,0,0,0.0,0.0,0.0
1787615158.622275,08:45:58.622,7990,133.729,27.99,1011.41,15.33,0.0,0.0,0.0,-0.25,3.11,-3.78,-0.25,0.55,0.76,9.76,225.87,4.56,3.18,0,0,0,0.0,0.0,0.0
1787615158.622419,08:45:58.622,7991,133.739,27.99,1011.41,15.33,0.0,0.0,0.0,-0.25,3.11,-3.78,-0.25,0.55,0.76,9.76,225.87,4.56,3.18,0,0,0,0.0,0.0,0.0
1787615158.622559,08:45:58.622,7992,133.749,27.99,1011.41,15.33,0.0,0.0,0.0,-0.25,3.11,-3.78,-0.25,0.55,0.76,9.76,225.87,4.56,3.18,0,0,0,0.0,0.0,0.0
1787615158.622697,08:45:58.622,7993,133.759,27.99,1011.41,15.33,0.0,0.0,0.0,-0.25,3.11,-3.78,-0.25,0.55,0.76,9.76,225.87,4.56,3.18,0,0,0,0.0,0.0,0.0
1787615158.622833,08:45:58.622,7994,133.769,28.0,1011.41,15.33,0.0,0.0,0.0,-0.25,3.11,-3.78,-0.25,0.55,0.76,9.76,225.87,4.56,3.18,0,0,0,0.0,0.0,0.0
1787615158.622971,08:45:58.622,7995,133.779,28.0,1011.41,15.33,0.0,0.0,0.0,-0.25,3.11,-3.78,-0.25,0.55,0.76,9.76,225.87,4.56,3.18,0,0,0,0.0,0.0,0.0
1787615158.623112,08:45:58.623,7996,133.789,28.0,1011.41,15.33,0.0,0.0,0.0,-0.25,3.11,-3.78,-0.25,0.55,0.76,9.76,225.87,4.56,3.18,0,0,0,0.0,0.0,0.0
1787615158.751642,08:45:58.751,7997,133.799,28.0,1011.41,15.33,0.0,0.0,0.0,-0.25,3.11,-3.78,-0.25,0.55,0.76,9.76,225.87,4.56,3.18,0,0,0,0.0,0.0,0.0
1787615158.752335,08:45:58.752,7998,133.809,28.0,1011.41,15.33,0.0,0.0,0.0,-0.25,3.11,-3.78,-0.25,0.55,0.76,9.76,225.87,4.56,3.18,0,0,0,0.0,0.0,0.0
1787615158.752653,08:45:58.752,7999,133.819,28.0,1011.41,15.33,0.0,0.0,0.0,-0.25,3.11,-3.78,-0.25,0.55,0.76,9.76,225.87,4.56,3.18,0,0,0,0.0,0.0,0.0
1787615158.752944,08:45:58.752,8000,133.829,28.0,1011.41,15.33,0.0,0.0,0.0,-0.91,-2.2,-2.75,-0.91,0.56,0.67,9.76,224.75,3.93,3.25,0,0,0,0.0,0.0,0.0
1787615158.753232,08:45:58.753,8001,133.839,28.0,1011.41,15.33,0.0,0.0,0.0,-0.91,-2.2,-2.75,-0.91,0.56,0.67,9.76,224.75,3.93,3.25,0,0,0,0.0,0.0,0.0
1787615158.753543,08:45:58.753,8002,133.849,28.0,1011.41,15.33,0.0,0.0,0.0,-0.91,-2.2,-2.75,-0.91,0.56,0.67,9.76,224.75,3.93,3.25,0,0,0,0.0,0.0,0.0
1787615158.753849,08:45:58.753,8003,133.859,28.0,1011.41,15.33,0.0,0.0,0.0,-0.91,-2.2,-2.75,-0.91,0.56,0.67,9.76,224.75,3.93,3.25,0,0,0,0.0,0.0,0.0
1787615158.754297,08:45:58.754,8004,133.869,28.0,1011.41,15.33,0.0,0.0,0.0,-0.91,-2.2,-2.75,-0.91,0.56,0.67,9.76,224.75,3.93,3.25,0,0,0,0.0,0.0,0.0
1787615158.754634,08:45:58.754,8005,133.879,28.0,1011.41,15.33,0.0,0.0,0.0,-0.91,-2.2,-2.75,-0.91,0.56,0.67,9.76,224.75,3.93,3.25,0,0,0,0.0,0.0,0.0
1787615158.755072,08:45:58.755,8006,133.889,28.0,1011.41,15.33,0.0,0.0,0.0,-0.91,-2.2,-2.75,-0.91,0.56,0.67,9.76,224.75,3.93,3.25,0,0,0,0.0,0.0,0.0
1787615158.755367,08:45:58.755,8007,133.899,28.0,1011.41,15.33,0.0,0.0,0.0,-0.91,-2.2,-2.75,-0.91,0.56,0.67,9.76,224.75,3.93,3.25,0,0,0,0.0,0.0,0.0
1787615158.755667,08:45:58.755,8008,133.909,28.0,1011.41,15.33,0.0,0.0,0.0,-0.91,-2.2,-2.75,-0.91,0.56,0.67,9.76,224.75,3.93,3.25,0,0,0,0.0,0.0,0.0
1787615158.755983,08:45:58.755,8009,133.919,28.0,1011.41,15.33,0.0,0.0,0.0,-0.91,-2.2,-2.75,-0.91,0.56,0.67,9.76,224.75,3.93,3.25,0,0,0,0.0,0.0,0.0
1787615158.756277,08:45:58.756,8010,133.929,28.0,1011.41,15.33,0.0,0.0,0.0,-0.14,2.12,1.26,-0.14,0.58,0.63,9.76,222.81,3.68,3.37,0,0,0,0.0,0.0,0.0
1787615158.756572,08:45:58.756,8011,133.939,28.0,1011.41,15.33,0.0,0.0,0.0,-0.14,2.12,1.26,-0.14,0.58,0.63,9.76,222.81,3.68,3.37,0,0,0,0.0,0.0,0.0
1787615158.756871,08:45:58.756,8012,133.949,28.0,1011.41,15.33,0.0,0.0,0.0,-0.14,2.12,1.26,-0.14,0.58,0.63,9.76,222.81,3.68,3.37,0,0,0,0.0,0.0,0.0
1787615158.858378,08:45:58.858,8013,133.959,28.0,1011.41,15.33,0.0,0.0,0.0,-0.14,2.12,1.26,-0.14,0.58,0.63,9.76,222.81,3.68,3.37,0,0,0,0.0,0.0,0.0
1787615158.858764,08:45:58.858,8014,133.969,27.99,1011.44,15.079,0.0,0.0,0.0,-0.14,2.12,1.26,-0.14,0.58,0.63,9.76,222.81,3.68,3.37,0,0,0,0.0,0.0,0.0
1787615158.858980,08:45:58.858,8015,133.979,27.99,1011.44,15.079,0.0,0.0,0.0,-0.14,2.12,1.26,-0.14,0.58,0.63,9.76,222.81,3.68,3.37,0,0,0,0.0,0.0,0.0
1787615158.859182,08:45:58.859,8016,133.989,27.99,1011.44,15.079,0.0,0.0,0.0,-0.14,2.12,1.26,-0.14,0.58,0.63,9.76,222.81,3.68,3.37,0,0,0,0.0,0.0,0.0
1787615158.859382,08:45:58.859,8017,133.999,27.99,1011.44,15.079,0.0,0.0,0.0,-0.14,2.12,1.26,-0.14,0.58,0.63,9.76,222.81,3.68,3.37,0,0,0,0.0,0.0,0.0
1787615158.859580,08:45:58.859,8018,134.009,27.99,1011.44,15.079,0.0,0.0,0.0,-0.14,2.12,1.26,-0.14,0.58,0.63,9.76,222.81,3.68,3.37,0,0,0,0.0,0.0,0.0
1787615158.859777,08:45:58.859,8019,134.019,27.99,1011.44,15.079,0.0,0.0,0.0,-0.14,2.12,1.26,-0.14,0.58,0.63,9.76,222.81,3.68,3.37,0,0,0,0.0,0.0,0.0
1787615158.859973,08:45:58.859,8020,134.029,27.99,1011.44,15.079,0.0,0.0,0.0,-0.33,5.58,-0.81,-0.33,0.61,0.56,9.77,220.43,3.31,3.5,0,0,0,0.0,0.0,0.0
1787615158.860172,08:45:58.860,8021,134.039,27.99,1011.44,15.079,0.0,0.0,0.0,-0.33,5.58,-0.81,-0.33,0.61,0.56,9.77,220.43,3.31,3.5,0,0,0,0.0,0.0,0.0
1787615158.860369,08:45:58.860,8022,134.049,27.99,1011.44,15.079,0.0,0.0,0.0,-0.33,5.58,-0.81,-0.33,0.61,0.56,9.77,220.43,3.31,3.5,0,0,0,0.0,0.0,0.0
1787615158.860544,08:45:58.860,8023,134.059,27.99,1011.44,15.079,0.0,0.0,0.0,-0.33,5.58,-0.81,-0.33,0.61,0.56,9.77,220.43,3.31,3.5,0,0,0,0.0,0.0,0.0
1787615158.961398,08:45:58.961,8024,134.069,27.99,1011.44,15.079,0.0,0.0,0.0,-0.33,5.58,-0.81,-0.33,0.61,0.56,9.77,220.43,3.31,3.5,0,0,0,0.0,0.0,0.0
1787615158.961882,08:45:58.961,8025,134.079,27.99,1011.44,15.079,0.0,0.0,0.0,-0.33,5.58,-0.81,-0.33,0.61,0.56,9.77,220.43,3.31,3.5,0,0,0,0.0,0.0,0.0
1787615158.962114,08:45:58.962,8026,134.089,27.99,1011.44,15.079,0.0,0.0,0.0,-0.33,5.58,-0.81,-0.33,0.61,0.56,9.77,220.43,3.31,3.5,0,0,0,0.0,0.0,0.0
1787615158.962312,08:45:58.962,8027,134.099,27.99,1011.44,15.079,0.0,0.0,0.0,-0.33,5.58,-0.81,-0.33,0.61,0.56,9.77,220.43,3.31,3.5,0,0,0,0.0,0.0,0.0
1787615158.962504,08:45:58.962,8028,134.109,27.99,1011.44,15.079,0.0,0.0,0.0,-0.33,5.58,-0.81,-0.33,0.61,0.56,9.77,220.43,3.31,3.5,0,0,0,0.0,0.0,0.0
1787615158.962692,08:45:58.962,8029,134.119,27.99,1011.44,15.079,0.0,0.0,0.0,-0.33,5.58,-0.81,-0.33,0.61,0.56,9.77,220.43,3.31,3.5,0,0,0,0.0,0.0,0.0
1787615158.962887,08:45:58.962,8030,134.129,27.99,1011.44,15.079,0.0,0.0,0.0,0.27,-1.95,-0.21,0.27,0.62,0.52,9.77,217.62,3.12,3.56,0,0,0,0.0,0.0,0.0
1787615158.963077,08:45:58.963,8031,134.139,27.99,1011.44,15.079,0.0,0.0,0.0,0.27,-1.95,-0.21,0.27,0.62,0.52,9.77,217.62,3.12,3.56,0,0,0,0.0,0.0,0.0
1787615158.963266,08:45:58.963,8032,134.149,27.99,1011.44,15.079,0.0,0.0,0.0,0.27,-1.95,-0.21,0.27,0.62,0.52,9.77,217.62,3.12,3.56,0,0,0,0.0,0.0,0.0
1787615158.963451,08:45:58.963,8033,134.159,27.99,1011.44,15.079,0.0,0.0,0.0,0.27,-1.95,-0.21,0.27,0.62,0.52,9.77,217.62,3.12,3.56,0,0,0,0.0,0.0,0.0
1787615159.064216,08:45:59.064,8034,134.169,27.98,1011.45,14.997,0.0,0.0,0.0,0.27,-1.95,-0.21,0.27,0.62,0.52,9.77,217.62,3.12,3.56,0,0,0,0.0,0.0,0.0
1787615159.064562,08:45:59.064,8035,134.179,27.98,1011.45,14.997,0.0,0.0,0.0,0.27,-1.95,-0.21,0.27,0.62,0.52,9.77,217.62,3.12,3.56,0,0,0,0.0,0.0,0.0
1787615159.064765,08:45:59.064,8036,134.189,27.98,1011.45,14.997,0.0,0.0,0.0,0.27,-1.95,-0.21,0.27,0.62,0.52,9.77,217.62,3.12,3.56,0,0,0,0.0,0.0,0.0
1787615159.064962,08:45:59.064,8037,134.199,27.98,1011.45,14.997,0.0,0.0,0.0,0.27,-1.95,-0.21,0.27,0.62,0.52,9.77,217.62,3.12,3.56,0,0,0,0.0,0.0,0.0
1787615159.065154,08:45:59.065,8038,134.209,27.98,1011.45,14.997,0.0,0.0,0.0,0.27,-1.95,-0.21,0.27,0.62,0.52,9.77,217.62,3.12,3.56,0,0,0,0.0,0.0,0.0
1787615159.065346,08:45:59.065,8039,134.219,27.98,1011.45,14.997,0.0,0.0,0.0,0.27,-1.95,-0.21,0.27,0.62,0.52,9.77,217.62,3.12,3.56,0,0,0,0.0,0.0,0.0
1787615159.065535,08:45:59.065,8040,134.229,27.98,1011.45,14.997,0.0,0.0,0.0,0.27,-1.95,-0.21,0.27,0.62,0.52,9.77,217.62,3.12,3.56,0,0,0,0.0,0.0,0.0
1787615159.065723,08:45:59.065,8041,134.239,27.98,1011.45,14.997,0.0,0.0,0.0,-1.27,0.82,2.79,-1.27,0.67,0.37,9.77,214.56,2.31,3.93,0,0,0,0.0,0.0,0.0
1787615159.065915,08:45:59.065,8042,134.249,27.98,1011.45,14.997,0.0,0.0,0.0,-1.27,0.82,2.79,-1.27,0.67,0.37,9.77,214.56,2.31,3.93,0,0,0,0.0,0.0,0.0
1787615159.166327,08:45:59.166,8043,134.259,27.98,1011.45,14.997,0.0,0.0,0.0,-1.27,0.82,2.79,-1.27,0.67,0.37,9.77,214.56,2.31,3.93,0,0,0,0.0,0.0,0.0
1787615159.166663,08:45:59.166,8044,134.269,27.98,1011.45,14.997,0.0,0.0,0.0,-1.27,0.82,2.79,-1.27,0.67,0.37,9.77,214.56,2.31,3.93,0,0,0,0.0,0.0,0.0
1787615159.166866,08:45:59.166,8045,134.279,27.98,1011.45,14.997,0.0,0.0,0.0,-1.27,0.82,2.79,-1.27,0.67,0.37,9.77,214.56,2.31,3.93,0,0,0,0.0,0.0,0.0
1787615159.167061,08:45:59.167,8046,134.289,27.98,1011.45,14.997,0.0,0.0,0.0,-1.27,0.82,2.79,-1.27,0.67,0.37,9.77,214.56,2.31,3.93,0,0,0,0.0,0.0,0.0
1787615159.167253,08:45:59.167,8047,134.299,27.98,1011.45,14.997,0.0,0.0,0.0,-1.27,0.82,2.79,-1.27,0.67,0.37,9.77,214.56,2.31,3.93,0,0,0,0.0,0.0,0.0
1787615159.167442,08:45:59.167,8048,134.309,27.98,1011.45,14.997,0.0,0.0,0.0,-1.27,0.82,2.79,-1.27,0.67,0.37,9.77,214.56,2.31,3.93,0,0,0,0.0,0.0,0.0
1787615159.167637,08:45:59.167,8049,134.319,27.98,1011.45,14.997,0.0,0.0,0.0,-1.27,0.82,2.79,-1.27,0.67,0.37,9.77,214.56,2.31,3.93,0,0,0,0.0,0.0,0.0
1787615159.167830,08:45:59.167,8050,134.329,27.98,1011.45,14.997,0.0,0.0,0.0,-1.27,0.82,2.79,-1.27,0.67,0.37,9.77,214.56,2.31,3.93,0,0,0,0.0,0.0,0.0
1787615159.269308,08:45:59.269,8051,134.339,27.98,1011.45,14.997,0.0,0.0,0.0,0.8,3.28,3.73,0.8,0.68,-0.18,9.78,211.12,-1.06,4.0,0,0,0,0.0,0.0,0.0
1787615159.270336,08:45:59.270,8052,134.349,27.98,1011.45,14.997,0.0,0.0,0.0,0.8,3.28,3.73,0.8,0.68,-0.18,9.78,211.12,-1.06,4.0,0,0,0,0.0,0.0,0.0
1787615159.270754,08:45:59.270,8053,134.359,27.98,1011.45,14.997,0.0,0.0,0.0,0.8,3.28,3.73,0.8,0.68,-0.18,9.78,211.12,-1.06,4.0,0,0,0,0.0,0.0,0.0
1787615159.271152,08:45:59.271,8054,134.369,27.95,1011.41,15.33,0.0,0.0,0.0,0.8,3.28,3.73,0.8,0.68,-0.18,9.78,211.12,-1.06,4.0,0,0,0,0.0,0.0,0.0
1787615159.271565,08:45:59.271,8055,134.379,27.95,1011.41,15.33,0.0,0.0,0.0,0.8,3.28,3.73,0.8,0.68,-0.18,9.78,211.12,-1.06,4.0,0,0,0,0.0,0.0,0.0
1787615159.272057,08:45:59.272,8056,134.389,27.95,1011.41,15.33,0.0,0.0,0.0,0.8,3.28,3.73,0.8,0.68,-0.18,9.78,211.12,-1.06,4.0,0,0,0,0.0,0.0,0.0
1787615159.272450,08:45:59.272,8057,134.399,27.95,1011.41,15.33,0.0,0.0,0.0,0.8,3.28,3.73,0.8,0.68,-0.18,9.78,211.12,-1.06,4.0,0,0,0,0.0,0.0,0.0
1787615159.272787,08:45:59.272,8058,134.409,27.95,1011.41,15.33,0.0,0.0,0.0,0.8,3.28,3.73,0.8,0.68,-0.18,9.78,211.12,-1.06,4.0,0,0,0,0.0,0.0,0.0
1787615159.273119,08:45:59.273,8059,134.419,27.95,1011.41,15.33,0.0,0.0,0.0,0.8,3.28,3.73,0.8,0.68,-0.18,9.78,211.12,-1.06,4.0,0,0,0,0.0,0.0,0.0
1787615159.273442,08:45:59.273,8060,134.429,27.95,1011.41,15.33,0.0,0.0,0.0,0.8,3.28,3.73,0.8,0.68,-0.18,9.78,211.12,-1.06,4.0,0,0,0,0.0,0.0,0.0
1787615159.273775,08:45:59.273,8061,134.439,27.95,1011.41,15.33,0.0,0.0,0.0,0.08,1.82,0.68,0.08,0.73,-0.76,9.74,207.37,-4.43,4.25,0,0,0,0.0,0.0,0.0
1787615159.274119,08:45:59.274,8062,134.449,27.95,1011.41,15.33,0.0,0.0,0.0,0.08,1.82,0.68,0.08,0.73,-0.76,9.74,207.37,-4.43,4.25,0,0,0,0.0,0.0,0.0
1787615159.274459,08:45:59.274,8063,134.459,27.95,1011.41,15.33,0.0,0.0,0.0,0.08,1.82,0.68,0.08,0.73,-0.76,9.74,207.37,-4.43,4.25,0,0,0,0.0,0.0,0.0
1787615159.376001,08:45:59.376,8064,134.469,27.95,1011.41,15.33,0.0,0.0,0.0,0.08,1.82,0.68,0.08,0.73,-0.76,9.74,207.37,-4.43,4.25,0,0,0,0.0,0.0,0.0
1787615159.376473,08:45:59.376,8065,134.479,27.95,1011.41,15.33,0.0,0.0,0.0,0.08,1.82,0.68,0.08,0.73,-0.76,9.74,207.37,-4.43,4.25,0,0,0,0.0,0.0,0.0
1787615159.376715,08:45:59.376,8066,134.489,27.95,1011.41,15.33,0.0,0.0,0.0,0.08,1.82,0.68,0.08,0.73,-0.76,9.74,207.37,-4.43,4.25,0,0,0,0.0,0.0,0.0
1787615159.376943,08:45:59.376,8067,134.499,27.95,1011.41,15.33,0.0,0.0,0.0,0.08,1.82,0.68,0.08,0.73,-0.76,9.74,207.37,-4.43,4.25,0,0,0,0.0,0.0,0.0
1787615159.377168,08:45:59.377,8068,134.509,27.95,1011.41,15.33,0.0,0.0,0.0,0.08,1.82,0.68,0.08,0.73,-0.76,9.74,207.37,-4.43,4.25,0,0,0,0.0,0.0,0.0
1787615159.377394,08:45:59.377,8069,134.519,27.95,1011.41,15.33,0.0,0.0,0.0,0.08,1.82,0.68,0.08,0.73,-0.76,9.74,207.37,-4.43,4.25,0,0,0,0.0,0.0,0.0
1787615159.377617,08:45:59.377,8070,134.529,27.95,1011.41,15.33,0.0,0.0,0.0,0.07,2.27,1.04,0.07,0.74,-1.13,9.71,203.25,-6.62,4.31,0,0,0,0.0,0.0,0.0
1787615159.377845,08:45:59.377,8071,134.539,27.95,1011.41,15.33,0.0,0.0,0.0,0.07,2.27,1.04,0.07,0.74,-1.13,9.71,203.25,-6.62,4.31,0,0,0,0.0,0.0,0.0
1787615159.378063,08:45:59.378,8072,134.549,27.95,1011.41,15.33,0.0,0.0,0.0,0.07,2.27,1.04,0.07,0.74,-1.13,9.71,203.25,-6.62,4.31,0,0,0,0.0,0.0,0.0
1787615159.378285,08:45:59.378,8073,134.559,27.95,1011.41,15.33,0.0,0.0,0.0,0.07,2.27,1.04,0.07,0.74,-1.13,9.71,203.25,-6.62,4.31,0,0,0,0.0,0.0,0.0
1787615159.378513,08:45:59.378,8074,134.569,27.93,1011.4,15.412,0.0,0.0,0.0,0.07,2.27,1.04,0.07,0.74,-1.13,9.71,203.25,-6.62,4.31,0,0,0,0.0,0.0,0.0
1787615159.479109,08:45:59.479,8075,134.579,27.93,1011.4,15.412,0.0,0.0,0.0,0.07,2.27,1.04,0.07,0.74,-1.13,9.71,203.25,-6.62,4.31,0,0,0,0.0,0.0,0.0
1787615159.480006,08:45:59.480,8076,134.589,27.93,1011.4,15.412,0.0,0.0,0.0,0.07,2.27,1.04,0.07,0.74,-1.13,9.71,203.25,-6.62,4.31,0,0,0,0.0,0.0,0.0
1787615159.480374,08:45:59.480,8077,134.599,27.93,1011.4,15.412,0.0,0.0,0.0,0.07,2.27,1.04,0.07,0.74,-1.13,9.71,203.25,-6.62,4.31,0,0,0,0.0,0.0,0.0
1787615159.480715,08:45:59.480,8078,134.609,27.93,1011.4,15.412,0.0,0.0,0.0,0.07,2.27,1.04,0.07,0.74,-1.13,9.71,203.25,-6.62,4.31,0,0,0,0.0,0.0,0.0
1787615159.481045,08:45:59.481,8079,134.619,27.93,1011.4,15.412,0.0,0.0,0.0,0.07,2.27,1.04,0.07,0.74,-1.13,9.71,203.25,-6.62,4.31,0,0,0,0.0,0.0,0.0
1787615159.481383,08:45:59.481,8080,134.629,27.93,1011.4,15.412,0.0,0.0,0.0,0.14,4.24,3.41,0.14,0.73,-1.31,9.69,198.81,-7.68,4.25,0,0,0,0.0,0.0,0.0
1787615159.481710,08:45:59.481,8081,134.639,27.93,1011.4,15.412,0.0,0.0,0.0,0.14,4.24,3.41,0.14,0.73,-1.31,9.69,198.81,-7.68,4.25,0,0,0,0.0,0.0,0.0
1787615159.482034,08:45:59.482,8082,134.649,27.93,1011.4,15.412,0.0,0.0,0.0,0.14,4.24,3.41,0.14,0.73,-1.31,9.69,198.81,-7.68,4.25,0,0,0,0.0,0.0,0.0
1787615159.482378,08:45:59.482,8083,134.659,27.93,1011.4,15.412,0.0,0.0,0.0,0.14,4.24,3.41,0.14,0.73,-1.31,9.69,198.81,-7.68,4.25,0,0,0,0.0,0.0,0.0
1787615159.482722,08:45:59.482,8084,134.669,27.93,1011.4,15.412,0.0,0.0,0.0,0.14,4.24,3.41,0.14,0.73,-1.31,9.69,198.81,-7.68,4.25,0,0,0,0.0,0.0,0.0
1787615159.583635,08:45:59.583,8085,134.679,27.93,1011.4,15.412,0.0,0.0,0.0,0.14,4.24,3.41,0.14,0.73,-1.31,9.69,198.81,-7.68,4.25,0,0,0,0.0,0.0,0.0
1787615159.584989,08:45:59.584,8086,134.689,27.93,1011.4,15.412,0.0,0.0,0.0,0.14,4.24,3.41,0.14,0.73,-1.31,9.69,198.81,-7.68,4.25,0,0,0,0.0,0.0,0.0
1787615159.585668,08:45:59.585,8087,134.699,27.93,1011.4,15.412,0.0,0.0,0.0,0.14,4.24,3.41,0.14,0.73,-1.31,9.69,198.81,-7.68,4.25,0,0,0,0.0,0.0,0.0
1787615159.586240,08:45:59.586,8088,134.709,27.93,1011.4,15.412,0.0,0.0,0.0,0.14,4.24,3.41,0.14,0.73,-1.31,9.69,198.81,-7.68,4.25,0,0,0,0.0,0.0,0.0
1787615159.586574,08:45:59.586,8089,134.719,27.93,1011.4,15.412,0.0,0.0,0.0,0.14,4.24,3.41,0.14,0.73,-1.31,9.69,198.81,-7.68,4.25,0,0,0,0.0,0.0,0.0
1787615159.586900,08:45:59.586,8090,134.729,27.93,1011.4,15.412,0.0,0.0,0.0,0.1,4.8,6.13,0.1,0.74,-1.45,9.66,193.93,-8.5,4.31,0,0,0,0.0,0.0,0.0
1787615159.587224,08:45:59.587,8091,134.739,27.93,1011.4,15.412,0.0,0.0,0.0,0.1,4.8,6.13,0.1,0.74,-1.45,9.66,193.93,-8.5,4.31,0,0,0,0.0,0.0,0.0
1787615159.587571,08:45:59.587,8092,134.749,27.93,1011.4,15.412,0.0,0.0,0.0,0.1,4.8,6.13,0.1,0.74,-1.45,9.66,193.93,-8.5,4.31,0,0,0,0.0,0.0,0.0
1787615159.587952,08:45:59.587,8093,134.759,27.93,1011.4,15.412,0.0,0.0,0.0,0.1,4.8,6.13,0.1,0.74,-1.45,9.66,193.93,-8.5,4.31,0,0,0,0.0,0.0,0.0
1787615159.588272,08:45:59.588,8094,134.769,27.9,1011.39,15.496,0.0,0.0,0.0,0.1,4.8,6.13,0.1,0.74,-1.45,9.66,193.93,-8.5,4.31,0,0,0,0.0,0.0,0.0
1787615159.588576,08:45:59.588,8095,134.779,27.9,1011.39,15.496,0.0,0.0,0.0,0.1,4.8,6.13,0.1,0.74,-1.45,9.66,193.93,-8.5,4.31,0,0,0,0.0,0.0,0.0
1787615159.689645,08:45:59.689,8096,134.789,27.9,1011.39,15.496,0.0,0.0,0.0,0.1,4.8,6.13,0.1,0.74,-1.45,9.66,193.93,-8.5,4.31,0,0,0,0.0,0.0,0.0
1787615159.691039,08:45:59.691,8097,134.799,27.9,1011.39,15.496,0.0,0.0,0.0,0.1,4.8,6.13,0.1,0.74,-1.45,9.66,193.93,-8.5,4.31,0,0,0,0.0,0.0,0.0
1787615159.691631,08:45:59.691,8098,134.809,27.9,1011.39,15.496,0.0,0.0,0.0,0.1,4.8,6.13,0.1,0.74,-1.45,9.66,193.93,-8.5,4.31,0,0,0,0.0,0.0,0.0
1787615159.692065,08:45:59.692,8099,134.819,27.9,1011.39,15.496,0.0,0.0,0.0,0.1,4.8,6.13,0.1,0.74,-1.45,9.66,193.93,-8.5,4.31,0,0,0,0.0,0.0,0.0
1787615159.692474,08:45:59.692,8100,134.829,27.9,1011.39,15.496,0.0,0.0,0.0,0.43,3.91,9.74,0.43,0.71,-1.74,9.62,188.81,-10.25,4.12,0,0,0,0.0,0.0,0.0
1787615159.692893,08:45:59.692,8101,134.839,27.9,1011.39,15.496,0.0,0.0,0.0,0.43,3.91,9.74,0.43,0.71,-1.74,9.62,188.81,-10.25,4.12,0,0,0,0.0,0.0,0.0
1787615159.693328,08:45:59.693,8102,134.849,27.9,1011.39,15.496,0.0,0.0,0.0,0.43,3.91,9.74,0.43,0.71,-1.74,9.62,188.81,-10.25,4.12,0,0,0,0.0,0.0,0.0
1787615159.693678,08:45:59.693,8103,134.859,27.9,1011.39,15.496,0.0,0.0,0.0,0.43,3.91,9.74,0.43,0.71,-1.74,9.62,188.81,-10.25,4.12,0,0,0,0.0,0.0,0.0
1787615159.694019,08:45:59.694,8104,134.869,27.9,1011.39,15.496,0.0,0.0,0.0,0.43,3.91,9.74,0.43,0.71,-1.74,9.62,188.81,-10.25,4.12,0,0,0,0.0,0.0,0.0
1787615159.694345,08:45:59.694,8105,134.879,27.9,1011.39,15.496,0.0,0.0,0.0,0.43,3.91,9.74,0.43,0.71,-1.74,9.62,188.81,-10.25,4.12,0,0,0,0.0,0.0,0.0
1787615159.795304,08:45:59.795,8106,134.889,27.9,1011.39,15.496,0.0,0.0,0.0,0.43,3.91,9.74,0.43,0.71,-1.74,9.62,188.81,-10.25,4.12,0,0,0,0.0,0.0,0.0
1787615159.795773,08:45:59.795,8107,134.899,27.9,1011.39,15.496,0.0,0.0,0.0,0.43,3.91,9.74,0.43,0.71,-1.74,9.62,188.81,-10.25,4.12,0,0,0,0.0,0.0,0.0
1787615159.796017,08:45:59.796,8108,134.909,27.9,1011.39,15.496,0.0,0.0,0.0,0.43,3.91,9.74,0.43,0.71,-1.74,9.62,188.81,-10.25,4.12,0,0,0,0.0,0.0,0.0
1787615159.796251,08:45:59.796,8109,134.919,27.9,1011.39,15.496,0.0,0.0,0.0,0.43,3.91,9.74,0.43,0.71,-1.74,9.62,188.81,-10.25,4.12,0,0,0,0.0,0.0,0.0
1787615159.796483,08:45:59.796,8110,134.929,27.9,1011.39,15.496,0.0,0.0,0.0,1.41,3.16,7.66,1.41,0.57,-2.19,9.54,183.37,-12.87,3.31,0,0,0,0.0,0.0,0.0
1787615159.796707,08:45:59.796,8111,134.939,27.9,1011.39,15.496,0.0,0.0,0.0,1.41,3.16,7.66,1.41,0.57,-2.19,9.54,183.37,-12.87,3.31,0,0,0,0.0,0.0,0.0
1787615159.796934,08:45:59.796,8112,134.949,27.9,1011.39,15.496,0.0,0.0,0.0,1.41,3.16,7.66,1.41,0.57,-2.19,9.54,183.37,-12.87,3.31,0,0,0,0.0,0.0,0.0
1787615159.797160,08:45:59.797,8113,134.959,27.9,1011.39,15.496,0.0,0.0,0.0,1.41,3.16,7.66,1.41,0.57,-2.19,9.54,183.37,-12.87,3.31,0,0,0,0.0,0.0,0.0
1787615159.797392,08:45:59.797,8114,134.969,27.85,1011.33,15.996,0.0,0.0,0.0,1.41,3.16,7.66,1.41,0.57,-2.19,9.54,183.37,-12.87,3.31,0,0,0,0.0,0.0,0.0
1787615159.797617,08:45:59.797,8115,134.979,27.85,1011.33,15.996,0.0,0.0,0.0,1.41,3.16,7.66,1.41,0.57,-2.19,9.54,183.37,-12.87,3.31,0,0,0,0.0,0.0,0.0
1787615159.899201,08:45:59.899,8116,134.989,27.85,1011.33,15.996,0.0,0.0,0.0,1.41,3.16,7.66,1.41,0.57,-2.19,9.54,183.37,-12.87,3.31,0,0,0,0.0,0.0,0.0
1787615159.900445,08:45:59.900,8117,134.999,27.85,1011.33,15.996,0.0,0.0,0.0,1.41,3.16,7.66,1.41,0.57,-2.19,9.54,183.37,-12.87,3.31,0,0,0,0.0,0.0,0.0
1787615159.901081,08:45:59.901,8118,135.009,27.85,1011.33,15.996,0.0,0.0,0.0,1.41,3.16,7.66,1.41,0.57,-2.19,9.54,183.37,-12.87,3.31,0,0,0,0.0,0.0,0.0
1787615159.901471,08:45:59.901,8119,135.019,27.85,1011.33,15.996,0.0,0.0,0.0,1.41,3.16,7.66,1.41,0.57,-2.19,9.54,183.37,-12.87,3.31,0,0,0,0.0,0.0,0.0
1787615159.901855,08:45:59.901,8120,135.029,27.85,1011.33,15.996,0.0,0.0,0.0,1.14,3.17,9.44,1.14,0.48,-2.46,9.48,177.93,-14.5,2.81,0,0,0,0.0,0.0,0.0
1787615159.902240,08:45:59.902,8121,135.039,27.85,1011.33,15.996,0.0,0.0,0.0,1.14,3.17,9.44,1.14,0.48,-2.46,9.48,177.93,-14.5,2.81,0,0,0,0.0,0.0,0.0
1787615159.902636,08:45:59.902,8122,135.049,27.85,1011.33,15.996,0.0,0.0,0.0,1.14,3.17,9.44,1.14,0.48,-2.46,9.48,177.93,-14.5,2.81,0,0,0,0.0,0.0,0.0
1787615159.903135,08:45:59.903,8123,135.059,27.85,1011.33,15.996,0.0,0.0,0.0,1.14,3.17,9.44,1.14,0.48,-2.46,9.48,177.93,-14.5,2.81,0,0,0,0.0,0.0,0.0
1787615159.903392,08:45:59.903,8124,135.069,27.85,1011.33,15.996,0.0,0.0,0.0,1.14,3.17,9.44,1.14,0.48,-2.46,9.48,177.93,-14.5,2.81,0,0,0,0.0,0.0,0.0
1787615159.903598,08:45:59.903,8125,135.079,27.85,1011.33,15.996,0.0,0.0,0.0,1.14,3.17,9.44,1.14,0.48,-2.46,9.48,177.93,-14.5,2.81,0,0,0,0.0,0.0,0.0
1787615159.903796,08:45:59.903,8126,135.089,27.85,1011.33,15.996,0.0,0.0,0.0,1.14,3.17,9.44,1.14,0.48,-2.46,9.48,177.93,-14.5,2.81,0,0,0,0.0,0.0,0.0
1787615160.004451,08:46:00.004,8127,135.099,27.85,1011.33,15.996,0.0,0.0,0.0,1.14,3.17,9.44,1.14,0.48,-2.46,9.48,177.93,-14.5,2.81,0,0,0,0.0,0.0,0.0
1787615160.005064,08:46:00.005,8128,135.109,27.85,1011.33,15.996,0.0,0.0,0.0,1.14,3.17,9.44,1.14,0.48,-2.46,9.48,177.93,-14.5,2.81,0,0,0,0.0,0.0,0.0
1787615160.005308,08:46:00.005,8129,135.119,27.85,1011.33,15.996,0.0,0.0,0.0,1.14,3.17,9.44,1.14,0.48,-2.46,9.48,177.93,-14.5,2.81,0,0,0,0.0,0.0,0.0
1787615160.005508,08:46:00.005,8130,135.129,27.85,1011.33,15.996,0.0,0.0,0.0,1.19,4.86,9.09,1.19,0.37,-2.7,9.41,172.37,-16.0,2.12,0,0,0,0.0,0.0,0.0
1787615160.005703,08:46:00.005,8131,135.139,27.85,1011.33,15.996,0.0,0.0,0.0,1.19,4.86,9.09,1.19,0.37,-2.7,9.41,172.37,-16.0,2.12,0,0,0,0.0,0.0,0.0
1787615160.005894,08:46:00.005,8132,135.149,27.85,1011.33,15.996,0.0,0.0,0.0,1.19,4.86,9.09,1.19,0.37,-2.7,9.41,172.37,-16.0,2.12,0,0,0,0.0,0.0,0.0
1787615160.006084,08:46:00.006,8133,135.159,27.85,1011.33,15.996,0.0,0.0,0.0,1.19,4.86,9.09,1.19,0.37,-2.7,9.41,172.37,-16.0,2.12,0,0,0,0.0,0.0,0.0
1787615160.006272,08:46:00.006,8134,135.169,27.85,1011.41,15.33,0.0,0.0,0.0,1.19,4.86,9.09,1.19,0.37,-2.7,9.41,172.37,-16.0,2.12,0,0,0,0.0,0.0,0.0
1787615160.006465,08:46:00.006,8135,135.179,27.85,1011.41,15.33,0.0,0.0,0.0,1.19,4.86,9.09,1.19,0.37,-2.7,9.41,172.37,-16.0,2.12,0,0,0,0.0,0.0,0.0
1787615160.006652,08:46:00.006,8136,135.189,27.85,1011.41,15.33,0.0,0.0,0.0,1.19,4.86,9.09,1.19,0.37,-2.7,9.41,172.37,-16.0,2.12,0,0,0,0.0,0.0,0.0
1787615160.006839,08:46:00.006,8137,135.199,27.85,1011.41,15.33,0.0,0.0,0.0,1.19,4.86,9.09,1.19,0.37,-2.7,9.41,172.37,-16.0,2.12,0,0,0,0.0,0.0,0.0
1787615160.108369,08:46:00.108,8138,135.209,27.85,1011.41,15.33,0.0,0.0,0.0,1.19,4.86,9.09,1.19,0.37,-2.7,9.41,172.37,-16.0,2.12,0,0,0,0.0,0.0,0.0
1787615160.108766,08:46:00.108,8139,135.219,27.85,1011.41,15.33,0.0,0.0,0.0,1.19,4.86,9.09,1.19,0.37,-2.7,9.41,172.37,-16.0,2.12,0,0,0,0.0,0.0,0.0
1787615160.108974,08:46:00.108,8140,135.229,27.85,1011.41,15.33,0.0,0.0,0.0,0.23,5.13,6.01,0.23,0.33,-2.83,9.38,166.68,-16.81,1.93,0,0,0,0.0,0.0,0.0
1787615160.109178,08:46:00.109,8141,135.239,27.85,1011.41,15.33,0.0,0.0,0.0,0.23,5.13,6.01,0.23,0.33,-2.83,9.38,166.68,-16.81,1.93,0,0,0,0.0,0.0,0.0
1787615160.109387,08:46:00.109,8142,135.249,27.85,1011.41,15.33,0.0,0.0,0.0,0.23,5.13,6.01,0.23,0.33,-2.83,9.38,166.68,-16.81,1.93,0,0,0,0.0,0.0,0.0
1787615160.109588,08:46:00.109,8143,135.259,27.85,1011.41,15.33,0.0,0.0,0.0,0.23,5.13,6.01,0.23,0.33,-2.83,9.38,166.68,-16.81,1.93,0,0,0,0.0,0.0,0.0
1787615160.109782,08:46:00.109,8144,135.269,27.85,1011.41,15.33,0.0,0.0,0.0,0.23,5.13,6.01,0.23,0.33,-2.83,9.38,166.68,-16.81,1.93,0,0,0,0.0,0.0,0.0
1787615160.109972,08:46:00.109,8145,135.279,27.85,1011.41,15.33,0.0,0.0,0.0,0.23,5.13,6.01,0.23,0.33,-2.83,9.38,166.68,-16.81,1.93,0,0,0,0.0,0.0,0.0
1787615160.110160,08:46:00.110,8146,135.289,27.85,1011.41,15.33,0.0,0.0,0.0,0.23,5.13,6.01,0.23,0.33,-2.83,9.38,166.68,-16.81,1.93,0,0,0,0.0,0.0,0.0
1787615160.110353,08:46:00.110,8147,135.299,27.85,1011.41,15.33,0.0,0.0,0.0,0.23,5.13,6.01,0.23,0.33,-2.83,9.38,166.68,-16.81,1.93,0,0,0,0.0,0.0,0.0
1787615160.211051,08:46:00.211,8148,135.309,27.85,1011.41,15.33,0.0,0.0,0.0,0.23,5.13,6.01,0.23,0.33,-2.83,9.38,166.68,-16.81,1.93,0,0,0,0.0,0.0,0.0
1787615160.211602,08:46:00.211,8149,135.319,27.85,1011.41,15.33,0.0,0.0,0.0,0.23,5.13,6.01,0.23,0.33,-2.83,9.38,166.68,-16.81,1.93,0,0,0,0.0,0.0,0.0
1787615160.211820,08:46:00.211,8150,135.329,27.85,1011.41,15.33,0.0,0.0,0.0,0.34,3.78,8.08,0.34,0.26,-3.01,9.32,161.56,-17.75,1.56,0,0,0,0.0,0.0,0.0
1787615160.212022,08:46:00.212,8151,135.339,27.85,1011.41,15.33,0.0,0.0,0.0,0.34,3.78,8.08,0.34,0.26,-3.01,9.32,161.56,-17.75,1.56,0,0,0,0.0,0.0,0.0
1787615160.212220,08:46:00.212,8152,135.349,27.85,1011.41,15.33,0.0,0.0,0.0,0.34,3.78,8.08,0.34,0.26,-3.01,9.32,161.56,-17.75,1.56,0,0,0,0.0,0.0,0.0
1787615160.212415,08:46:00.212,8153,135.359,27.85,1011.41,15.33,0.0,0.0,0.0,0.34,3.78,8.08,0.34,0.26,-3.01,9.32,161.56,-17.75,1.56,0,0,0,0.0,0.0,0.0
1787615160.212608,08:46:00.212,8154,135.369,27.83,1011.4,15.412,0.0,0.0,0.0,0.34,3.78,8.08,0.34,0.26,-3.01,9.32,161.56,-17.75,1.56,0,0,0,0.0,0.0,0.0
1787615160.212802,08:46:00.212,8155,135.379,27.83,1011.4,15.412,0.0,0.0,0.0,0.34,3.78,8.08,0.34,0.26,-3.01,9.32,161.56,-17.75,1.56,0,0,0,0.0,0.0,0.0
1787615160.213083,08:46:00.213,8156,135.389,27.83,1011.4,15.412,0.0,0.0,0.0,0.34,3.78,8.08,0.34,0.26,-3.01,9.32,161.56,-17.75,1.56,0,0,0,0.0,0.0,0.0
1787615160.213277,08:46:00.213,8157,135.399,27.83,1011.4,15.412,0.0,0.0,0.0,0.34,3.78,8.08,0.34,0.26,-3.01,9.32,161.56,-17.75,1.56,0,0,0,0.0,0.0,0.0
1787615160.213471,08:46:00.213,8158,135.409,27.83,1011.4,15.412,0.0,0.0,0.0,0.34,3.78,8.08,0.34,0.26,-3.01,9.32,161.56,-17.75,1.56,0,0,0,0.0,0.0,0.0
1787615160.314333,08:46:00.314,8159,135.419,27.83,1011.4,15.412,0.0,0.0,0.0,0.34,3.78,8.08,0.34,0.26,-3.01,9.32,161.56,-17.75,1.56,0,0,0,0.0,0.0,0.0
1787615160.314785,08:46:00.314,8160,135.429,27.83,1011.4,15.412,0.0,0.0,0.0,1.78,0.13,6.09,1.78,0.33,-3.08,9.3,157.12,-18.25,1.93,0,0,0,0.0,0.0,0.0
1787615160.314988,08:46:00.314,8161,135.439,27.83,1011.4,15.412,0.0,0.0,0.0,1.78,0.13,6.09,1.78,0.33,-3.08,9.3,157.12,-18.25,1.93,0,0,0,0.0,0.0,0.0
1787615160.315191,08:46:00.315,8162,135.449,27.83,1011.4,15.412,0.0,0.0,0.0,1.78,0.13,6.09,1.78,0.33,-3.08,9.3,157.12,-18.25,1.93,0,0,0,0.0,0.0,0.0
1787615160.315383,08:46:00.315,8163,135.459,27.83,1011.4,15.412,0.0,0.0,0.0,1.78,0.13,6.09,1.78,0.33,-3.08,9.3,157.12,-18.25,1.93,0,0,0,0.0,0.0,0.0
1787615160.315576,08:46:00.315,8164,135.469,27.83,1011.4,15.412,0.0,0.0,0.0,1.78,0.13,6.09,1.78,0.33,-3.08,9.3,157.12,-18.25,1.93,0,0,0,0.0,0.0,0.0
1787615160.315769,08:46:00.315,8165,135.479,27.83,1011.4,15.412,0.0,0.0,0.0,1.78,0.13,6.09,1.78,0.33,-3.08,9.3,157.12,-18.25,1.93,0,0,0,0.0,0.0,0.0
1787615160.315967,08:46:00.315,8166,135.489,27.83,1011.4,15.412,0.0,0.0,0.0,1.78,0.13,6.09,1.78,0.33,-3.08,9.3,157.12,-18.25,1.93,0,0,0,0.0,0.0,0.0
1787615160.316161,08:46:00.316,8167,135.499,27.83,1011.4,15.412,0.0,0.0,0.0,1.78,0.13,6.09,1.78,0.33,-3.08,9.3,157.12,-18.25,1.93,0,0,0,0.0,0.0,0.0
1787615160.316355,08:46:00.316,8168,135.509,27.83,1011.4,15.412,0.0,0.0,0.0,1.78,0.13,6.09,1.78,0.33,-3.08,9.3,157.12,-18.25,1.93,0,0,0,0.0,0.0,0.0
1787615160.416749,08:46:00.416,8169,135.519,27.83,1011.4,15.412,0.0,0.0,0.0,1.78,0.13,6.09,1.78,0.33,-3.08,9.3,157.12,-18.25,1.93,0,0,0,0.0,0.0,0.0
1787615160.417061,08:46:00.417,8170,135.529,27.83,1011.4,15.412,0.0,0.0,0.0,0.18,0.46,5.95,0.18,0.49,-2.67,9.42,155.18,-16.31,2.81,0,0,0,0.0,0.0,0.0
1787615160.417241,08:46:00.417,8171,135.539,27.83,1011.4,15.412,0.0,0.0,0.0,0.18,0.46,5.95,0.18,0.49,-2.67,9.42,155.18,-16.31,2.81,0,0,0,0.0,0.0,0.0
1787615160.417418,08:46:00.417,8172,135.549,27.83,1011.4,15.412,0.0,0.0,0.0,0.18,0.46,5.95,0.18,0.49,-2.67,9.42,155.18,-16.31,2.81,0,0,0,0.0,0.0,0.0
1787615160.417598,08:46:00.417,8173,135.559,27.83,1011.4,15.412,0.0,0.0,0.0,0.18,0.46,5.95,0.18,0.49,-2.67,9.42,155.18,-16.31,2.81,0,0,0,0.0,0.0,0.0
1787615160.417780,08:46:00.417,8174,135.569,27.79,1011.4,15.412,0.0,0.0,0.0,0.18,0.46,5.95,0.18,0.49,-2.67,9.42,155.18,-16.31,2.81,0,0,0,0.0,0.0,0.0
1787615160.417962,08:46:00.417,8175,135.579,27.79,1011.4,15.412,0.0,0.0,0.0,0.18,0.46,5.95,0.18,0.49,-2.67,9.42,155.18,-16.31,2.81,0,0,0,0.0,0.0,0.0
1787615160.418131,08:46:00.418,8176,135.589,27.79,1011.4,15.412,0.0,0.0,0.0,0.18,0.46,5.95,0.18,0.49,-2.67,9.42,155.18,-16.31,2.81,0,0,0,0.0,0.0,0.0
1787615160.418300,08:46:00.418,8177,135.599,27.79,1011.4,15.412,0.0,0.0,0.0,0.18,0.46,5.95,0.18,0.49,-2.67,9.42,155.18,-16.31,2.81,0,0,0,0.0,0.0,0.0
1787615160.418469,08:46:00.418,8178,135.609,27.79,1011.4,15.412,0.0,0.0,0.0,0.18,0.46,5.95,0.18,0.49,-2.67,9.42,155.18,-16.31,2.81,0,0,0,0.0,0.0,0.0
1787615160.418642,08:46:00.418,8179,135.619,27.79,1011.4,15.412,0.0,0.0,0.0,0.18,0.46,5.95,0.18,0.49,-2.67,9.42,155.18,-16.31,2.81,0,0,0,0.0,0.0,0.0
1787615160.519671,08:46:00.519,8180,135.629,27.79,1011.4,15.412,0.0,0.0,0.0,0.37,2.64,4.67,0.37,0.56,-1.75,9.63,155.31,-10.87,3.18,0,0,0,0.0,0.0,0.0
1787615160.520116,08:46:00.520,8181,135.639,27.79,1011.4,15.412,0.0,0.0,0.0,0.37,2.64,4.67,0.37,0.56,-1.75,9.63,155.31,-10.87,3.18,0,0,0,0.0,0.0,0.0
1787615160.520306,08:46:00.520,8182,135.649,27.79,1011.4,15.412,0.0,0.0,0.0,0.37,2.64,4.67,0.37,0.56,-1.75,9.63,155.31,-10.87,3.18,0,0,0,0.0,0.0,0.0
1787615160.520512,08:46:00.520,8183,135.659,27.79,1011.4,15.412,0.0,0.0,0.0,0.37,2.64,4.67,0.37,0.56,-1.75,9.63,155.31,-10.87,3.18,0,0,0,0.0,0.0,0.0
1787615160.520772,08:46:00.520,8184,135.669,27.79,1011.4,15.412,0.0,0.0,0.0,0.37,2.64,4.67,0.37,0.56,-1.75,9.63,155.31,-10.87,3.18,0,0,0,0.0,0.0,0.0
1787615160.520969,08:46:00.520,8185,135.679,27.79,1011.4,15.412,0.0,0.0,0.0,0.37,2.64,4.67,0.37,0.56,-1.75,9.63,155.31,-10.87,3.18,0,0,0,0.0,0.0,0.0
1787615160.521240,08:46:00.521,8186,135.689,27.79,1011.4,15.412,0.0,0.0,0.0,0.37,2.64,4.67,0.37,0.56,-1.75,9.63,155.31,-10.87,3.18,0,0,0,0.0,0.0,0.0
1787615160.521425,08:46:00.521,8187,135.699,27.79,1011.4,15.412,0.0,0.0,0.0,0.37,2.64,4.67,0.37,0.56,-1.75,9.63,155.31,-10.87,3.18,0,0,0,0.0,0.0,0.0
1787615160.521600,08:46:00.521,8188,135.709,27.79,1011.4,15.412,0.0,0.0,0.0,0.37,2.64,4.67,0.37,0.56,-1.75,9.63,155.31,-10.87,3.18,0,0,0,0.0,0.0,0.0
1787615160.521775,08:46:00.521,8189,135.719,27.79,1011.4,15.412,0.0,0.0,0.0,0.37,2.64,4.67,0.37,0.56,-1.75,9.63,155.31,-10.87,3.18,0,0,0,0.0,0.0,0.0
1787615160.622882,08:46:00.622,8190,135.729,27.79,1011.4,15.412,0.0,0.0,0.0,-0.31,0.57,1.67,-0.31,0.78,-0.28,9.77,157.18,-2.62,4.5,0,0,0,0.0,0.0,0.0
1787615160.623289,08:46:00.623,8191,135.739,27.79,1011.4,15.412,0.0,0.0,0.0,-0.31,0.57,1.67,-0.31,0.78,-0.28,9.77,157.18,-2.62,4.5,0,0,0,0.0,0.0,0.0
1787615160.623475,08:46:00.623,8192,135.749,27.79,1011.4,15.412,0.0,0.0,0.0,-0.31,0.57,1.67,-0.31,0.78,-0.28,9.77,157.18,-2.62,4.5,0,0,0,0.0,0.0,0.0
1787615160.623652,08:46:00.623,8193,135.759,27.79,1011.4,15.412,0.0,0.0,0.0,-0.31,0.57,1.67,-0.31,0.78,-0.28,9.77,157.18,-2.62,4.5,0,0,0,0.0,0.0,0.0
1787615160.623826,08:46:00.623,8194,135.769,27.78,1011.38,15.581,0.0,0.0,0.0,-0.31,0.57,1.67,-0.31,0.78,-0.28,9.77,157.18,-2.62,4.5,0,0,0,0.0,0.0,0.0
1787615160.624002,08:46:00.624,8195,135.779,27.78,1011.38,15.581,0.0,0.0,0.0,-0.31,0.57,1.67,-0.31,0.78,-0.28,9.77,157.18,-2.62,4.5,0,0,0,0.0,0.0,0.0
1787615160.624174,08:46:00.624,8196,135.789,27.78,1011.38,15.581,0.0,0.0,0.0,-0.31,0.57,1.67,-0.31,0.78,-0.28,9.77,157.18,-2.62,4.5,0,0,0,0.0,0.0,0.0
1787615160.624349,08:46:00.624,8197,135.799,27.78,1011.38,15.581,0.0,0.0,0.0,-0.31,0.57,1.67,-0.31,0.78,-0.28,9.77,157.18,-2.62,4.5,0,0,0,0.0,0.0,0.0
1787615160.624528,08:46:00.624,8198,135.809,27.78,1011.38,15.581,0.0,0.0,0.0,-0.31,0.57,1.67,-0.31,0.78,-0.28,9.77,157.18,-2.62,4.5,0,0,0,0.0,0.0,0.0
1787615160.725905,08:46:00.725,8199,135.819,27.78,1011.38,15.581,0.0,0.0,0.0,-0.31,0.57,1.67,-0.31,0.78,-0.28,9.77,157.18,-2.62,4.5,0,0,0,0.0,0.0,0.0
1787615160.726160,08:46:00.726,8200,135.829,27.78,1011.38,15.581,0.0,0.0,0.0,1.13,-1.05,0.49,1.13,0.79,1.7,9.62,159.68,8.68,4.62,0,0,0,0.0,0.0,0.0
1787615160.726291,08:46:00.726,8201,135.839,27.78,1011.38,15.581,0.0,0.0,0.0,1.13,-1.05,0.49,1.13,0.79,1.7,9.62,159.68,8.68,4.62,0,0,0,0.0,0.0,0.0
1787615160.726415,08:46:00.726,8202,135.849,27.78,1011.38,15.581,0.0,0.0,0.0,1.13,-1.05,0.49,1.13,0.79,1.7,9.62,159.68,8.68,4.62,0,0,0,0.0,0.0,0.0
1787615160.726538,08:46:00.726,8203,135.859,27.78,1011.38,15.581,0.0,0.0,0.0,1.13,-1.05,0.49,1.13,0.79,1.7,9.62,159.68,8.68,4.62,0,0,0,0.0,0.0,0.0
1787615160.726659,08:46:00.726,8204,135.869,27.78,1011.38,15.581,0.0,0.0,0.0,1.13,-1.05,0.49,1.13,0.79,1.7,9.62,159.68,8.68,4.62,0,0,0,0.0,0.0,0.0
1787615160.726780,08:46:00.726,8205,135.879,27.78,1011.38,15.581,0.0,0.0,0.0,1.13,-1.05,0.49,1.13,0.79,1.7,9.62,159.68,8.68,4.62,0,0,0,0.0,0.0,0.0
1787615160.726940,08:46:00.726,8206,135.889,27.78,1011.38,15.581,0.0,0.0,0.0,1.13,-1.05,0.49,1.13,0.79,1.7,9.62,159.68,8.68,4.62,0,0,0,0.0,0.0,0.0
1787615160.727060,08:46:00.727,8207,135.899,27.78,1011.38,15.581,0.0,0.0,0.0,1.13,-1.05,0.49,1.13,0.79,1.7,9.62,159.68,8.68,4.62,0,0,0,0.0,0.0,0.0
1787615160.727181,08:46:00.727,8208,135.909,27.78,1011.38,15.581,0.0,0.0,0.0,1.13,-1.05,0.49,1.13,0.79,1.7,9.62,159.68,8.68,4.62,0,0,0,0.0,0.0,0.0
1787615160.727308,08:46:00.727,8209,135.919,27.78,1011.38,15.581,0.0,0.0,0.0,1.13,-1.05,0.49,1.13,0.79,1.7,9.62,159.68,8.68,4.62,0,0,0,0.0,0.0,0.0
1787615160.828262,08:46:00.828,8210,135.929,27.78,1011.38,15.581,0.0,0.0,0.0,1.79,2.78,-0.04,1.79,0.58,4.11,8.88,163.06,23.25,3.56,0,0,0,0.0,0.0,0.0
1787615160.828593,08:46:00.828,8211,135.939,27.78,1011.38,15.581,0.0,0.0,0.0,1.79,2.78,-0.04,1.79,0.58,4.11,8.88,163.06,23.25,3.56,0,0,0,0.0,0.0,0.0
1787615160.828753,08:46:00.828,8212,135.949,27.78,1011.38,15.581,0.0,0.0,0.0,1.79,2.78,-0.04,1.79,0.58,4.11,8.88,163.06,23.25,3.56,0,0,0,0.0,0.0,0.0
1787615160.828900,08:46:00.828,8213,135.959,27.78,1011.38,15.581,0.0,0.0,0.0,1.79,2.78,-0.04,1.79,0.58,4.11,8.88,163.06,23.25,3.56,0,0,0,0.0,0.0,0.0
1787615160.829046,08:46:00.829,8214,135.969,27.76,1011.4,15.412,0.0,0.0,0.0,1.79,2.78,-0.04,1.79,0.58,4.11,8.88,163.06,23.25,3.56,0,0,0,0.0,0.0,0.0
1787615160.829189,08:46:00.829,8215,135.979,27.76,1011.4,15.412,0.0,0.0,0.0,1.79,2.78,-0.04,1.79,0.58,4.11,8.88,163.06,23.25,3.56,0,0,0,0.0,0.0,0.0
1787615160.829329,08:46:00.829,8216,135.989,27.76,1011.4,15.412,0.0,0.0,0.0,1.79,2.78,-0.04,1.79,0.58,4.11,8.88,163.06,23.25,3.56,0,0,0,0.0,0.0,0.0
1787615160.829569,08:46:00.829,8217,135.999,27.76,1011.4,15.412,0.0,0.0,0.0,1.79,2.78,-0.04,1.79,0.58,4.11,8.88,163.06,23.25,3.56,0,0,0,0.0,0.0,0.0
1787615160.829735,08:46:00.829,8218,136.009,27.76,1011.4,15.412,0.0,0.0,0.0,1.79,2.78,-0.04,1.79,0.58,4.11,8.88,163.06,23.25,3.56,0,0,0,0.0,0.0,0.0
1787615160.829886,08:46:00.829,8219,136.019,27.76,1011.4,15.412,0.0,0.0,0.0,1.79,2.78,-0.04,1.79,0.58,4.11,8.88,163.06,23.25,3.56,0,0,0,0.0,0.0,0.0
1787615160.930552,08:46:00.930,8220,136.029,27.76,1011.4,15.412,0.0,0.0,0.0,3.97,1.21,-3.21,3.97,0.3,6.16,7.62,167.18,38.93,1.75,0,0,0,0.0,0.0,0.0
1787615160.930778,08:46:00.930,8221,136.039,27.76,1011.4,15.412,0.0,0.0,0.0,3.97,1.21,-3.21,3.97,0.3,6.16,7.62,167.18,38.93,1.75,0,0,0,0.0,0.0,0.0
1787615160.930895,08:46:00.930,8222,136.049,27.76,1011.4,15.412,0.0,0.0,0.0,3.97,1.21,-3.21,3.97,0.3,6.16,7.62,167.18,38.93,1.75,0,0,0,0.0,0.0,0.0
1787615160.931004,08:46:00.931,8223,136.059,27.76,1011.4,15.412,0.0,0.0,0.0,3.97,1.21,-3.21,3.97,0.3,6.16,7.62,167.18,38.93,1.75,0,0,0,0.0,0.0,0.0
1787615160.931111,08:46:00.931,8224,136.069,27.76,1011.4,15.412,0.0,0.0,0.0,3.97,1.21,-3.21,3.97,0.3,6.16,7.62,167.18,38.93,1.75,0,0,0,0.0,0.0,0.0
1787615160.931218,08:46:00.931,8225,136.079,27.76,1011.4,15.412,0.0,0.0,0.0,3.97,1.21,-3.21,3.97,0.3,6.16,7.62,167.18,38.93,1.75,0,0,0,0.0,0.0,0.0
1787615160.931325,08:46:00.931,8226,136.089,27.76,1011.4,15.412,0.0,0.0,0.0,3.97,1.21,-3.21,3.97,0.3,6.16,7.62,167.18,38.93,1.75,0,0,0,0.0,0.0,0.0
1787615160.931431,08:46:00.931,8227,136.099,27.76,1011.4,15.412,0.0,0.0,0.0,3.97,1.21,-3.21,3.97,0.3,6.16,7.62,167.18,38.93,1.75,0,0,0,0.0,0.0,0.0
1787615160.931536,08:46:00.931,8228,136.109,27.76,1011.4,15.412,0.0,0.0,0.0,3.97,1.21,-3.21,3.97,0.3,6.16,7.62,167.18,38.93,1.75,0,0,0,0.0,0.0,0.0
1787615160.931641,08:46:00.931,8229,136.119,27.76,1011.4,15.412,0.0,0.0,0.0,3.97,1.21,-3.21,3.97,0.3,6.16,7.62,167.18,38.93,1.75,0,0,0,0.0,0.0,0.0
1787615160.931747,08:46:00.931,8230,136.129,27.76,1011.4,15.412,0.0,0.0,0.0,6.91,-0.62,-2.99,6.91,-0.25,7.57,6.22,173.0,50.56,-1.5,0,0,0,0.0,0.0,0.0
1787615161.032122,08:46:01.032,8231,136.139,27.76,1011.4,15.412,0.0,0.0,0.0,6.91,-0.62,-2.99,6.91,-0.25,7.57,6.22,173.0,50.56,-1.5,0,0,0,0.0,0.0,0.0
1787615161.032434,08:46:01.032,8232,136.149,27.76,1011.4,15.412,0.0,0.0,0.0,6.91,-0.62,-2.99,6.91,-0.25,7.57,6.22,173.0,50.56,-1.5,0,0,0,0.0,0.0,0.0
1787615161.032576,08:46:01.032,8233,136.159,27.76,1011.4,15.412,0.0,0.0,0.0,6.91,-0.62,-2.99,6.91,-0.25,7.57,6.22,173.0,50.56,-1.5,0,0,0,0.0,0.0,0.0
1787615161.032701,08:46:01.032,8234,136.169,27.73,1011.36,15.747,0.0,0.0,0.0,6.91,-0.62,-2.99,6.91,-0.25,7.57,6.22,173.0,50.56,-1.5,0,0,0,0.0,0.0,0.0
1787615161.032824,08:46:01.032,8235,136.179,27.73,1011.36,15.747,0.0,0.0,0.0,6.91,-0.62,-2.99,6.91,-0.25,7.57,6.22,173.0,50.56,-1.5,0,0,0,0.0,0.0,0.0
1787615161.032945,08:46:01.032,8236,136.189,27.73,1011.36,15.747,0.0,0.0,0.0,6.91,-0.62,-2.99,6.91,-0.25,7.57,6.22,173.0,50.56,-1.5,0,0,0,0.0,0.0,0.0
1787615161.033066,08:46:01.033,8237,136.199,27.73,1011.36,15.747,0.0,0.0,0.0,6.91,-0.62,-2.99,6.91,-0.25,7.57,6.22,173.0,50.56,-1.5,0,0,0,0.0,0.0,0.0
1787615161.134365,08:46:01.134,8238,136.209,27.73,1011.36,15.747,0.0,0.0,0.0,6.91,-0.62,-2.99,6.91,-0.25,7.57,6.22,173.0,50.56,-1.5,0,0,0,0.0,0.0,0.0
1787615161.134812,08:46:01.134,8239,136.219,27.73,1011.36,15.747,0.0,0.0,0.0,6.91,-0.62,-2.99,6.91,-0.25,7.57,6.22,173.0,50.56,-1.5,0,0,0,0.0,0.0,0.0
1787615161.135099,08:46:01.135,8240,136.229,27.73,1011.36,15.747,0.0,0.0,0.0,6.22,0.56,-6.51,6.22,-0.68,8.07,5.52,179.93,55.56,-4.0,0,0,0,0.0,0.0,0.0
1787615161.135372,08:46:01.135,8241,136.239,27.73,1011.36,15.747,0.0,0.0,0.0,6.22,0.56,-6.51,6.22,-0.68,8.07,5.52,179.93,55.56,-4.0,0,0,0,0.0,0.0,0.0
1787615161.135639,08:46:01.135,8242,136.249,27.73,1011.36,15.747,0.0,0.0,0.0,6.22,0.56,-6.51,6.22,-0.68,8.07,5.52,179.93,55.56,-4.0,0,0,0,0.0,0.0,0.0
1787615161.135910,08:46:01.135,8243,136.259,27.73,1011.36,15.747,0.0,0.0,0.0,6.22,0.56,-6.51,6.22,-0.68,8.07,5.52,179.93,55.56,-4.0,0,0,0,0.0,0.0,0.0
1787615161.136357,08:46:01.136,8244,136.269,27.73,1011.36,15.747,0.0,0.0,0.0,6.22,0.56,-6.51,6.22,-0.68,8.07,5.52,179.93,55.56,-4.0,0,0,0,0.0,0.0,0.0
1787615161.136630,08:46:01.136,8245,136.279,27.73,1011.36,15.747,0.0,0.0,0.0,6.22,0.56,-6.51,6.22,-0.68,8.07,5.52,179.93,55.56,-4.0,0,0,0,0.0,0.0,0.0
1787615161.136895,08:46:01.136,8246,136.289,27.73,1011.36,15.747,0.0,0.0,0.0,6.22,0.56,-6.51,6.22,-0.68,8.07,5.52,179.93,55.56,-4.0,0,0,0,0.0,0.0,0.0
1787615161.137164,08:46:01.137,8247,136.299,27.73,1011.36,15.747,0.0,0.0,0.0,6.22,0.56,-6.51,6.22,-0.68,8.07,5.52,179.93,55.56,-4.0,0,0,0,0.0,0.0,0.0
1787615161.137427,08:46:01.137,8248,136.309,27.73,1011.36,15.747,0.0,0.0,0.0,6.22,0.56,-6.51,6.22,-0.68,8.07,5.52,179.93,55.56,-4.0,0,0,0,0.0,0.0,0.0
1787615161.137690,08:46:01.137,8249,136.319,27.73,1011.36,15.747,0.0,0.0,0.0,6.22,0.56,-6.51,6.22,-0.68,8.07,5.52,179.93,55.56,-4.0,0,0,0,0.0,0.0,0.0
1787615161.137953,08:46:01.137,8250,136.329,27.73,1011.36,15.747,0.0,0.0,0.0,5.57,1.76,-5.9,5.57,-0.95,8.34,5.05,187.75,58.75,-5.56,0,0,0,0.0,0.0,0.0
1787615161.138213,08:46:01.138,8251,136.339,27.73,1011.36,15.747,0.0,0.0,0.0,5.57,1.76,-5.9,5.57,-0.95,8.34,5.05,187.75,58.75,-5.56,0,0,0,0.0,0.0,0.0
1787615161.239582,08:46:01.239,8252,136.349,27.73,1011.36,15.747,0.0,0.0,0.0,5.57,1.76,-5.9,5.57,-0.95,8.34,5.05,187.75,58.75,-5.56,0,0,0,0.0,0.0,0.0
1787615161.239813,08:46:01.239,8253,136.359,27.73,1011.36,15.747,0.0,0.0,0.0,5.57,1.76,-5.9,5.57,-0.95,8.34,5.05,187.75,58.75,-5.56,0,0,0,0.0,0.0,0.0
1787615161.239918,08:46:01.239,8254,136.369,27.7,1011.37,15.663,0.0,0.0,0.0,5.57,1.76,-5.9,5.57,-0.95,8.34,5.05,187.75,58.75,-5.56,0,0,0,0.0,0.0,0.0
1787615161.240012,08:46:01.240,8255,136.379,27.7,1011.37,15.663,0.0,0.0,0.0,5.57,1.76,-5.9,5.57,-0.95,8.34,5.05,187.75,58.75,-5.56,0,0,0,0.0,0.0,0.0
1787615161.240144,08:46:01.240,8256,136.389,27.7,1011.37,15.663,0.0,0.0,0.0,5.57,1.76,-5.9,5.57,-0.95,8.34,5.05,187.75,58.75,-5.56,0,0,0,0.0,0.0,0.0
1787615161.240238,08:46:01.240,8257,136.399,27.7,1011.37,15.663,0.0,0.0,0.0,5.57,1.76,-5.9,5.57,-0.95,8.34,5.05,187.75,58.75,-5.56,0,0,0,0.0,0.0,0.0
1787615161.240339,08:46:01.240,8258,136.409,27.7,1011.37,15.663,0.0,0.0,0.0,5.57,1.76,-5.9,5.57,-0.95,8.34,5.05,187.75,58.75,-5.56,0,0,0,0.0,0.0,0.0
1787615161.240438,08:46:01.240,8259,136.419,27.7,1011.37,15.663,0.0,0.0,0.0,5.57,1.76,-5.9,5.57,-0.95,8.34,5.05,187.75,58.75,-5.56,0,0,0,0.0,0.0,0.0
1787615161.240530,08:46:01.240,8260,136.429,27.7,1011.37,15.663,0.0,0.0,0.0,7.6,1.0,-4.69,7.6,-1.16,8.47,4.79,197.43,60.43,-6.81,0,0,0,0.0,0.0,0.0
1787615161.341361,08:46:01.341,8261,136.439,27.7,1011.37,15.663,0.0,0.0,0.0,7.6,1.0,-4.69,7.6,-1.16,8.47,4.79,197.43,60.43,-6.81,0,0,0,0.0,0.0,0.0
1787615161.341647,08:46:01.341,8262,136.449,27.7,1011.37,15.663,0.0,0.0,0.0,7.6,1.0,-4.69,7.6,-1.16,8.47,4.79,197.43,60.43,-6.81,0,0,0,0.0,0.0,0.0
1787615161.341797,08:46:01.341,8263,136.459,27.7,1011.37,15.663,0.0,0.0,0.0,7.6,1.0,-4.69,7.6,-1.16,8.47,4.79,197.43,60.43,-6.81,0,0,0,0.0,0.0,0.0
1787615161.341939,08:46:01.341,8264,136.469,27.7,1011.37,15.663,0.0,0.0,0.0,7.6,1.0,-4.69,7.6,-1.16,8.47,4.79,197.43,60.43,-6.81,0,0,0,0.0,0.0,0.0
1787615161.342078,08:46:01.342,8265,136.479,27.7,1011.37,15.663,0.0,0.0,0.0,7.6,1.0,-4.69,7.6,-1.16,8.47,4.79,197.43,60.43,-6.81,0,0,0,0.0,0.0,0.0
1787615161.342216,08:46:01.342,8266,136.489,27.7,1011.37,15.663,0.0,0.0,0.0,7.6,1.0,-4.69,7.6,-1.16,8.47,4.79,197.43,60.43,-6.81,0,0,0,0.0,0.0,0.0
1787615161.342352,08:46:01.342,8267,136.499,27.7,1011.37,15.663,0.0,0.0,0.0,7.6,1.0,-4.69,7.6,-1.16,8.47,4.79,197.43,60.43,-6.81,0,0,0,0.0,0.0,0.0
1787615161.342489,08:46:01.342,8268,136.509,27.7,1011.37,15.663,0.0,0.0,0.0,7.6,1.0,-4.69,7.6,-1.16,8.47,4.79,197.43,60.43,-6.81,0,0,0,0.0,0.0,0.0
1787615161.342623,08:46:01.342,8269,136.519,27.7,1011.37,15.663,0.0,0.0,0.0,7.6,1.0,-4.69,7.6,-1.16,8.47,4.79,197.43,60.43,-6.81,0,0,0,0.0,0.0,0.0
1787615161.443957,08:46:01.443,8270,136.529,27.7,1011.37,15.663,0.0,0.0,0.0,6.18,-2.62,-4.54,6.18,-0.97,8.33,5.07,207.0,58.68,-5.62,0,0,0,0.0,0.0,0.0
1787615161.444376,08:46:01.444,8271,136.539,27.7,1011.37,15.663,0.0,0.0,0.0,6.18,-2.62,-4.54,6.18,-0.97,8.33,5.07,207.0,58.68,-5.62,0,0,0,0.0,0.0,0.0
1787615161.444647,08:46:01.444,8272,136.549,27.7,1011.37,15.663,0.0,0.0,0.0,6.18,-2.62,-4.54,6.18,-0.97,8.33,5.07,207.0,58.68,-5.62,0,0,0,0.0,0.0,0.0
1787615161.444909,08:46:01.444,8273,136.559,27.7,1011.37,15.663,0.0,0.0,0.0,6.18,-2.62,-4.54,6.18,-0.97,8.33,5.07,207.0,58.68,-5.62,0,0,0,0.0,0.0,0.0
1787615161.445170,08:46:01.445,8274,136.569,27.65,1011.33,15.996,0.0,0.0,0.0,6.18,-2.62,-4.54,6.18,-0.97,8.33,5.07,207.0,58.68,-5.62,0,0,0,0.0,0.0,0.0
1787615161.445429,08:46:01.445,8275,136.579,27.65,1011.33,15.996,0.0,0.0,0.0,6.18,-2.62,-4.54,6.18,-0.97,8.33,5.07,207.0,58.68,-5.62,0,0,0,0.0,0.0,0.0
1787615161.445687,08:46:01.445,8276,136.589,27.65,1011.33,15.996,0.0,0.0,0.0,6.18,-2.62,-4.54,6.18,-0.97,8.33,5.07,207.0,58.68,-5.62,0,0,0,0.0,0.0,0.0
1787615161.445945,08:46:01.445,8277,136.599,27.65,1011.33,15.996,0.0,0.0,0.0,6.18,-2.62,-4.54,6.18,-0.97,8.33,5.07,207.0,58.68,-5.62,0,0,0,0.0,0.0,0.0
1787615161.446204,08:46:01.446,8278,136.609,27.65,1011.33,15.996,0.0,0.0,0.0,6.18,-2.62,-4.54,6.18,-0.97,8.33,5.07,207.0,58.68,-5.62,0,0,0,0.0,0.0,0.0
1787615161.446465,08:46:01.446,8279,136.619,27.65,1011.33,15.996,0.0,0.0,0.0,6.18,-2.62,-4.54,6.18,-0.97,8.33,5.07,207.0,58.68,-5.62,0,0,0,0.0,0.0,0.0
1787615161.446719,08:46:01.446,8280,136.629,27.65,1011.33,15.996,0.0,0.0,0.0,6.3,-1.46,-5.67,6.3,-0.6,8.07,5.52,217.93,55.56,-3.5,0,0,0,0.0,0.0,0.0
1787615161.446978,08:46:01.446,8281,136.639,27.65,1011.33,15.996,0.0,0.0,0.0,6.3,-1.46,-5.67,6.3,-0.6,8.07,5.52,217.93,55.56,-3.5,0,0,0,0.0,0.0,0.0
1787615161.547821,08:46:01.547,8282,136.649,27.65,1011.33,15.996,0.0,0.0,0.0,6.3,-1.46,-5.67,6.3,-0.6,8.07,5.52,217.93,55.56,-3.5,0,0,0,0.0,0.0,0.0
1787615161.548109,08:46:01.548,8283,136.659,27.65,1011.33,15.996,0.0,0.0,0.0,6.3,-1.46,-5.67,6.3,-0.6,8.07,5.52,217.93,55.56,-3.5,0,0,0,0.0,0.0,0.0
1787615161.548275,08:46:01.548,8284,136.669,27.65,1011.33,15.996,0.0,0.0,0.0,6.3,-1.46,-5.67,6.3,-0.6,8.07,5.52,217.93,55.56,-3.5,0,0,0,0.0,0.0,0.0
1787615161.548431,08:46:01.548,8285,136.679,27.65,1011.33,15.996,0.0,0.0,0.0,6.3,-1.46,-5.67,6.3,-0.6,8.07,5.52,217.93,55.56,-3.5,0,0,0,0.0,0.0,0.0
1787615161.548587,08:46:01.548,8286,136.689,27.65,1011.33,15.996,0.0,0.0,0.0,6.3,-1.46,-5.67,6.3,-0.6,8.07,5.52,217.93,55.56,-3.5,0,0,0,0.0,0.0,0.0
1787615161.548741,08:46:01.548,8287,136.699,27.65,1011.33,15.996,0.0,0.0,0.0,6.3,-1.46,-5.67,6.3,-0.6,8.07,5.52,217.93,55.56,-3.5,0,0,0,0.0,0.0,0.0
1787615161.548897,08:46:01.548,8288,136.709,27.65,1011.33,15.996,0.0,0.0,0.0,6.3,-1.46,-5.67,6.3,-0.6,8.07,5.52,217.93,55.56,-3.5,0,0,0,0.0,0.0,0.0
1787615161.549050,08:46:01.549,8289,136.719,27.65,1011.33,15.996,0.0,0.0,0.0,6.3,-1.46,-5.67,6.3,-0.6,8.07,5.52,217.93,55.56,-3.5,0,0,0,0.0,0.0,0.0
1787615161.549201,08:46:01.549,8290,136.729,27.65,1011.33,15.996,0.0,0.0,0.0,6.18,-2.55,-6.63,6.18,-0.24,7.75,6.0,231.0,52.18,-1.37,0,0,0,0.0,0.0,0.0
1787615161.650263,08:46:01.650,8291,136.739,27.65,1011.33,15.996,0.0,0.0,0.0,6.18,-2.55,-6.63,6.18,-0.24,7.75,6.0,231.0,52.18,-1.37,0,0,0,0.0,0.0,0.0
1787615161.650646,08:46:01.650,8292,136.749,27.65,1011.33,15.996,0.0,0.0,0.0,6.18,-2.55,-6.63,6.18,-0.24,7.75,6.0,231.0,52.18,-1.37,0,0,0,0.0,0.0,0.0
1787615161.650884,08:46:01.650,8293,136.759,27.65,1011.33,15.996,0.0,0.0,0.0,6.18,-2.55,-6.63,6.18,-0.24,7.75,6.0,231.0,52.18,-1.37,0,0,0,0.0,0.0,0.0
1787615161.651110,08:46:01.651,8294,136.769,27.62,1011.32,16.08,0.0,0.0,0.0,6.18,-2.55,-6.63,6.18,-0.24,7.75,6.0,231.0,52.18,-1.37,0,0,0,0.0,0.0,0.0
1787615161.651474,08:46:01.651,8295,136.779,27.62,1011.32,16.08,0.0,0.0,0.0,6.18,-2.55,-6.63,6.18,-0.24,7.75,6.0,231.0,52.18,-1.37,0,0,0,0.0,0.0,0.0
1787615161.651720,08:46:01.651,8296,136.789,27.62,1011.32,16.08,0.0,0.0,0.0,6.18,-2.55,-6.63,6.18,-0.24,7.75,6.0,231.0,52.18,-1.37,0,0,0,0.0,0.0,0.0
1787615161.651943,08:46:01.651,8297,136.799,27.62,1011.32,16.08,0.0,0.0,0.0,6.18,-2.55,-6.63,6.18,-0.24,7.75,6.0,231.0,52.18,-1.37,0,0,0,0.0,0.0,0.0
1787615161.652164,08:46:01.652,8298,136.809,27.62,1011.32,16.08,0.0,0.0,0.0,6.18,-2.55,-6.63,6.18,-0.24,7.75,6.0,231.0,52.18,-1.37,0,0,0,0.0,0.0,0.0
1787615161.652387,08:46:01.652,8299,136.819,27.62,1011.32,16.08,0.0,0.0,0.0,6.18,-2.55,-6.63,6.18,-0.24,7.75,6.0,231.0,52.18,-1.37,0,0,0,0.0,0.0,0.0
1787615161.652607,08:46:01.652,8300,136.829,27.62,1011.32,16.08,0.0,0.0,0.0,4.89,-1.24,-5.14,4.89,0.08,7.23,6.61,245.12,47.5,0.5,0,0,0,0.0,0.0,0.0
1787615161.652832,08:46:01.652,8301,136.839,27.62,1011.32,16.08,0.0,0.0,0.0,4.89,-1.24,-5.14,4.89,0.08,7.23,6.61,245.12,47.5,0.5,0,0,0,0.0,0.0,0.0
1787615161.653056,08:46:01.653,8302,136.849,27.62,1011.32,16.08,0.0,0.0,0.0,4.89,-1.24,-5.14,4.89,0.08,7.23,6.61,245.12,47.5,0.5,0,0,0,0.0,0.0,0.0
1787615161.754026,08:46:01.754,8303,136.859,27.62,1011.32,16.08,0.0,0.0,0.0,4.89,-1.24,-5.14,4.89,0.08,7.23,6.61,245.12,47.5,0.5,0,0,0,0.0,0.0,0.0
1787615161.754349,08:46:01.754,8304,136.869,27.62,1011.32,16.08,0.0,0.0,0.0,4.89,-1.24,-5.14,4.89,0.08,7.23,6.61,245.12,47.5,0.5,0,0,0,0.0,0.0,0.0
1787615161.754555,08:46:01.754,8305,136.879,27.62,1011.32,16.08,0.0,0.0,0.0,4.89,-1.24,-5.14,4.89,0.08,7.23,6.61,245.12,47.5,0.5,0,0,0,0.0,0.0,0.0
1787615161.754799,08:46:01.754,8306,136.889,27.62,1011.32,16.08,0.0,0.0,0.0,4.89,-1.24,-5.14,4.89,0.08,7.23,6.61,245.12,47.5,0.5,0,0,0,0.0,0.0,0.0
1787615161.754990,08:46:01.754,8307,136.899,27.62,1011.32,16.08,0.0,0.0,0.0,4.89,-1.24,-5.14,4.89,0.08,7.23,6.61,245.12,47.5,0.5,0,0,0,0.0,0.0,0.0
1787615161.755180,08:46:01.755,8308,136.909,27.62,1011.32,16.08,0.0,0.0,0.0,4.89,-1.24,-5.14,4.89,0.08,7.23,6.61,245.12,47.5,0.5,0,0,0,0.0,0.0,0.0
1787615161.755370,08:46:01.755,8309,136.919,27.62,1011.32,16.08,0.0,0.0,0.0,4.89,-1.24,-5.14,4.89,0.08,7.23,6.61,245.12,47.5,0.5,0,0,0,0.0,0.0,0.0
1787615161.755557,08:46:01.755,8310,136.929,27.62,1011.32,16.08,0.0,0.0,0.0,3.37,-2.21,-3.33,3.37,0.44,6.48,7.34,258.75,41.37,2.56,0,0,0,0.0,0.0,0.0
1787615161.755744,08:46:01.755,8311,136.939,27.62,1011.32,16.08,0.0,0.0,0.0,3.37,-2.21,-3.33,3.37,0.44,6.48,7.34,258.75,41.37,2.56,0,0,0,0.0,0.0,0.0
1787615161.755929,08:46:01.755,8312,136.949,27.62,1011.32,16.08,0.0,0.0,0.0,3.37,-2.21,-3.33,3.37,0.44,6.48,7.34,258.75,41.37,2.56,0,0,0,0.0,0.0,0.0
1787615161.962804,08:46:01.962,8313,136.959,27.62,1011.32,16.08,0.0,0.0,0.0,3.37,-2.21,-3.33,3.37,0.44,6.48,7.34,258.75,41.37,2.56,0,0,0,0.0,0.0,0.0
1787615161.963720,08:46:01.963,8314,136.969,27.57,1011.3,16.247,0.0,0.0,0.0,3.37,-2.21,-3.33,3.37,0.44,6.48,7.34,258.75,41.37,2.56,0,0,0,0.0,0.0,0.0
1787615161.964129,08:46:01.964,8315,136.979,27.57,1011.3,16.247,0.0,0.0,0.0,3.37,-2.21,-3.33,3.37,0.44,6.48,7.34,258.75,41.37,2.56,0,0,0,0.0,0.0,0.0
1787615161.964518,08:46:01.964,8316,136.989,27.57,1011.3,16.247,0.0,0.0,0.0,3.37,-2.21,-3.33,3.37,0.44,6.48,7.34,258.75,41.37,2.56,0,0,0,0.0,0.0,0.0
1787615161.964901,08:46:01.964,8317,136.999,27.57,1011.3,16.247,0.0,0.0,0.0,3.37,-2.21,-3.33,3.37,0.44,6.48,7.34,258.75,41.37,2.56,0,0,0,0.0,0.0,0.0
1787615161.965281,08:46:01.965,8318,137.009,27.57,1011.3,16.247,0.0,0.0,0.0,3.37,-2.21,-3.33,3.37,0.44,6.48,7.34,258.75,41.37,2.56,0,0,0,0.0,0.0,0.0
1787615161.965661,08:46:01.965,8319,137.019,27.57,1011.3,16.247,0.0,0.0,0.0,3.37,-2.21,-3.33,3.37,0.44,6.48,7.34,258.75,41.37,2.56,0,0,0,0.0,0.0,0.0
1787615161.966042,08:46:01.966,8320,137.029,27.57,1011.3,16.247,0.0,0.0,0.0,2.71,-1.85,-3.07,2.71,0.75,5.21,8.26,270.0,33.31,4.18,0,0,0,0.0,0.0,0.0
1787615161.966394,08:46:01.966,8321,137.039,27.57,1011.3,16.247,0.0,0.0,0.0,2.71,-1.85,-3.07,2.71,0.75,5.21,8.26,270.0,33.31,4.18,0,0,0,0.0,0.0,0.0
1787615161.966722,08:46:01.966,8322,137.049,27.57,1011.3,16.247,0.0,0.0,0.0,2.71,-1.85,-3.07,2.71,0.75,5.21,8.26,270.0,33.31,4.18,0,0,0,0.0,0.0,0.0
1787615161.967053,08:46:01.967,8323,137.059,27.57,1011.3,16.247,0.0,0.0,0.0,2.71,-1.85,-3.07,2.71,0.75,5.21,8.26,270.0,33.31,4.18,0,0,0,0.0,0.0,0.0
1787615161.967386,08:46:01.967,8324,137.069,27.57,1011.3,16.247,0.0,0.0,0.0,2.71,-1.85,-3.07,2.71,0.75,5.21,8.26,270.0,33.31,4.18,0,0,0,0.0,0.0,0.0
1787615161.967720,08:46:01.967,8325,137.079,27.57,1011.3,16.247,0.0,0.0,0.0,2.71,-1.85,-3.07,2.71,0.75,5.21,8.26,270.0,33.31,4.18,0,0,0,0.0,0.0,0.0
1787615161.968055,08:46:01.968,8326,137.089,27.57,1011.3,16.247,0.0,0.0,0.0,2.71,-1.85,-3.07,2.71,0.75,5.21,8.26,270.0,33.31,4.18,0,0,0,0.0,0.0,0.0
1787615161.968392,08:46:01.968,8327,137.099,27.57,1011.3,16.247,0.0,0.0,0.0,2.71,-1.85,-3.07,2.71,0.75,5.21,8.26,270.0,33.31,4.18,0,0,0,0.0,0.0,0.0
1787615161.968724,08:46:01.968,8328,137.109,27.57,1011.3,16.247,0.0,0.0,0.0,2.71,-1.85,-3.07,2.71,0.75,5.21,8.26,270.0,33.31,4.18,0,0,0,0.0,0.0,0.0
1787615161.969066,08:46:01.969,8329,137.119,27.57,1011.3,16.247,0.0,0.0,0.0,2.71,-1.85,-3.07,2.71,0.75,5.21,8.26,270.0,33.31,4.18,0,0,0,0.0,0.0,0.0
1787615161.969401,08:46:01.969,8330,137.129,27.57,1011.3,16.247,0.0,0.0,0.0,1.37,-2.29,-2.55,1.37,0.57,3.38,9.18,281.56,21.62,3.25,0,0,0,0.0,0.0,0.0
1787615161.969732,08:46:01.969,8331,137.139,27.57,1011.3,16.247,0.0,0.0,0.0,1.37,-2.29,-2.55,1.37,0.57,3.38,9.18,281.56,21.62,3.25,0,0,0,0.0,0.0,0.0
1787615161.970065,08:46:01.970,8332,137.149,27.57,1011.3,16.247,0.0,0.0,0.0,1.37,-2.29,-2.55,1.37,0.57,3.38,9.18,281.56,21.62,3.25,0,0,0,0.0,0.0,0.0
1787615161.970403,08:46:01.970,8333,137.159,27.57,1011.3,16.247,0.0,0.0,0.0,1.37,-2.29,-2.55,1.37,0.57,3.38,9.18,281.56,21.62,3.25,0,0,0,0.0,0.0,0.0
1787615162.071955,08:46:02.071,8334,137.169,27.56,1011.4,15.412,0.0,0.0,0.0,1.37,-2.29,-2.55,1.37,0.57,3.38,9.18,281.56,21.62,3.25,0,0,0,0.0,0.0,0.0
1787615162.072717,08:46:02.072,8335,137.179,27.56,1011.4,15.412,0.0,0.0,0.0,1.37,-2.29,-2.55,1.37,0.57,3.38,9.18,281.56,21.62,3.25,0,0,0,0.0,0.0,0.0
1787615162.072995,08:46:02.072,8336,137.189,27.56,1011.4,15.412,0.0,0.0,0.0,1.37,-2.29,-2.55,1.37,0.57,3.38,9.18,281.56,21.62,3.25,0,0,0,0.0,0.0,0.0
1787615162.073229,08:46:02.073,8337,137.199,27.56,1011.4,15.412,0.0,0.0,0.0,1.37,-2.29,-2.55,1.37,0.57,3.38,9.18,281.56,21.62,3.25,0,0,0,0.0,0.0,0.0
1787615162.073455,08:46:02.073,8338,137.209,27.56,1011.4,15.412,0.0,0.0,0.0,1.37,-2.29,-2.55,1.37,0.57,3.38,9.18,281.56,21.62,3.25,0,0,0,0.0,0.0,0.0
1787615162.073682,08:46:02.073,8339,137.219,27.56,1011.4,15.412,0.0,0.0,0.0,1.37,-2.29,-2.55,1.37,0.57,3.38,9.18,281.56,21.62,3.25,0,0,0,0.0,0.0,0.0
1787615162.073905,08:46:02.073,8340,137.229,27.56,1011.4,15.412,0.0,0.0,0.0,-4.33,-2.07,-2.23,-4.33,0.77,1.93,9.58,292.06,12.12,4.5,0,0,0,0.0,0.0,0.0
1787615162.074132,08:46:02.074,8341,137.239,27.56,1011.4,15.412,0.0,0.0,0.0,-4.33,-2.07,-2.23,-4.33,0.77,1.93,9.58,292.06,12.12,4.5,0,0,0,0.0,0.0,0.0
1787615162.074358,08:46:02.074,8342,137.249,27.56,1011.4,15.412,0.0,0.0,0.0,-4.33,-2.07,-2.23,-4.33,0.77,1.93,9.58,292.06,12.12,4.5,0,0,0,0.0,0.0,0.0
1787615162.074577,08:46:02.074,8343,137.259,27.56,1011.4,15.412,0.0,0.0,0.0,-4.33,-2.07,-2.23,-4.33,0.77,1.93,9.58,292.06,12.12,4.5,0,0,0,0.0,0.0,0.0
1787615162.074800,08:46:02.074,8344,137.269,27.56,1011.4,15.412,0.0,0.0,0.0,-4.33,-2.07,-2.23,-4.33,0.77,1.93,9.58,292.06,12.12,4.5,0,0,0,0.0,0.0,0.0
1787615162.175998,08:46:02.175,8345,137.279,27.56,1011.4,15.412,0.0,0.0,0.0,-4.33,-2.07,-2.23,-4.33,0.77,1.93,9.58,292.06,12.12,4.5,0,0,0,0.0,0.0,0.0
1787615162.176296,08:46:02.176,8346,137.289,27.56,1011.4,15.412,0.0,0.0,0.0,-4.33,-2.07,-2.23,-4.33,0.77,1.93,9.58,292.06,12.12,4.5,0,0,0,0.0,0.0,0.0
1787615162.176458,08:46:02.176,8347,137.299,27.56,1011.4,15.412,0.0,0.0,0.0,-4.33,-2.07,-2.23,-4.33,0.77,1.93,9.58,292.06,12.12,4.5,0,0,0,0.0,0.0,0.0
1787615162.176606,08:46:02.176,8348,137.309,27.56,1011.4,15.412,0.0,0.0,0.0,-4.33,-2.07,-2.23,-4.33,0.77,1.93,9.58,292.06,12.12,4.5,0,0,0,0.0,0.0,0.0
1787615162.176756,08:46:02.176,8349,137.319,27.56,1011.4,15.412,0.0,0.0,0.0,-4.33,-2.07,-2.23,-4.33,0.77,1.93,9.58,292.06,12.12,4.5,0,0,0,0.0,0.0,0.0
1787615162.176898,08:46:02.176,8350,137.329,27.56,1011.4,15.412,0.0,0.0,0.0,2.48,-1.0,-3.44,2.48,0.68,0.85,9.74,300.43,5.56,3.93,0,0,0,0.0,0.0,0.0
1787615162.177041,08:46:02.177,8351,137.339,27.56,1011.4,15.412,0.0,0.0,0.0,2.48,-1.0,-3.44,2.48,0.68,0.85,9.74,300.43,5.56,3.93,0,0,0,0.0,0.0,0.0
1787615162.177183,08:46:02.177,8352,137.349,27.56,1011.4,15.412,0.0,0.0,0.0,2.48,-1.0,-3.44,2.48,0.68,0.85,9.74,300.43,5.56,3.93,0,0,0,0.0,0.0,0.0
1787615162.177326,08:46:02.177,8353,137.359,27.56,1011.4,15.412,0.0,0.0,0.0,2.48,-1.0,-3.44,2.48,0.68,0.85,9.74,300.43,5.56,3.93,0,0,0,0.0,0.0,0.0
1787615162.177465,08:46:02.177,8354,137.369,27.49,1011.35,15.829,0.0,0.0,0.0,2.48,-1.0,-3.44,2.48,0.68,0.85,9.74,300.43,5.56,3.93,0,0,0,0.0,0.0,0.0
1787615162.278841,08:46:02.278,8355,137.379,27.49,1011.35,15.829,0.0,0.0,0.0,2.48,-1.0,-3.44,2.48,0.68,0.85,9.74,300.43,5.56,3.93,0,0,0,0.0,0.0,0.0
1787615162.279208,08:46:02.279,8356,137.389,27.49,1011.35,15.829,0.0,0.0,0.0,2.48,-1.0,-3.44,2.48,0.68,0.85,9.74,300.43,5.56,3.93,0,0,0,0.0,0.0,0.0
1787615162.279390,08:46:02.279,8357,137.399,27.49,1011.35,15.829,0.0,0.0,0.0,2.48,-1.0,-3.44,2.48,0.68,0.85,9.74,300.43,5.56,3.93,0,0,0,0.0,0.0,0.0
1787615162.279560,08:46:02.279,8358,137.409,27.49,1011.35,15.829,0.0,0.0,0.0,2.48,-1.0,-3.44,2.48,0.68,0.85,9.74,300.43,5.56,3.93,0,0,0,0.0,0.0,0.0
1787615162.279728,08:46:02.279,8359,137.419,27.49,1011.35,15.829,0.0,0.0,0.0,2.48,-1.0,-3.44,2.48,0.68,0.85,9.74,300.43,5.56,3.93,0,0,0,0.0,0.0,0.0
1787615162.279899,08:46:02.279,8360,137.429,27.49,1011.35,15.829,0.0,0.0,0.0,1.22,-0.97,-3.32,1.22,0.74,0.31,9.77,305.87,1.93,4.31,0,0,0,0.0,0.0,0.0
1787615162.280064,08:46:02.280,8361,137.439,27.49,1011.35,15.829,0.0,0.0,0.0,1.22,-0.97,-3.32,1.22,0.74,0.31,9.77,305.87,1.93,4.31,0,0,0,0.0,0.0,0.0
1787615162.280231,08:46:02.280,8362,137.449,27.49,1011.35,15.829,0.0,0.0,0.0,1.22,-0.97,-3.32,1.22,0.74,0.31,9.77,305.87,1.93,4.31,0,0,0,0.0,0.0,0.0
1787615162.280394,08:46:02.280,8363,137.459,27.49,1011.35,15.829,0.0,0.0,0.0,1.22,-0.97,-3.32,1.22,0.74,0.31,9.77,305.87,1.93,4.31,0,0,0,0.0,0.0,0.0
1787615162.280557,08:46:02.280,8364,137.469,27.49,1011.35,15.829,0.0,0.0,0.0,1.22,-0.97,-3.32,1.22,0.74,0.31,9.77,305.87,1.93,4.31,0,0,0,0.0,0.0,0.0
1787615162.280722,08:46:02.280,8365,137.479,27.49,1011.35,15.829,0.0,0.0,0.0,1.22,-0.97,-3.32,1.22,0.74,0.31,9.77,305.87,1.93,4.31,0,0,0,0.0,0.0,0.0
1787615162.382218,08:46:02.382,8366,137.489,27.49,1011.35,15.829,0.0,0.0,0.0,1.22,-0.97,-3.32,1.22,0.74,0.31,9.77,305.87,1.93,4.31,0,0,0,0.0,0.0,0.0
1787615162.383900,08:46:02.383,8367,137.499,27.49,1011.35,15.829,0.0,0.0,0.0,1.22,-0.97,-3.32,1.22,0.74,0.31,9.77,305.87,1.93,4.31,0,0,0,0.0,0.0,0.0
1787615162.384598,08:46:02.384,8368,137.509,27.49,1011.35,15.829,0.0,0.0,0.0,1.22,-0.97,-3.32,1.22,0.74,0.31,9.77,305.87,1.93,4.31,0,0,0,0.0,0.0,0.0
1787615162.385020,08:46:02.385,8369,137.519,27.49,1011.35,15.829,0.0,0.0,0.0,1.22,-0.97,-3.32,1.22,0.74,0.31,9.77,305.87,1.93,4.31,0,0,0,0.0,0.0,0.0
1787615162.385408,08:46:02.385,8370,137.529,27.49,1011.35,15.829,0.0,0.0,0.0,0.55,-0.62,-2.81,0.55,0.74,0.28,9.77,309.12,1.62,4.31,0,0,0,0.0,0.0,0.0
1787615162.385674,08:46:02.385,8371,137.539,27.49,1011.35,15.829,0.0,0.0,0.0,0.55,-0.62,-2.81,0.55,0.74,0.28,9.77,309.12,1.62,4.31,0,0,0,0.0,0.0,0.0
1787615162.385947,08:46:02.385,8372,137.549,27.49,1011.35,15.829,0.0,0.0,0.0,0.55,-0.62,-2.81,0.55,0.74,0.28,9.77,309.12,1.62,4.31,0,0,0,0.0,0.0,0.0
1787615162.386208,08:46:02.386,8373,137.559,27.49,1011.35,15.829,0.0,0.0,0.0,0.55,-0.62,-2.81,0.55,0.74,0.28,9.77,309.12,1.62,4.31,0,0,0,0.0,0.0,0.0
1787615162.386472,08:46:02.386,8374,137.569,27.52,1011.44,15.079,0.0,0.0,0.0,0.55,-0.62,-2.81,0.55,0.74,0.28,9.77,309.12,1.62,4.31,0,0,0,0.0,0.0,0.0
1787615162.386803,08:46:02.386,8375,137.579,27.52,1011.44,15.079,0.0,0.0,0.0,0.55,-0.62,-2.81,0.55,0.74,0.28,9.77,309.12,1.62,4.31,0,0,0,0.0,0.0,0.0
1787615162.488360,08:46:02.488,8376,137.589,27.52,1011.44,15.079,0.0,0.0,0.0,0.55,-0.62,-2.81,0.55,0.74,0.28,9.77,309.12,1.62,4.31,0,0,0,0.0,0.0,0.0
1787615162.489167,08:46:02.489,8377,137.599,27.52,1011.44,15.079,0.0,0.0,0.0,0.55,-0.62,-2.81,0.55,0.74,0.28,9.77,309.12,1.62,4.31,0,0,0,0.0,0.0,0.0
1787615162.489524,08:46:02.489,8378,137.609,27.52,1011.44,15.079,0.0,0.0,0.0,0.55,-0.62,-2.81,0.55,0.74,0.28,9.77,309.12,1.62,4.31,0,0,0,0.0,0.0,0.0
1787615162.489861,08:46:02.489,8379,137.619,27.52,1011.44,15.079,0.0,0.0,0.0,0.55,-0.62,-2.81,0.55,0.74,0.28,9.77,309.12,1.62,4.31,0,0,0,0.0,0.0,0.0
1787615162.490189,08:46:02.490,8380,137.629,27.52,1011.44,15.079,0.0,0.0,0.0,0.84,-0.45,-2.54,0.84,0.72,0.75,9.75,311.62,4.37,4.18,0,0,0,0.0,0.0,0.0
1787615162.490528,08:46:02.490,8381,137.639,27.52,1011.44,15.079,0.0,0.0,0.0,0.84,-0.45,-2.54,0.84,0.72,0.75,9.75,311.62,4.37,4.18,0,0,0,0.0,0.0,0.0
1787615162.490864,08:46:02.490,8382,137.649,27.52,1011.44,15.079,0.0,0.0,0.0,0.84,-0.45,-2.54,0.84,0.72,0.75,9.75,311.62,4.37,4.18,0,0,0,0.0,0.0,0.0
1787615162.491204,08:46:02.491,8383,137.659,27.52,1011.44,15.079,0.0,0.0,0.0,0.84,-0.45,-2.54,0.84,0.72,0.75,9.75,311.62,4.37,4.18,0,0,0,0.0,0.0,0.0
1787615162.491549,08:46:02.491,8384,137.669,27.52,1011.44,15.079,0.0,0.0,0.0,0.84,-0.45,-2.54,0.84,0.72,0.75,9.75,311.62,4.37,4.18,0,0,0,0.0,0.0,0.0
1787615162.491872,08:46:02.491,8385,137.679,27.52,1011.44,15.079,0.0,0.0,0.0,0.84,-0.45,-2.54,0.84,0.72,0.75,9.75,311.62,4.37,4.18,0,0,0,0.0,0.0,0.0
1787615162.492199,08:46:02.492,8386,137.689,27.52,1011.44,15.079,0.0,0.0,0.0,0.84,-0.45,-2.54,0.84,0.72,0.75,9.75,311.62,4.37,4.18,0,0,0,0.0,0.0,0.0
1787615162.593210,08:46:02.593,8387,137.699,27.52,1011.44,15.079,0.0,0.0,0.0,0.84,-0.45,-2.54,0.84,0.72,0.75,9.75,311.62,4.37,4.18,0,0,0,0.0,0.0,0.0
1787615162.593690,08:46:02.593,8388,137.709,27.52,1011.44,15.079,0.0,0.0,0.0,0.84,-0.45,-2.54,0.84,0.72,0.75,9.75,311.62,4.37,4.18,0,0,0,0.0,0.0,0.0
1787615162.593897,08:46:02.593,8389,137.719,27.52,1011.44,15.079,0.0,0.0,0.0,0.84,-0.45,-2.54,0.84,0.72,0.75,9.75,311.62,4.37,4.18,0,0,0,0.0,0.0,0.0
1787615162.594094,08:46:02.594,8390,137.729,27.52,1011.44,15.079,0.0,0.0,0.0,0.09,-0.61,-3.01,0.09,0.73,0.98,9.72,313.37,5.75,4.25,0,0,0,0.0,0.0,0.0
1787615162.594289,08:46:02.594,8391,137.739,27.52,1011.44,15.079,0.0,0.0,0.0,0.09,-0.61,-3.01,0.09,0.73,0.98,9.72,313.37,5.75,4.25,0,0,0,0.0,0.0,0.0
1787615162.594481,08:46:02.594,8392,137.749,27.52,1011.44,15.079,0.0,0.0,0.0,0.09,-0.61,-3.01,0.09,0.73,0.98,9.72,313.37,5.75,4.25,0,0,0,0.0,0.0,0.0
1787615162.594677,08:46:02.594,8393,137.759,27.52,1011.44,15.079,0.0,0.0,0.0,0.09,-0.61,-3.01,0.09,0.73,0.98,9.72,313.37,5.75,4.25,0,0,0,0.0,0.0,0.0
1787615162.594867,08:46:02.594,8394,137.769,27.52,1011.45,14.997,0.0,0.0,0.0,0.09,-0.61,-3.01,0.09,0.73,0.98,9.72,313.37,5.75,4.25,0,0,0,0.0,0.0,0.0
1787615162.595063,08:46:02.595,8395,137.779,27.52,1011.45,14.997,0.0,0.0,0.0,0.09,-0.61,-3.01,0.09,0.73,0.98,9.72,313.37,5.75,4.25,0,0,0,0.0,0.0,0.0
1787615162.695892,08:46:02.695,8396,137.789,27.52,1011.45,14.997,0.0,0.0,0.0,0.09,-0.61,-3.01,0.09,0.73,0.98,9.72,313.37,5.75,4.25,0,0,0,0.0,0.0,0.0
1787615162.696332,08:46:02.696,8397,137.799,27.52,1011.45,14.997,0.0,0.0,0.0,0.09,-0.61,-3.01,0.09,0.73,0.98,9.72,313.37,5.75,4.25,0,0,0,0.0,0.0,0.0
1787615162.696534,08:46:02.696,8398,137.809,27.52,1011.45,14.997,0.0,0.0,0.0,0.09,-0.61,-3.01,0.09,0.73,0.98,9.72,313.37,5.75,4.25,0,0,0,0.0,0.0,0.0
1787615162.696730,08:46:02.696,8399,137.819,27.52,1011.45,14.997,0.0,0.0,0.0,0.09,-0.61,-3.01,0.09,0.73,0.98,9.72,313.37,5.75,4.25,0,0,0,0.0,0.0,0.0
1787615162.697118,08:46:02.697,8400,137.829,27.52,1011.45,14.997,0.0,0.0,0.0,-0.55,-0.36,-2.1,-0.55,0.72,0.77,9.74,314.93,4.56,4.25,0,0,0,0.0,0.0,0.0
1787615162.697339,08:46:02.697,8401,137.839,27.52,1011.45,14.997,0.0,0.0,0.0,-0.55,-0.36,-2.1,-0.55,0.72,0.77,9.74,314.93,4.56,4.25,0,0,0,0.0,0.0,0.0
1787615162.697534,08:46:02.697,8402,137.849,27.52,1011.45,14.997,0.0,0.0,0.0,-0.55,-0.36,-2.1,-0.55,0.72,0.77,9.74,314.93,4.56,4.25,0,0,0,0.0,0.0,0.0
1787615162.697727,08:46:02.697,8403,137.859,27.52,1011.45,14.997,0.0,0.0,0.0,-0.55,-0.36,-2.1,-0.55,0.72,0.77,9.74,314.93,4.56,4.25,0,0,0,0.0,0.0,0.0
1787615162.697927,08:46:02.697,8404,137.869,27.52,1011.45,14.997,0.0,0.0,0.0,-0.55,-0.36,-2.1,-0.55,0.72,0.77,9.74,314.93,4.56,4.25,0,0,0,0.0,0.0,0.0
1787615162.698297,08:46:02.698,8405,137.879,27.52,1011.45,14.997,0.0,0.0,0.0,-0.55,-0.36,-2.1,-0.55,0.72,0.77,9.74,314.93,4.56,4.25,0,0,0,0.0,0.0,0.0
1787615162.698563,08:46:02.698,8406,137.889,27.52,1011.45,14.997,0.0,0.0,0.0,-0.55,-0.36,-2.1,-0.55,0.72,0.77,9.74,314.93,4.56,4.25,0,0,0,0.0,0.0,0.0
1787615162.698752,08:46:02.698,8407,137.899,27.52,1011.45,14.997,0.0,0.0,0.0,-0.55,-0.36,-2.1,-0.55,0.72,0.77,9.74,314.93,4.56,4.25,0,0,0,0.0,0.0,0.0
1787615162.799679,08:46:02.799,8408,137.909,27.52,1011.45,14.997,0.0,0.0,0.0,-0.55,-0.36,-2.1,-0.55,0.72,0.77,9.74,314.93,4.56,4.25,0,0,0,0.0,0.0,0.0
1787615162.799929,08:46:02.799,8409,137.919,27.52,1011.45,14.997,0.0,0.0,0.0,-0.55,-0.36,-2.1,-0.55,0.72,0.77,9.74,314.93,4.56,4.25,0,0,0,0.0,0.0,0.0
1787615162.800068,08:46:02.800,8410,137.929,27.52,1011.45,14.997,0.0,0.0,0.0,0.36,-0.7,-2.24,0.36,0.72,0.62,9.76,317.0,3.62,4.18,0,0,0,0.0,0.0,0.0
1787615162.800202,08:46:02.800,8411,137.939,27.52,1011.45,14.997,0.0,0.0,0.0,0.36,-0.7,-2.24,0.36,0.72,0.62,9.76,317.0,3.62,4.18,0,0,0,0.0,0.0,0.0
1787615162.800332,08:46:02.800,8412,137.949,27.52,1011.45,14.997,0.0,0.0,0.0,0.36,-0.7,-2.24,0.36,0.72,0.62,9.76,317.0,3.62,4.18,0,0,0,0.0,0.0,0.0
1787615162.800463,08:46:02.800,8413,137.959,27.52,1011.45,14.997,0.0,0.0,0.0,0.36,-0.7,-2.24,0.36,0.72,0.62,9.76,317.0,3.62,4.18,0,0,0,0.0,0.0,0.0
1787615162.800591,08:46:02.800,8414,137.969,27.5,1011.44,15.079,0.0,0.0,0.0,0.36,-0.7,-2.24,0.36,0.72,0.62,9.76,317.0,3.62,4.18,0,0,0,0.0,0.0,0.0
1787615162.800718,08:46:02.800,8415,137.979,27.5,1011.44,15.079,0.0,0.0,0.0,0.36,-0.7,-2.24,0.36,0.72,0.62,9.76,317.0,3.62,4.18,0,0,0,0.0,0.0,0.0
1787615162.800847,08:46:02.800,8416,137.989,27.5,1011.44,15.079,0.0,0.0,0.0,0.36,-0.7,-2.24,0.36,0.72,0.62,9.76,317.0,3.62,4.18,0,0,0,0.0,0.0,0.0
1787615162.901108,08:46:02.901,8417,137.999,27.5,1011.44,15.079,0.0,0.0,0.0,0.36,-0.7,-2.24,0.36,0.72,0.62,9.76,317.0,3.62,4.18,0,0,0,0.0,0.0,0.0
1787615162.901475,08:46:02.901,8418,138.009,27.5,1011.44,15.079,0.0,0.0,0.0,0.36,-0.7,-2.24,0.36,0.72,0.62,9.76,317.0,3.62,4.18,0,0,0,0.0,0.0,0.0
1787615162.901687,08:46:02.901,8419,138.019,27.5,1011.44,15.079,0.0,0.0,0.0,0.36,-0.7,-2.24,0.36,0.72,0.62,9.76,317.0,3.62,4.18,0,0,0,0.0,0.0,0.0
1787615162.901889,08:46:02.901,8420,138.029,27.5,1011.44,15.079,0.0,0.0,0.0,-0.1,-0.44,-2.28,-0.1,0.71,0.65,9.75,319.93,3.81,4.18,0,0,0,0.0,0.0,0.0
1787615162.902087,08:46:02.902,8421,138.039,27.5,1011.44,15.079,0.0,0.0,0.0,-0.1,-0.44,-2.28,-0.1,0.71,0.65,9.75,319.93,3.81,4.18,0,0,0,0.0,0.0,0.0
1787615162.902282,08:46:02.902,8422,138.049,27.5,1011.44,15.079,0.0,0.0,0.0,-0.1,-0.44,-2.28,-0.1,0.71,0.65,9.75,319.93,3.81,4.18,0,0,0,0.0,0.0,0.0
1787615162.902476,08:46:02.902,8423,138.059,27.5,1011.44,15.079,0.0,0.0,0.0,-0.1,-0.44,-2.28,-0.1,0.71,0.65,9.75,319.93,3.81,4.18,0,0,0,0.0,0.0,0.0
1787615162.902669,08:46:02.902,8424,138.069,27.5,1011.44,15.079,0.0,0.0,0.0,-0.1,-0.44,-2.28,-0.1,0.71,0.65,9.75,319.93,3.81,4.18,0,0,0,0.0,0.0,0.0
1787615162.902862,08:46:02.902,8425,138.079,27.5,1011.44,15.079,0.0,0.0,0.0,-0.1,-0.44,-2.28,-0.1,0.71,0.65,9.75,319.93,3.81,4.18,0,0,0,0.0,0.0,0.0
1787615162.903054,08:46:02.903,8426,138.089,27.5,1011.44,15.079,0.0,0.0,0.0,-0.1,-0.44,-2.28,-0.1,0.71,0.65,9.75,319.93,3.81,4.18,0,0,0,0.0,0.0,0.0
1787615163.004440,08:46:03.004,8427,138.099,27.5,1011.44,15.079,0.0,0.0,0.0,-0.1,-0.44,-2.28,-0.1,0.71,0.65,9.75,319.93,3.81,4.18,0,0,0,0.0,0.0,0.0
1787615163.004643,08:46:03.004,8428,138.109,27.5,1011.44,15.079,0.0,0.0,0.0,-0.1,-0.44,-2.28,-0.1,0.71,0.65,9.75,319.93,3.81,4.18,0,0,0,0.0,0.0,0.0
1787615163.004770,08:46:03.004,8429,138.119,27.5,1011.44,15.079,0.0,0.0,0.0,-0.1,-0.44,-2.28,-0.1,0.71,0.65,9.75,319.93,3.81,4.18,0,0,0,0.0,0.0,0.0
1787615163.004892,08:46:03.004,8430,138.129,27.5,1011.44,15.079,0.0,0.0,0.0,-0.11,0.08,-0.92,-0.11,0.69,0.72,9.75,323.93,4.25,4.06,0,0,0,0.0,0.0,0.0
1787615163.005013,08:46:03.005,8431,138.139,27.5,1011.44,15.079,0.0,0.0,0.0,-0.11,0.08,-0.92,-0.11,0.69,0.72,9.75,323.93,4.25,4.06,0,0,0,0.0,0.0,0.0
1787615163.005129,08:46:03.005,8432,138.149,27.5,1011.44,15.079,0.0,0.0,0.0,-0.11,0.08,-0.92,-0.11,0.69,0.72,9.75,323.93,4.25,4.06,0,0,0,0.0,0.0,0.0
1787615163.005243,08:46:03.005,8433,138.159,27.5,1011.44,15.079,0.0,0.0,0.0,-0.11,0.08,-0.92,-0.11,0.69,0.72,9.75,323.93,4.25,4.06,0,0,0,0.0,0.0,0.0
1787615163.005359,08:46:03.005,8434,138.169,27.48,1011.44,15.079,0.0,0.0,0.0,-0.11,0.08,-0.92,-0.11,0.69,0.72,9.75,323.93,4.25,4.06,0,0,0,0.0,0.0,0.0
1787615163.005474,08:46:03.005,8435,138.179,27.48,1011.44,15.079,0.0,0.0,0.0,-0.11,0.08,-0.92,-0.11,0.69,0.72,9.75,323.93,4.25,4.06,0,0,0,0.0,0.0,0.0
1787615163.005588,08:46:03.005,8436,138.189,27.48,1011.44,15.079,0.0,0.0,0.0,-0.11,0.08,-0.92,-0.11,0.69,0.72,9.75,323.93,4.25,4.06,0,0,0,0.0,0.0,0.0
1787615163.005702,08:46:03.005,8437,138.199,27.48,1011.44,15.079,0.0,0.0,0.0,-0.11,0.08,-0.92,-0.11,0.69,0.72,9.75,323.93,4.25,4.06,0,0,0,0.0,0.0,0.0
1787615163.107010,08:46:03.107,8438,138.209,27.48,1011.44,15.079,0.0,0.0,0.0,-0.11,0.08,-0.92,-0.11,0.69,0.72,9.75,323.93,4.25,4.06,0,0,0,0.0,0.0,0.0
1787615163.107376,08:46:03.107,8439,138.219,27.48,1011.44,15.079,0.0,0.0,0.0,-0.11,0.08,-0.92,-0.11,0.69,0.72,9.75,323.93,4.25,4.06,0,0,0,0.0,0.0,0.0
1787615163.107559,08:46:03.107,8440,138.229,27.48,1011.44,15.079,0.0,0.0,0.0,0.1,-0.09,-1.31,0.1,0.71,0.74,9.75,326.31,4.31,4.18,0,0,0,0.0,0.0,0.0
1787615163.107718,08:46:03.107,8441,138.239,27.48,1011.44,15.079,0.0,0.0,0.0,0.1,-0.09,-1.31,0.1,0.71,0.74,9.75,326.31,4.31,4.18,0,0,0,0.0,0.0,0.0
1787615163.107873,08:46:03.107,8442,138.249,27.48,1011.44,15.079,0.0,0.0,0.0,0.1,-0.09,-1.31,0.1,0.71,0.74,9.75,326.31,4.31,4.18,0,0,0,0.0,0.0,0.0
1787615163.108026,08:46:03.108,8443,138.259,27.48,1011.44,15.079,0.0,0.0,0.0,0.1,-0.09,-1.31,0.1,0.71,0.74,9.75,326.31,4.31,4.18,0,0,0,0.0,0.0,0.0
1787615163.108178,08:46:03.108,8444,138.269,27.48,1011.44,15.079,0.0,0.0,0.0,0.1,-0.09,-1.31,0.1,0.71,0.74,9.75,326.31,4.31,4.18,0,0,0,0.0,0.0,0.0
1787615163.108329,08:46:03.108,8445,138.279,27.48,1011.44,15.079,0.0,0.0,0.0,0.1,-0.09,-1.31,0.1,0.71,0.74,9.75,326.31,4.31,4.18,0,0,0,0.0,0.0,0.0
1787615163.108480,08:46:03.108,8446,138.289,27.48,1011.44,15.079,0.0,0.0,0.0,0.1,-0.09,-1.31,0.1,0.71,0.74,9.75,326.31,4.31,4.18,0,0,0,0.0,0.0,0.0
1787615163.108634,08:46:03.108,8447,138.299,27.48,1011.44,15.079,0.0,0.0,0.0,0.1,-0.09,-1.31,0.1,0.71,0.74,9.75,326.31,4.31,4.18,0,0,0,0.0,0.0,0.0
1787615163.209865,08:46:03.209,8448,138.309,27.48,1011.44,15.079,0.0,0.0,0.0,0.1,-0.09,-1.31,0.1,0.71,0.74,9.75,326.31,4.31,4.18,0,0,0,0.0,0.0,0.0
1787615163.210195,08:46:03.210,8449,138.319,27.48,1011.44,15.079,0.0,0.0,0.0,0.1,-0.09,-1.31,0.1,0.71,0.74,9.75,326.31,4.31,4.18,0,0,0,0.0,0.0,0.0
1787615163.210420,08:46:03.210,8450,138.329,27.48,1011.44,15.079,0.0,0.0,0.0,0.01,-0.06,-1.6,0.01,0.71,0.6,9.76,109.81,3.56,4.12,0,0,0,0.0,0.0,0.0
1787615163.210616,08:46:03.210,8451,138.339,27.48,1011.44,15.079,0.0,0.0,0.0,0.01,-0.06,-1.6,0.01,0.71,0.6,9.76,109.81,3.56,4.12,0,0,0,0.0,0.0,0.0
1787615163.210809,08:46:03.210,8452,138.349,27.48,1011.44,15.079,0.0,0.0,0.0,0.01,-0.06,-1.6,0.01,0.71,0.6,9.76,109.81,3.56,4.12,0,0,0,0.0,0.0,0.0
1787615163.211001,08:46:03.211,8453,138.359,27.48,1011.44,15.079,0.0,0.0,0.0,0.01,-0.06,-1.6,0.01,0.71,0.6,9.76,109.81,3.56,4.12,0,0,0,0.0,0.0,0.0
1787615163.211190,08:46:03.211,8454,138.369,27.46,1011.43,15.164,0.0,0.0,0.0,0.01,-0.06,-1.6,0.01,0.71,0.6,9.76,109.81,3.56,4.12,0,0,0,0.0,0.0,0.0
1787615163.211380,08:46:03.211,8455,138.379,27.46,1011.43,15.164,0.0,0.0,0.0,0.01,-0.06,-1.6,0.01,0.71,0.6,9.76,109.81,3.56,4.12,0,0,0,0.0,0.0,0.0
1787615163.211628,08:46:03.211,8456,138.389,27.46,1011.43,15.164,0.0,0.0,0.0,0.01,-0.06,-1.6,0.01,0.71,0.6,9.76,109.81,3.56,4.12,0,0,0,0.0,0.0,0.0
1787615163.211818,08:46:03.211,8457,138.399,27.46,1011.43,15.164,0.0,0.0,0.0,0.01,-0.06,-1.6,0.01,0.71,0.6,9.76,109.81,3.56,4.12,0,0,0,0.0,0.0,0.0
1787615163.212006,08:46:03.212,8458,138.409,27.46,1011.43,15.164,0.0,0.0,0.0,0.01,-0.06,-1.6,0.01,0.71,0.6,9.76,109.81,3.56,4.12,0,0,0,0.0,0.0,0.0
1787615163.313500,08:46:03.313,8459,138.419,27.46,1011.43,15.164,0.0,0.0,0.0,0.01,-0.06,-1.6,0.01,0.71,0.6,9.76,109.81,3.56,4.12,0,0,0,0.0,0.0,0.0
1787615163.314943,08:46:03.314,8460,138.429,27.46,1011.43,15.164,0.0,0.0,0.0,-0.21,-0.14,0.49,-0.21,0.71,0.66,9.75,110.31,3.87,4.12,0,0,0,0.0,0.0,0.0
1787615163.315643,08:46:03.315,8461,138.439,27.46,1011.43,15.164,0.0,0.0,0.0,-0.21,-0.14,0.49,-0.21,0.71,0.66,9.75,110.31,3.87,4.12,0,0,0,0.0,0.0,0.0
1787615163.316233,08:46:03.316,8462,138.449,27.46,1011.43,15.164,0.0,0.0,0.0,-0.21,-0.14,0.49,-0.21,0.71,0.66,9.75,110.31,3.87,4.12,0,0,0,0.0,0.0,0.0
1787615163.316523,08:46:03.316,8463,138.459,27.46,1011.43,15.164,0.0,0.0,0.0,-0.21,-0.14,0.49,-0.21,0.71,0.66,9.75,110.31,3.87,4.12,0,0,0,0.0,0.0,0.0
1787615163.316822,08:46:03.316,8464,138.469,27.46,1011.43,15.164,0.0,0.0,0.0,-0.21,-0.14,0.49,-0.21,0.71,0.66,9.75,110.31,3.87,4.12,0,0,0,0.0,0.0,0.0
1787615163.317121,08:46:03.317,8465,138.479,27.46,1011.43,15.164,0.0,0.0,0.0,-0.21,-0.14,0.49,-0.21,0.71,0.66,9.75,110.31,3.87,4.12,0,0,0,0.0,0.0,0.0
1787615163.317432,08:46:03.317,8466,138.489,27.46,1011.43,15.164,0.0,0.0,0.0,-0.21,-0.14,0.49,-0.21,0.71,0.66,9.75,110.31,3.87,4.12,0,0,0,0.0,0.0,0.0
1787615163.317730,08:46:03.317,8467,138.499,27.46,1011.43,15.164,0.0,0.0,0.0,-0.21,-0.14,0.49,-0.21,0.71,0.66,9.75,110.31,3.87,4.12,0,0,0,0.0,0.0,0.0
1787615163.318055,08:46:03.318,8468,138.509,27.46,1011.43,15.164,0.0,0.0,0.0,-0.21,-0.14,0.49,-0.21,0.71,0.66,9.75,110.31,3.87,4.12,0,0,0,0.0,0.0,0.0
1787615163.419583,08:46:03.419,8469,138.519,27.46,1011.43,15.164,0.0,0.0,0.0,-0.21,-0.14,0.49,-0.21,0.71,0.66,9.75,110.31,3.87,4.12,0,0,0,0.0,0.0,0.0
1787615163.419860,08:46:03.419,8470,138.529,27.46,1011.43,15.164,0.0,0.0,0.0,0.34,-0.21,-0.12,0.34,0.7,0.94,9.73,110.37,5.5,4.12,0,0,0,0.0,0.0,0.0
1787615163.420009,08:46:03.420,8471,138.539,27.46,1011.43,15.164,0.0,0.0,0.0,0.34,-0.21,-0.12,0.34,0.7,0.94,9.73,110.37,5.5,4.12,0,0,0,0.0,0.0,0.0
1787615163.420151,08:46:03.420,8472,138.549,27.46,1011.43,15.164,0.0,0.0,0.0,0.34,-0.21,-0.12,0.34,0.7,0.94,9.73,110.37,5.5,4.12,0,0,0,0.0,0.0,0.0
1787615163.420293,08:46:03.420,8473,138.559,27.46,1011.43,15.164,0.0,0.0,0.0,0.34,-0.21,-0.12,0.34,0.7,0.94,9.73,110.37,5.5,4.12,0,0,0,0.0,0.0,0.0
1787615163.420432,08:46:03.420,8474,138.569,27.46,1011.45,14.997,0.0,0.0,0.0,0.34,-0.21,-0.12,0.34,0.7,0.94,9.73,110.37,5.5,4.12,0,0,0,0.0,0.0,0.0
1787615163.420572,08:46:03.420,8475,138.579,27.46,1011.45,14.997,0.0,0.0,0.0,0.34,-0.21,-0.12,0.34,0.7,0.94,9.73,110.37,5.5,4.12,0,0,0,0.0,0.0,0.0
1787615163.420711,08:46:03.420,8476,138.589,27.46,1011.45,14.997,0.0,0.0,0.0,0.34,-0.21,-0.12,0.34,0.7,0.94,9.73,110.37,5.5,4.12,0,0,0,0.0,0.0,0.0
1787615163.420850,08:46:03.420,8477,138.599,27.46,1011.45,14.997,0.0,0.0,0.0,0.34,-0.21,-0.12,0.34,0.7,0.94,9.73,110.37,5.5,4.12,0,0,0,0.0,0.0,0.0
1787615163.420990,08:46:03.420,8478,138.609,27.46,1011.45,14.997,0.0,0.0,0.0,0.34,-0.21,-0.12,0.34,0.7,0.94,9.73,110.37,5.5,4.12,0,0,0,0.0,0.0,0.0
1787615163.421130,08:46:03.421,8479,138.619,27.46,1011.45,14.997,0.0,0.0,0.0,0.34,-0.21,-0.12,0.34,0.7,0.94,9.73,110.37,5.5,4.12,0,0,0,0.0,0.0,0.0
1787615163.522150,08:46:03.522,8480,138.629,27.46,1011.45,14.997,0.0,0.0,0.0,0.07,-0.15,0.2,0.07,0.71,1.05,9.72,110.31,6.18,4.12,0,0,0,0.0,0.0,0.0
1787615163.522446,08:46:03.522,8481,138.639,27.46,1011.45,14.997,0.0,0.0,0.0,0.07,-0.15,0.2,0.07,0.71,1.05,9.72,110.31,6.18,4.12,0,0,0,0.0,0.0,0.0
1787615163.522599,08:46:03.522,8482,138.649,27.46,1011.45,14.997,0.0,0.0,0.0,0.07,-0.15,0.2,0.07,0.71,1.05,9.72,110.31,6.18,4.12,0,0,0,0.0,0.0,0.0
1787615163.522745,08:46:03.522,8483,138.659,27.46,1011.45,14.997,0.0,0.0,0.0,0.07,-0.15,0.2,0.07,0.71,1.05,9.72,110.31,6.18,4.12,0,0,0,0.0,0.0,0.0
1787615163.522884,08:46:03.522,8484,138.669,27.46,1011.45,14.997,0.0,0.0,0.0,0.07,-0.15,0.2,0.07,0.71,1.05,9.72,110.31,6.18,4.12,0,0,0,0.0,0.0,0.0
1787615163.523023,08:46:03.523,8485,138.679,27.46,1011.45,14.997,0.0,0.0,0.0,0.07,-0.15,0.2,0.07,0.71,1.05,9.72,110.31,6.18,4.12,0,0,0,0.0,0.0,0.0
1787615163.523165,08:46:03.523,8486,138.689,27.46,1011.45,14.997,0.0,0.0,0.0,0.07,-0.15,0.2,0.07,0.71,1.05,9.72,110.31,6.18,4.12,0,0,0,0.0,0.0,0.0
1787615163.523302,08:46:03.523,8487,138.699,27.46,1011.45,14.997,0.0,0.0,0.0,0.07,-0.15,0.2,0.07,0.71,1.05,9.72,110.31,6.18,4.12,0,0,0,0.0,0.0,0.0
1787615163.523440,08:46:03.523,8488,138.709,27.46,1011.45,14.997,0.0,0.0,0.0,0.07,-0.15,0.2,0.07,0.71,1.05,9.72,110.31,6.18,4.12,0,0,0,0.0,0.0,0.0
1787615163.523580,08:46:03.523,8489,138.719,27.46,1011.45,14.997,0.0,0.0,0.0,0.07,-0.15,0.2,0.07,0.71,1.05,9.72,110.31,6.18,4.12,0,0,0,0.0,0.0,0.0
1787615163.624934,08:46:03.624,8490,138.729,27.46,1011.45,14.997,0.0,0.0,0.0,-0.16,-0.1,0.09,-0.16,0.71,1.0,9.72,110.25,5.87,4.12,0,0,0,0.0,0.0,0.0
1787615163.625278,08:46:03.625,8491,138.739,27.46,1011.45,14.997,0.0,0.0,0.0,-0.16,-0.1,0.09,-0.16,0.71,1.0,9.72,110.25,5.87,4.12,0,0,0,0.0,0.0,0.0
1787615163.625476,08:46:03.625,8492,138.749,27.46,1011.45,14.997,0.0,0.0,0.0,-0.16,-0.1,0.09,-0.16,0.71,1.0,9.72,110.25,5.87,4.12,0,0,0,0.0,0.0,0.0
1787615163.625667,08:46:03.625,8493,138.759,27.46,1011.45,14.997,0.0,0.0,0.0,-0.16,-0.1,0.09,-0.16,0.71,1.0,9.72,110.25,5.87,4.12,0,0,0,0.0,0.0,0.0
1787615163.625875,08:46:03.625,8494,138.769,27.44,1011.43,15.164,0.0,0.0,0.0,-0.16,-0.1,0.09,-0.16,0.71,1.0,9.72,110.25,5.87,4.12,0,0,0,0.0,0.0,0.0
1787615163.626113,08:46:03.626,8495,138.779,27.44,1011.43,15.164,0.0,0.0,0.0,-0.16,-0.1,0.09,-0.16,0.71,1.0,9.72,110.25,5.87,4.12,0,0,0,0.0,0.0,0.0
1787615163.626447,08:46:03.626,8496,138.789,27.44,1011.43,15.164,0.0,0.0,0.0,-0.16,-0.1,0.09,-0.16,0.71,1.0,9.72,110.25,5.87,4.12,0,0,0,0.0,0.0,0.0
1787615163.626638,08:46:03.626,8497,138.799,27.44,1011.43,15.164,0.0,0.0,0.0,-0.16,-0.1,0.09,-0.16,0.71,1.0,9.72,110.25,5.87,4.12,0,0,0,0.0,0.0,0.0
1787615163.626827,08:46:03.626,8498,138.809,27.44,1011.43,15.164,0.0,0.0,0.0,-0.16,-0.1,0.09,-0.16,0.71,1.0,9.72,110.25,5.87,4.12,0,0,0,0.0,0.0,0.0
1787615163.627016,08:46:03.627,8499,138.819,27.44,1011.43,15.164,0.0,0.0,0.0,-0.16,-0.1,0.09,-0.16,0.71,1.0,9.72,110.25,5.87,4.12,0,0,0,0.0,0.0,0.0
1787615163.627206,08:46:03.627,8500,138.829,27.44,1011.43,15.164,0.0,0.0,0.0,0.28,-0.15,-0.14,0.28,0.7,0.9,9.73,110.31,5.25,4.06,0,0,0,0.0,0.0,0.0
1787615163.727990,08:46:03.727,8501,138.839,27.44,1011.43,15.164,0.0,0.0,0.0,0.28,-0.15,-0.14,0.28,0.7,0.9,9.73,110.31,5.25,4.06,0,0,0,0.0,0.0,0.0
1787615163.728482,08:46:03.728,8502,138.849,27.44,1011.43,15.164,0.0,0.0,0.0,0.28,-0.15,-0.14,0.28,0.7,0.9,9.73,110.31,5.25,4.06,0,0,0,0.0,0.0,0.0
1787615163.728746,08:46:03.728,8503,138.859,27.44,1011.43,15.164,0.0,0.0,0.0,0.28,-0.15,-0.14,0.28,0.7,0.9,9.73,110.31,5.25,4.06,0,0,0,0.0,0.0,0.0
1787615163.728976,08:46:03.728,8504,138.869,27.44,1011.43,15.164,0.0,0.0,0.0,0.28,-0.15,-0.14,0.28,0.7,0.9,9.73,110.31,5.25,4.06,0,0,0,0.0,0.0,0.0
1787615163.729204,08:46:03.729,8505,138.879,27.44,1011.43,15.164,0.0,0.0,0.0,0.28,-0.15,-0.14,0.28,0.7,0.9,9.73,110.31,5.25,4.06,0,0,0,0.0,0.0,0.0
1787615163.729488,08:46:03.729,8506,138.889,27.44,1011.43,15.164,0.0,0.0,0.0,0.28,-0.15,-0.14,0.28,0.7,0.9,9.73,110.31,5.25,4.06,0,0,0,0.0,0.0,0.0
1787615163.729716,08:46:03.729,8507,138.899,27.44,1011.43,15.164,0.0,0.0,0.0,0.28,-0.15,-0.14,0.28,0.7,0.9,9.73,110.31,5.25,4.06,0,0,0,0.0,0.0,0.0
1787615163.729938,08:46:03.729,8508,138.909,27.44,1011.43,15.164,0.0,0.0,0.0,0.28,-0.15,-0.14,0.28,0.7,0.9,9.73,110.31,5.25,4.06,0,0,0,0.0,0.0,0.0
1787615163.730159,08:46:03.730,8509,138.919,27.44,1011.43,15.164,0.0,0.0,0.0,0.28,-0.15,-0.14,0.28,0.7,0.9,9.73,110.31,5.25,4.06,0,0,0,0.0,0.0,0.0
1787615163.830627,08:46:03.830,8510,138.929,27.44,1011.43,15.164,0.0,0.0,0.0,-0.39,0.03,-0.14,-0.39,0.71,0.89,9.73,110.31,5.18,4.12,0,0,0,0.0,0.0,0.0
1787615163.831099,08:46:03.831,8511,138.939,27.44,1011.43,15.164,0.0,0.0,0.0,-0.39,0.03,-0.14,-0.39,0.71,0.89,9.73,110.31,5.18,4.12,0,0,0,0.0,0.0,0.0
1787615163.831342,08:46:03.831,8512,138.949,27.44,1011.43,15.164,0.0,0.0,0.0,-0.39,0.03,-0.14,-0.39,0.71,0.89,9.73,110.31,5.18,4.12,0,0,0,0.0,0.0,0.0
1787615163.831542,08:46:03.831,8513,138.959,27.44,1011.43,15.164,0.0,0.0,0.0,-0.39,0.03,-0.14,-0.39,0.71,0.89,9.73,110.31,5.18,4.12,0,0,0,0.0,0.0,0.0
1787615163.831740,08:46:03.831,8514,138.969,27.41,1011.44,15.079,0.0,0.0,0.0,-0.39,0.03,-0.14,-0.39,0.71,0.89,9.73,110.31,5.18,4.12,0,0,0,0.0,0.0,0.0
1787615163.831937,08:46:03.831,8515,138.979,27.41,1011.44,15.079,0.0,0.0,0.0,-0.39,0.03,-0.14,-0.39,0.71,0.89,9.73,110.31,5.18,4.12,0,0,0,0.0,0.0,0.0
1787615163.832132,08:46:03.832,8516,138.989,27.41,1011.44,15.079,0.0,0.0,0.0,-0.39,0.03,-0.14,-0.39,0.71,0.89,9.73,110.31,5.18,4.12,0,0,0,0.0,0.0,0.0
1787615163.832329,08:46:03.832,8517,138.999,27.41,1011.44,15.079,0.0,0.0,0.0,-0.39,0.03,-0.14,-0.39,0.71,0.89,9.73,110.31,5.18,4.12,0,0,0,0.0,0.0,0.0
1787615163.832519,08:46:03.832,8518,139.009,27.41,1011.44,15.079,0.0,0.0,0.0,-0.39,0.03,-0.14,-0.39,0.71,0.89,9.73,110.31,5.18,4.12,0,0,0,0.0,0.0,0.0
1787615163.832711,08:46:03.832,8519,139.019,27.41,1011.44,15.079,0.0,0.0,0.0,-0.39,0.03,-0.14,-0.39,0.71,0.89,9.73,110.31,5.18,4.12,0,0,0,0.0,0.0,0.0
1787615163.933803,08:46:03.933,8520,139.029,27.41,1011.44,15.079,0.0,0.0,0.0,-0.08,-0.05,0.0,-0.08,0.7,0.95,9.73,110.25,5.56,4.06,0,0,0,0.0,0.0,0.0
1787615163.934241,08:46:03.934,8521,139.039,27.41,1011.44,15.079,0.0,0.0,0.0,-0.08,-0.05,0.0,-0.08,0.7,0.95,9.73,110.25,5.56,4.06,0,0,0,0.0,0.0,0.0
1787615163.934471,08:46:03.934,8522,139.049,27.41,1011.44,15.079,0.0,0.0,0.0,-0.08,-0.05,0.0,-0.08,0.7,0.95,9.73,110.25,5.56,4.06,0,0,0,0.0,0.0,0.0
1787615163.934686,08:46:03.934,8523,139.059,27.41,1011.44,15.079,0.0,0.0,0.0,-0.08,-0.05,0.0,-0.08,0.7,0.95,9.73,110.25,5.56,4.06,0,0,0,0.0,0.0,0.0
1787615163.934902,08:46:03.934,8524,139.069,27.41,1011.44,15.079,0.0,0.0,0.0,-0.08,-0.05,0.0,-0.08,0.7,0.95,9.73,110.25,5.56,4.06,0,0,0,0.0,0.0,0.0
1787615163.935164,08:46:03.935,8525,139.079,27.41,1011.44,15.079,0.0,0.0,0.0,-0.08,-0.05,0.0,-0.08,0.7,0.95,9.73,110.25,5.56,4.06,0,0,0,0.0,0.0,0.0
1787615163.935391,08:46:03.935,8526,139.089,27.41,1011.44,15.079,0.0,0.0,0.0,-0.08,-0.05,0.0,-0.08,0.7,0.95,9.73,110.25,5.56,4.06,0,0,0,0.0,0.0,0.0
1787615163.935613,08:46:03.935,8527,139.099,27.41,1011.44,15.079,0.0,0.0,0.0,-0.08,-0.05,0.0,-0.08,0.7,0.95,9.73,110.25,5.56,4.06,0,0,0,0.0,0.0,0.0
1787615163.935843,08:46:03.935,8528,139.109,27.41,1011.44,15.079,0.0,0.0,0.0,-0.08,-0.05,0.0,-0.08,0.7,0.95,9.73,110.25,5.56,4.06,0,0,0,0.0,0.0,0.0
1787615163.936069,08:46:03.936,8529,139.119,27.41,1011.44,15.079,0.0,0.0,0.0,-0.08,-0.05,0.0,-0.08,0.7,0.95,9.73,110.25,5.56,4.06,0,0,0,0.0,0.0,0.0
1787615163.936295,08:46:03.936,8530,139.129,27.41,1011.44,15.079,0.0,0.0,0.0,-0.21,-0.22,0.0,-0.21,0.69,0.97,9.73,110.25,5.68,4.06,0,0,0,0.0,0.0,0.0
1787615164.036924,08:46:04.036,8531,139.139,27.41,1011.44,15.079,0.0,0.0,0.0,-0.21,-0.22,0.0,-0.21,0.69,0.97,9.73,110.25,5.68,4.06,0,0,0,0.0,0.0,0.0
1787615164.037149,08:46:04.037,8532,139.149,27.41,1011.44,15.079,0.0,0.0,0.0,-0.21,-0.22,0.0,-0.21,0.69,0.97,9.73,110.25,5.68,4.06,0,0,0,0.0,0.0,0.0
1787615164.037266,08:46:04.037,8533,139.159,27.41,1011.44,15.079,0.0,0.0,0.0,-0.21,-0.22,0.0,-0.21,0.69,0.97,9.73,110.25,5.68,4.06,0,0,0,0.0,0.0,0.0
1787615164.037386,08:46:04.037,8534,139.169,27.41,1011.48,14.746,0.0,0.0,0.0,-0.21,-0.22,0.0,-0.21,0.69,0.97,9.73,110.25,5.68,4.06,0,0,0,0.0,0.0,0.0
1787615164.037497,08:46:04.037,8535,139.179,27.41,1011.48,14.746,0.0,0.0,0.0,-0.21,-0.22,0.0,-0.21,0.69,0.97,9.73,110.25,5.68,4.06,0,0,0,0.0,0.0,0.0
1787615164.037611,08:46:04.037,8536,139.189,27.41,1011.48,14.746,0.0,0.0,0.0,-0.21,-0.22,0.0,-0.21,0.69,0.97,9.73,110.25,5.68,4.06,0,0,0,0.0,0.0,0.0
1787615164.037719,08:46:04.037,8537,139.199,27.41,1011.48,14.746,0.0,0.0,0.0,-0.21,-0.22,0.0,-0.21,0.69,0.97,9.73,110.25,5.68,4.06,0,0,0,0.0,0.0,0.0
1787615164.037827,08:46:04.037,8538,139.209,27.41,1011.48,14.746,0.0,0.0,0.0,-0.21,-0.22,0.0,-0.21,0.69,0.97,9.73,110.25,5.68,4.06,0,0,0,0.0,0.0,0.0
1787615164.037934,08:46:04.037,8539,139.219,27.41,1011.48,14.746,0.0,0.0,0.0,-0.21,-0.22,0.0,-0.21,0.69,0.97,9.73,110.25,5.68,4.06,0,0,0,0.0,0.0,0.0
1787615164.038042,08:46:04.038,8540,139.229,27.41,1011.48,14.746,0.0,0.0,0.0,0.08,-0.11,0.0,0.08,0.69,0.96,9.73,110.31,5.62,4.06,0,0,0,0.0,0.0,0.0
1787615164.138656,08:46:04.138,8541,139.239,27.41,1011.48,14.746,0.0,0.0,0.0,0.08,-0.11,0.0,0.08,0.69,0.96,9.73,110.31,5.62,4.06,0,0,0,0.0,0.0,0.0
1787615164.138976,08:46:04.138,8542,139.249,27.41,1011.48,14.746,0.0,0.0,0.0,0.08,-0.11,0.0,0.08,0.69,0.96,9.73,110.31,5.62,4.06,0,0,0,0.0,0.0,0.0
1787615164.139131,08:46:04.139,8543,139.259,27.41,1011.48,14.746,0.0,0.0,0.0,0.08,-0.11,0.0,0.08,0.69,0.96,9.73,110.31,5.62,4.06,0,0,0,0.0,0.0,0.0
1787615164.139262,08:46:04.139,8544,139.269,27.41,1011.48,14.746,0.0,0.0,0.0,0.08,-0.11,0.0,0.08,0.69,0.96,9.73,110.31,5.62,4.06,0,0,0,0.0,0.0,0.0
1787615164.139391,08:46:04.139,8545,139.279,27.41,1011.48,14.746,0.0,0.0,0.0,0.08,-0.11,0.0,0.08,0.69,0.96,9.73,110.31,5.62,4.06,0,0,0,0.0,0.0,0.0
1787615164.139518,08:46:04.139,8546,139.289,27.41,1011.48,14.746,0.0,0.0,0.0,0.08,-0.11,0.0,0.08,0.69,0.96,9.73,110.31,5.62,4.06,0,0,0,0.0,0.0,0.0
1787615164.139645,08:46:04.139,8547,139.299,27.41,1011.48,14.746,0.0,0.0,0.0,0.08,-0.11,0.0,0.08,0.69,0.96,9.73,110.31,5.62,4.06,0,0,0,0.0,0.0,0.0
1787615164.139771,08:46:04.139,8548,139.309,27.41,1011.48,14.746,0.0,0.0,0.0,0.08,-0.11,0.0,0.08,0.69,0.96,9.73,110.31,5.62,4.06,0,0,0,0.0,0.0,0.0
1787615164.139896,08:46:04.139,8549,139.319,27.41,1011.48,14.746,0.0,0.0,0.0,0.08,-0.11,0.0,0.08,0.69,0.96,9.73,110.31,5.62,4.06,0,0,0,0.0,0.0,0.0
1787615164.140022,08:46:04.140,8550,139.329,27.41,1011.48,14.746,0.0,0.0,0.0,-0.13,-0.14,-0.02,-0.13,0.69,0.96,9.73,110.31,5.62,4.0,0,0,0,0.0,0.0,0.0
1787615164.140148,08:46:04.140,8551,139.339,27.41,1011.48,14.746,0.0,0.0,0.0,-0.13,-0.14,-0.02,-0.13,0.69,0.96,9.73,110.31,5.62,4.0,0,0,0,0.0,0.0,0.0
1787615164.240537,08:46:04.240,8552,139.349,27.41,1011.48,14.746,0.0,0.0,0.0,-0.13,-0.14,-0.02,-0.13,0.69,0.96,9.73,110.31,5.62,4.0,0,0,0,0.0,0.0,0.0
1787615164.240787,08:46:04.240,8553,139.359,27.41,1011.48,14.746,0.0,0.0,0.0,-0.13,-0.14,-0.02,-0.13,0.69,0.96,9.73,110.31,5.62,4.0,0,0,0,0.0,0.0,0.0
1787615164.240944,08:46:04.240,8554,139.369,27.39,1011.41,15.33,0.0,0.0,0.0,-0.13,-0.14,-0.02,-0.13,0.69,0.96,9.73,110.31,5.62,4.0,0,0,0,0.0,0.0,0.0
1787615164.241162,08:46:04.241,8555,139.379,27.39,1011.41,15.33,0.0,0.0,0.0,-0.13,-0.14,-0.02,-0.13,0.69,0.96,9.73,110.31,5.62,4.0,0,0,0,0.0,0.0,0.0
1787615164.241344,08:46:04.241,8556,139.389,27.39,1011.41,15.33,0.0,0.0,0.0,-0.13,-0.14,-0.02,-0.13,0.69,0.96,9.73,110.31,5.62,4.0,0,0,0,0.0,0.0,0.0
1787615164.241482,08:46:04.241,8557,139.399,27.39,1011.41,15.33,0.0,0.0,0.0,-0.13,-0.14,-0.02,-0.13,0.69,0.96,9.73,110.31,5.62,4.0,0,0,0,0.0,0.0,0.0
1787615164.241619,08:46:04.241,8558,139.409,27.39,1011.41,15.33,0.0,0.0,0.0,-0.13,-0.14,-0.02,-0.13,0.69,0.96,9.73,110.31,5.62,4.0,0,0,0,0.0,0.0,0.0
1787615164.241757,08:46:04.241,8559,139.419,27.39,1011.41,15.33,0.0,0.0,0.0,-0.13,-0.14,-0.02,-0.13,0.69,0.96,9.73,110.31,5.62,4.0,0,0,0,0.0,0.0,0.0
1787615164.241895,08:46:04.241,8560,139.429,27.39,1011.41,15.33,0.0,0.0,0.0,-0.03,-0.13,-0.02,-0.03,0.68,0.98,9.73,110.31,5.75,4.0,0,0,0,0.0,0.0,0.0
1787615164.242033,08:46:04.242,8561,139.439,27.39,1011.41,15.33,0.0,0.0,0.0,-0.03,-0.13,-0.02,-0.03,0.68,0.98,9.73,110.31,5.75,4.0,0,0,0,0.0,0.0,0.0
1787615164.343449,08:46:04.343,8562,139.449,27.39,1011.41,15.33,0.0,0.0,0.0,-0.03,-0.13,-0.02,-0.03,0.68,0.98,9.73,110.31,5.75,4.0,0,0,0,0.0,0.0,0.0
1787615164.344264,08:46:04.344,8563,139.459,27.39,1011.41,15.33,0.0,0.0,0.0,-0.03,-0.13,-0.02,-0.03,0.68,0.98,9.73,110.31,5.75,4.0,0,0,0,0.0,0.0,0.0
1787615164.344569,08:46:04.344,8564,139.469,27.39,1011.41,15.33,0.0,0.0,0.0,-0.03,-0.13,-0.02,-0.03,0.68,0.98,9.73,110.31,5.75,4.0,0,0,0,0.0,0.0,0.0
1787615164.344859,08:46:04.344,8565,139.479,27.39,1011.41,15.33,0.0,0.0,0.0,-0.03,-0.13,-0.02,-0.03,0.68,0.98,9.73,110.31,5.75,4.0,0,0,0,0.0,0.0,0.0
1787615164.345145,08:46:04.345,8566,139.489,27.39,1011.41,15.33,0.0,0.0,0.0,-0.03,-0.13,-0.02,-0.03,0.68,0.98,9.73,110.31,5.75,4.0,0,0,0,0.0,0.0,0.0
1787615164.345529,08:46:04.345,8567,139.499,27.39,1011.41,15.33,0.0,0.0,0.0,-0.03,-0.13,-0.02,-0.03,0.68,0.98,9.73,110.31,5.75,4.0,0,0,0,0.0,0.0,0.0
1787615164.345815,08:46:04.345,8568,139.509,27.39,1011.41,15.33,0.0,0.0,0.0,-0.03,-0.13,-0.02,-0.03,0.68,0.98,9.73,110.31,5.75,4.0,0,0,0,0.0,0.0,0.0
1787615164.346080,08:46:04.346,8569,139.519,27.39,1011.41,15.33,0.0,0.0,0.0,-0.03,-0.13,-0.02,-0.03,0.68,0.98,9.73,110.31,5.75,4.0,0,0,0,0.0,0.0,0.0
1787615164.346346,08:46:04.346,8570,139.529,27.39,1011.41,15.33,0.0,0.0,0.0,-0.12,-0.05,0.06,-0.12,0.68,0.99,9.73,110.25,5.81,3.93,0,0,0,0.0,0.0,0.0
1787615164.447796,08:46:04.447,8571,139.539,27.39,1011.41,15.33,0.0,0.0,0.0,-0.12,-0.05,0.06,-0.12,0.68,0.99,9.73,110.25,5.81,3.93,0,0,0,0.0,0.0,0.0
1787615164.448166,08:46:04.448,8572,139.549,27.39,1011.41,15.33,0.0,0.0,0.0,-0.12,-0.05,0.06,-0.12,0.68,0.99,9.73,110.25,5.81,3.93,0,0,0,0.0,0.0,0.0
1787615164.448392,08:46:04.448,8573,139.559,27.39,1011.41,15.33,0.0,0.0,0.0,-0.12,-0.05,0.06,-0.12,0.68,0.99,9.73,110.25,5.81,3.93,0,0,0,0.0,0.0,0.0
1787615164.448613,08:46:04.448,8574,139.569,27.37,1011.41,15.33,0.0,0.0,0.0,-0.12,-0.05,0.06,-0.12,0.68,0.99,9.73,110.25,5.81,3.93,0,0,0,0.0,0.0,0.0
1787615164.448841,08:46:04.448,8575,139.579,27.37,1011.41,15.33,0.0,0.0,0.0,-0.12,-0.05,0.06,-0.12,0.68,0.99,9.73,110.25,5.81,3.93,0,0,0,0.0,0.0,0.0
1787615164.449061,08:46:04.449,8576,139.589,27.37,1011.41,15.33,0.0,0.0,0.0,-0.12,-0.05,0.06,-0.12,0.68,0.99,9.73,110.25,5.81,3.93,0,0,0,0.0,0.0,0.0
1787615164.449282,08:46:04.449,8577,139.599,27.37,1011.41,15.33,0.0,0.0,0.0,-0.12,-0.05,0.06,-0.12,0.68,0.99,9.73,110.25,5.81,3.93,0,0,0,0.0,0.0,0.0
1787615164.449499,08:46:04.449,8578,139.609,27.37,1011.41,15.33,0.0,0.0,0.0,-0.12,-0.05,0.06,-0.12,0.68,0.99,9.73,110.25,5.81,3.93,0,0,0,0.0,0.0,0.0
1787615164.449715,08:46:04.449,8579,139.619,27.37,1011.41,15.33,0.0,0.0,0.0,-0.12,-0.05,0.06,-0.12,0.68,0.99,9.73,110.25,5.81,3.93,0,0,0,0.0,0.0,0.0
1787615164.449932,08:46:04.449,8580,139.629,27.37,1011.41,15.33,0.0,0.0,0.0,-0.15,-0.13,-0.19,-0.15,0.67,0.98,9.73,110.12,5.75,3.93,0,0,0,0.0,0.0,0.0
1787615164.450151,08:46:04.450,8581,139.639,27.37,1011.41,15.33,0.0,0.0,0.0,-0.15,-0.13,-0.19,-0.15,0.67,0.98,9.73,110.12,5.75,3.93,0,0,0,0.0,0.0,0.0
1787615164.551038,08:46:04.551,8582,139.649,27.37,1011.41,15.33,0.0,0.0,0.0,-0.15,-0.13,-0.19,-0.15,0.67,0.98,9.73,110.12,5.75,3.93,0,0,0,0.0,0.0,0.0
1787615164.551412,08:46:04.551,8583,139.659,27.37,1011.41,15.33,0.0,0.0,0.0,-0.15,-0.13,-0.19,-0.15,0.67,0.98,9.73,110.12,5.75,3.93,0,0,0,0.0,0.0,0.0
1787615164.551653,08:46:04.551,8584,139.669,27.37,1011.41,15.33,0.0,0.0,0.0,-0.15,-0.13,-0.19,-0.15,0.67,0.98,9.73,110.12,5.75,3.93,0,0,0,0.0,0.0,0.0
1787615164.551886,08:46:04.551,8585,139.679,27.37,1011.41,15.33,0.0,0.0,0.0,-0.15,-0.13,-0.19,-0.15,0.67,0.98,9.73,110.12,5.75,3.93,0,0,0,0.0,0.0,0.0
1787615164.552110,08:46:04.552,8586,139.689,27.37,1011.41,15.33,0.0,0.0,0.0,-0.15,-0.13,-0.19,-0.15,0.67,0.98,9.73,110.12,5.75,3.93,0,0,0,0.0,0.0,0.0
1787615164.552333,08:46:04.552,8587,139.699,27.37,1011.41,15.33,0.0,0.0,0.0,-0.15,-0.13,-0.19,-0.15,0.67,0.98,9.73,110.12,5.75,3.93,0,0,0,0.0,0.0,0.0
1787615164.552571,08:46:04.552,8588,139.709,27.37,1011.41,15.33,0.0,0.0,0.0,-0.15,-0.13,-0.19,-0.15,0.67,0.98,9.73,110.12,5.75,3.93,0,0,0,0.0,0.0,0.0
1787615164.552794,08:46:04.552,8589,139.719,27.37,1011.41,15.33,0.0,0.0,0.0,-0.15,-0.13,-0.19,-0.15,0.67,0.98,9.73,110.12,5.75,3.93,0,0,0,0.0,0.0,0.0
1787615164.553014,08:46:04.553,8590,139.729,27.37,1011.41,15.33,0.0,0.0,0.0,-0.12,-0.08,-0.04,-0.12,0.67,0.98,9.73,110.0,5.75,3.93,0,0,0,0.0,0.0,0.0
1787615164.553233,08:46:04.553,8591,139.739,27.37,1011.41,15.33,0.0,0.0,0.0,-0.12,-0.08,-0.04,-0.12,0.67,0.98,9.73,110.0,5.75,3.93,0,0,0,0.0,0.0,0.0
1787615164.653957,08:46:04.653,8592,139.749,27.37,1011.41,15.33,0.0,0.0,0.0,-0.12,-0.08,-0.04,-0.12,0.67,0.98,9.73,110.0,5.75,3.93,0,0,0,0.0,0.0,0.0
1787615164.654533,08:46:04.654,8593,139.759,27.37,1011.41,15.33,0.0,0.0,0.0,-0.12,-0.08,-0.04,-0.12,0.67,0.98,9.73,110.0,5.75,3.93,0,0,0,0.0,0.0,0.0
1787615164.654828,08:46:04.654,8594,139.769,27.37,1011.39,15.496,0.0,0.0,0.0,-0.12,-0.08,-0.04,-0.12,0.67,0.98,9.73,110.0,5.75,3.93,0,0,0,0.0,0.0,0.0
1787615164.655109,08:46:04.655,8595,139.779,27.37,1011.39,15.496,0.0,0.0,0.0,-0.12,-0.08,-0.04,-0.12,0.67,0.98,9.73,110.0,5.75,3.93,0,0,0,0.0,0.0,0.0
1787615164.655385,08:46:04.655,8596,139.789,27.37,1011.39,15.496,0.0,0.0,0.0,-0.12,-0.08,-0.04,-0.12,0.67,0.98,9.73,110.0,5.75,3.93,0,0,0,0.0,0.0,0.0
1787615164.655662,08:46:04.655,8597,139.799,27.37,1011.39,15.496,0.0,0.0,0.0,-0.12,-0.08,-0.04,-0.12,0.67,0.98,9.73,110.0,5.75,3.93,0,0,0,0.0,0.0,0.0
1787615164.655938,08:46:04.655,8598,139.809,27.37,1011.39,15.496,0.0,0.0,0.0,-0.12,-0.08,-0.04,-0.12,0.67,0.98,9.73,110.0,5.75,3.93,0,0,0,0.0,0.0,0.0
1787615164.656208,08:46:04.656,8599,139.819,27.37,1011.39,15.496,0.0,0.0,0.0,-0.12,-0.08,-0.04,-0.12,0.67,0.98,9.73,110.0,5.75,3.93,0,0,0,0.0,0.0,0.0
1787615164.656485,08:46:04.656,8600,139.829,27.37,1011.39,15.496,0.0,0.0,0.0,-0.09,-0.25,-0.13,-0.09,0.67,0.98,9.73,110.0,5.75,3.87,0,0,0,0.0,0.0,0.0
1787615164.656760,08:46:04.656,8601,139.839,27.37,1011.39,15.496,0.0,0.0,0.0,-0.09,-0.25,-0.13,-0.09,0.67,0.98,9.73,110.0,5.75,3.87,0,0,0,0.0,0.0,0.0
1787615164.657028,08:46:04.657,8602,139.849,27.37,1011.39,15.496,0.0,0.0,0.0,-0.09,-0.25,-0.13,-0.09,0.67,0.98,9.73,110.0,5.75,3.87,0,0,0,0.0,0.0,0.0
1787615164.758563,08:46:04.758,8603,139.859,27.37,1011.39,15.496,0.0,0.0,0.0,-0.09,-0.25,-0.13,-0.09,0.67,0.98,9.73,110.0,5.75,3.87,0,0,0,0.0,0.0,0.0
1787615164.759987,08:46:04.759,8604,139.869,27.37,1011.39,15.496,0.0,0.0,0.0,-0.09,-0.25,-0.13,-0.09,0.67,0.98,9.73,110.0,5.75,3.87,0,0,0,0.0,0.0,0.0
1787615164.760711,08:46:04.760,8605,139.879,27.37,1011.39,15.496,0.0,0.0,0.0,-0.09,-0.25,-0.13,-0.09,0.67,0.98,9.73,110.0,5.75,3.87,0,0,0,0.0,0.0,0.0
1787615164.761542,08:46:04.761,8606,139.889,27.37,1011.39,15.496,0.0,0.0,0.0,-0.09,-0.25,-0.13,-0.09,0.67,0.98,9.73,110.0,5.75,3.87,0,0,0,0.0,0.0,0.0
1787615164.762643,08:46:04.762,8607,139.899,27.37,1011.39,15.496,0.0,0.0,0.0,-0.09,-0.25,-0.13,-0.09,0.67,0.98,9.73,110.0,5.75,3.87,0,0,0,0.0,0.0,0.0
1787615164.763400,08:46:04.763,8608,139.909,27.37,1011.39,15.496,0.0,0.0,0.0,-0.09,-0.25,-0.13,-0.09,0.67,0.98,9.73,110.0,5.75,3.87,0,0,0,0.0,0.0,0.0
1787615164.763976,08:46:04.763,8609,139.919,27.37,1011.39,15.496,0.0,0.0,0.0,-0.09,-0.25,-0.13,-0.09,0.67,0.98,9.73,110.0,5.75,3.87,0,0,0,0.0,0.0,0.0
1787615164.764328,08:46:04.764,8610,139.929,27.37,1011.39,15.496,0.0,0.0,0.0,-0.05,-0.12,0.15,-0.05,0.66,1.0,9.73,109.93,5.87,3.87,0,0,0,0.0,0.0,0.0
1787615164.764690,08:46:04.764,8611,139.939,27.37,1011.39,15.496,0.0,0.0,0.0,-0.05,-0.12,0.15,-0.05,0.66,1.0,9.73,109.93,5.87,3.87,0,0,0,0.0,0.0,0.0
1787615164.765064,08:46:04.765,8612,139.949,27.37,1011.39,15.496,0.0,0.0,0.0,-0.05,-0.12,0.15,-0.05,0.66,1.0,9.73,109.93,5.87,3.87,0,0,0,0.0,0.0,0.0
1787615164.865935,08:46:04.865,8613,139.959,27.37,1011.39,15.496,0.0,0.0,0.0,-0.05,-0.12,0.15,-0.05,0.66,1.0,9.73,109.93,5.87,3.87,0,0,0,0.0,0.0,0.0
1787615164.866322,08:46:04.866,8614,139.969,27.37,1011.41,15.33,0.0,0.0,0.0,-0.05,-0.12,0.15,-0.05,0.66,1.0,9.73,109.93,5.87,3.87,0,0,0,0.0,0.0,0.0
1787615164.866555,08:46:04.866,8615,139.979,27.37,1011.41,15.33,0.0,0.0,0.0,-0.05,-0.12,0.15,-0.05,0.66,1.0,9.73,109.93,5.87,3.87,0,0,0,0.0,0.0,0.0
1787615164.866778,08:46:04.866,8616,139.989,27.37,1011.41,15.33,0.0,0.0,0.0,-0.05,-0.12,0.15,-0.05,0.66,1.0,9.73,109.93,5.87,3.87,0,0,0,0.0,0.0,0.0
1787615164.866999,08:46:04.866,8617,139.999,27.37,1011.41,15.33,0.0,0.0,0.0,-0.05,-0.12,0.15,-0.05,0.66,1.0,9.73,109.93,5.87,3.87,0,0,0,0.0,0.0,0.0
1787615164.867217,08:46:04.867,8618,140.009,27.37,1011.41,15.33,0.0,0.0,0.0,-0.05,-0.12,0.15,-0.05,0.66,1.0,9.73,109.93,5.87,3.87,0,0,0,0.0,0.0,0.0
1787615164.867434,08:46:04.867,8619,140.019,27.37,1011.41,15.33,0.0,0.0,0.0,-0.05,-0.12,0.15,-0.05,0.66,1.0,9.73,109.93,5.87,3.87,0,0,0,0.0,0.0,0.0
1787615164.867658,08:46:04.867,8620,140.029,27.37,1011.41,15.33,0.0,0.0,0.0,0.02,-0.09,0.0,0.02,0.66,1.01,9.73,109.93,5.87,3.87,0,0,0,0.0,0.0,0.0
1787615164.867878,08:46:04.867,8621,140.039,27.37,1011.41,15.33,0.0,0.0,0.0,0.02,-0.09,0.0,0.02,0.66,1.01,9.73,109.93,5.87,3.87,0,0,0,0.0,0.0,0.0
1787615164.868095,08:46:04.868,8622,140.049,27.37,1011.41,15.33,0.0,0.0,0.0,0.02,-0.09,0.0,0.02,0.66,1.01,9.73,109.93,5.87,3.87,0,0,0,0.0,0.0,0.0
1787615164.868312,08:46:04.868,8623,140.059,27.37,1011.41,15.33,0.0,0.0,0.0,0.02,-0.09,0.0,0.02,0.66,1.01,9.73,109.93,5.87,3.87,0,0,0,0.0,0.0,0.0
1787615164.968738,08:46:04.968,8624,140.069,27.37,1011.41,15.33,0.0,0.0,0.0,0.02,-0.09,0.0,0.02,0.66,1.01,9.73,109.93,5.87,3.87,0,0,0,0.0,0.0,0.0
1787615164.969106,08:46:04.969,8625,140.079,27.37,1011.41,15.33,0.0,0.0,0.0,0.02,-0.09,0.0,0.02,0.66,1.01,9.73,109.93,5.87,3.87,0,0,0,0.0,0.0,0.0
1787615164.969337,08:46:04.969,8626,140.089,27.37,1011.41,15.33,0.0,0.0,0.0,0.02,-0.09,0.0,0.02,0.66,1.01,9.73,109.93,5.87,3.87,0,0,0,0.0,0.0,0.0
1787615164.969560,08:46:04.969,8627,140.099,27.37,1011.41,15.33,0.0,0.0,0.0,0.02,-0.09,0.0,0.02,0.66,1.01,9.73,109.93,5.87,3.87,0,0,0,0.0,0.0,0.0
1787615164.969783,08:46:04.969,8628,140.109,27.37,1011.41,15.33,0.0,0.0,0.0,0.02,-0.09,0.0,0.02,0.66,1.01,9.73,109.93,5.87,3.87,0,0,0,0.0,0.0,0.0
1787615164.970002,08:46:04.970,8629,140.119,27.37,1011.41,15.33,0.0,0.0,0.0,0.02,-0.09,0.0,0.02,0.66,1.01,9.73,109.93,5.87,3.87,0,0,0,0.0,0.0,0.0
1787615164.970221,08:46:04.970,8630,140.129,27.37,1011.41,15.33,0.0,0.0,0.0,-0.14,-0.07,0.13,-0.14,0.66,1.0,9.73,109.93,5.81,3.87,0,0,0,0.0,0.0,0.0
1787615164.970442,08:46:04.970,8631,140.14,27.37,1011.41,15.33,0.0,0.0,0.0,-0.14,-0.07,0.13,-0.14,0.66,1.0,9.73,109.93,5.81,3.87,0,0,0,0.0,0.0,0.0
1787615164.970661,08:46:04.970,8632,140.149,27.37,1011.41,15.33,0.0,0.0,0.0,-0.14,-0.07,0.13,-0.14,0.66,1.0,9.73,109.93,5.81,3.87,0,0,0,0.0,0.0,0.0
1787615164.970881,08:46:04.970,8633,140.159,27.37,1011.41,15.33,0.0,0.0,0.0,-0.14,-0.07,0.13,-0.14,0.66,1.0,9.73,109.93,5.81,3.87,0,0,0,0.0,0.0,0.0
1787615165.071996,08:46:05.071,8634,140.169,27.37,1011.43,15.164,0.0,0.0,0.0,-0.14,-0.07,0.13,-0.14,0.66,1.0,9.73,109.93,5.81,3.87,0,0,0,0.0,0.0,0.0
1787615165.072257,08:46:05.072,8635,140.179,27.37,1011.43,15.164,0.0,0.0,0.0,-0.14,-0.07,0.13,-0.14,0.66,1.0,9.73,109.93,5.81,3.87,0,0,0,0.0,0.0,0.0
1787615165.072410,08:46:05.072,8636,140.189,27.37,1011.43,15.164,0.0,0.0,0.0,-0.14,-0.07,0.13,-0.14,0.66,1.0,9.73,109.93,5.81,3.87,0,0,0,0.0,0.0,0.0
1787615165.072557,08:46:05.072,8637,140.199,27.37,1011.43,15.164,0.0,0.0,0.0,-0.14,-0.07,0.13,-0.14,0.66,1.0,9.73,109.93,5.81,3.87,0,0,0,0.0,0.0,0.0
1787615165.072703,08:46:05.072,8638,140.209,27.37,1011.43,15.164,0.0,0.0,0.0,-0.14,-0.07,0.13,-0.14,0.66,1.0,9.73,109.93,5.81,3.87,0,0,0,0.0,0.0,0.0
1787615165.072865,08:46:05.072,8639,140.219,27.37,1011.43,15.164,0.0,0.0,0.0,-0.14,-0.07,0.13,-0.14,0.66,1.0,9.73,109.93,5.81,3.87,0,0,0,0.0,0.0,0.0
1787615165.073020,08:46:05.073,8640,140.229,27.37,1011.43,15.164,0.0,0.0,0.0,-0.14,-0.06,-0.18,-0.14,0.66,0.99,9.73,109.93,5.81,3.87,0,0,0,0.0,0.0,0.0
1787615165.073165,08:46:05.073,8641,140.239,27.37,1011.43,15.164,0.0,0.0,0.0,-0.14,-0.06,-0.18,-0.14,0.66,0.99,9.73,109.93,5.81,3.87,0,0,0,0.0,0.0,0.0
1787615165.073308,08:46:05.073,8642,140.249,27.37,1011.43,15.164,0.0,0.0,0.0,-0.14,-0.06,-0.18,-0.14,0.66,0.99,9.73,109.93,5.81,3.87,0,0,0,0.0,0.0,0.0
1787615165.073451,08:46:05.073,8643,140.259,27.37,1011.43,15.164,0.0,0.0,0.0,-0.14,-0.06,-0.18,-0.14,0.66,0.99,9.73,109.93,5.81,3.87,0,0,0,0.0,0.0,0.0
1787615165.073592,08:46:05.073,8644,140.269,27.37,1011.43,15.164,0.0,0.0,0.0,-0.14,-0.06,-0.18,-0.14,0.66,0.99,9.73,109.93,5.81,3.87,0,0,0,0.0,0.0,0.0
1787615165.174569,08:46:05.174,8645,140.279,27.37,1011.43,15.164,0.0,0.0,0.0,-0.14,-0.06,-0.18,-0.14,0.66,0.99,9.73,109.93,5.81,3.87,0,0,0,0.0,0.0,0.0
1787615165.175110,08:46:05.175,8646,140.289,27.37,1011.43,15.164,0.0,0.0,0.0,-0.14,-0.06,-0.18,-0.14,0.66,0.99,9.73,109.93,5.81,3.87,0,0,0,0.0,0.0,0.0
1787615165.175351,08:46:05.175,8647,140.299,27.37,1011.43,15.164,0.0,0.0,0.0,-0.14,-0.06,-0.18,-0.14,0.66,0.99,9.73,109.93,5.81,3.87,0,0,0,0.0,0.0,0.0
1787615165.175556,08:46:05.175,8648,140.309,27.37,1011.43,15.164,0.0,0.0,0.0,-0.14,-0.06,-0.18,-0.14,0.66,0.99,9.73,109.93,5.81,3.87,0,0,0,0.0,0.0,0.0
1787615165.175755,08:46:05.175,8649,140.319,27.37,1011.43,15.164,0.0,0.0,0.0,-0.14,-0.06,-0.18,-0.14,0.66,0.99,9.73,109.93,5.81,3.87,0,0,0,0.0,0.0,0.0
1787615165.175951,08:46:05.175,8650,140.329,27.37,1011.43,15.164,0.0,0.0,0.0,-0.1,-0.12,-0.06,-0.1,0.66,0.99,9.73,109.93,5.81,3.87,0,0,0,0.0,0.0,0.0
1787615165.176147,08:46:05.176,8651,140.339,27.37,1011.43,15.164,0.0,0.0,0.0,-0.1,-0.12,-0.06,-0.1,0.66,0.99,9.73,109.93,5.81,3.87,0,0,0,0.0,0.0,0.0
1787615165.176339,08:46:05.176,8652,140.349,27.37,1011.43,15.164,0.0,0.0,0.0,-0.1,-0.12,-0.06,-0.1,0.66,0.99,9.73,109.93,5.81,3.87,0,0,0,0.0,0.0,0.0
1787615165.176531,08:46:05.176,8653,140.359,27.37,1011.43,15.164,0.0,0.0,0.0,-0.1,-0.12,-0.06,-0.1,0.66,0.99,9.73,109.93,5.81,3.87,0,0,0,0.0,0.0,0.0
1787615165.176726,08:46:05.176,8654,140.369,27.36,1011.44,15.079,0.0,0.0,0.0,-0.1,-0.12,-0.06,-0.1,0.66,0.99,9.73,109.93,5.81,3.87,0,0,0,0.0,0.0,0.0
1787615165.278195,08:46:05.278,8655,140.379,27.36,1011.44,15.079,0.0,0.0,0.0,-0.1,-0.12,-0.06,-0.1,0.66,0.99,9.73,109.93,5.81,3.87,0,0,0,0.0,0.0,0.0
1787615165.279237,08:46:05.279,8656,140.389,27.36,1011.44,15.079,0.0,0.0,0.0,-0.1,-0.12,-0.06,-0.1,0.66,0.99,9.73,109.93,5.81,3.87,0,0,0,0.0,0.0,0.0
1787615165.279661,08:46:05.279,8657,140.399,27.36,1011.44,15.079,0.0,0.0,0.0,-0.1,-0.12,-0.06,-0.1,0.66,0.99,9.73,109.93,5.81,3.87,0,0,0,0.0,0.0,0.0
1787615165.280060,08:46:05.280,8658,140.409,27.36,1011.44,15.079,0.0,0.0,0.0,-0.1,-0.12,-0.06,-0.1,0.66,0.99,9.73,109.93,5.81,3.87,0,0,0,0.0,0.0,0.0
1787615165.280459,08:46:05.280,8659,140.419,27.36,1011.44,15.079,0.0,0.0,0.0,-0.1,-0.12,-0.06,-0.1,0.66,0.99,9.73,109.93,5.81,3.87,0,0,0,0.0,0.0,0.0
1787615165.280845,08:46:05.280,8660,140.429,27.36,1011.44,15.079,0.0,0.0,0.0,-0.04,-0.06,0.0,-0.04,0.66,0.99,9.73,109.93,5.81,3.87,0,0,0,0.0,0.0,0.0
1787615165.281231,08:46:05.281,8661,140.439,27.36,1011.44,15.079,0.0,0.0,0.0,-0.04,-0.06,0.0,-0.04,0.66,0.99,9.73,109.93,5.81,3.87,0,0,0,0.0,0.0,0.0
1787615165.281619,08:46:05.281,8662,140.449,27.36,1011.44,15.079,0.0,0.0,0.0,-0.04,-0.06,0.0,-0.04,0.66,0.99,9.73,109.93,5.81,3.87,0,0,0,0.0,0.0,0.0
1787615165.282005,08:46:05.282,8663,140.459,27.36,1011.44,15.079,0.0,0.0,0.0,-0.04,-0.06,0.0,-0.04,0.66,0.99,9.73,109.93,5.81,3.87,0,0,0,0.0,0.0,0.0
1787615165.282382,08:46:05.282,8664,140.469,27.36,1011.44,15.079,0.0,0.0,0.0,-0.04,-0.06,0.0,-0.04,0.66,0.99,9.73,109.93,5.81,3.87,0,0,0,0.0,0.0,0.0
1787615165.282770,08:46:05.282,8665,140.479,27.36,1011.44,15.079,0.0,0.0,0.0,-0.04,-0.06,0.0,-0.04,0.66,0.99,9.73,109.93,5.81,3.87,0,0,0,0.0,0.0,0.0
1787615165.384351,08:46:05.384,8666,140.489,27.36,1011.44,15.079,0.0,0.0,0.0,-0.04,-0.06,0.0,-0.04,0.66,0.99,9.73,109.93,5.81,3.87,0,0,0,0.0,0.0,0.0
1787615165.384795,08:46:05.384,8667,140.499,27.36,1011.44,15.079,0.0,0.0,0.0,-0.04,-0.06,0.0,-0.04,0.66,0.99,9.73,109.93,5.81,3.87,0,0,0,0.0,0.0,0.0
1787615165.385034,08:46:05.385,8668,140.509,27.36,1011.44,15.079,0.0,0.0,0.0,-0.04,-0.06,0.0,-0.04,0.66,0.99,9.73,109.93,5.81,3.87,0,0,0,0.0,0.0,0.0
1787615165.385266,08:46:05.385,8669,140.519,27.36,1011.44,15.079,0.0,0.0,0.0,-0.04,-0.06,0.0,-0.04,0.66,0.99,9.73,109.93,5.81,3.87,0,0,0,0.0,0.0,0.0
1787615165.385493,08:46:05.385,8670,140.529,27.36,1011.44,15.079,0.0,0.0,0.0,-0.18,-0.25,-0.22,-0.18,0.67,0.98,9.73,110.0,5.75,3.87,0,0,0,0.0,0.0,0.0
1787615165.385722,08:46:05.385,8671,140.539,27.36,1011.44,15.079,0.0,0.0,0.0,-0.18,-0.25,-0.22,-0.18,0.67,0.98,9.73,110.0,5.75,3.87,0,0,0,0.0,0.0,0.0
1787615165.385957,08:46:05.385,8672,140.549,27.36,1011.44,15.079,0.0,0.0,0.0,-0.18,-0.25,-0.22,-0.18,0.67,0.98,9.73,110.0,5.75,3.87,0,0,0,0.0,0.0,0.0
1787615165.386182,08:46:05.386,8673,140.559,27.36,1011.44,15.079,0.0,0.0,0.0,-0.18,-0.25,-0.22,-0.18,0.67,0.98,9.73,110.0,5.75,3.87,0,0,0,0.0,0.0,0.0
1787615165.386407,08:46:05.386,8674,140.569,27.35,1011.43,15.164,0.0,0.0,0.0,-0.18,-0.25,-0.22,-0.18,0.67,0.98,9.73,110.0,5.75,3.87,0,0,0,0.0,0.0,0.0
1787615165.386629,08:46:05.386,8675,140.579,27.35,1011.43,15.164,0.0,0.0,0.0,-0.18,-0.25,-0.22,-0.18,0.67,0.98,9.73,110.0,5.75,3.87,0,0,0,0.0,0.0,0.0
1787615165.487235,08:46:05.487,8676,140.589,27.35,1011.43,15.164,0.0,0.0,0.0,-0.18,-0.25,-0.22,-0.18,0.67,0.98,9.73,110.0,5.75,3.87,0,0,0,0.0,0.0,0.0
1787615165.487571,08:46:05.487,8677,140.599,27.35,1011.43,15.164,0.0,0.0,0.0,-0.18,-0.25,-0.22,-0.18,0.67,0.98,9.73,110.0,5.75,3.87,0,0,0,0.0,0.0,0.0
1787615165.487780,08:46:05.487,8678,140.609,27.35,1011.43,15.164,0.0,0.0,0.0,-0.18,-0.25,-0.22,-0.18,0.67,0.98,9.73,110.0,5.75,3.87,0,0,0,0.0,0.0,0.0
1787615165.487980,08:46:05.487,8679,140.619,27.35,1011.43,15.164,0.0,0.0,0.0,-0.18,-0.25,-0.22,-0.18,0.67,0.98,9.73,110.0,5.75,3.87,0,0,0,0.0,0.0,0.0
1787615165.488174,08:46:05.488,8680,140.629,27.35,1011.43,15.164,0.0,0.0,0.0,0.66,0.5,-0.9,0.66,0.66,0.92,9.73,110.06,5.43,3.87,0,0,0,0.0,0.0,0.0
1787615165.488368,08:46:05.488,8681,140.639,27.35,1011.43,15.164,0.0,0.0,0.0,0.66,0.5,-0.9,0.66,0.66,0.92,9.73,110.06,5.43,3.87,0,0,0,0.0,0.0,0.0
1787615165.488563,08:46:05.488,8682,140.649,27.35,1011.43,15.164,0.0,0.0,0.0,0.66,0.5,-0.9,0.66,0.66,0.92,9.73,110.06,5.43,3.87,0,0,0,0.0,0.0,0.0
1787615165.488755,08:46:05.488,8683,140.659,27.35,1011.43,15.164,0.0,0.0,0.0,0.66,0.5,-0.9,0.66,0.66,0.92,9.73,110.06,5.43,3.87,0,0,0,0.0,0.0,0.0
1787615165.488947,08:46:05.488,8684,140.669,27.35,1011.43,15.164,0.0,0.0,0.0,0.66,0.5,-0.9,0.66,0.66,0.92,9.73,110.06,5.43,3.87,0,0,0,0.0,0.0,0.0
1787615165.489138,08:46:05.489,8685,140.679,27.35,1011.43,15.164,0.0,0.0,0.0,0.66,0.5,-0.9,0.66,0.66,0.92,9.73,110.06,5.43,3.87,0,0,0,0.0,0.0,0.0
1787615165.489330,08:46:05.489,8686,140.689,27.35,1011.43,15.164,0.0,0.0,0.0,0.66,0.5,-0.9,0.66,0.66,0.92,9.73,110.06,5.43,3.87,0,0,0,0.0,0.0,0.0
1787615165.590209,08:46:05.590,8687,140.699,27.35,1011.43,15.164,0.0,0.0,0.0,0.66,0.5,-0.9,0.66,0.66,0.92,9.73,110.06,5.43,3.87,0,0,0,0.0,0.0,0.0
1787615165.590611,08:46:05.590,8688,140.709,27.35,1011.43,15.164,0.0,0.0,0.0,0.66,0.5,-0.9,0.66,0.66,0.92,9.73,110.06,5.43,3.87,0,0,0,0.0,0.0,0.0
1787615165.590827,08:46:05.590,8689,140.719,27.35,1011.43,15.164,0.0,0.0,0.0,0.66,0.5,-0.9,0.66,0.66,0.92,9.73,110.06,5.43,3.87,0,0,0,0.0,0.0,0.0
1787615165.591036,08:46:05.591,8690,140.729,27.35,1011.43,15.164,0.0,0.0,0.0,0.66,-1.36,0.22,0.66,0.66,0.89,9.74,109.93,5.18,3.87,0,0,0,0.0,0.0,0.0
1787615165.591339,08:46:05.591,8691,140.739,27.35,1011.43,15.164,0.0,0.0,0.0,0.66,-1.36,0.22,0.66,0.66,0.89,9.74,109.93,5.18,3.87,0,0,0,0.0,0.0,0.0
1787615165.591534,08:46:05.591,8692,140.749,27.35,1011.43,15.164,0.0,0.0,0.0,0.66,-1.36,0.22,0.66,0.66,0.89,9.74,109.93,5.18,3.87,0,0,0,0.0,0.0,0.0
1787615165.591726,08:46:05.591,8693,140.759,27.35,1011.43,15.164,0.0,0.0,0.0,0.66,-1.36,0.22,0.66,0.66,0.89,9.74,109.93,5.18,3.87,0,0,0,0.0,0.0,0.0
1787615165.591915,08:46:05.591,8694,140.769,27.34,1011.43,15.164,0.0,0.0,0.0,0.66,-1.36,0.22,0.66,0.66,0.89,9.74,109.93,5.18,3.87,0,0,0,0.0,0.0,0.0
1787615165.592105,08:46:05.592,8695,140.779,27.34,1011.43,15.164,0.0,0.0,0.0,0.66,-1.36,0.22,0.66,0.66,0.89,9.74,109.93,5.18,3.87,0,0,0,0.0,0.0,0.0
1787615165.592293,08:46:05.592,8696,140.789,27.34,1011.43,15.164,0.0,0.0,0.0,0.66,-1.36,0.22,0.66,0.66,0.89,9.74,109.93,5.18,3.87,0,0,0,0.0,0.0,0.0
1787615165.692630,08:46:05.692,8697,140.799,27.34,1011.43,15.164,0.0,0.0,0.0,0.66,-1.36,0.22,0.66,0.66,0.89,9.74,109.93,5.18,3.87,0,0,0,0.0,0.0,0.0
1787615165.692946,08:46:05.692,8698,140.809,27.34,1011.43,15.164,0.0,0.0,0.0,0.66,-1.36,0.22,0.66,0.66,0.89,9.74,109.93,5.18,3.87,0,0,0,0.0,0.0,0.0
1787615165.693099,08:46:05.693,8699,140.819,27.34,1011.43,15.164,0.0,0.0,0.0,0.66,-1.36,0.22,0.66,0.66,0.89,9.74,109.93,5.18,3.87,0,0,0,0.0,0.0,0.0
1787615165.693241,08:46:05.693,8700,140.829,27.34,1011.43,15.164,0.0,0.0,0.0,0.21,-0.52,-0.45,0.21,0.66,0.89,9.74,109.93,5.18,3.87,0,0,0,0.0,0.0,0.0
1787615165.693382,08:46:05.693,8701,140.839,27.34,1011.43,15.164,0.0,0.0,0.0,0.21,-0.52,-0.45,0.21,0.66,0.89,9.74,109.93,5.18,3.87,0,0,0,0.0,0.0,0.0
1787615165.693520,08:46:05.693,8702,140.849,27.34,1011.43,15.164,0.0,0.0,0.0,0.21,-0.52,-0.45,0.21,0.66,0.89,9.74,109.93,5.18,3.87,0,0,0,0.0,0.0,0.0
1787615165.693657,08:46:05.693,8703,140.859,27.34,1011.43,15.164,0.0,0.0,0.0,0.21,-0.52,-0.45,0.21,0.66,0.89,9.74,109.93,5.18,3.87,0,0,0,0.0,0.0,0.0
1787615165.693794,08:46:05.693,8704,140.869,27.34,1011.43,15.164,0.0,0.0,0.0,0.21,-0.52,-0.45,0.21,0.66,0.89,9.74,109.93,5.18,3.87,0,0,0,0.0,0.0,0.0
1787615165.693931,08:46:05.693,8705,140.879,27.34,1011.43,15.164,0.0,0.0,0.0,0.21,-0.52,-0.45,0.21,0.66,0.89,9.74,109.93,5.18,3.87,0,0,0,0.0,0.0,0.0
1787615165.795289,08:46:05.795,8706,140.889,27.34,1011.43,15.164,0.0,0.0,0.0,0.21,-0.52,-0.45,0.21,0.66,0.89,9.74,109.93,5.18,3.87,0,0,0,0.0,0.0,0.0
1787615165.795609,08:46:05.795,8707,140.899,27.34,1011.43,15.164,0.0,0.0,0.0,0.21,-0.52,-0.45,0.21,0.66,0.89,9.74,109.93,5.18,3.87,0,0,0,0.0,0.0,0.0
1787615165.795805,08:46:05.795,8708,140.909,27.34,1011.43,15.164,0.0,0.0,0.0,0.21,-0.52,-0.45,0.21,0.66,0.89,9.74,109.93,5.18,3.87,0,0,0,0.0,0.0,0.0
1787615165.795995,08:46:05.795,8709,140.919,27.34,1011.43,15.164,0.0,0.0,0.0,0.21,-0.52,-0.45,0.21,0.66,0.89,9.74,109.93,5.18,3.87,0,0,0,0.0,0.0,0.0
1787615165.796183,08:46:05.796,8710,140.929,27.34,1011.43,15.164,0.0,0.0,0.0,1.02,-1.36,-1.07,1.02,0.66,0.87,9.74,110.0,5.12,3.87,0,0,0,0.0,0.0,0.0
1787615165.796372,08:46:05.796,8711,140.939,27.34,1011.43,15.164,0.0,0.0,0.0,1.02,-1.36,-1.07,1.02,0.66,0.87,9.74,110.0,5.12,3.87,0,0,0,0.0,0.0,0.0
1787615165.796672,08:46:05.796,8712,140.949,27.34,1011.43,15.164,0.0,0.0,0.0,1.02,-1.36,-1.07,1.02,0.66,0.87,9.74,110.0,5.12,3.87,0,0,0,0.0,0.0,0.0
1787615165.796888,08:46:05.796,8713,140.959,27.34,1011.43,15.164,0.0,0.0,0.0,1.02,-1.36,-1.07,1.02,0.66,0.87,9.74,110.0,5.12,3.87,0,0,0,0.0,0.0,0.0
1787615165.797075,08:46:05.797,8714,140.969,27.33,1011.41,15.33,0.0,0.0,0.0,1.02,-1.36,-1.07,1.02,0.66,0.87,9.74,110.0,5.12,3.87,0,0,0,0.0,0.0,0.0
1787615165.797260,08:46:05.797,8715,140.979,27.33,1011.41,15.33,0.0,0.0,0.0,1.02,-1.36,-1.07,1.02,0.66,0.87,9.74,110.0,5.12,3.87,0,0,0,0.0,0.0,0.0
1787615165.797444,08:46:05.797,8716,140.989,27.33,1011.41,15.33,0.0,0.0,0.0,1.02,-1.36,-1.07,1.02,0.66,0.87,9.74,110.0,5.12,3.87,0,0,0,0.0,0.0,0.0
1787615165.898955,08:46:05.898,8717,140.999,27.33,1011.41,15.33,0.0,0.0,0.0,1.02,-1.36,-1.07,1.02,0.66,0.87,9.74,110.0,5.12,3.87,0,0,0,0.0,0.0,0.0
1787615165.900348,08:46:05.900,8718,141.009,27.33,1011.41,15.33,0.0,0.0,0.0,1.02,-1.36,-1.07,1.02,0.66,0.87,9.74,110.0,5.12,3.87,0,0,0,0.0,0.0,0.0
1787615165.901022,08:46:05.901,8719,141.019,27.33,1011.41,15.33,0.0,0.0,0.0,1.02,-1.36,-1.07,1.02,0.66,0.87,9.74,110.0,5.12,3.87,0,0,0,0.0,0.0,0.0
1787615165.901415,08:46:05.901,8720,141.029,27.33,1011.41,15.33,0.0,0.0,0.0,0.35,0.17,-0.02,0.35,0.66,0.87,9.74,110.0,5.12,3.87,0,0,0,0.0,0.0,0.0
1787615165.901810,08:46:05.901,8721,141.039,27.33,1011.41,15.33,0.0,0.0,0.0,0.35,0.17,-0.02,0.35,0.66,0.87,9.74,110.0,5.12,3.87,0,0,0,0.0,0.0,0.0
1787615165.902200,08:46:05.902,8722,141.049,27.33,1011.41,15.33,0.0,0.0,0.0,0.35,0.17,-0.02,0.35,0.66,0.87,9.74,110.0,5.12,3.87,0,0,0,0.0,0.0,0.0
1787615165.902587,08:46:05.902,8723,141.059,27.33,1011.41,15.33,0.0,0.0,0.0,0.35,0.17,-0.02,0.35,0.66,0.87,9.74,110.0,5.12,3.87,0,0,0,0.0,0.0,0.0
1787615165.902972,08:46:05.902,8724,141.069,27.33,1011.41,15.33,0.0,0.0,0.0,0.35,0.17,-0.02,0.35,0.66,0.87,9.74,110.0,5.12,3.87,0,0,0,0.0,0.0,0.0
1787615165.903302,08:46:05.903,8725,141.079,27.33,1011.41,15.33,0.0,0.0,0.0,0.35,0.17,-0.02,0.35,0.66,0.87,9.74,110.0,5.12,3.87,0,0,0,0.0,0.0,0.0
1787615165.903629,08:46:05.903,8726,141.089,27.33,1011.41,15.33,0.0,0.0,0.0,0.35,0.17,-0.02,0.35,0.66,0.87,9.74,110.0,5.12,3.87,0,0,0,0.0,0.0,0.0
1787615166.005178,08:46:06.005,8727,141.099,27.33,1011.41,15.33,0.0,0.0,0.0,0.35,0.17,-0.02,0.35,0.66,0.87,9.74,110.0,5.12,3.87,0,0,0,0.0,0.0,0.0
1787615166.005669,08:46:06.005,8728,141.109,27.33,1011.41,15.33,0.0,0.0,0.0,0.35,0.17,-0.02,0.35,0.66,0.87,9.74,110.0,5.12,3.87,0,0,0,0.0,0.0,0.0
1787615166.005909,08:46:06.005,8729,141.119,27.33,1011.41,15.33,0.0,0.0,0.0,0.35,0.17,-0.02,0.35,0.66,0.87,9.74,110.0,5.12,3.87,0,0,0,0.0,0.0,0.0
1787615166.006138,08:46:06.006,8730,141.129,27.33,1011.41,15.33,0.0,0.0,0.0,0.0,0.18,-1.32,0.0,0.65,0.87,9.74,109.93,5.12,3.81,0,0,0,0.0,0.0,0.0
1787615166.006367,08:46:06.006,8731,141.139,27.33,1011.41,15.33,0.0,0.0,0.0,0.0,0.18,-1.32,0.0,0.65,0.87,9.74,109.93,5.12,3.81,0,0,0,0.0,0.0,0.0
1787615166.006589,08:46:06.006,8732,141.149,27.33,1011.41,15.33,0.0,0.0,0.0,0.0,0.18,-1.32,0.0,0.65,0.87,9.74,109.93,5.12,3.81,0,0,0,0.0,0.0,0.0
1787615166.006818,08:46:06.006,8733,141.159,27.33,1011.41,15.33,0.0,0.0,0.0,0.0,0.18,-1.32,0.0,0.65,0.87,9.74,109.93,5.12,3.81,0,0,0,0.0,0.0,0.0
1787615166.007037,08:46:06.007,8734,141.169,27.33,1011.41,15.33,0.0,0.0,0.0,0.0,0.18,-1.32,0.0,0.65,0.87,9.74,109.93,5.12,3.81,0,0,0,0.0,0.0,0.0
1787615166.007257,08:46:06.007,8735,141.179,27.33,1011.41,15.33,0.0,0.0,0.0,0.0,0.18,-1.32,0.0,0.65,0.87,9.74,109.93,5.12,3.81,0,0,0,0.0,0.0,0.0
1787615166.007479,08:46:06.007,8736,141.189,27.33,1011.41,15.33,0.0,0.0,0.0,0.0,0.18,-1.32,0.0,0.65,0.87,9.74,109.93,5.12,3.81,0,0,0,0.0,0.0,0.0
1787615166.007700,08:46:06.007,8737,141.199,27.33,1011.41,15.33,0.0,0.0,0.0,0.0,0.18,-1.32,0.0,0.65,0.87,9.74,109.93,5.12,3.81,0,0,0,0.0,0.0,0.0
1787615166.109264,08:46:06.109,8738,141.209,27.33,1011.41,15.33,0.0,0.0,0.0,0.0,0.18,-1.32,0.0,0.65,0.87,9.74,109.93,5.12,3.81,0,0,0,0.0,0.0,0.0
1787615166.110721,08:46:06.110,8739,141.219,27.33,1011.41,15.33,0.0,0.0,0.0,0.0,0.18,-1.32,0.0,0.65,0.87,9.74,109.93,5.12,3.81,0,0,0,0.0,0.0,0.0
1787615166.111417,08:46:06.111,8740,141.229,27.33,1011.41,15.33,0.0,0.0,0.0,0.03,-0.16,0.9,0.03,0.65,0.87,9.74,109.93,5.12,3.81,0,0,0,0.0,0.0,0.0
1787615166.111817,08:46:06.111,8741,141.239,27.33,1011.41,15.33,0.0,0.0,0.0,0.03,-0.16,0.9,0.03,0.65,0.87,9.74,109.93,5.12,3.81,0,0,0,0.0,0.0,0.0
1787615166.112229,08:46:06.112,8742,141.249,27.33,1011.41,15.33,0.0,0.0,0.0,0.03,-0.16,0.9,0.03,0.65,0.87,9.74,109.93,5.12,3.81,0,0,0,0.0,0.0,0.0
1787615166.112629,08:46:06.112,8743,141.259,27.33,1011.41,15.33,0.0,0.0,0.0,0.03,-0.16,0.9,0.03,0.65,0.87,9.74,109.93,5.12,3.81,0,0,0,0.0,0.0,0.0
1787615166.113038,08:46:06.113,8744,141.269,27.33,1011.41,15.33,0.0,0.0,0.0,0.03,-0.16,0.9,0.03,0.65,0.87,9.74,109.93,5.12,3.81,0,0,0,0.0,0.0,0.0
1787615166.113425,08:46:06.113,8745,141.279,27.33,1011.41,15.33,0.0,0.0,0.0,0.03,-0.16,0.9,0.03,0.65,0.87,9.74,109.93,5.12,3.81,0,0,0,0.0,0.0,0.0
1787615166.113785,08:46:06.113,8746,141.289,27.33,1011.41,15.33,0.0,0.0,0.0,0.03,-0.16,0.9,0.03,0.65,0.87,9.74,109.93,5.12,3.81,0,0,0,0.0,0.0,0.0
1787615166.114146,08:46:06.114,8747,141.299,27.33,1011.41,15.33,0.0,0.0,0.0,0.03,-0.16,0.9,0.03,0.65,0.87,9.74,109.93,5.12,3.81,0,0,0,0.0,0.0,0.0
1787615166.215634,08:46:06.215,8748,141.309,27.33,1011.41,15.33,0.0,0.0,0.0,0.03,-0.16,0.9,0.03,0.65,0.87,9.74,109.93,5.12,3.81,0,0,0,0.0,0.0,0.0
1787615166.215959,08:46:06.215,8749,141.319,27.33,1011.41,15.33,0.0,0.0,0.0,0.03,-0.16,0.9,0.03,0.65,0.87,9.74,109.93,5.12,3.81,0,0,0,0.0,0.0,0.0
1787615166.216134,08:46:06.216,8750,141.329,27.33,1011.41,15.33,0.0,0.0,0.0,-0.02,-1.89,-0.44,-0.02,0.65,0.85,9.74,110.0,5.0,3.75,0,0,0,0.0,0.0,0.0
1787615166.216292,08:46:06.216,8751,141.339,27.33,1011.41,15.33,0.0,0.0,0.0,-0.02,-1.89,-0.44,-0.02,0.65,0.85,9.74,110.0,5.0,3.75,0,0,0,0.0,0.0,0.0
1787615166.216446,08:46:06.216,8752,141.349,27.33,1011.41,15.33,0.0,0.0,0.0,-0.02,-1.89,-0.44,-0.02,0.65,0.85,9.74,110.0,5.0,3.75,0,0,0,0.0,0.0,0.0
1787615166.216599,08:46:06.216,8753,141.359,27.33,1011.41,15.33,0.0,0.0,0.0,-0.02,-1.89,-0.44,-0.02,0.65,0.85,9.74,110.0,5.0,3.75,0,0,0,0.0,0.0,0.0
1787615166.216749,08:46:06.216,8754,141.369,27.34,1011.41,15.33,0.0,0.0,0.0,-0.02,-1.89,-0.44,-0.02,0.65,0.85,9.74,110.0,5.0,3.75,0,0,0,0.0,0.0,0.0
1787615166.216899,08:46:06.216,8755,141.379,27.34,1011.41,15.33,0.0,0.0,0.0,-0.02,-1.89,-0.44,-0.02,0.65,0.85,9.74,110.0,5.0,3.75,0,0,0,0.0,0.0,0.0
1787615166.217096,08:46:06.217,8756,141.389,27.34,1011.41,15.33,0.0,0.0,0.0,-0.02,-1.89,-0.44,-0.02,0.65,0.85,9.74,110.0,5.0,3.75,0,0,0,0.0,0.0,0.0
1787615166.217247,08:46:06.217,8757,141.399,27.34,1011.41,15.33,0.0,0.0,0.0,-0.02,-1.89,-0.44,-0.02,0.65,0.85,9.74,110.0,5.0,3.75,0,0,0,0.0,0.0,0.0
1787615166.217396,08:46:06.217,8758,141.409,27.34,1011.41,15.33,0.0,0.0,0.0,-0.02,-1.89,-0.44,-0.02,0.65,0.85,9.74,110.0,5.0,3.75,0,0,0,0.0,0.0,0.0
1787615166.318741,08:46:06.318,8759,141.419,27.34,1011.41,15.33,0.0,0.0,0.0,-0.02,-1.89,-0.44,-0.02,0.65,0.85,9.74,110.0,5.0,3.75,0,0,0,0.0,0.0,0.0
1787615166.319008,08:46:06.319,8760,141.429,27.34,1011.41,15.33,0.0,0.0,0.0,-0.02,-1.89,-0.44,-0.02,0.65,0.85,9.74,110.0,5.0,3.75,0,0,0,0.0,0.0,0.0
1787615166.319160,08:46:06.319,8761,141.439,27.34,1011.41,15.33,0.0,0.0,0.0,-0.41,-0.29,1.15,-0.41,0.65,0.85,9.74,109.93,4.93,3.81,0,0,0,0.0,0.0,0.0
1787615166.319302,08:46:06.319,8762,141.449,27.34,1011.41,15.33,0.0,0.0,0.0,-0.41,-0.29,1.15,-0.41,0.65,0.85,9.74,109.93,4.93,3.81,0,0,0,0.0,0.0,0.0
1787615166.319446,08:46:06.319,8763,141.459,27.34,1011.41,15.33,0.0,0.0,0.0,-0.41,-0.29,1.15,-0.41,0.65,0.85,9.74,109.93,4.93,3.81,0,0,0,0.0,0.0,0.0
1787615166.319584,08:46:06.319,8764,141.469,27.34,1011.41,15.33,0.0,0.0,0.0,-0.41,-0.29,1.15,-0.41,0.65,0.85,9.74,109.93,4.93,3.81,0,0,0,0.0,0.0,0.0
1787615166.319722,08:46:06.319,8765,141.479,27.34,1011.41,15.33,0.0,0.0,0.0,-0.41,-0.29,1.15,-0.41,0.65,0.85,9.74,109.93,4.93,3.81,0,0,0,0.0,0.0,0.0
1787615166.319860,08:46:06.319,8766,141.489,27.34,1011.41,15.33,0.0,0.0,0.0,-0.41,-0.29,1.15,-0.41,0.65,0.85,9.74,109.93,4.93,3.81,0,0,0,0.0,0.0,0.0
1787615166.319997,08:46:06.319,8767,141.499,27.34,1011.41,15.33,0.0,0.0,0.0,-0.41,-0.29,1.15,-0.41,0.65,0.85,9.74,109.93,4.93,3.81,0,0,0,0.0,0.0,0.0
1787615166.320135,08:46:06.320,8768,141.509,27.34,1011.41,15.33,0.0,0.0,0.0,-0.41,-0.29,1.15,-0.41,0.65,0.85,9.74,109.93,4.93,3.81,0,0,0,0.0,0.0,0.0
1787615166.421468,08:46:06.421,8769,141.519,27.34,1011.41,15.33,0.0,0.0,0.0,-0.41,-0.29,1.15,-0.41,0.65,0.85,9.74,109.93,4.93,3.81,0,0,0,0.0,0.0,0.0
1787615166.421796,08:46:06.421,8770,141.529,27.34,1011.41,15.33,0.0,0.0,0.0,-0.41,-0.29,1.15,-0.41,0.65,0.85,9.74,109.93,4.93,3.81,0,0,0,0.0,0.0,0.0
1787615166.421994,08:46:06.421,8771,141.539,27.34,1011.41,15.33,0.0,0.0,0.0,-1.19,-2.3,-3.08,-1.19,0.65,0.87,9.74,109.93,5.12,3.81,0,0,0,0.0,0.0,0.0
1787615166.422187,08:46:06.422,8772,141.549,27.34,1011.41,15.33,0.0,0.0,0.0,-1.19,-2.3,-3.08,-1.19,0.65,0.87,9.74,109.93,5.12,3.81,0,0,0,0.0,0.0,0.0
1787615166.422382,08:46:06.422,8773,141.559,27.34,1011.41,15.33,0.0,0.0,0.0,-1.19,-2.3,-3.08,-1.19,0.65,0.87,9.74,109.93,5.12,3.81,0,0,0,0.0,0.0,0.0
1787615166.422572,08:46:06.422,8774,141.569,27.33,1011.42,15.245,0.0,0.0,0.0,-1.19,-2.3,-3.08,-1.19,0.65,0.87,9.74,109.93,5.12,3.81,0,0,0,0.0,0.0,0.0
1787615166.422761,08:46:06.422,8775,141.579,27.33,1011.42,15.245,0.0,0.0,0.0,-1.19,-2.3,-3.08,-1.19,0.65,0.87,9.74,109.93,5.12,3.81,0,0,0,0.0,0.0,0.0
1787615166.422950,08:46:06.422,8776,141.589,27.33,1011.42,15.245,0.0,0.0,0.0,-1.19,-2.3,-3.08,-1.19,0.65,0.87,9.74,109.93,5.12,3.81,0,0,0,0.0,0.0,0.0
1787615166.423142,08:46:06.423,8777,141.599,27.33,1011.42,15.245,0.0,0.0,0.0,-1.19,-2.3,-3.08,-1.19,0.65,0.87,9.74,109.93,5.12,3.81,0,0,0,0.0,0.0,0.0
1787615166.423329,08:46:06.423,8778,141.609,27.33,1011.42,15.245,0.0,0.0,0.0,-1.19,-2.3,-3.08,-1.19,0.65,0.87,9.74,109.93,5.12,3.81,0,0,0,0.0,0.0,0.0
1787615166.524184,08:46:06.524,8779,141.619,27.33,1011.42,15.245,0.0,0.0,0.0,-1.19,-2.3,-3.08,-1.19,0.65,0.87,9.74,109.93,5.12,3.81,0,0,0,0.0,0.0,0.0
1787615166.524534,08:46:06.524,8780,141.629,27.33,1011.42,15.245,0.0,0.0,0.0,-1.19,-2.3,-3.08,-1.19,0.65,0.87,9.74,109.93,5.12,3.81,0,0,0,0.0,0.0,0.0
1787615166.524774,08:46:06.524,8781,141.639,27.33,1011.42,15.245,0.0,0.0,0.0,-1.02,2.34,-0.8,-1.02,0.66,0.89,9.74,109.93,5.18,3.81,0,0,0,0.0,0.0,0.0
1787615166.525006,08:46:06.525,8782,141.649,27.33,1011.42,15.245,0.0,0.0,0.0,-1.02,2.34,-0.8,-1.02,0.66,0.89,9.74,109.93,5.18,3.81,0,0,0,0.0,0.0,0.0
1787615166.525234,08:46:06.525,8783,141.659,27.33,1011.42,15.245,0.0,0.0,0.0,-1.02,2.34,-0.8,-1.02,0.66,0.89,9.74,109.93,5.18,3.81,0,0,0,0.0,0.0,0.0
1787615166.525462,08:46:06.525,8784,141.669,27.33,1011.42,15.245,0.0,0.0,0.0,-1.02,2.34,-0.8,-1.02,0.66,0.89,9.74,109.93,5.18,3.81,0,0,0,0.0,0.0,0.0
1787615166.525687,08:46:06.525,8785,141.679,27.33,1011.42,15.245,0.0,0.0,0.0,-1.02,2.34,-0.8,-1.02,0.66,0.89,9.74,109.93,5.18,3.81,0,0,0,0.0,0.0,0.0
1787615166.525912,08:46:06.525,8786,141.689,27.33,1011.42,15.245,0.0,0.0,0.0,-1.02,2.34,-0.8,-1.02,0.66,0.89,9.74,109.93,5.18,3.81,0,0,0,0.0,0.0,0.0
1787615166.526139,08:46:06.526,8787,141.699,27.33,1011.42,15.245,0.0,0.0,0.0,-1.02,2.34,-0.8,-1.02,0.66,0.89,9.74,109.93,5.18,3.81,0,0,0,0.0,0.0,0.0
1787615166.526364,08:46:06.526,8788,141.709,27.33,1011.42,15.245,0.0,0.0,0.0,-1.02,2.34,-0.8,-1.02,0.66,0.89,9.74,109.93,5.18,3.81,0,0,0,0.0,0.0,0.0
1787615166.526599,08:46:06.526,8789,141.719,27.33,1011.42,15.245,0.0,0.0,0.0,-1.02,2.34,-0.8,-1.02,0.66,0.89,9.74,109.93,5.18,3.81,0,0,0,0.0,0.0,0.0
1787615166.627951,08:46:06.627,8790,141.729,27.33,1011.42,15.245,0.0,0.0,0.0,-1.02,2.34,-0.8,-1.02,0.66,0.89,9.74,109.93,5.18,3.81,0,0,0,0.0,0.0,0.0
1787615166.628276,08:46:06.628,8791,141.739,27.33,1011.42,15.245,0.0,0.0,0.0,0.15,1.54,-2.77,0.15,0.65,0.89,9.74,109.93,5.18,3.81,0,0,0,0.0,0.0,0.0
1787615166.628506,08:46:06.628,8792,141.749,27.33,1011.42,15.245,0.0,0.0,0.0,0.15,1.54,-2.77,0.15,0.65,0.89,9.74,109.93,5.18,3.81,0,0,0,0.0,0.0,0.0
1787615166.628727,08:46:06.628,8793,141.759,27.33,1011.42,15.245,0.0,0.0,0.0,0.15,1.54,-2.77,0.15,0.65,0.89,9.74,109.93,5.18,3.81,0,0,0,0.0,0.0,0.0
1787615166.628947,08:46:06.628,8794,141.769,27.33,1011.41,15.33,0.0,0.0,0.0,0.15,1.54,-2.77,0.15,0.65,0.89,9.74,109.93,5.18,3.81,0,0,0,0.0,0.0,0.0
1787615166.629165,08:46:06.629,8795,141.779,27.33,1011.41,15.33,0.0,0.0,0.0,0.15,1.54,-2.77,0.15,0.65,0.89,9.74,109.93,5.18,3.81,0,0,0,0.0,0.0,0.0
1787615166.629383,08:46:06.629,8796,141.789,27.33,1011.41,15.33,0.0,0.0,0.0,0.15,1.54,-2.77,0.15,0.65,0.89,9.74,109.93,5.18,3.81,0,0,0,0.0,0.0,0.0
1787615166.629601,08:46:06.629,8797,141.799,27.33,1011.41,15.33,0.0,0.0,0.0,0.15,1.54,-2.77,0.15,0.65,0.89,9.74,109.93,5.18,3.81,0,0,0,0.0,0.0,0.0
1787615166.629819,08:46:06.629,8798,141.809,27.33,1011.41,15.33,0.0,0.0,0.0,0.15,1.54,-2.77,0.15,0.65,0.89,9.74,109.93,5.18,3.81,0,0,0,0.0,0.0,0.0
1787615166.630036,08:46:06.630,8799,141.819,27.33,1011.41,15.33,0.0,0.0,0.0,0.15,1.54,-2.77,0.15,0.65,0.89,9.74,109.93,5.18,3.81,0,0,0,0.0,0.0,0.0
1787615166.630252,08:46:06.630,8800,141.829,27.33,1011.41,15.33,0.0,0.0,0.0,0.84,3.47,1.12,0.84,0.66,0.91,9.74,109.93,5.37,3.81,0,0,0,0.0,0.0,0.0
1787615166.731635,08:46:06.731,8801,141.839,27.33,1011.41,15.33,0.0,0.0,0.0,0.84,3.47,1.12,0.84,0.66,0.91,9.74,109.93,5.37,3.81,0,0,0,0.0,0.0,0.0
1787615166.731964,08:46:06.731,8802,141.849,27.33,1011.41,15.33,0.0,0.0,0.0,0.84,3.47,1.12,0.84,0.66,0.91,9.74,109.93,5.37,3.81,0,0,0,0.0,0.0,0.0
1787615166.732187,08:46:06.732,8803,141.859,27.33,1011.41,15.33,0.0,0.0,0.0,0.84,3.47,1.12,0.84,0.66,0.91,9.74,109.93,5.37,3.81,0,0,0,0.0,0.0,0.0
1787615166.732404,08:46:06.732,8804,141.869,27.33,1011.41,15.33,0.0,0.0,0.0,0.84,3.47,1.12,0.84,0.66,0.91,9.74,109.93,5.37,3.81,0,0,0,0.0,0.0,0.0
1787615166.732621,08:46:06.732,8805,141.879,27.33,1011.41,15.33,0.0,0.0,0.0,0.84,3.47,1.12,0.84,0.66,0.91,9.74,109.93,5.37,3.81,0,0,0,0.0,0.0,0.0
1787615166.732890,08:46:06.732,8806,141.889,27.33,1011.41,15.33,0.0,0.0,0.0,0.84,3.47,1.12,0.84,0.66,0.91,9.74,109.93,5.37,3.81,0,0,0,0.0,0.0,0.0
1787615166.733186,08:46:06.733,8807,141.899,27.33,1011.41,15.33,0.0,0.0,0.0,0.84,3.47,1.12,0.84,0.66,0.91,9.74,109.93,5.37,3.81,0,0,0,0.0,0.0,0.0
1787615166.733403,08:46:06.733,8808,141.909,27.33,1011.41,15.33,0.0,0.0,0.0,0.84,3.47,1.12,0.84,0.66,0.91,9.74,109.93,5.37,3.81,0,0,0,0.0,0.0,0.0
1787615166.733619,08:46:06.733,8809,141.919,27.33,1011.41,15.33,0.0,0.0,0.0,0.84,3.47,1.12,0.84,0.66,0.91,9.74,109.93,5.37,3.81,0,0,0,0.0,0.0,0.0
1787615166.733834,08:46:06.733,8810,141.929,27.33,1011.41,15.33,0.0,0.0,0.0,-0.63,-0.69,-2.15,-0.63,0.65,0.93,9.73,109.93,5.43,3.81,0,0,0,0.0,0.0,0.0
1787615166.834331,08:46:06.834,8811,141.939,27.33,1011.41,15.33,0.0,0.0,0.0,-0.63,-0.69,-2.15,-0.63,0.65,0.93,9.73,109.93,5.43,3.81,0,0,0,0.0,0.0,0.0
1787615166.834584,08:46:06.834,8812,141.949,27.33,1011.41,15.33,0.0,0.0,0.0,-0.63,-0.69,-2.15,-0.63,0.65,0.93,9.73,109.93,5.43,3.81,0,0,0,0.0,0.0,0.0
1787615166.834739,08:46:06.834,8813,141.959,27.33,1011.41,15.33,0.0,0.0,0.0,-0.63,-0.69,-2.15,-0.63,0.65,0.93,9.73,109.93,5.43,3.81,0,0,0,0.0,0.0,0.0
1787615166.834891,08:46:06.834,8814,141.969,27.31,1011.4,15.412,0.0,0.0,0.0,-0.63,-0.69,-2.15,-0.63,0.65,0.93,9.73,109.93,5.43,3.81,0,0,0,0.0,0.0,0.0
1787615166.835044,08:46:06.835,8815,141.979,27.31,1011.4,15.412,0.0,0.0,0.0,-0.63,-0.69,-2.15,-0.63,0.65,0.93,9.73,109.93,5.43,3.81,0,0,0,0.0,0.0,0.0
1787615166.835292,08:46:06.835,8816,141.989,27.31,1011.4,15.412,0.0,0.0,0.0,-0.63,-0.69,-2.15,-0.63,0.65,0.93,9.73,109.93,5.43,3.81,0,0,0,0.0,0.0,0.0
1787615166.835460,08:46:06.835,8817,141.999,27.31,1011.4,15.412,0.0,0.0,0.0,-0.63,-0.69,-2.15,-0.63,0.65,0.93,9.73,109.93,5.43,3.81,0,0,0,0.0,0.0,0.0
1787615166.835610,08:46:06.835,8818,142.009,27.31,1011.4,15.412,0.0,0.0,0.0,-0.63,-0.69,-2.15,-0.63,0.65,0.93,9.73,109.93,5.43,3.81,0,0,0,0.0,0.0,0.0
1787615166.835760,08:46:06.835,8819,142.019,27.31,1011.4,15.412,0.0,0.0,0.0,-0.63,-0.69,-2.15,-0.63,0.65,0.93,9.73,109.93,5.43,3.81,0,0,0,0.0,0.0,0.0
1787615166.937225,08:46:06.937,8820,142.029,27.31,1011.4,15.412,0.0,0.0,0.0,-0.73,0.0,-1.36,-0.73,0.65,0.91,9.74,109.93,5.37,3.81,0,0,0,0.0,0.0,0.0
1787615166.938120,08:46:06.938,8821,142.039,27.31,1011.4,15.412,0.0,0.0,0.0,-0.73,0.0,-1.36,-0.73,0.65,0.91,9.74,109.93,5.37,3.81,0,0,0,0.0,0.0,0.0
1787615166.938402,08:46:06.938,8822,142.049,27.31,1011.4,15.412,0.0,0.0,0.0,-0.73,0.0,-1.36,-0.73,0.65,0.91,9.74,109.93,5.37,3.81,0,0,0,0.0,0.0,0.0
1787615166.938666,08:46:06.938,8823,142.059,27.31,1011.4,15.412,0.0,0.0,0.0,-0.73,0.0,-1.36,-0.73,0.65,0.91,9.74,109.93,5.37,3.81,0,0,0,0.0,0.0,0.0
1787615166.938927,08:46:06.938,8824,142.069,27.31,1011.4,15.412,0.0,0.0,0.0,-0.73,0.0,-1.36,-0.73,0.65,0.91,9.74,109.93,5.37,3.81,0,0,0,0.0,0.0,0.0
1787615166.939183,08:46:06.939,8825,142.079,27.31,1011.4,15.412,0.0,0.0,0.0,-0.73,0.0,-1.36,-0.73,0.65,0.91,9.74,109.93,5.37,3.81,0,0,0,0.0,0.0,0.0
1787615166.939445,08:46:06.939,8826,142.089,27.31,1011.4,15.412,0.0,0.0,0.0,-0.73,0.0,-1.36,-0.73,0.65,0.91,9.74,109.93,5.37,3.81,0,0,0,0.0,0.0,0.0
1787615166.939704,08:46:06.939,8827,142.099,27.31,1011.4,15.412,0.0,0.0,0.0,-0.73,0.0,-1.36,-0.73,0.65,0.91,9.74,109.93,5.37,3.81,0,0,0,0.0,0.0,0.0
1787615166.939954,08:46:06.939,8828,142.109,27.31,1011.4,15.412,0.0,0.0,0.0,-0.73,0.0,-1.36,-0.73,0.65,0.91,9.74,109.93,5.37,3.81,0,0,0,0.0,0.0,0.0
1787615166.940216,08:46:06.940,8829,142.119,27.31,1011.4,15.412,0.0,0.0,0.0,-0.73,0.0,-1.36,-0.73,0.65,0.91,9.74,109.93,5.37,3.81,0,0,0,0.0,0.0,0.0
1787615166.940472,08:46:06.940,8830,142.129,27.31,1011.4,15.412,0.0,0.0,0.0,0.43,-1.26,1.38,0.43,0.66,0.91,9.74,109.93,5.37,3.87,0,0,0,0.0,0.0,0.0
1787615167.044796,08:46:07.044,8831,142.139,27.31,1011.4,15.412,0.0,0.0,0.0,0.43,-1.26,1.38,0.43,0.66,0.91,9.74,109.93,5.37,3.87,0,0,0,0.0,0.0,0.0
1787615167.045020,08:46:07.045,8832,142.149,27.31,1011.4,15.412,0.0,0.0,0.0,0.43,-1.26,1.38,0.43,0.66,0.91,9.74,109.93,5.37,3.87,0,0,0,0.0,0.0,0.0
1787615167.045158,08:46:07.045,8833,142.159,27.31,1011.4,15.412,0.0,0.0,0.0,0.43,-1.26,1.38,0.43,0.66,0.91,9.74,109.93,5.37,3.87,0,0,0,0.0,0.0,0.0
1787615167.045290,08:46:07.045,8834,142.169,27.31,1011.41,15.33,0.0,0.0,0.0,0.43,-1.26,1.38,0.43,0.66,0.91,9.74,109.93,5.37,3.87,0,0,0,0.0,0.0,0.0
1787615167.045419,08:46:07.045,8835,142.179,27.31,1011.41,15.33,0.0,0.0,0.0,0.43,-1.26,1.38,0.43,0.66,0.91,9.74,109.93,5.37,3.87,0,0,0,0.0,0.0,0.0
1787615167.045546,08:46:07.045,8836,142.189,27.31,1011.41,15.33,0.0,0.0,0.0,0.43,-1.26,1.38,0.43,0.66,0.91,9.74,109.93,5.37,3.87,0,0,0,0.0,0.0,0.0
1787615167.045673,08:46:07.045,8837,142.199,27.31,1011.41,15.33,0.0,0.0,0.0,0.43,-1.26,1.38,0.43,0.66,0.91,9.74,109.93,5.37,3.87,0,0,0,0.0,0.0,0.0
1787615167.045799,08:46:07.045,8838,142.209,27.31,1011.41,15.33,0.0,0.0,0.0,0.43,-1.26,1.38,0.43,0.66,0.91,9.74,109.93,5.37,3.87,0,0,0,0.0,0.0,0.0
1787615167.045925,08:46:07.045,8839,142.219,27.31,1011.41,15.33,0.0,0.0,0.0,0.43,-1.26,1.38,0.43,0.66,0.91,9.74,109.93,5.37,3.87,0,0,0,0.0,0.0,0.0
1787615167.046050,08:46:07.046,8840,142.229,27.31,1011.41,15.33,0.0,0.0,0.0,-0.17,0.91,-3.64,-0.17,0.66,0.93,9.73,109.93,5.43,3.81,0,0,0,0.0,0.0,0.0
1787615167.146468,08:46:07.146,8841,142.239,27.31,1011.41,15.33,0.0,0.0,0.0,-0.17,0.91,-3.64,-0.17,0.66,0.93,9.73,109.93,5.43,3.81,0,0,0,0.0,0.0,0.0
1787615167.146756,08:46:07.146,8842,142.249,27.31,1011.41,15.33,0.0,0.0,0.0,-0.17,0.91,-3.64,-0.17,0.66,0.93,9.73,109.93,5.43,3.81,0,0,0,0.0,0.0,0.0
1787615167.146931,08:46:07.146,8843,142.259,27.31,1011.41,15.33,0.0,0.0,0.0,-0.17,0.91,-3.64,-0.17,0.66,0.93,9.73,109.93,5.43,3.81,0,0,0,0.0,0.0,0.0
1787615167.147100,08:46:07.147,8844,142.269,27.31,1011.41,15.33,0.0,0.0,0.0,-0.17,0.91,-3.64,-0.17,0.66,0.93,9.73,109.93,5.43,3.81,0,0,0,0.0,0.0,0.0
1787615167.147277,08:46:07.147,8845,142.279,27.31,1011.41,15.33,0.0,0.0,0.0,-0.17,0.91,-3.64,-0.17,0.66,0.93,9.73,109.93,5.43,3.81,0,0,0,0.0,0.0,0.0
1787615167.147444,08:46:07.147,8846,142.289,27.31,1011.41,15.33,0.0,0.0,0.0,-0.17,0.91,-3.64,-0.17,0.66,0.93,9.73,109.93,5.43,3.81,0,0,0,0.0,0.0,0.0
1787615167.147610,08:46:07.147,8847,142.299,27.31,1011.41,15.33,0.0,0.0,0.0,-0.17,0.91,-3.64,-0.17,0.66,0.93,9.73,109.93,5.43,3.81,0,0,0,0.0,0.0,0.0
1787615167.147775,08:46:07.147,8848,142.309,27.31,1011.41,15.33,0.0,0.0,0.0,-0.17,0.91,-3.64,-0.17,0.66,0.93,9.73,109.93,5.43,3.81,0,0,0,0.0,0.0,0.0
1787615167.147941,08:46:07.147,8849,142.319,27.31,1011.41,15.33,0.0,0.0,0.0,-0.17,0.91,-3.64,-0.17,0.66,0.93,9.73,109.93,5.43,3.81,0,0,0,0.0,0.0,0.0
1787615167.148114,08:46:07.148,8850,142.329,27.31,1011.41,15.33,0.0,0.0,0.0,0.63,2.22,-2.15,0.63,0.66,0.95,9.73,109.93,5.56,3.81,0,0,0,0.0,0.0,0.0
1787615167.148282,08:46:07.148,8851,142.339,27.31,1011.41,15.33,0.0,0.0,0.0,0.63,2.22,-2.15,0.63,0.66,0.95,9.73,109.93,5.56,3.81,0,0,0,0.0,0.0,0.0
1787615167.249264,08:46:07.249,8852,142.349,27.31,1011.41,15.33,0.0,0.0,0.0,0.63,2.22,-2.15,0.63,0.66,0.95,9.73,109.93,5.56,3.81,0,0,0,0.0,0.0,0.0
1787615167.249733,08:46:07.249,8853,142.359,27.31,1011.41,15.33,0.0,0.0,0.0,0.63,2.22,-2.15,0.63,0.66,0.95,9.73,109.93,5.56,3.81,0,0,0,0.0,0.0,0.0
1787615167.249956,08:46:07.249,8854,142.369,27.3,1011.38,15.581,0.0,0.0,0.0,0.63,2.22,-2.15,0.63,0.66,0.95,9.73,109.93,5.56,3.81,0,0,0,0.0,0.0,0.0
1787615167.250152,08:46:07.250,8855,142.379,27.3,1011.38,15.581,0.0,0.0,0.0,0.63,2.22,-2.15,0.63,0.66,0.95,9.73,109.93,5.56,3.81,0,0,0,0.0,0.0,0.0
1787615167.250418,08:46:07.250,8856,142.389,27.3,1011.38,15.581,0.0,0.0,0.0,0.63,2.22,-2.15,0.63,0.66,0.95,9.73,109.93,5.56,3.81,0,0,0,0.0,0.0,0.0
1787615167.250624,08:46:07.250,8857,142.399,27.3,1011.38,15.581,0.0,0.0,0.0,0.63,2.22,-2.15,0.63,0.66,0.95,9.73,109.93,5.56,3.81,0,0,0,0.0,0.0,0.0
1787615167.250814,08:46:07.250,8858,142.409,27.3,1011.38,15.581,0.0,0.0,0.0,0.63,2.22,-2.15,0.63,0.66,0.95,9.73,109.93,5.56,3.81,0,0,0,0.0,0.0,0.0
1787615167.251011,08:46:07.251,8859,142.419,27.3,1011.38,15.581,0.0,0.0,0.0,0.63,2.22,-2.15,0.63,0.66,0.95,9.73,109.93,5.56,3.81,0,0,0,0.0,0.0,0.0
1787615167.251203,08:46:07.251,8860,142.429,27.3,1011.38,15.581,0.0,0.0,0.0,-0.23,2.22,1.72,-0.23,0.66,0.97,9.73,109.93,5.68,3.81,0,0,0,0.0,0.0,0.0
1787615167.251392,08:46:07.251,8861,142.439,27.3,1011.38,15.581,0.0,0.0,0.0,-0.23,2.22,1.72,-0.23,0.66,0.97,9.73,109.93,5.68,3.81,0,0,0,0.0,0.0,0.0
1787615167.352773,08:46:07.352,8862,142.449,27.3,1011.38,15.581,0.0,0.0,0.0,-0.23,2.22,1.72,-0.23,0.66,0.97,9.73,109.93,5.68,3.81,0,0,0,0.0,0.0,0.0
1787615167.353012,08:46:07.353,8863,142.459,27.3,1011.38,15.581,0.0,0.0,0.0,-0.23,2.22,1.72,-0.23,0.66,0.97,9.73,109.93,5.68,3.81,0,0,0,0.0,0.0,0.0
1787615167.353155,08:46:07.353,8864,142.469,27.3,1011.38,15.581,0.0,0.0,0.0,-0.23,2.22,1.72,-0.23,0.66,0.97,9.73,109.93,5.68,3.81,0,0,0,0.0,0.0,0.0
1787615167.353294,08:46:07.353,8865,142.479,27.3,1011.38,15.581,0.0,0.0,0.0,-0.23,2.22,1.72,-0.23,0.66,0.97,9.73,109.93,5.68,3.81,0,0,0,0.0,0.0,0.0
1787615167.353431,08:46:07.353,8866,142.489,27.3,1011.38,15.581,0.0,0.0,0.0,-0.23,2.22,1.72,-0.23,0.66,0.97,9.73,109.93,5.68,3.81,0,0,0,0.0,0.0,0.0
1787615167.353567,08:46:07.353,8867,142.499,27.3,1011.38,15.581,0.0,0.0,0.0,-0.23,2.22,1.72,-0.23,0.66,0.97,9.73,109.93,5.68,3.81,0,0,0,0.0,0.0,0.0
1787615167.353703,08:46:07.353,8868,142.509,27.3,1011.38,15.581,0.0,0.0,0.0,-0.23,2.22,1.72,-0.23,0.66,0.97,9.73,109.93,5.68,3.81,0,0,0,0.0,0.0,0.0
1787615167.353841,08:46:07.353,8869,142.519,27.3,1011.38,15.581,0.0,0.0,0.0,-0.23,2.22,1.72,-0.23,0.66,0.97,9.73,109.93,5.68,3.81,0,0,0,0.0,0.0,0.0
1787615167.353978,08:46:07.353,8870,142.529,27.3,1011.38,15.581,0.0,0.0,0.0,-0.55,2.06,-0.84,-0.55,0.66,0.96,9.73,109.93,5.68,3.87,0,0,0,0.0,0.0,0.0
1787615167.354116,08:46:07.354,8871,142.539,27.3,1011.38,15.581,0.0,0.0,0.0,-0.55,2.06,-0.84,-0.55,0.66,0.96,9.73,109.93,5.68,3.87,0,0,0,0.0,0.0,0.0
1787615167.454894,08:46:07.454,8872,142.549,27.3,1011.38,15.581,0.0,0.0,0.0,-0.55,2.06,-0.84,-0.55,0.66,0.96,9.73,109.93,5.68,3.87,0,0,0,0.0,0.0,0.0
1787615167.455258,08:46:07.455,8873,142.559,27.3,1011.38,15.581,0.0,0.0,0.0,-0.55,2.06,-0.84,-0.55,0.66,0.96,9.73,109.93,5.68,3.87,0,0,0,0.0,0.0,0.0
1787615167.455472,08:46:07.455,8874,142.569,27.29,1011.39,15.496,0.0,0.0,0.0,-0.55,2.06,-0.84,-0.55,0.66,0.96,9.73,109.93,5.68,3.87,0,0,0,0.0,0.0,0.0
1787615167.455673,08:46:07.455,8875,142.579,27.29,1011.39,15.496,0.0,0.0,0.0,-0.55,2.06,-0.84,-0.55,0.66,0.96,9.73,109.93,5.68,3.87,0,0,0,0.0,0.0,0.0
1787615167.455869,08:46:07.455,8876,142.589,27.29,1011.39,15.496,0.0,0.0,0.0,-0.55,2.06,-0.84,-0.55,0.66,0.96,9.73,109.93,5.68,3.87,0,0,0,0.0,0.0,0.0
1787615167.456065,08:46:07.456,8877,142.599,27.29,1011.39,15.496,0.0,0.0,0.0,-0.55,2.06,-0.84,-0.55,0.66,0.96,9.73,109.93,5.68,3.87,0,0,0,0.0,0.0,0.0
1787615167.456259,08:46:07.456,8878,142.609,27.29,1011.39,15.496,0.0,0.0,0.0,-0.55,2.06,-0.84,-0.55,0.66,0.96,9.73,109.93,5.68,3.87,0,0,0,0.0,0.0,0.0
1787615167.456453,08:46:07.456,8879,142.619,27.29,1011.39,15.496,0.0,0.0,0.0,-0.55,2.06,-0.84,-0.55,0.66,0.96,9.73,109.93,5.68,3.87,0,0,0,0.0,0.0,0.0
1787615167.456643,08:46:07.456,8880,142.629,27.29,1011.39,15.496,0.0,0.0,0.0,-0.47,1.38,-0.26,-0.47,0.66,0.96,9.73,109.93,5.62,3.81,0,0,0,0.0,0.0,0.0
1787615167.456836,08:46:07.456,8881,142.639,27.29,1011.39,15.496,0.0,0.0,0.0,-0.47,1.38,-0.26,-0.47,0.66,0.96,9.73,109.93,5.62,3.81,0,0,0,0.0,0.0,0.0
1787615167.457032,08:46:07.457,8882,142.649,27.29,1011.39,15.496,0.0,0.0,0.0,-0.47,1.38,-0.26,-0.47,0.66,0.96,9.73,109.93,5.62,3.81,0,0,0,0.0,0.0,0.0
1787615167.558472,08:46:07.558,8883,142.659,27.29,1011.39,15.496,0.0,0.0,0.0,-0.47,1.38,-0.26,-0.47,0.66,0.96,9.73,109.93,5.62,3.81,0,0,0,0.0,0.0,0.0
1787615167.559633,08:46:07.559,8884,142.669,27.29,1011.39,15.496,0.0,0.0,0.0,-0.47,1.38,-0.26,-0.47,0.66,0.96,9.73,109.93,5.62,3.81,0,0,0,0.0,0.0,0.0
1787615167.560095,08:46:07.560,8885,142.679,27.29,1011.39,15.496,0.0,0.0,0.0,-0.47,1.38,-0.26,-0.47,0.66,0.96,9.73,109.93,5.62,3.81,0,0,0,0.0,0.0,0.0
1787615167.560497,08:46:07.560,8886,142.689,27.29,1011.39,15.496,0.0,0.0,0.0,-0.47,1.38,-0.26,-0.47,0.66,0.96,9.73,109.93,5.62,3.81,0,0,0,0.0,0.0,0.0
1787615167.560877,08:46:07.560,8887,142.699,27.29,1011.39,15.496,0.0,0.0,0.0,-0.47,1.38,-0.26,-0.47,0.66,0.96,9.73,109.93,5.62,3.81,0,0,0,0.0,0.0,0.0
1787615167.561216,08:46:07.561,8888,142.709,27.29,1011.39,15.496,0.0,0.0,0.0,-0.47,1.38,-0.26,-0.47,0.66,0.96,9.73,109.93,5.62,3.81,0,0,0,0.0,0.0,0.0
1787615167.561562,08:46:07.561,8889,142.719,27.29,1011.39,15.496,0.0,0.0,0.0,-0.47,1.38,-0.26,-0.47,0.66,0.96,9.73,109.93,5.62,3.81,0,0,0,0.0,0.0,0.0
1787615167.561903,08:46:07.561,8890,142.729,27.29,1011.39,15.496,0.0,0.0,0.0,0.24,-0.41,-1.45,0.24,0.66,0.98,9.73,109.93,5.68,3.81,0,0,0,0.0,0.0,0.0
1787615167.562234,08:46:07.562,8891,142.739,27.29,1011.39,15.496,0.0,0.0,0.0,0.24,-0.41,-1.45,0.24,0.66,0.98,9.73,109.93,5.68,3.81,0,0,0,0.0,0.0,0.0
1787615167.562577,08:46:07.562,8892,142.749,27.29,1011.39,15.496,0.0,0.0,0.0,0.24,-0.41,-1.45,0.24,0.66,0.98,9.73,109.93,5.68,3.81,0,0,0,0.0,0.0,0.0
1787615167.562921,08:46:07.562,8893,142.759,27.29,1011.39,15.496,0.0,0.0,0.0,0.24,-0.41,-1.45,0.24,0.66,0.98,9.73,109.93,5.68,3.81,0,0,0,0.0,0.0,0.0
1787615167.663981,08:46:07.663,8894,142.769,27.32,1011.41,15.33,0.0,0.0,0.0,0.24,-0.41,-1.45,0.24,0.66,0.98,9.73,109.93,5.68,3.81,0,0,0,0.0,0.0,0.0
1787615167.664446,08:46:07.664,8895,142.779,27.32,1011.41,15.33,0.0,0.0,0.0,0.24,-0.41,-1.45,0.24,0.66,0.98,9.73,109.93,5.68,3.81,0,0,0,0.0,0.0,0.0
1787615167.664688,08:46:07.664,8896,142.789,27.32,1011.41,15.33,0.0,0.0,0.0,0.24,-0.41,-1.45,0.24,0.66,0.98,9.73,109.93,5.68,3.81,0,0,0,0.0,0.0,0.0
1787615167.664916,08:46:07.664,8897,142.799,27.32,1011.41,15.33,0.0,0.0,0.0,0.24,-0.41,-1.45,0.24,0.66,0.98,9.73,109.93,5.68,3.81,0,0,0,0.0,0.0,0.0
1787615167.665136,08:46:07.665,8898,142.809,27.32,1011.41,15.33,0.0,0.0,0.0,0.24,-0.41,-1.45,0.24,0.66,0.98,9.73,109.93,5.68,3.81,0,0,0,0.0,0.0,0.0
1787615167.665356,08:46:07.665,8899,142.819,27.32,1011.41,15.33,0.0,0.0,0.0,0.24,-0.41,-1.45,0.24,0.66,0.98,9.73,109.93,5.68,3.81,0,0,0,0.0,0.0,0.0
1787615167.665579,08:46:07.665,8900,142.829,27.32,1011.41,15.33,0.0,0.0,0.0,0.53,-0.61,-1.77,0.53,0.66,0.98,9.73,109.93,5.75,3.87,0,0,0,0.0,0.0,0.0
1787615167.665803,08:46:07.665,8901,142.839,27.32,1011.41,15.33,0.0,0.0,0.0,0.53,-0.61,-1.77,0.53,0.66,0.98,9.73,109.93,5.75,3.87,0,0,0,0.0,0.0,0.0
1787615167.666026,08:46:07.666,8902,142.849,27.32,1011.41,15.33,0.0,0.0,0.0,0.53,-0.61,-1.77,0.53,0.66,0.98,9.73,109.93,5.75,3.87,0,0,0,0.0,0.0,0.0
1787615167.666246,08:46:07.666,8903,142.859,27.32,1011.41,15.33,0.0,0.0,0.0,0.53,-0.61,-1.77,0.53,0.66,0.98,9.73,109.93,5.75,3.87,0,0,0,0.0,0.0,0.0
1787615167.767755,08:46:07.767,8904,142.869,27.32,1011.41,15.33,0.0,0.0,0.0,0.53,-0.61,-1.77,0.53,0.66,0.98,9.73,109.93,5.75,3.87,0,0,0,0.0,0.0,0.0
1787615167.769134,08:46:07.769,8905,142.879,27.32,1011.41,15.33,0.0,0.0,0.0,0.53,-0.61,-1.77,0.53,0.66,0.98,9.73,109.93,5.75,3.87,0,0,0,0.0,0.0,0.0
1787615167.769935,08:46:07.769,8906,142.889,27.32,1011.41,15.33,0.0,0.0,0.0,0.53,-0.61,-1.77,0.53,0.66,0.98,9.73,109.93,5.75,3.87,0,0,0,0.0,0.0,0.0
1787615167.770600,08:46:07.770,8907,142.899,27.32,1011.41,15.33,0.0,0.0,0.0,0.53,-0.61,-1.77,0.53,0.66,0.98,9.73,109.93,5.75,3.87,0,0,0,0.0,0.0,0.0
1787615167.771258,08:46:07.771,8908,142.909,27.32,1011.41,15.33,0.0,0.0,0.0,0.53,-0.61,-1.77,0.53,0.66,0.98,9.73,109.93,5.75,3.87,0,0,0,0.0,0.0,0.0
1787615167.771909,08:46:07.771,8909,142.919,27.32,1011.41,15.33,0.0,0.0,0.0,0.53,-0.61,-1.77,0.53,0.66,0.98,9.73,109.93,5.75,3.87,0,0,0,0.0,0.0,0.0
1787615167.772585,08:46:07.772,8910,142.929,27.32,1011.41,15.33,0.0,0.0,0.0,-1.9,-2.51,-3.72,-1.9,0.66,0.94,9.73,109.93,5.56,3.81,0,0,0,0.0,0.0,0.0
1787615167.773257,08:46:07.773,8911,142.939,27.32,1011.41,15.33,0.0,0.0,0.0,-1.9,-2.51,-3.72,-1.9,0.66,0.94,9.73,109.93,5.56,3.81,0,0,0,0.0,0.0,0.0
1787615167.773920,08:46:07.773,8912,142.949,27.32,1011.41,15.33,0.0,0.0,0.0,-1.9,-2.51,-3.72,-1.9,0.66,0.94,9.73,109.93,5.56,3.81,0,0,0,0.0,0.0,0.0
1787615167.774567,08:46:07.774,8913,142.959,27.32,1011.41,15.33,0.0,0.0,0.0,-1.9,-2.51,-3.72,-1.9,0.66,0.94,9.73,109.93,5.56,3.81,0,0,0,0.0,0.0,0.0
1787615167.775232,08:46:07.775,8914,142.969,27.32,1011.4,15.412,0.0,0.0,0.0,-1.9,-2.51,-3.72,-1.9,0.66,0.94,9.73,109.93,5.56,3.81,0,0,0,0.0,0.0,0.0
1787615167.876525,08:46:07.876,8915,142.979,27.32,1011.4,15.412,0.0,0.0,0.0,-1.9,-2.51,-3.72,-1.9,0.66,0.94,9.73,109.93,5.56,3.81,0,0,0,0.0,0.0,0.0
1787615167.876799,08:46:07.876,8916,142.989,27.32,1011.4,15.412,0.0,0.0,0.0,-1.9,-2.51,-3.72,-1.9,0.66,0.94,9.73,109.93,5.56,3.81,0,0,0,0.0,0.0,0.0
1787615167.876950,08:46:07.876,8917,142.999,27.32,1011.4,15.412,0.0,0.0,0.0,-1.9,-2.51,-3.72,-1.9,0.66,0.94,9.73,109.93,5.56,3.81,0,0,0,0.0,0.0,0.0
1787615167.877093,08:46:07.877,8918,143.009,27.32,1011.4,15.412,0.0,0.0,0.0,-1.9,-2.51,-3.72,-1.9,0.66,0.94,9.73,109.93,5.56,3.81,0,0,0,0.0,0.0,0.0
1787615167.877235,08:46:07.877,8919,143.019,27.32,1011.4,15.412,0.0,0.0,0.0,-1.9,-2.51,-3.72,-1.9,0.66,0.94,9.73,109.93,5.56,3.81,0,0,0,0.0,0.0,0.0
1787615167.877437,08:46:07.877,8920,143.029,27.32,1011.4,15.412,0.0,0.0,0.0,0.37,-3.04,3.05,0.37,0.66,0.91,9.74,109.93,5.31,3.87,0,0,0,0.0,0.0,0.0
1787615167.877606,08:46:07.877,8921,143.039,27.32,1011.4,15.412,0.0,0.0,0.0,0.37,-3.04,3.05,0.37,0.66,0.91,9.74,109.93,5.31,3.87,0,0,0,0.0,0.0,0.0
1787615167.877832,08:46:07.877,8922,143.049,27.32,1011.4,15.412,0.0,0.0,0.0,0.37,-3.04,3.05,0.37,0.66,0.91,9.74,109.93,5.31,3.87,0,0,0,0.0,0.0,0.0
1787615167.878010,08:46:07.878,8923,143.059,27.32,1011.4,15.412,0.0,0.0,0.0,0.37,-3.04,3.05,0.37,0.66,0.91,9.74,109.93,5.31,3.87,0,0,0,0.0,0.0,0.0
1787615167.878163,08:46:07.878,8924,143.069,27.32,1011.4,15.412,0.0,0.0,0.0,0.37,-3.04,3.05,0.37,0.66,0.91,9.74,109.93,5.31,3.87,0,0,0,0.0,0.0,0.0
1787615167.979442,08:46:07.979,8925,143.079,27.32,1011.4,15.412,0.0,0.0,0.0,0.37,-3.04,3.05,0.37,0.66,0.91,9.74,109.93,5.31,3.87,0,0,0,0.0,0.0,0.0
1787615167.979781,08:46:07.979,8926,143.089,27.32,1011.4,15.412,0.0,0.0,0.0,0.37,-3.04,3.05,0.37,0.66,0.91,9.74,109.93,5.31,3.87,0,0,0,0.0,0.0,0.0
1787615167.979984,08:46:07.979,8927,143.099,27.32,1011.4,15.412,0.0,0.0,0.0,0.37,-3.04,3.05,0.37,0.66,0.91,9.74,109.93,5.31,3.87,0,0,0,0.0,0.0,0.0
1787615167.980180,08:46:07.980,8928,143.109,27.32,1011.4,15.412,0.0,0.0,0.0,0.37,-3.04,3.05,0.37,0.66,0.91,9.74,109.93,5.31,3.87,0,0,0,0.0,0.0,0.0
1787615167.980372,08:46:07.980,8929,143.119,27.32,1011.4,15.412,0.0,0.0,0.0,0.37,-3.04,3.05,0.37,0.66,0.91,9.74,109.93,5.31,3.87,0,0,0,0.0,0.0,0.0
1787615167.980562,08:46:07.980,8930,143.129,27.32,1011.4,15.412,0.0,0.0,0.0,0.29,2.79,-1.51,0.29,0.65,0.92,9.74,110.0,5.37,3.87,0,0,0,0.0,0.0,0.0
1787615167.980754,08:46:07.980,8931,143.139,27.32,1011.4,15.412,0.0,0.0,0.0,0.29,2.79,-1.51,0.29,0.65,0.92,9.74,110.0,5.37,3.87,0,0,0,0.0,0.0,0.0
1787615167.980943,08:46:07.980,8932,143.149,27.32,1011.4,15.412,0.0,0.0,0.0,0.29,2.79,-1.51,0.29,0.65,0.92,9.74,110.0,5.37,3.87,0,0,0,0.0,0.0,0.0
1787615167.981131,08:46:07.981,8933,143.159,27.32,1011.4,15.412,0.0,0.0,0.0,0.29,2.79,-1.51,0.29,0.65,0.92,9.74,110.0,5.37,3.87,0,0,0,0.0,0.0,0.0
1787615167.981321,08:46:07.981,8934,143.169,27.31,1011.41,15.33,0.0,0.0,0.0,0.29,2.79,-1.51,0.29,0.65,0.92,9.74,110.0,5.37,3.87,0,0,0,0.0,0.0,0.0
1787615167.981509,08:46:07.981,8935,143.179,27.31,1011.41,15.33,0.0,0.0,0.0,0.29,2.79,-1.51,0.29,0.65,0.92,9.74,110.0,5.37,3.87,0,0,0,0.0,0.0,0.0
1787615168.082185,08:46:08.082,8936,143.189,27.31,1011.41,15.33,0.0,0.0,0.0,0.29,2.79,-1.51,0.29,0.65,0.92,9.74,110.0,5.37,3.87,0,0,0,0.0,0.0,0.0
1787615168.082444,08:46:08.082,8937,143.199,27.31,1011.41,15.33,0.0,0.0,0.0,0.29,2.79,-1.51,0.29,0.65,0.92,9.74,110.0,5.37,3.87,0,0,0,0.0,0.0,0.0
1787615168.082576,08:46:08.082,8938,143.209,27.31,1011.41,15.33,0.0,0.0,0.0,0.29,2.79,-1.51,0.29,0.65,0.92,9.74,110.0,5.37,3.87,0,0,0,0.0,0.0,0.0
1787615168.082700,08:46:08.082,8939,143.219,27.31,1011.41,15.33,0.0,0.0,0.0,0.29,2.79,-1.51,0.29,0.65,0.92,9.74,110.0,5.37,3.87,0,0,0,0.0,0.0,0.0
1787615168.082821,08:46:08.082,8940,143.229,27.31,1011.41,15.33,0.0,0.0,0.0,0.4,0.69,-0.84,0.4,0.65,0.93,9.74,110.0,5.43,3.81,0,0,0,0.0,0.0,0.0
1787615168.082943,08:46:08.082,8941,143.239,27.31,1011.41,15.33,0.0,0.0,0.0,0.4,0.69,-0.84,0.4,0.65,0.93,9.74,110.0,5.43,3.81,0,0,0,0.0,0.0,0.0
1787615168.083064,08:46:08.083,8942,143.249,27.31,1011.41,15.33,0.0,0.0,0.0,0.4,0.69,-0.84,0.4,0.65,0.93,9.74,110.0,5.43,3.81,0,0,0,0.0,0.0,0.0
1787615168.083182,08:46:08.083,8943,143.259,27.31,1011.41,15.33,0.0,0.0,0.0,0.4,0.69,-0.84,0.4,0.65,0.93,9.74,110.0,5.43,3.81,0,0,0,0.0,0.0,0.0
1787615168.083303,08:46:08.083,8944,143.269,27.31,1011.41,15.33,0.0,0.0,0.0,0.4,0.69,-0.84,0.4,0.65,0.93,9.74,110.0,5.43,3.81,0,0,0,0.0,0.0,0.0
1787615168.083422,08:46:08.083,8945,143.279,27.31,1011.41,15.33,0.0,0.0,0.0,0.4,0.69,-0.84,0.4,0.65,0.93,9.74,110.0,5.43,3.81,0,0,0,0.0,0.0,0.0
1787615168.184712,08:46:08.184,8946,143.289,27.31,1011.41,15.33,0.0,0.0,0.0,0.4,0.69,-0.84,0.4,0.65,0.93,9.74,110.0,5.43,3.81,0,0,0,0.0,0.0,0.0
1787615168.185126,08:46:08.185,8947,143.299,27.31,1011.41,15.33,0.0,0.0,0.0,0.4,0.69,-0.84,0.4,0.65,0.93,9.74,110.0,5.43,3.81,0,0,0,0.0,0.0,0.0
1787615168.185408,08:46:08.185,8948,143.309,27.31,1011.41,15.33,0.0,0.0,0.0,0.4,0.69,-0.84,0.4,0.65,0.93,9.74,110.0,5.43,3.81,0,0,0,0.0,0.0,0.0
1787615168.185679,08:46:08.185,8949,143.319,27.31,1011.41,15.33,0.0,0.0,0.0,0.4,0.69,-0.84,0.4,0.65,0.93,9.74,110.0,5.43,3.81,0,0,0,0.0,0.0,0.0
1787615168.185947,08:46:08.185,8950,143.329,27.31,1011.41,15.33,0.0,0.0,0.0,0.4,0.69,-0.84,0.4,0.65,0.93,9.74,110.0,5.43,3.81,0,0,0,0.0,0.0,0.0
1787615168.186214,08:46:08.186,8951,143.339,27.31,1011.41,15.33,0.0,0.0,0.0,-0.39,-1.33,0.57,-0.39,0.66,0.92,9.74,110.0,5.37,3.81,0,0,0,0.0,0.0,0.0
1787615168.186487,08:46:08.186,8952,143.349,27.31,1011.41,15.33,0.0,0.0,0.0,-0.39,-1.33,0.57,-0.39,0.66,0.92,9.74,110.0,5.37,3.81,0,0,0,0.0,0.0,0.0
1787615168.186756,08:46:08.186,8953,143.359,27.31,1011.41,15.33,0.0,0.0,0.0,-0.39,-1.33,0.57,-0.39,0.66,0.92,9.74,110.0,5.37,3.81,0,0,0,0.0,0.0,0.0
1787615168.187022,08:46:08.187,8954,143.369,27.32,1011.43,15.164,0.0,0.0,0.0,-0.39,-1.33,0.57,-0.39,0.66,0.92,9.74,110.0,5.37,3.81,0,0,0,0.0,0.0,0.0
1787615168.287977,08:46:08.287,8955,143.379,27.32,1011.43,15.164,0.0,0.0,0.0,-0.39,-1.33,0.57,-0.39,0.66,0.92,9.74,110.0,5.37,3.81,0,0,0,0.0,0.0,0.0
1787615168.288372,08:46:08.288,8956,143.389,27.32,1011.43,15.164,0.0,0.0,0.0,-0.39,-1.33,0.57,-0.39,0.66,0.92,9.74,110.0,5.37,3.81,0,0,0,0.0,0.0,0.0
1787615168.288556,08:46:08.288,8957,143.399,27.32,1011.43,15.164,0.0,0.0,0.0,-0.39,-1.33,0.57,-0.39,0.66,0.92,9.74,110.0,5.37,3.81,0,0,0,0.0,0.0,0.0
1787615168.288713,08:46:08.288,8958,143.409,27.32,1011.43,15.164,0.0,0.0,0.0,-0.39,-1.33,0.57,-0.39,0.66,0.92,9.74,110.0,5.37,3.81,0,0,0,0.0,0.0,0.0
1787615168.288870,08:46:08.288,8959,143.419,27.32,1011.43,15.164,0.0,0.0,0.0,-0.39,-1.33,0.57,-0.39,0.66,0.92,9.74,110.0,5.37,3.81,0,0,0,0.0,0.0,0.0
1787615168.289023,08:46:08.289,8960,143.429,27.32,1011.43,15.164,0.0,0.0,0.0,-0.39,-1.33,0.57,-0.39,0.66,0.92,9.74,110.0,5.37,3.81,0,0,0,0.0,0.0,0.0
1787615168.289176,08:46:08.289,8961,143.439,27.32,1011.43,15.164,0.0,0.0,0.0,-1.44,-2.65,-2.28,-1.44,0.65,0.89,9.74,110.0,5.18,3.81,0,0,0,0.0,0.0,0.0
1787615168.289331,08:46:08.289,8962,143.449,27.32,1011.43,15.164,0.0,0.0,0.0,-1.44,-2.65,-2.28,-1.44,0.65,0.89,9.74,110.0,5.18,3.81,0,0,0,0.0,0.0,0.0
1787615168.289482,08:46:08.289,8963,143.459,27.32,1011.43,15.164,0.0,0.0,0.0,-1.44,-2.65,-2.28,-1.44,0.65,0.89,9.74,110.0,5.18,3.81,0,0,0,0.0,0.0,0.0
1787615168.289634,08:46:08.289,8964,143.469,27.32,1011.43,15.164,0.0,0.0,0.0,-1.44,-2.65,-2.28,-1.44,0.65,0.89,9.74,110.0,5.18,3.81,0,0,0,0.0,0.0,0.0
1787615168.289792,08:46:08.289,8965,143.479,27.32,1011.43,15.164,0.0,0.0,0.0,-1.44,-2.65,-2.28,-1.44,0.65,0.89,9.74,110.0,5.18,3.81,0,0,0,0.0,0.0,0.0
1787615168.391152,08:46:08.391,8966,143.489,27.32,1011.43,15.164,0.0,0.0,0.0,-1.44,-2.65,-2.28,-1.44,0.65,0.89,9.74,110.0,5.18,3.81,0,0,0,0.0,0.0,0.0
1787615168.391459,08:46:08.391,8967,143.499,27.32,1011.43,15.164,0.0,0.0,0.0,-1.44,-2.65,-2.28,-1.44,0.65,0.89,9.74,110.0,5.18,3.81,0,0,0,0.0,0.0,0.0
1787615168.391660,08:46:08.391,8968,143.509,27.32,1011.43,15.164,0.0,0.0,0.0,-1.44,-2.65,-2.28,-1.44,0.65,0.89,9.74,110.0,5.18,3.81,0,0,0,0.0,0.0,0.0
1787615168.391852,08:46:08.391,8969,143.519,27.32,1011.43,15.164,0.0,0.0,0.0,-1.44,-2.65,-2.28,-1.44,0.65,0.89,9.74,110.0,5.18,3.81,0,0,0,0.0,0.0,0.0
1787615168.392043,08:46:08.392,8970,143.529,27.32,1011.43,15.164,0.0,0.0,0.0,-0.03,2.45,-4.88,-0.03,0.65,0.86,9.74,110.0,5.06,3.81,0,0,0,0.0,0.0,0.0
1787615168.392237,08:46:08.392,8971,143.539,27.32,1011.43,15.164,0.0,0.0,0.0,-0.03,2.45,-4.88,-0.03,0.65,0.86,9.74,110.0,5.06,3.81,0,0,0,0.0,0.0,0.0
1787615168.392426,08:46:08.392,8972,143.549,27.32,1011.43,15.164,0.0,0.0,0.0,-0.03,2.45,-4.88,-0.03,0.65,0.86,9.74,110.0,5.06,3.81,0,0,0,0.0,0.0,0.0
1787615168.392615,08:46:08.392,8973,143.559,27.32,1011.43,15.164,0.0,0.0,0.0,-0.03,2.45,-4.88,-0.03,0.65,0.86,9.74,110.0,5.06,3.81,0,0,0,0.0,0.0,0.0
1787615168.392804,08:46:08.392,8974,143.569,27.32,1011.4,15.412,0.0,0.0,0.0,-0.03,2.45,-4.88,-0.03,0.65,0.86,9.74,110.0,5.06,3.81,0,0,0,0.0,0.0,0.0
1787615168.392994,08:46:08.392,8975,143.579,27.32,1011.4,15.412,0.0,0.0,0.0,-0.03,2.45,-4.88,-0.03,0.65,0.86,9.74,110.0,5.06,3.81,0,0,0,0.0,0.0,0.0
1787615168.494361,08:46:08.494,8976,143.589,27.32,1011.4,15.412,0.0,0.0,0.0,-0.03,2.45,-4.88,-0.03,0.65,0.86,9.74,110.0,5.06,3.81,0,0,0,0.0,0.0,0.0
1787615168.494734,08:46:08.494,8977,143.599,27.32,1011.4,15.412,0.0,0.0,0.0,-0.03,2.45,-4.88,-0.03,0.65,0.86,9.74,110.0,5.06,3.81,0,0,0,0.0,0.0,0.0
1787615168.494964,08:46:08.494,8978,143.609,27.32,1011.4,15.412,0.0,0.0,0.0,-0.03,2.45,-4.88,-0.03,0.65,0.86,9.74,110.0,5.06,3.81,0,0,0,0.0,0.0,0.0
1787615168.495191,08:46:08.495,8979,143.619,27.32,1011.4,15.412,0.0,0.0,0.0,-0.03,2.45,-4.88,-0.03,0.65,0.86,9.74,110.0,5.06,3.81,0,0,0,0.0,0.0,0.0
1787615168.495412,08:46:08.495,8980,143.629,27.32,1011.4,15.412,0.0,0.0,0.0,-0.15,-2.6,-0.91,-0.15,0.65,0.87,9.74,110.0,5.12,3.75,0,0,0,0.0,0.0,0.0
1787615168.495634,08:46:08.495,8981,143.639,27.32,1011.4,15.412,0.0,0.0,0.0,-0.15,-2.6,-0.91,-0.15,0.65,0.87,9.74,110.0,5.12,3.75,0,0,0,0.0,0.0,0.0
1787615168.495856,08:46:08.495,8982,143.649,27.32,1011.4,15.412,0.0,0.0,0.0,-0.15,-2.6,-0.91,-0.15,0.65,0.87,9.74,110.0,5.12,3.75,0,0,0,0.0,0.0,0.0
1787615168.496090,08:46:08.496,8983,143.659,27.32,1011.4,15.412,0.0,0.0,0.0,-0.15,-2.6,-0.91,-0.15,0.65,0.87,9.74,110.0,5.12,3.75,0,0,0,0.0,0.0,0.0
1787615168.496310,08:46:08.496,8984,143.669,27.32,1011.4,15.412,0.0,0.0,0.0,-0.15,-2.6,-0.91,-0.15,0.65,0.87,9.74,110.0,5.12,3.75,0,0,0,0.0,0.0,0.0
1787615168.496532,08:46:08.496,8985,143.679,27.32,1011.4,15.412,0.0,0.0,0.0,-0.15,-2.6,-0.91,-0.15,0.65,0.87,9.74,110.0,5.12,3.75,0,0,0,0.0,0.0,0.0
1787615168.496752,08:46:08.496,8986,143.689,27.32,1011.4,15.412,0.0,0.0,0.0,-0.15,-2.6,-0.91,-0.15,0.65,0.87,9.74,110.0,5.12,3.75,0,0,0,0.0,0.0,0.0
1787615168.598133,08:46:08.598,8987,143.699,27.32,1011.4,15.412,0.0,0.0,0.0,-0.15,-2.6,-0.91,-0.15,0.65,0.87,9.74,110.0,5.12,3.75,0,0,0,0.0,0.0,0.0
1787615168.598378,08:46:08.598,8988,143.709,27.32,1011.4,15.412,0.0,0.0,0.0,-0.15,-2.6,-0.91,-0.15,0.65,0.87,9.74,110.0,5.12,3.75,0,0,0,0.0,0.0,0.0
1787615168.598537,08:46:08.598,8989,143.719,27.32,1011.4,15.412,0.0,0.0,0.0,-0.15,-2.6,-0.91,-0.15,0.65,0.87,9.74,110.0,5.12,3.75,0,0,0,0.0,0.0,0.0
1787615168.598691,08:46:08.598,8990,143.729,27.32,1011.4,15.412,0.0,0.0,0.0,-0.49,-1.36,-2.53,-0.49,0.65,0.88,9.74,110.0,5.12,3.81,0,0,0,0.0,0.0,0.0
1787615168.598844,08:46:08.598,8991,143.739,27.32,1011.4,15.412,0.0,0.0,0.0,-0.49,-1.36,-2.53,-0.49,0.65,0.88,9.74,110.0,5.12,3.81,0,0,0,0.0,0.0,0.0
1787615168.598994,08:46:08.598,8992,143.749,27.32,1011.4,15.412,0.0,0.0,0.0,-0.49,-1.36,-2.53,-0.49,0.65,0.88,9.74,110.0,5.12,3.81,0,0,0,0.0,0.0,0.0
1787615168.599144,08:46:08.599,8993,143.759,27.32,1011.4,15.412,0.0,0.0,0.0,-0.49,-1.36,-2.53,-0.49,0.65,0.88,9.74,110.0,5.12,3.81,0,0,0,0.0,0.0,0.0
1787615168.599295,08:46:08.599,8994,143.769,27.31,1011.41,15.33,0.0,0.0,0.0,-0.49,-1.36,-2.53,-0.49,0.65,0.88,9.74,110.0,5.12,3.81,0,0,0,0.0,0.0,0.0
1787615168.599447,08:46:08.599,8995,143.779,27.31,1011.41,15.33,0.0,0.0,0.0,-0.49,-1.36,-2.53,-0.49,0.65,0.88,9.74,110.0,5.12,3.81,0,0,0,0.0,0.0,0.0
1787615168.599596,08:46:08.599,8996,143.789,27.31,1011.41,15.33,0.0,0.0,0.0,-0.49,-1.36,-2.53,-0.49,0.65,0.88,9.74,110.0,5.12,3.81,0,0,0,0.0,0.0,0.0
1787615168.700989,08:46:08.700,8997,143.799,27.31,1011.41,15.33,0.0,0.0,0.0,-0.49,-1.36,-2.53,-0.49,0.65,0.88,9.74,110.0,5.12,3.81,0,0,0,0.0,0.0,0.0
1787615168.701824,08:46:08.701,8998,143.809,27.31,1011.41,15.33,0.0,0.0,0.0,-0.49,-1.36,-2.53,-0.49,0.65,0.88,9.74,110.0,5.12,3.81,0,0,0,0.0,0.0,0.0
1787615168.702175,08:46:08.702,8999,143.819,27.31,1011.41,15.33,0.0,0.0,0.0,-0.49,-1.36,-2.53,-0.49,0.65,0.88,9.74,110.0,5.12,3.81,0,0,0,0.0,0.0,0.0
1787615168.702517,08:46:08.702,9000,143.829,27.31,1011.41,15.33,0.0,0.0,0.0,-2.29,-1.83,-0.38,-2.29,0.66,0.85,9.74,110.06,5.0,3.87,0,0,0,0.0,0.0,0.0
1787615168.702850,08:46:08.702,9001,143.839,27.31,1011.41,15.33,0.0,0.0,0.0,-2.29,-1.83,-0.38,-2.29,0.66,0.85,9.74,110.06,5.0,3.87,0,0,0,0.0,0.0,0.0
1787615168.703176,08:46:08.703,9002,143.849,27.31,1011.41,15.33,0.0,0.0,0.0,-2.29,-1.83,-0.38,-2.29,0.66,0.85,9.74,110.06,5.0,3.87,0,0,0,0.0,0.0,0.0
1787615168.703501,08:46:08.703,9003,143.859,27.31,1011.41,15.33,0.0,0.0,0.0,-2.29,-1.83,-0.38,-2.29,0.66,0.85,9.74,110.06,5.0,3.87,0,0,0,0.0,0.0,0.0
1787615168.703830,08:46:08.703,9004,143.869,27.31,1011.41,15.33,0.0,0.0,0.0,-2.29,-1.83,-0.38,-2.29,0.66,0.85,9.74,110.06,5.0,3.87,0,0,0,0.0,0.0,0.0
1787615168.704171,08:46:08.704,9005,143.879,27.31,1011.41,15.33,0.0,0.0,0.0,-2.29,-1.83,-0.38,-2.29,0.66,0.85,9.74,110.06,5.0,3.87,0,0,0,0.0,0.0,0.0
1787615168.704592,08:46:08.704,9006,143.889,27.31,1011.41,15.33,0.0,0.0,0.0,-2.29,-1.83,-0.38,-2.29,0.66,0.85,9.74,110.06,5.0,3.87,0,0,0,0.0,0.0,0.0
1787615168.704922,08:46:08.704,9007,143.899,27.31,1011.41,15.33,0.0,0.0,0.0,-2.29,-1.83,-0.38,-2.29,0.66,0.85,9.74,110.06,5.0,3.87,0,0,0,0.0,0.0,0.0
1787615168.806475,08:46:08.806,9008,143.909,27.31,1011.41,15.33,0.0,0.0,0.0,-2.29,-1.83,-0.38,-2.29,0.66,0.85,9.74,110.06,5.0,3.87,0,0,0,0.0,0.0,0.0
1787615168.807845,08:46:08.807,9009,143.919,27.31,1011.41,15.33,0.0,0.0,0.0,-2.29,-1.83,-0.38,-2.29,0.66,0.85,9.74,110.06,5.0,3.87,0,0,0,0.0,0.0,0.0
1787615168.808470,08:46:08.808,9010,143.929,27.31,1011.41,15.33,0.0,0.0,0.0,0.46,1.3,3.76,0.46,0.63,0.68,9.76,110.18,4.0,3.68,0,0,0,0.0,0.0,0.0
1787615168.808891,08:46:08.808,9011,143.939,27.31,1011.41,15.33,0.0,0.0,0.0,0.46,1.3,3.76,0.46,0.63,0.68,9.76,110.18,4.0,3.68,0,0,0,0.0,0.0,0.0
1787615168.809284,08:46:08.809,9012,143.949,27.31,1011.41,15.33,0.0,0.0,0.0,0.46,1.3,3.76,0.46,0.63,0.68,9.76,110.18,4.0,3.68,0,0,0,0.0,0.0,0.0
1787615168.809673,08:46:08.809,9013,143.959,27.31,1011.41,15.33,0.0,0.0,0.0,0.46,1.3,3.76,0.46,0.63,0.68,9.76,110.18,4.0,3.68,0,0,0,0.0,0.0,0.0
1787615168.810064,08:46:08.810,9014,143.969,27.31,1011.41,15.33,0.0,0.0,0.0,0.46,1.3,3.76,0.46,0.63,0.68,9.76,110.18,4.0,3.68,0,0,0,0.0,0.0,0.0
1787615168.810427,08:46:08.810,9015,143.979,27.31,1011.41,15.33,0.0,0.0,0.0,0.46,1.3,3.76,0.46,0.63,0.68,9.76,110.18,4.0,3.68,0,0,0,0.0,0.0,0.0
1787615168.810763,08:46:08.810,9016,143.989,27.31,1011.41,15.33,0.0,0.0,0.0,0.46,1.3,3.76,0.46,0.63,0.68,9.76,110.18,4.0,3.68,0,0,0,0.0,0.0,0.0
1787615168.811098,08:46:08.811,9017,143.999,27.31,1011.41,15.33,0.0,0.0,0.0,0.46,1.3,3.76,0.46,0.63,0.68,9.76,110.18,4.0,3.68,0,0,0,0.0,0.0,0.0
1787615168.912699,08:46:08.912,9018,144.009,27.31,1011.41,15.33,0.0,0.0,0.0,0.46,1.3,3.76,0.46,0.63,0.68,9.76,110.18,4.0,3.68,0,0,0,0.0,0.0,0.0
1787615168.913244,08:46:08.913,9019,144.019,27.31,1011.41,15.33,0.0,0.0,0.0,0.46,1.3,3.76,0.46,0.63,0.68,9.76,110.18,4.0,3.68,0,0,0,0.0,0.0,0.0
1787615168.913491,08:46:08.913,9020,144.029,27.31,1011.41,15.33,0.0,0.0,0.0,1.16,4.77,2.2,1.16,0.62,0.64,9.76,110.31,3.75,3.62,0,0,0,0.0,0.0,0.0
1787615168.913725,08:46:08.913,9021,144.039,27.31,1011.41,15.33,0.0,0.0,0.0,1.16,4.77,2.2,1.16,0.62,0.64,9.76,110.31,3.75,3.62,0,0,0,0.0,0.0,0.0
1787615168.913952,08:46:08.913,9022,144.049,27.31,1011.41,15.33,0.0,0.0,0.0,1.16,4.77,2.2,1.16,0.62,0.64,9.76,110.31,3.75,3.62,0,0,0,0.0,0.0,0.0
1787615168.914179,08:46:08.914,9023,144.059,27.31,1011.41,15.33,0.0,0.0,0.0,1.16,4.77,2.2,1.16,0.62,0.64,9.76,110.31,3.75,3.62,0,0,0,0.0,0.0,0.0
1787615168.914405,08:46:08.914,9024,144.069,27.31,1011.41,15.33,0.0,0.0,0.0,1.16,4.77,2.2,1.16,0.62,0.64,9.76,110.31,3.75,3.62,0,0,0,0.0,0.0,0.0
1787615168.914630,08:46:08.914,9025,144.079,27.31,1011.41,15.33,0.0,0.0,0.0,1.16,4.77,2.2,1.16,0.62,0.64,9.76,110.31,3.75,3.62,0,0,0,0.0,0.0,0.0
1787615168.914853,08:46:08.914,9026,144.089,27.31,1011.41,15.33,0.0,0.0,0.0,1.16,4.77,2.2,1.16,0.62,0.64,9.76,110.31,3.75,3.62,0,0,0,0.0,0.0,0.0
1787615168.915274,08:46:08.915,9027,144.099,27.31,1011.41,15.33,0.0,0.0,0.0,1.16,4.77,2.2,1.16,0.62,0.64,9.76,110.31,3.75,3.62,0,0,0,0.0,0.0,0.0
1787615168.915532,08:46:08.915,9028,144.109,27.31,1011.41,15.33,0.0,0.0,0.0,1.16,4.77,2.2,1.16,0.62,0.64,9.76,110.31,3.75,3.62,0,0,0,0.0,0.0,0.0
1787615169.017152,08:46:09.017,9029,144.119,27.31,1011.41,15.33,0.0,0.0,0.0,1.16,4.77,2.2,1.16,0.62,0.64,9.76,110.31,3.75,3.62,0,0,0,0.0,0.0,0.0
1787615169.018374,08:46:09.018,9030,144.129,27.31,1011.41,15.33,0.0,0.0,0.0,0.27,5.64,6.02,0.27,0.63,0.74,9.75,110.81,4.37,3.68,0,0,0,0.0,0.0,0.0
1787615169.018890,08:46:09.018,9031,144.139,27.31,1011.41,15.33,0.0,0.0,0.0,0.27,5.64,6.02,0.27,0.63,0.74,9.75,110.81,4.37,3.68,0,0,0,0.0,0.0,0.0
1787615169.019333,08:46:09.019,9032,144.149,27.31,1011.41,15.33,0.0,0.0,0.0,0.27,5.64,6.02,0.27,0.63,0.74,9.75,110.81,4.37,3.68,0,0,0,0.0,0.0,0.0
1787615169.019766,08:46:09.019,9033,144.159,27.31,1011.41,15.33,0.0,0.0,0.0,0.27,5.64,6.02,0.27,0.63,0.74,9.75,110.81,4.37,3.68,0,0,0,0.0,0.0,0.0
1787615169.020184,08:46:09.020,9034,144.169,27.31,1011.39,15.496,0.0,0.0,0.0,0.27,5.64,6.02,0.27,0.63,0.74,9.75,110.81,4.37,3.68,0,0,0,0.0,0.0,0.0
1787615169.020557,08:46:09.020,9035,144.179,27.31,1011.39,15.496,0.0,0.0,0.0,0.27,5.64,6.02,0.27,0.63,0.74,9.75,110.81,4.37,3.68,0,0,0,0.0,0.0,0.0
1787615169.020920,08:46:09.020,9036,144.189,27.31,1011.39,15.496,0.0,0.0,0.0,0.27,5.64,6.02,0.27,0.63,0.74,9.75,110.81,4.37,3.68,0,0,0,0.0,0.0,0.0
1787615169.021284,08:46:09.021,9037,144.199,27.31,1011.39,15.496,0.0,0.0,0.0,0.27,5.64,6.02,0.27,0.63,0.74,9.75,110.81,4.37,3.68,0,0,0,0.0,0.0,0.0
1787615169.021646,08:46:09.021,9038,144.209,27.31,1011.39,15.496,0.0,0.0,0.0,0.27,5.64,6.02,0.27,0.63,0.74,9.75,110.81,4.37,3.68,0,0,0,0.0,0.0,0.0
1787615169.123414,08:46:09.123,9039,144.219,27.31,1011.39,15.496,0.0,0.0,0.0,0.27,5.64,6.02,0.27,0.63,0.74,9.75,110.81,4.37,3.68,0,0,0,0.0,0.0,0.0
1787615169.124817,08:46:09.124,9040,144.229,27.31,1011.39,15.496,0.0,0.0,0.0,0.41,-4.68,0.81,0.41,0.63,0.78,9.75,111.75,4.56,3.62,0,0,0,0.0,0.0,0.0
1787615169.125403,08:46:09.125,9041,144.239,27.31,1011.39,15.496,0.0,0.0,0.0,0.41,-4.68,0.81,0.41,0.63,0.78,9.75,111.75,4.56,3.62,0,0,0,0.0,0.0,0.0
1787615169.125835,08:46:09.125,9042,144.249,27.31,1011.39,15.496,0.0,0.0,0.0,0.41,-4.68,0.81,0.41,0.63,0.78,9.75,111.75,4.56,3.62,0,0,0,0.0,0.0,0.0
1787615169.126252,08:46:09.126,9043,144.259,27.31,1011.39,15.496,0.0,0.0,0.0,0.41,-4.68,0.81,0.41,0.63,0.78,9.75,111.75,4.56,3.62,0,0,0,0.0,0.0,0.0
1787615169.126656,08:46:09.126,9044,144.269,27.31,1011.39,15.496,0.0,0.0,0.0,0.41,-4.68,0.81,0.41,0.63,0.78,9.75,111.75,4.56,3.62,0,0,0,0.0,0.0,0.0
1787615169.127057,08:46:09.127,9045,144.279,27.31,1011.39,15.496,0.0,0.0,0.0,0.41,-4.68,0.81,0.41,0.63,0.78,9.75,111.75,4.56,3.62,0,0,0,0.0,0.0,0.0
1787615169.127403,08:46:09.127,9046,144.289,27.31,1011.39,15.496,0.0,0.0,0.0,0.41,-4.68,0.81,0.41,0.63,0.78,9.75,111.75,4.56,3.62,0,0,0,0.0,0.0,0.0
1787615169.127742,08:46:09.127,9047,144.299,27.31,1011.39,15.496,0.0,0.0,0.0,0.41,-4.68,0.81,0.41,0.63,0.78,9.75,111.75,4.56,3.62,0,0,0,0.0,0.0,0.0
1787615169.128104,08:46:09.128,9048,144.309,27.31,1011.39,15.496,0.0,0.0,0.0,0.41,-4.68,0.81,0.41,0.63,0.78,9.75,111.75,4.56,3.62,0,0,0,0.0,0.0,0.0
1787615169.128444,08:46:09.128,9049,144.319,27.31,1011.39,15.496,0.0,0.0,0.0,0.41,-4.68,0.81,0.41,0.63,0.78,9.75,111.75,4.56,3.62,0,0,0,0.0,0.0,0.0
1787615169.230012,08:46:09.230,9050,144.329,27.31,1011.39,15.496,0.0,0.0,0.0,-0.91,7.25,-1.03,-0.91,0.62,0.71,9.76,113.06,4.18,3.62,0,0,0,0.0,0.0,0.0
1787615169.230290,08:46:09.230,9051,144.339,27.31,1011.39,15.496,0.0,0.0,0.0,-0.91,7.25,-1.03,-0.91,0.62,0.71,9.76,113.06,4.18,3.62,0,0,0,0.0,0.0,0.0
1787615169.230438,08:46:09.230,9052,144.349,27.31,1011.39,15.496,0.0,0.0,0.0,-0.91,7.25,-1.03,-0.91,0.62,0.71,9.76,113.06,4.18,3.62,0,0,0,0.0,0.0,0.0
1787615169.230580,08:46:09.230,9053,144.359,27.31,1011.39,15.496,0.0,0.0,0.0,-0.91,7.25,-1.03,-0.91,0.62,0.71,9.76,113.06,4.18,3.62,0,0,0,0.0,0.0,0.0
1787615169.230722,08:46:09.230,9054,144.369,27.3,1011.42,15.245,0.0,0.0,0.0,-0.91,7.25,-1.03,-0.91,0.62,0.71,9.76,113.06,4.18,3.62,0,0,0,0.0,0.0,0.0
1787615169.230862,08:46:09.230,9055,144.379,27.3,1011.42,15.245,0.0,0.0,0.0,-0.91,7.25,-1.03,-0.91,0.62,0.71,9.76,113.06,4.18,3.62,0,0,0,0.0,0.0,0.0
1787615169.231038,08:46:09.231,9056,144.389,27.3,1011.42,15.245,0.0,0.0,0.0,-0.91,7.25,-1.03,-0.91,0.62,0.71,9.76,113.06,4.18,3.62,0,0,0,0.0,0.0,0.0
1787615169.231180,08:46:09.231,9057,144.399,27.3,1011.42,15.245,0.0,0.0,0.0,-0.91,7.25,-1.03,-0.91,0.62,0.71,9.76,113.06,4.18,3.62,0,0,0,0.0,0.0,0.0
1787615169.231320,08:46:09.231,9058,144.409,27.3,1011.42,15.245,0.0,0.0,0.0,-0.91,7.25,-1.03,-0.91,0.62,0.71,9.76,113.06,4.18,3.62,0,0,0,0.0,0.0,0.0
1787615169.231459,08:46:09.231,9059,144.419,27.3,1011.42,15.245,0.0,0.0,0.0,-0.91,7.25,-1.03,-0.91,0.62,0.71,9.76,113.06,4.18,3.62,0,0,0,0.0,0.0,0.0
1787615169.332785,08:46:09.332,9060,144.429,27.3,1011.42,15.245,0.0,0.0,0.0,-0.61,-1.71,1.74,-0.61,0.62,0.67,9.76,114.75,3.93,3.68,0,0,0,0.0,0.0,0.0
1787615169.333222,08:46:09.333,9061,144.439,27.3,1011.42,15.245,0.0,0.0,0.0,-0.61,-1.71,1.74,-0.61,0.62,0.67,9.76,114.75,3.93,3.68,0,0,0,0.0,0.0,0.0
1787615169.333450,08:46:09.333,9062,144.449,27.3,1011.42,15.245,0.0,0.0,0.0,-0.61,-1.71,1.74,-0.61,0.62,0.67,9.76,114.75,3.93,3.68,0,0,0,0.0,0.0,0.0
1787615169.333648,08:46:09.333,9063,144.459,27.3,1011.42,15.245,0.0,0.0,0.0,-0.61,-1.71,1.74,-0.61,0.62,0.67,9.76,114.75,3.93,3.68,0,0,0,0.0,0.0,0.0
1787615169.333843,08:46:09.333,9064,144.469,27.3,1011.42,15.245,0.0,0.0,0.0,-0.61,-1.71,1.74,-0.61,0.62,0.67,9.76,114.75,3.93,3.68,0,0,0,0.0,0.0,0.0
1787615169.334035,08:46:09.334,9065,144.479,27.3,1011.42,15.245,0.0,0.0,0.0,-0.61,-1.71,1.74,-0.61,0.62,0.67,9.76,114.75,3.93,3.68,0,0,0,0.0,0.0,0.0
1787615169.334226,08:46:09.334,9066,144.489,27.3,1011.42,15.245,0.0,0.0,0.0,-0.61,-1.71,1.74,-0.61,0.62,0.67,9.76,114.75,3.93,3.68,0,0,0,0.0,0.0,0.0
1787615169.334416,08:46:09.334,9067,144.499,27.3,1011.42,15.245,0.0,0.0,0.0,-0.61,-1.71,1.74,-0.61,0.62,0.67,9.76,114.75,3.93,3.68,0,0,0,0.0,0.0,0.0
1787615169.334608,08:46:09.334,9068,144.509,27.3,1011.42,15.245,0.0,0.0,0.0,-0.61,-1.71,1.74,-0.61,0.62,0.67,9.76,114.75,3.93,3.68,0,0,0,0.0,0.0,0.0
1787615169.334797,08:46:09.334,9069,144.519,27.3,1011.42,15.245,0.0,0.0,0.0,-0.61,-1.71,1.74,-0.61,0.62,0.67,9.76,114.75,3.93,3.68,0,0,0,0.0,0.0,0.0
1787615169.334988,08:46:09.334,9070,144.529,27.3,1011.42,15.245,0.0,0.0,0.0,-0.58,6.05,0.49,-0.58,0.63,0.71,9.75,117.18,4.12,3.68,0,0,0,0.0,0.0,0.0
1787615169.435375,08:46:09.435,9071,144.539,27.3,1011.42,15.245,0.0,0.0,0.0,-0.58,6.05,0.49,-0.58,0.63,0.71,9.75,117.18,4.12,3.68,0,0,0,0.0,0.0,0.0
1787615169.435742,08:46:09.435,9072,144.549,27.3,1011.42,15.245,0.0,0.0,0.0,-0.58,6.05,0.49,-0.58,0.63,0.71,9.75,117.18,4.12,3.68,0,0,0,0.0,0.0,0.0
1787615169.435971,08:46:09.435,9073,144.559,27.3,1011.42,15.245,0.0,0.0,0.0,-0.58,6.05,0.49,-0.58,0.63,0.71,9.75,117.18,4.12,3.68,0,0,0,0.0,0.0,0.0
1787615169.436194,08:46:09.436,9074,144.569,27.29,1011.4,15.412,0.0,0.0,0.0,-0.58,6.05,0.49,-0.58,0.63,0.71,9.75,117.18,4.12,3.68,0,0,0,0.0,0.0,0.0
1787615169.436417,08:46:09.436,9075,144.579,27.29,1011.4,15.412,0.0,0.0,0.0,-0.58,6.05,0.49,-0.58,0.63,0.71,9.75,117.18,4.12,3.68,0,0,0,0.0,0.0,0.0
1787615169.436638,08:46:09.436,9076,144.589,27.29,1011.4,15.412,0.0,0.0,0.0,-0.58,6.05,0.49,-0.58,0.63,0.71,9.75,117.18,4.12,3.68,0,0,0,0.0,0.0,0.0
1787615169.436859,08:46:09.436,9077,144.599,27.29,1011.4,15.412,0.0,0.0,0.0,-0.58,6.05,0.49,-0.58,0.63,0.71,9.75,117.18,4.12,3.68,0,0,0,0.0,0.0,0.0
1787615169.437083,08:46:09.437,9078,144.609,27.29,1011.4,15.412,0.0,0.0,0.0,-0.58,6.05,0.49,-0.58,0.63,0.71,9.75,117.18,4.12,3.68,0,0,0,0.0,0.0,0.0
1787615169.437296,08:46:09.437,9079,144.619,27.29,1011.4,15.412,0.0,0.0,0.0,-0.58,6.05,0.49,-0.58,0.63,0.71,9.75,117.18,4.12,3.68,0,0,0,0.0,0.0,0.0
1787615169.437485,08:46:09.437,9080,144.629,27.29,1011.4,15.412,0.0,0.0,0.0,-0.78,2.47,-3.55,-0.78,0.65,0.73,9.75,120.18,4.31,3.81,0,0,0,0.0,0.0,0.0
1787615169.538847,08:46:09.538,9081,144.639,27.29,1011.4,15.412,0.0,0.0,0.0,-0.78,2.47,-3.55,-0.78,0.65,0.73,9.75,120.18,4.31,3.81,0,0,0,0.0,0.0,0.0
1787615169.539199,08:46:09.539,9082,144.649,27.29,1011.4,15.412,0.0,0.0,0.0,-0.78,2.47,-3.55,-0.78,0.65,0.73,9.75,120.18,4.31,3.81,0,0,0,0.0,0.0,0.0
1787615169.539428,08:46:09.539,9083,144.659,27.29,1011.4,15.412,0.0,0.0,0.0,-0.78,2.47,-3.55,-0.78,0.65,0.73,9.75,120.18,4.31,3.81,0,0,0,0.0,0.0,0.0
1787615169.539649,08:46:09.539,9084,144.669,27.29,1011.4,15.412,0.0,0.0,0.0,-0.78,2.47,-3.55,-0.78,0.65,0.73,9.75,120.18,4.31,3.81,0,0,0,0.0,0.0,0.0
1787615169.539876,08:46:09.539,9085,144.679,27.29,1011.4,15.412,0.0,0.0,0.0,-0.78,2.47,-3.55,-0.78,0.65,0.73,9.75,120.18,4.31,3.81,0,0,0,0.0,0.0,0.0
1787615169.540094,08:46:09.540,9086,144.689,27.29,1011.4,15.412,0.0,0.0,0.0,-0.78,2.47,-3.55,-0.78,0.65,0.73,9.75,120.18,4.31,3.81,0,0,0,0.0,0.0,0.0
1787615169.540312,08:46:09.540,9087,144.699,27.29,1011.4,15.412,0.0,0.0,0.0,-0.78,2.47,-3.55,-0.78,0.65,0.73,9.75,120.18,4.31,3.81,0,0,0,0.0,0.0,0.0
1787615169.540529,08:46:09.540,9088,144.709,27.29,1011.4,15.412,0.0,0.0,0.0,-0.78,2.47,-3.55,-0.78,0.65,0.73,9.75,120.18,4.31,3.81,0,0,0,0.0,0.0,0.0
1787615169.540747,08:46:09.540,9089,144.719,27.29,1011.4,15.412,0.0,0.0,0.0,-0.78,2.47,-3.55,-0.78,0.65,0.73,9.75,120.18,4.31,3.81,0,0,0,0.0,0.0,0.0
1787615169.642275,08:46:09.642,9090,144.729,27.29,1011.4,15.412,0.0,0.0,0.0,0.17,-0.19,1.85,0.17,0.67,0.71,9.75,123.93,4.18,3.87,0,0,0,0.0,0.0,0.0
1787615169.643638,08:46:09.643,9091,144.739,27.29,1011.4,15.412,0.0,0.0,0.0,0.17,-0.19,1.85,0.17,0.67,0.71,9.75,123.93,4.18,3.87,0,0,0,0.0,0.0,0.0
1787615169.644341,08:46:09.644,9092,144.749,27.29,1011.4,15.412,0.0,0.0,0.0,0.17,-0.19,1.85,0.17,0.67,0.71,9.75,123.93,4.18,3.87,0,0,0,0.0,0.0,0.0
1787615169.645016,08:46:09.645,9093,144.759,27.29,1011.4,15.412,0.0,0.0,0.0,0.17,-0.19,1.85,0.17,0.67,0.71,9.75,123.93,4.18,3.87,0,0,0,0.0,0.0,0.0
1787615169.645674,08:46:09.645,9094,144.769,27.28,1011.38,15.581,0.0,0.0,0.0,0.17,-0.19,1.85,0.17,0.67,0.71,9.75,123.93,4.18,3.87,0,0,0,0.0,0.0,0.0
1787615169.646325,08:46:09.646,9095,144.779,27.28,1011.38,15.581,0.0,0.0,0.0,0.17,-0.19,1.85,0.17,0.67,0.71,9.75,123.93,4.18,3.87,0,0,0,0.0,0.0,0.0
1787615169.646968,08:46:09.646,9096,144.789,27.28,1011.38,15.581,0.0,0.0,0.0,0.17,-0.19,1.85,0.17,0.67,0.71,9.75,123.93,4.18,3.87,0,0,0,0.0,0.0,0.0
1787615169.647696,08:46:09.647,9097,144.799,27.28,1011.38,15.581,0.0,0.0,0.0,0.17,-0.19,1.85,0.17,0.67,0.71,9.75,123.93,4.18,3.87,0,0,0,0.0,0.0,0.0
1787615169.647999,08:46:09.647,9098,144.809,27.28,1011.38,15.581,0.0,0.0,0.0,0.17,-0.19,1.85,0.17,0.67,0.71,9.75,123.93,4.18,3.87,0,0,0,0.0,0.0,0.0
1787615169.648267,08:46:09.648,9099,144.819,27.28,1011.38,15.581,0.0,0.0,0.0,0.17,-0.19,1.85,0.17,0.67,0.71,9.75,123.93,4.18,3.87,0,0,0,0.0,0.0,0.0
1787615169.648532,08:46:09.648,9100,144.829,27.28,1011.38,15.581,0.0,0.0,0.0,-1.16,7.34,-2.63,-1.16,0.69,0.76,9.75,128.62,4.37,4.0,0,0,0,0.0,0.0,0.0
1787615169.648800,08:46:09.648,9101,144.839,27.28,1011.38,15.581,0.0,0.0,0.0,-1.16,7.34,-2.63,-1.16,0.69,0.76,9.75,128.62,4.37,4.0,0,0,0,0.0,0.0,0.0
1787615169.750325,08:46:09.750,9102,144.849,27.28,1011.38,15.581,0.0,0.0,0.0,-1.16,7.34,-2.63,-1.16,0.69,0.76,9.75,128.62,4.37,4.0,0,0,0,0.0,0.0,0.0
1787615169.751539,08:46:09.751,9103,144.859,27.28,1011.38,15.581,0.0,0.0,0.0,-1.16,7.34,-2.63,-1.16,0.69,0.76,9.75,128.62,4.37,4.0,0,0,0,0.0,0.0,0.0
1787615169.752213,08:46:09.752,9104,144.869,27.28,1011.38,15.581,0.0,0.0,0.0,-1.16,7.34,-2.63,-1.16,0.69,0.76,9.75,128.62,4.37,4.0,0,0,0,0.0,0.0,0.0
1787615169.752601,08:46:09.752,9105,144.879,27.28,1011.38,15.581,0.0,0.0,0.0,-1.16,7.34,-2.63,-1.16,0.69,0.76,9.75,128.62,4.37,4.0,0,0,0,0.0,0.0,0.0
1787615169.753098,08:46:09.753,9106,144.889,27.28,1011.38,15.581,0.0,0.0,0.0,-1.16,7.34,-2.63,-1.16,0.69,0.76,9.75,128.62,4.37,4.0,0,0,0,0.0,0.0,0.0
1787615169.753477,08:46:09.753,9107,144.899,27.28,1011.38,15.581,0.0,0.0,0.0,-1.16,7.34,-2.63,-1.16,0.69,0.76,9.75,128.62,4.37,4.0,0,0,0,0.0,0.0,0.0
1787615169.753859,08:46:09.753,9108,144.909,27.28,1011.38,15.581,0.0,0.0,0.0,-1.16,7.34,-2.63,-1.16,0.69,0.76,9.75,128.62,4.37,4.0,0,0,0,0.0,0.0,0.0
1787615169.754223,08:46:09.754,9109,144.919,27.28,1011.38,15.581,0.0,0.0,0.0,-1.16,7.34,-2.63,-1.16,0.69,0.76,9.75,128.62,4.37,4.0,0,0,0,0.0,0.0,0.0
1787615169.754556,08:46:09.754,9110,144.929,27.28,1011.38,15.581,0.0,0.0,0.0,-0.67,6.88,-3.03,-0.67,0.7,0.95,9.73,134.12,5.43,4.12,0,0,0,0.0,0.0,0.0
1787615169.754882,08:46:09.754,9111,144.939,27.28,1011.38,15.581,0.0,0.0,0.0,-0.67,6.88,-3.03,-0.67,0.7,0.95,9.73,134.12,5.43,4.12,0,0,0,0.0,0.0,0.0
1787615169.755210,08:46:09.755,9112,144.949,27.28,1011.38,15.581,0.0,0.0,0.0,-0.67,6.88,-3.03,-0.67,0.7,0.95,9.73,134.12,5.43,4.12,0,0,0,0.0,0.0,0.0
1787615169.856013,08:46:09.856,9113,144.959,27.28,1011.38,15.581,0.0,0.0,0.0,-0.67,6.88,-3.03,-0.67,0.7,0.95,9.73,134.12,5.43,4.12,0,0,0,0.0,0.0,0.0
1787615169.857413,08:46:09.857,9114,144.969,27.27,1011.38,15.581,0.0,0.0,0.0,-0.67,6.88,-3.03,-0.67,0.7,0.95,9.73,134.12,5.43,4.12,0,0,0,0.0,0.0,0.0
1787615169.858091,08:46:09.858,9115,144.979,27.27,1011.38,15.581,0.0,0.0,0.0,-0.67,6.88,-3.03,-0.67,0.7,0.95,9.73,134.12,5.43,4.12,0,0,0,0.0,0.0,0.0
1787615169.858539,08:46:09.858,9116,144.989,27.27,1011.38,15.581,0.0,0.0,0.0,-0.67,6.88,-3.03,-0.67,0.7,0.95,9.73,134.12,5.43,4.12,0,0,0,0.0,0.0,0.0
1787615169.858954,08:46:09.858,9117,144.999,27.27,1011.38,15.581,0.0,0.0,0.0,-0.67,6.88,-3.03,-0.67,0.7,0.95,9.73,134.12,5.43,4.12,0,0,0,0.0,0.0,0.0
1787615169.859360,08:46:09.859,9118,145.009,27.27,1011.38,15.581,0.0,0.0,0.0,-0.67,6.88,-3.03,-0.67,0.7,0.95,9.73,134.12,5.43,4.12,0,0,0,0.0,0.0,0.0
1787615169.859767,08:46:09.859,9119,145.019,27.27,1011.38,15.581,0.0,0.0,0.0,-0.67,6.88,-3.03,-0.67,0.7,0.95,9.73,134.12,5.43,4.12,0,0,0,0.0,0.0,0.0
1787615169.860129,08:46:09.860,9120,145.029,27.27,1011.38,15.581,0.0,0.0,0.0,-0.71,1.53,0.96,-0.71,0.73,1.22,9.7,140.12,7.18,4.25,0,0,0,0.0,0.0,0.0
1787615169.860491,08:46:09.860,9121,145.039,27.27,1011.38,15.581,0.0,0.0,0.0,-0.71,1.53,0.96,-0.71,0.73,1.22,9.7,140.12,7.18,4.25,0,0,0,0.0,0.0,0.0
1787615169.860843,08:46:09.860,9122,145.049,27.27,1011.38,15.581,0.0,0.0,0.0,-0.71,1.53,0.96,-0.71,0.73,1.22,9.7,140.12,7.18,4.25,0,0,0,0.0,0.0,0.0
1787615169.962405,08:46:09.962,9123,145.059,27.27,1011.38,15.581,0.0,0.0,0.0,-0.71,1.53,0.96,-0.71,0.73,1.22,9.7,140.12,7.18,4.25,0,0,0,0.0,0.0,0.0
1787615169.962869,08:46:09.962,9124,145.069,27.27,1011.38,15.581,0.0,0.0,0.0,-0.71,1.53,0.96,-0.71,0.73,1.22,9.7,140.12,7.18,4.25,0,0,0,0.0,0.0,0.0
1787615169.963101,08:46:09.963,9125,145.079,27.27,1011.38,15.581,0.0,0.0,0.0,-0.71,1.53,0.96,-0.71,0.73,1.22,9.7,140.12,7.18,4.25,0,0,0,0.0,0.0,0.0
1787615169.963324,08:46:09.963,9126,145.089,27.27,1011.38,15.581,0.0,0.0,0.0,-0.71,1.53,0.96,-0.71,0.73,1.22,9.7,140.12,7.18,4.25,0,0,0,0.0,0.0,0.0
1787615169.963545,08:46:09.963,9127,145.099,27.27,1011.38,15.581,0.0,0.0,0.0,-0.71,1.53,0.96,-0.71,0.73,1.22,9.7,140.12,7.18,4.25,0,0,0,0.0,0.0,0.0
1787615169.963767,08:46:09.963,9128,145.109,27.27,1011.38,15.581,0.0,0.0,0.0,-0.71,1.53,0.96,-0.71,0.73,1.22,9.7,140.12,7.18,4.25,0,0,0,0.0,0.0,0.0
1787615169.963986,08:46:09.963,9129,145.119,27.27,1011.38,15.581,0.0,0.0,0.0,-0.71,1.53,0.96,-0.71,0.73,1.22,9.7,140.12,7.18,4.25,0,0,0,0.0,0.0,0.0
1787615169.964206,08:46:09.964,9130,145.129,27.27,1011.38,15.581,0.0,0.0,0.0,0.67,1.03,0.17,0.67,0.74,1.63,9.64,146.37,9.56,4.31,0,0,0,0.0,0.0,0.0
1787615169.964429,08:46:09.964,9131,145.139,27.27,1011.38,15.581,0.0,0.0,0.0,0.67,1.03,0.17,0.67,0.74,1.63,9.64,146.37,9.56,4.31,0,0,0,0.0,0.0,0.0
1787615169.964828,08:46:09.964,9132,145.149,27.27,1011.38,15.581,0.0,0.0,0.0,0.67,1.03,0.17,0.67,0.74,1.63,9.64,146.37,9.56,4.31,0,0,0,0.0,0.0,0.0
1787615169.965078,08:46:09.965,9133,145.159,27.27,1011.38,15.581,0.0,0.0,0.0,0.67,1.03,0.17,0.67,0.74,1.63,9.64,146.37,9.56,4.31,0,0,0,0.0,0.0,0.0
1787615170.069401,08:46:10.069,9134,145.169,27.27,1011.4,15.412,0.0,0.0,0.0,0.67,1.03,0.17,0.67,0.74,1.63,9.64,146.37,9.56,4.31,0,0,0,0.0,0.0,0.0
1787615170.069608,08:46:10.069,9135,145.179,27.27,1011.4,15.412,0.0,0.0,0.0,0.67,1.03,0.17,0.67,0.74,1.63,9.64,146.37,9.56,4.31,0,0,0,0.0,0.0,0.0
1787615170.069747,08:46:10.069,9136,145.189,27.27,1011.4,15.412,0.0,0.0,0.0,0.67,1.03,0.17,0.67,0.74,1.63,9.64,146.37,9.56,4.31,0,0,0,0.0,0.0,0.0
1787615170.069881,08:46:10.069,9137,145.199,27.27,1011.4,15.412,0.0,0.0,0.0,0.67,1.03,0.17,0.67,0.74,1.63,9.64,146.37,9.56,4.31,0,0,0,0.0,0.0,0.0
1787615170.070011,08:46:10.070,9138,145.209,27.27,1011.4,15.412,0.0,0.0,0.0,0.67,1.03,0.17,0.67,0.74,1.63,9.64,146.37,9.56,4.31,0,0,0,0.0,0.0,0.0
1787615170.070140,08:46:10.070,9139,145.219,27.27,1011.4,15.412,0.0,0.0,0.0,0.67,1.03,0.17,0.67,0.74,1.63,9.64,146.37,9.56,4.31,0,0,0,0.0,0.0,0.0
1787615170.070269,08:46:10.070,9140,145.229,27.27,1011.4,15.412,0.0,0.0,0.0,0.57,0.62,1.45,0.57,0.77,2.23,9.51,152.5,13.18,4.5,0,0,0,0.0,0.0,0.0
1787615170.070399,08:46:10.070,9141,145.239,27.27,1011.4,15.412,0.0,0.0,0.0,0.57,0.62,1.45,0.57,0.77,2.23,9.51,152.5,13.18,4.5,0,0,0,0.0,0.0,0.0
1787615170.070529,08:46:10.070,9142,145.249,27.27,1011.4,15.412,0.0,0.0,0.0,0.57,0.62,1.45,0.57,0.77,2.23,9.51,152.5,13.18,4.5,0,0,0,0.0,0.0,0.0
1787615170.070658,08:46:10.070,9143,145.259,27.27,1011.4,15.412,0.0,0.0,0.0,0.57,0.62,1.45,0.57,0.77,2.23,9.51,152.5,13.18,4.5,0,0,0,0.0,0.0,0.0
1787615170.171968,08:46:10.171,9144,145.269,27.27,1011.4,15.412,0.0,0.0,0.0,0.57,0.62,1.45,0.57,0.77,2.23,9.51,152.5,13.18,4.5,0,0,0,0.0,0.0,0.0
1787615170.172279,08:46:10.172,9145,145.279,27.27,1011.4,15.412,0.0,0.0,0.0,0.57,0.62,1.45,0.57,0.77,2.23,9.51,152.5,13.18,4.5,0,0,0,0.0,0.0,0.0
1787615170.172465,08:46:10.172,9146,145.289,27.27,1011.4,15.412,0.0,0.0,0.0,0.57,0.62,1.45,0.57,0.77,2.23,9.51,152.5,13.18,4.5,0,0,0,0.0,0.0,0.0
1787615170.172644,08:46:10.172,9147,145.299,27.27,1011.4,15.412,0.0,0.0,0.0,0.57,0.62,1.45,0.57,0.77,2.23,9.51,152.5,13.18,4.5,0,0,0,0.0,0.0,0.0
1787615170.172819,08:46:10.172,9148,145.309,27.27,1011.4,15.412,0.0,0.0,0.0,0.57,0.62,1.45,0.57,0.77,2.23,9.51,152.5,13.18,4.5,0,0,0,0.0,0.0,0.0
1787615170.172994,08:46:10.172,9149,145.319,27.27,1011.4,15.412,0.0,0.0,0.0,0.57,0.62,1.45,0.57,0.77,2.23,9.51,152.5,13.18,4.5,0,0,0,0.0,0.0,0.0
1787615170.173166,08:46:10.173,9150,145.329,27.27,1011.4,15.412,0.0,0.0,0.0,0.87,1.4,-0.58,0.87,0.79,3.04,9.28,158.68,18.12,4.62,0,0,0,0.0,0.0,0.0
1787615170.173342,08:46:10.173,9151,145.339,27.27,1011.4,15.412,0.0,0.0,0.0,0.87,1.4,-0.58,0.87,0.79,3.04,9.28,158.68,18.12,4.62,0,0,0,0.0,0.0,0.0
1787615170.173512,08:46:10.173,9152,145.349,27.27,1011.4,15.412,0.0,0.0,0.0,0.87,1.4,-0.58,0.87,0.79,3.04,9.28,158.68,18.12,4.62,0,0,0,0.0,0.0,0.0
1787615170.173683,08:46:10.173,9153,145.359,27.27,1011.4,15.412,0.0,0.0,0.0,0.87,1.4,-0.58,0.87,0.79,3.04,9.28,158.68,18.12,4.62,0,0,0,0.0,0.0,0.0
1787615170.275023,08:46:10.275,9154,145.369,27.26,1011.4,15.412,0.0,0.0,0.0,0.87,1.4,-0.58,0.87,0.79,3.04,9.28,158.68,18.12,4.62,0,0,0,0.0,0.0,0.0
1787615170.275386,08:46:10.275,9155,145.379,27.26,1011.4,15.412,0.0,0.0,0.0,0.87,1.4,-0.58,0.87,0.79,3.04,9.28,158.68,18.12,4.62,0,0,0,0.0,0.0,0.0
1787615170.275663,08:46:10.275,9156,145.389,27.26,1011.4,15.412,0.0,0.0,0.0,0.87,1.4,-0.58,0.87,0.79,3.04,9.28,158.68,18.12,4.62,0,0,0,0.0,0.0,0.0
1787615170.275888,08:46:10.275,9157,145.399,27.26,1011.4,15.412,0.0,0.0,0.0,0.87,1.4,-0.58,0.87,0.79,3.04,9.28,158.68,18.12,4.62,0,0,0,0.0,0.0,0.0
1787615170.276082,08:46:10.276,9158,145.409,27.26,1011.4,15.412,0.0,0.0,0.0,0.87,1.4,-0.58,0.87,0.79,3.04,9.28,158.68,18.12,4.62,0,0,0,0.0,0.0,0.0
1787615170.276275,08:46:10.276,9159,145.419,27.26,1011.4,15.412,0.0,0.0,0.0,0.87,1.4,-0.58,0.87,0.79,3.04,9.28,158.68,18.12,4.62,0,0,0,0.0,0.0,0.0
1787615170.276477,08:46:10.276,9160,145.429,27.26,1011.4,15.412,0.0,0.0,0.0,1.98,-1.18,-1.0,1.98,0.81,3.8,9.0,164.81,22.87,4.75,0,0,0,0.0,0.0,0.0
1787615170.276682,08:46:10.276,9161,145.439,27.26,1011.4,15.412,0.0,0.0,0.0,1.98,-1.18,-1.0,1.98,0.81,3.8,9.0,164.81,22.87,4.75,0,0,0,0.0,0.0,0.0
1787615170.276901,08:46:10.276,9162,145.449,27.26,1011.4,15.412,0.0,0.0,0.0,1.98,-1.18,-1.0,1.98,0.81,3.8,9.0,164.81,22.87,4.75,0,0,0,0.0,0.0,0.0
1787615170.277116,08:46:10.277,9163,145.459,27.26,1011.4,15.412,0.0,0.0,0.0,1.98,-1.18,-1.0,1.98,0.81,3.8,9.0,164.81,22.87,4.75,0,0,0,0.0,0.0,0.0
1787615170.277305,08:46:10.277,9164,145.469,27.26,1011.4,15.412,0.0,0.0,0.0,1.98,-1.18,-1.0,1.98,0.81,3.8,9.0,164.81,22.87,4.75,0,0,0,0.0,0.0,0.0
1787615170.377953,08:46:10.377,9165,145.479,27.26,1011.4,15.412,0.0,0.0,0.0,1.98,-1.18,-1.0,1.98,0.81,3.8,9.0,164.81,22.87,4.75,0,0,0,0.0,0.0,0.0
1787615170.378289,08:46:10.378,9166,145.489,27.26,1011.4,15.412,0.0,0.0,0.0,1.98,-1.18,-1.0,1.98,0.81,3.8,9.0,164.81,22.87,4.75,0,0,0,0.0,0.0,0.0
1787615170.378452,08:46:10.378,9167,145.499,27.26,1011.4,15.412,0.0,0.0,0.0,1.98,-1.18,-1.0,1.98,0.81,3.8,9.0,164.81,22.87,4.75,0,0,0,0.0,0.0,0.0
1787615170.378597,08:46:10.378,9168,145.509,27.26,1011.4,15.412,0.0,0.0,0.0,1.98,-1.18,-1.0,1.98,0.81,3.8,9.0,164.81,22.87,4.75,0,0,0,0.0,0.0,0.0
1787615170.378740,08:46:10.378,9169,145.519,27.26,1011.4,15.412,0.0,0.0,0.0,1.98,-1.18,-1.0,1.98,0.81,3.8,9.0,164.81,22.87,4.75,0,0,0,0.0,0.0,0.0
1787615170.378881,08:46:10.378,9170,145.529,27.26,1011.4,15.412,0.0,0.0,0.0,0.64,-0.43,-2.93,0.64,0.85,3.98,8.92,170.81,24.06,5.0,0,0,0,0.0,0.0,0.0
1787615170.379022,08:46:10.379,9171,145.539,27.26,1011.4,15.412,0.0,0.0,0.0,0.64,-0.43,-2.93,0.64,0.85,3.98,8.92,170.81,24.06,5.0,0,0,0,0.0,0.0,0.0
1787615170.379163,08:46:10.379,9172,145.549,27.26,1011.4,15.412,0.0,0.0,0.0,0.64,-0.43,-2.93,0.64,0.85,3.98,8.92,170.81,24.06,5.0,0,0,0,0.0,0.0,0.0
1787615170.379304,08:46:10.379,9173,145.559,27.26,1011.4,15.412,0.0,0.0,0.0,0.64,-0.43,-2.93,0.64,0.85,3.98,8.92,170.81,24.06,5.0,0,0,0,0.0,0.0,0.0
1787615170.379444,08:46:10.379,9174,145.569,27.26,1011.39,15.496,0.0,0.0,0.0,0.64,-0.43,-2.93,0.64,0.85,3.98,8.92,170.81,24.06,5.0,0,0,0,0.0,0.0,0.0
1787615170.379583,08:46:10.379,9175,145.579,27.26,1011.39,15.496,0.0,0.0,0.0,0.64,-0.43,-2.93,0.64,0.85,3.98,8.92,170.81,24.06,5.0,0,0,0,0.0,0.0,0.0
1787615170.481028,08:46:10.481,9176,145.589,27.26,1011.39,15.496,0.0,0.0,0.0,0.64,-0.43,-2.93,0.64,0.85,3.98,8.92,170.81,24.06,5.0,0,0,0,0.0,0.0,0.0
1787615170.481919,08:46:10.481,9177,145.599,27.26,1011.39,15.496,0.0,0.0,0.0,0.64,-0.43,-2.93,0.64,0.85,3.98,8.92,170.81,24.06,5.0,0,0,0,0.0,0.0,0.0
1787615170.482500,08:46:10.482,9178,145.609,27.26,1011.39,15.496,0.0,0.0,0.0,0.64,-0.43,-2.93,0.64,0.85,3.98,8.92,170.81,24.06,5.0,0,0,0,0.0,0.0,0.0
1787615170.482801,08:46:10.482,9179,145.619,27.26,1011.39,15.496,0.0,0.0,0.0,0.64,-0.43,-2.93,0.64,0.85,3.98,8.92,170.81,24.06,5.0,0,0,0,0.0,0.0,0.0
1787615170.483057,08:46:10.483,9180,145.629,27.26,1011.39,15.496,0.0,0.0,0.0,1.56,0.79,-1.51,1.56,0.83,3.77,9.01,176.62,22.68,4.81,0,0,0,0.0,0.0,0.0
1787615170.483307,08:46:10.483,9181,145.639,27.26,1011.39,15.496,0.0,0.0,0.0,1.56,0.79,-1.51,1.56,0.83,3.77,9.01,176.62,22.68,4.81,0,0,0,0.0,0.0,0.0
1787615170.483568,08:46:10.483,9182,145.649,27.26,1011.39,15.496,0.0,0.0,0.0,1.56,0.79,-1.51,1.56,0.83,3.77,9.01,176.62,22.68,4.81,0,0,0,0.0,0.0,0.0
1787615170.483824,08:46:10.483,9183,145.659,27.26,1011.39,15.496,0.0,0.0,0.0,1.56,0.79,-1.51,1.56,0.83,3.77,9.01,176.62,22.68,4.81,0,0,0,0.0,0.0,0.0
1787615170.484091,08:46:10.484,9184,145.669,27.26,1011.39,15.496,0.0,0.0,0.0,1.56,0.79,-1.51,1.56,0.83,3.77,9.01,176.62,22.68,4.81,0,0,0,0.0,0.0,0.0
1787615170.484351,08:46:10.484,9185,145.679,27.26,1011.39,15.496,0.0,0.0,0.0,1.56,0.79,-1.51,1.56,0.83,3.77,9.01,176.62,22.68,4.81,0,0,0,0.0,0.0,0.0
1787615170.585774,08:46:10.585,9186,145.689,27.26,1011.39,15.496,0.0,0.0,0.0,1.56,0.79,-1.51,1.56,0.83,3.77,9.01,176.62,22.68,4.81,0,0,0,0.0,0.0,0.0
1787615170.586237,08:46:10.586,9187,145.699,27.26,1011.39,15.496,0.0,0.0,0.0,1.56,0.79,-1.51,1.56,0.83,3.77,9.01,176.62,22.68,4.81,0,0,0,0.0,0.0,0.0
1787615170.586464,08:46:10.586,9188,145.709,27.26,1011.39,15.496,0.0,0.0,0.0,1.56,0.79,-1.51,1.56,0.83,3.77,9.01,176.62,22.68,4.81,0,0,0,0.0,0.0,0.0
1787615170.586667,08:46:10.586,9189,145.719,27.26,1011.39,15.496,0.0,0.0,0.0,1.56,0.79,-1.51,1.56,0.83,3.77,9.01,176.62,22.68,4.81,0,0,0,0.0,0.0,0.0
1787615170.586860,08:46:10.586,9190,145.729,27.26,1011.39,15.496,0.0,0.0,0.0,1.01,-1.1,-1.04,1.01,0.8,3.44,9.14,182.31,20.62,4.68,0,0,0,0.0,0.0,0.0
1787615170.587055,08:46:10.587,9191,145.739,27.26,1011.39,15.496,0.0,0.0,0.0,1.01,-1.1,-1.04,1.01,0.8,3.44,9.14,182.31,20.62,4.68,0,0,0,0.0,0.0,0.0
1787615170.587246,08:46:10.587,9192,145.749,27.26,1011.39,15.496,0.0,0.0,0.0,1.01,-1.1,-1.04,1.01,0.8,3.44,9.14,182.31,20.62,4.68,0,0,0,0.0,0.0,0.0
1787615170.587432,08:46:10.587,9193,145.759,27.26,1011.39,15.496,0.0,0.0,0.0,1.01,-1.1,-1.04,1.01,0.8,3.44,9.14,182.31,20.62,4.68,0,0,0,0.0,0.0,0.0
1787615170.587618,08:46:10.587,9194,145.769,27.24,1011.38,15.581,0.0,0.0,0.0,1.01,-1.1,-1.04,1.01,0.8,3.44,9.14,182.31,20.62,4.68,0,0,0,0.0,0.0,0.0
1787615170.587805,08:46:10.587,9195,145.779,27.24,1011.38,15.581,0.0,0.0,0.0,1.01,-1.1,-1.04,1.01,0.8,3.44,9.14,182.31,20.62,4.68,0,0,0,0.0,0.0,0.0
1787615170.689209,08:46:10.689,9196,145.789,27.24,1011.38,15.581,0.0,0.0,0.0,1.01,-1.1,-1.04,1.01,0.8,3.44,9.14,182.31,20.62,4.68,0,0,0,0.0,0.0,0.0
1787615170.689483,08:46:10.689,9197,145.799,27.24,1011.38,15.581,0.0,0.0,0.0,1.01,-1.1,-1.04,1.01,0.8,3.44,9.14,182.31,20.62,4.68,0,0,0,0.0,0.0,0.0
1787615170.689629,08:46:10.689,9198,145.809,27.24,1011.38,15.581,0.0,0.0,0.0,1.01,-1.1,-1.04,1.01,0.8,3.44,9.14,182.31,20.62,4.68,0,0,0,0.0,0.0,0.0
1787615178.375885,08:46:18.375,19,6.048,27.06,1011.43,15.164,0.0,0.0,0.0,-0.09,1.46,1.13,-0.09,-1.03,0.79,9.71,19.5,4.62,-6.06,0,0,0,0.0,0.0,0.0
1787615178.376914,08:46:18.376,21,6.248,27.07,1011.48,14.746,0.0,0.0,0.0,-0.5,0.94,0.9,-0.5,-0.41,1.29,9.71,19.25,7.56,-2.43,0,0,0,0.0,0.0,0.0
1787615178.478604,08:46:18.478,22,6.348,27.07,1011.48,14.746,0.0,0.0,0.0,-0.32,0.98,0.11,-0.32,-0.27,1.32,9.71,19.12,7.75,-1.56,0,0,0,0.0,0.0,0.0
1787615178.478910,08:46:18.478,24,6.548,27.06,1011.46,14.912,0.0,0.0,0.0,-0.32,0.63,0.36,-0.32,-0.08,1.42,9.7,19.06,8.31,-0.5,0,0,0,0.0,0.0,0.0
1787615178.479081,08:46:18.479,25,6.648,27.07,1011.44,15.079,0.0,0.0,0.0,-0.37,0.59,0.23,-0.37,-0.06,1.48,9.69,19.06,8.62,-0.37,0,0,0,0.0,0.0,0.0
1787615178.479241,08:46:18.479,27,6.848,27.07,1011.46,14.912,0.0,0.0,0.0,-0.32,0.37,0.15,-0.32,0.15,1.67,9.66,18.93,9.81,0.87,0,0,0,0.0,0.0,0.0
1787615178.479400,08:46:18.479,28,6.948,27.07,1011.46,14.912,0.0,0.0,0.0,-0.11,0.35,0.14,-0.11,0.19,1.66,9.66,18.93,9.68,1.12,0,0,0,0.0,0.0,0.0
1787615178.482574,08:46:18.482,30,7.148,27.07,1011.45,14.997,0.0,0.0,0.0,-0.17,0.27,-0.04,-0.17,0.24,1.66,9.66,18.87,9.75,1.37,0,0,0,0.0,0.0,0.0
1787615178.482758,08:46:18.482,32,7.348,27.08,1011.47,14.831,0.0,0.0,0.0,-0.17,0.21,-0.04,-0.17,0.25,1.69,9.65,18.87,9.93,1.5,0,0,0,0.0,0.0,0.0
1787615178.482917,08:46:18.482,33,7.448,27.08,1011.46,14.912,0.0,0.0,0.0,-0.11,0.33,0.19,-0.11,0.27,1.71,9.65,18.81,10.06,1.62,0,0,0,0.0,0.0,0.0
1787615178.483071,08:46:18.483,35,7.648,27.07,1011.46,14.912,0.0,0.0,0.0,-0.1,0.27,0.19,-0.1,0.34,1.75,9.64,18.81,10.25,1.93,0,0,0,0.0,0.0,0.0
1787615178.483225,08:46:18.483,36,7.748,27.07,1011.46,14.912,0.0,0.0,0.0,-0.05,0.23,0.13,-0.05,0.35,1.76,9.64,18.81,10.31,2.06,0,0,0,0.0,0.0,0.0
1787615178.583776,08:46:18.583,37,7.848,27.08,1011.47,14.831,0.0,0.0,0.0,-0.1,0.19,0.13,-0.1,0.37,1.77,9.63,18.81,10.43,2.18,0,0,0,0.0,0.0,0.0
1787615178.685410,08:46:18.685,38,7.948,27.08,1011.47,14.831,0.0,0.0,0.0,-0.02,0.2,0.14,-0.02,0.39,1.78,9.63,18.81,10.5,2.25,0,0,0,0.0,0.0,0.0
1787615178.795717,08:46:18.795,39,8.048,27.08,1011.45,14.997,0.0,0.0,0.0,-0.24,0.18,0.0,-0.24,0.4,1.78,9.63,18.75,10.5,2.31,0,0,0,0.0,0.0,0.0
1787615178.897753,08:46:18.897,40,8.148,27.08,1011.45,14.997,0.0,0.0,0.0,-0.14,0.15,0.02,-0.14,0.41,1.79,9.63,18.75,10.5,2.37,0,0,0,0.0,0.0,0.0
1787615179.000258,08:46:19.000,41,8.248,27.08,1011.46,14.912,0.0,0.0,0.0,-0.08,0.2,0.13,-0.08,0.42,1.8,9.62,18.75,10.56,2.43,0,0,0,0.0,0.0,0.0
1787615179.120838,08:46:19.120,42,8.348,27.08,1011.46,14.912,0.0,0.0,0.0,-0.03,0.13,-0.03,-0.03,0.43,1.81,9.62,18.75,10.68,2.5,0,0,0,0.0,0.0,0.0
1787615179.221503,08:46:19.221,43,8.448,27.07,1011.44,15.079,0.0,0.0,0.0,-0.05,0.1,0.02,-0.05,0.44,1.83,9.62,18.75,10.75,2.56,0,0,0,0.0,0.0,0.0
1787615179.322959,08:46:19.322,44,8.548,27.07,1011.44,15.079,0.0,0.0,0.0,-0.04,0.16,0.19,-0.04,0.44,1.83,9.62,18.75,10.75,2.56,0,0,0,0.0,0.0,0.0
1787615179.424605,08:46:19.424,45,8.648,27.07,1011.45,14.997,0.0,0.0,0.0,-0.02,0.05,-0.12,-0.02,0.45,1.84,9.62,18.75,10.81,2.62,0,0,0,0.0,0.0,0.0
1787615179.527614,08:46:19.527,46,8.748,27.07,1011.45,14.997,0.0,0.0,0.0,-0.06,0.17,0.31,-0.06,0.46,1.85,9.61,18.75,10.87,2.68,0,0,0,0.0,0.0,0.0
1787615179.629205,08:46:19.629,47,8.848,27.08,1011.47,14.831,0.0,0.0,0.0,-0.02,0.08,0.05,-0.02,0.46,1.85,9.61,18.75,10.93,2.68,0,0,0,0.0,0.0,0.0
1787615179.731032,08:46:19.731,48,8.948,27.08,1011.47,14.831,0.0,0.0,0.0,-0.02,0.12,0.05,-0.02,0.47,1.86,9.61,18.75,10.93,2.75,0,0,0,0.0,0.0,0.0
1787615179.833716,08:46:19.833,49,9.048,27.07,1011.43,15.164,0.0,0.0,0.0,-0.03,0.09,0.17,-0.03,0.47,1.86,9.61,18.75,10.93,2.75,0,0,0,0.0,0.0,0.0
1787615179.936459,08:46:19.936,50,9.148,27.07,1011.43,15.164,0.0,0.0,0.0,0.0,0.1,0.04,0.0,0.47,1.86,9.61,18.75,10.93,2.75,0,0,0,0.0,0.0,0.0
1787615180.038827,08:46:20.038,51,9.248,27.09,1011.47,14.831,0.0,0.0,0.0,-0.02,0.09,0.07,-0.02,0.48,1.86,9.61,18.75,10.93,2.81,0,0,0,0.0,0.0,0.0
1787615180.146237,08:46:20.146,52,9.348,27.09,1011.47,14.831,0.0,0.0,0.0,0.0,0.06,0.01,0.0,0.48,1.86,9.61,18.75,11.0,2.81,0,0,0,0.0,0.0,0.0
1787615180.247081,08:46:20.247,53,9.448,27.08,1011.46,14.912,0.0,0.0,0.0,-0.07,0.09,0.05,-0.07,0.49,1.87,9.61,18.75,11.0,2.81,0,0,0,0.0,0.0,0.0
1787615180.348586,08:46:20.348,54,9.548,27.08,1011.46,14.912,0.0,0.0,0.0,-0.03,0.07,0.03,-0.03,0.49,1.87,9.61,18.75,11.0,2.87,0,0,0,0.0,0.0,0.0
1787615180.450195,08:46:20.450,55,9.648,27.08,1011.44,15.079,0.0,0.0,0.0,-0.04,0.09,0.05,-0.04,0.49,1.85,9.61,18.75,10.87,2.87,0,0,0,0.0,0.0,0.0
1787615180.552955,08:46:20.552,56,9.748,27.08,1011.44,15.079,0.0,0.0,0.0,-0.03,0.07,0.05,-0.03,0.49,1.82,9.62,18.75,10.68,2.87,0,0,0,0.0,0.0,0.0
1787615180.655456,08:46:20.655,57,9.848,27.08,1011.45,14.997,0.0,0.0,0.0,-0.04,0.07,0.04,-0.04,0.49,1.79,9.62,18.75,10.5,2.87,0,0,0,0.0,0.0,0.0
1787615180.758263,08:46:20.758,58,9.948,27.08,1011.45,14.997,0.0,0.0,0.0,-0.03,0.1,0.03,-0.03,0.49,1.77,9.63,18.75,10.43,2.87,0,0,0,0.0,0.0,0.0
1787615180.861096,08:46:20.861,59,10.048,27.08,1011.48,14.746,0.0,0.0,0.0,0.0,0.1,0.08,0.0,0.49,1.79,9.62,18.75,10.5,2.87,0,0,0,0.0,0.0,0.0
1787615180.962877,08:46:20.962,60,10.148,27.08,1011.48,14.746,0.0,0.0,0.0,-0.05,0.15,0.12,-0.05,0.49,1.82,9.62,18.75,10.68,2.87,0,0,0,0.0,0.0,0.0
1787615181.064408,08:46:21.064,61,10.248,27.08,1011.46,14.912,0.0,0.0,0.0,-0.08,0.08,0.1,-0.08,0.49,1.85,9.61,18.75,10.87,2.87,0,0,0,0.0,0.0,0.0
1787615181.165898,08:46:21.165,62,10.348,27.08,1011.46,14.912,0.0,0.0,0.0,0.0,0.07,0.04,0.0,0.49,1.86,9.61,18.75,10.93,2.87,0,0,0,0.0,0.0,0.0
1787615181.267443,08:46:21.267,63,10.448,27.09,1011.48,14.746,0.0,0.0,0.0,0.0,0.07,-0.02,0.0,0.49,1.85,9.61,18.75,10.87,2.87,0,0,0,0.0,0.0,0.0
1787615181.369058,08:46:21.369,64,10.548,27.09,1011.48,14.746,0.0,0.0,0.0,-0.12,0.09,0.04,-0.12,0.49,1.84,9.61,18.75,10.81,2.87,0,0,0,0.0,0.0,0.0
1787615181.470714,08:46:21.470,65,10.648,27.07,1011.46,14.912,0.0,0.0,0.0,-0.09,0.04,0.03,-0.09,0.49,1.85,9.61,18.75,10.87,2.87,0,0,0,0.0,0.0,0.0
1787615181.572325,08:46:21.572,66,10.748,27.07,1011.46,14.912,0.0,0.0,0.0,-0.03,0.04,0.09,-0.03,0.49,1.86,9.61,18.75,11.0,2.87,0,0,0,0.0,0.0,0.0
1787615181.674481,08:46:21.674,67,10.848,27.08,1011.44,15.079,0.0,0.0,0.0,-0.06,0.1,0.06,-0.06,0.49,1.86,9.61,18.75,11.0,2.87,0,0,0,0.0,0.0,0.0
1787615181.675943,08:46:21.675,68,10.948,27.08,1011.44,15.079,0.0,0.0,0.0,-0.05,0.1,0.04,-0.05,0.49,1.86,9.61,18.75,10.93,2.87,0,0,0,0.0,0.0,0.0
1787615181.777932,08:46:21.777,69,11.048,27.07,1011.44,15.079,0.0,0.0,0.0,-0.1,0.05,0.01,-0.1,0.49,1.85,9.61,18.75,10.87,2.87,0,0,0,0.0,0.0,0.0
1787615181.880461,08:46:21.880,70,11.148,27.07,1011.44,15.079,0.0,0.0,0.0,-0.05,0.04,0.09,-0.05,0.49,1.84,9.61,18.75,10.81,2.87,0,0,0,0.0,0.0,0.0
1787615181.983807,08:46:21.983,71,11.248,27.08,1011.47,14.831,0.0,0.0,0.0,-0.09,0.02,0.0,-0.09,0.49,1.83,9.62,18.75,10.81,2.87,0,0,0,0.0,0.0,0.0
1787615182.086279,08:46:22.086,72,11.348,27.08,1011.47,14.831,0.0,0.0,0.0,-0.06,0.05,0.12,-0.06,0.49,1.83,9.62,18.75,10.81,2.87,0,0,0,0.0,0.0,0.0
1787615182.188894,08:46:22.188,73,11.448,27.07,1011.43,15.164,0.0,0.0,0.0,0.0,0.07,0.01,0.0,0.49,1.83,9.62,18.75,10.81,2.87,0,0,0,0.0,0.0,0.0
1787615182.291441,08:46:22.291,74,11.548,27.07,1011.43,15.164,0.0,0.0,0.0,0.0,0.08,0.02,0.0,0.49,1.83,9.61,18.75,10.81,2.87,0,0,0,0.0,0.0,0.0
1787615182.393247,08:46:22.393,75,11.648,27.07,1011.44,15.079,0.0,0.0,0.0,-0.02,0.11,0.07,-0.02,0.49,1.85,9.61,18.75,10.87,2.87,0,0,0,0.0,0.0,0.0
1787615182.495470,08:46:22.495,76,11.748,27.07,1011.44,15.079,0.0,0.0,0.0,-0.11,0.1,0.11,-0.11,0.49,1.85,9.61,18.75,10.87,2.87,0,0,0,0.0,0.0,0.0
1787615182.602870,08:46:22.602,77,11.848,27.08,1011.45,14.997,0.0,0.0,0.0,-0.07,0.15,0.12,-0.07,0.49,1.85,9.61,18.75,10.87,2.87,0,0,0,0.0,0.0,0.0
1787615182.704414,08:46:22.704,78,11.948,27.08,1011.45,14.997,0.0,0.0,0.0,-0.14,0.07,0.11,-0.14,0.49,1.85,9.61,18.75,10.87,2.87,0,0,0,0.0,0.0,0.0
1787615182.806595,08:46:22.806,79,12.048,27.08,1011.45,14.997,0.0,0.0,0.0,-0.14,0.1,0.1,-0.14,0.49,1.85,9.61,18.75,10.87,2.87,0,0,0,0.0,0.0,0.0
1787615182.909168,08:46:22.909,80,12.148,27.08,1011.45,14.997,0.0,0.0,0.0,-0.15,0.02,0.02,-0.15,0.49,1.86,9.61,18.75,10.93,2.87,0,0,0,0.0,0.0,0.0
1787615183.011868,08:46:23.011,81,12.248,27.09,1011.45,14.997,0.0,0.0,0.0,-0.03,0.05,0.1,-0.03,0.49,1.86,9.61,18.75,10.93,2.87,0,0,0,0.0,0.0,0.0
1787615183.147412,08:46:23.147,82,12.348,27.09,1011.45,14.997,0.0,0.0,0.0,-0.05,0.1,0.11,-0.05,0.49,1.85,9.61,18.75,10.87,2.87,0,0,0,0.0,0.0,0.0
1787615183.248999,08:46:23.248,83,12.448,27.08,1011.45,14.997,0.0,0.0,0.0,-0.06,0.09,0.12,-0.06,0.49,1.84,9.61,18.75,10.81,2.87,0,0,0,0.0,0.0,0.0
1787615183.351228,08:46:23.351,84,12.548,27.08,1011.45,14.997,0.0,0.0,0.0,0.0,0.07,0.12,0.0,0.49,1.82,9.62,18.75,10.75,2.87,0,0,0,0.0,0.0,0.0
1787615183.453818,08:46:23.453,85,12.648,27.09,1011.48,14.746,0.0,0.0,0.0,-0.04,0.11,0.05,-0.04,0.49,1.8,9.62,18.75,10.62,2.87,0,0,0,0.0,0.0,0.0
1787615183.555401,08:46:23.555,86,12.748,27.09,1011.48,14.746,0.0,0.0,0.0,-0.03,0.07,0.05,-0.03,0.49,1.82,9.62,18.75,10.68,2.87,0,0,0,0.0,0.0,0.0
1787615183.656991,08:46:23.656,87,12.848,27.08,1011.43,15.164,0.0,0.0,0.0,0.04,0.06,0.18,0.04,0.49,1.85,9.61,18.75,10.87,2.87,0,0,0,0.0,0.0,0.0
1787615183.758266,08:46:23.758,88,12.948,27.08,1011.43,15.164,0.0,0.0,0.0,-0.08,0.08,0.14,-0.08,0.49,1.85,9.61,18.75,10.87,2.87,0,0,0,0.0,0.0,0.0
1787615183.859847,08:46:23.859,89,13.048,27.08,1011.48,14.746,0.0,0.0,0.0,-0.04,0.1,0.06,-0.04,0.49,1.82,9.62,18.75,10.75,2.87,0,0,0,0.0,0.0,0.0
1787615183.961462,08:46:23.961,90,13.148,27.08,1011.48,14.746,0.0,0.0,0.0,-0.02,0.06,0.06,-0.02,0.49,1.8,9.62,18.75,10.62,2.87,0,0,0,0.0,0.0,0.0
1787615184.063736,08:46:24.063,91,13.248,27.08,1011.47,14.831,0.0,0.0,0.0,-0.03,0.08,0.09,-0.03,0.49,1.8,9.62,18.75,10.56,2.87,0,0,0,0.0,0.0,0.0
1787615184.166456,08:46:24.166,92,13.348,27.08,1011.47,14.831,0.0,0.0,0.0,-0.05,0.08,0.09,-0.05,0.49,1.8,9.62,18.75,10.56,2.87,0,0,0,0.0,0.0,0.0
1787615184.268155,08:46:24.268,93,13.448,27.08,1011.47,14.831,0.0,0.0,0.0,-0.05,0.08,0.08,-0.05,0.49,1.8,9.62,18.75,10.56,2.87,0,0,0,0.0,0.0,0.0
1787615184.370297,08:46:24.370,94,13.548,27.08,1011.47,14.831,0.0,0.0,0.0,-0.03,0.08,0.08,-0.03,0.49,1.8,9.62,18.75,10.56,2.87,0,0,0,0.0,0.0,0.0
1787615184.371988,08:46:24.371,95,13.648,27.08,1011.46,14.912,0.0,0.0,0.0,-0.06,0.08,0.1,-0.06,0.49,1.8,9.62,18.75,10.56,2.87,0,0,0,0.0,0.0,0.0
1787615184.574656,08:46:24.574,96,13.748,27.08,1011.46,14.912,0.0,0.0,0.0,-0.03,0.07,0.12,-0.03,0.49,1.8,9.62,18.75,10.56,2.87,0,0,0,0.0,0.0,0.0
1787615184.677060,08:46:24.677,97,13.848,27.08,1011.43,15.164,0.0,0.0,0.0,-0.04,0.09,0.09,-0.04,0.49,1.8,9.62,18.75,10.56,2.87,0,0,0,0.0,0.0,0.0
1787615184.678435,08:46:24.678,98,13.948,27.08,1011.43,15.164,0.0,0.0,0.0,-0.02,0.06,0.1,-0.02,0.49,1.8,9.62,18.75,10.56,2.87,0,0,0,0.0,0.0,0.0
1787615184.780434,08:46:24.780,99,14.048,27.07,1011.43,15.164,0.0,0.0,0.0,-0.04,0.08,0.11,-0.04,0.49,1.8,9.62,18.75,10.56,2.87,0,0,0,0.0,0.0,0.0
1787615184.882850,08:46:24.882,100,14.148,27.07,1011.43,15.164,0.0,0.0,0.0,-0.04,0.07,0.14,-0.04,0.49,1.81,9.62,18.75,10.62,2.87,0,0,0,0.0,0.0,0.0
1787615184.985537,08:46:24.985,101,14.248,27.08,1011.44,15.079,0.0,0.0,0.0,-0.05,0.08,0.13,-0.05,0.49,1.81,9.62,18.75,10.62,2.87,0,0,0,0.0,0.0,0.0
1787615185.086460,08:46:25.086,102,14.348,27.08,1011.44,15.079,0.0,0.0,0.0,-0.05,0.07,0.07,-0.05,0.49,1.81,9.62,18.75,10.62,2.87,0,0,0,0.0,0.0,0.0
1787615185.189321,08:46:25.189,103,14.448,27.08,1011.47,14.831,0.0,0.0,0.0,-0.05,0.06,0.1,-0.05,0.49,1.81,9.62,18.75,10.62,2.87,0,0,0,0.0,0.0,0.0
1787615185.290961,08:46:25.290,104,14.548,27.08,1011.47,14.831,0.0,0.0,0.0,-0.05,0.05,0.09,-0.05,0.49,1.81,9.62,18.75,10.62,2.87,0,0,0,0.0,0.0,0.0
1787615185.393710,08:46:25.393,105,14.648,27.08,1011.43,15.164,0.0,0.0,0.0,-0.05,0.07,0.12,-0.05,0.49,1.81,9.62,18.75,10.62,2.87,0,0,0,0.0,0.0,0.0
1787615185.496374,08:46:25.496,106,14.748,27.08,1011.43,15.164,0.0,0.0,0.0,-0.03,0.08,0.12,-0.03,0.49,1.81,9.62,18.75,10.62,2.87,0,0,0,0.0,0.0,0.0
1787615185.599246,08:46:25.599,107,14.848,27.07,1011.44,15.079,0.0,0.0,0.0,-0.03,0.09,0.09,-0.03,0.49,1.81,9.62,18.75,10.62,2.87,0,0,0,0.0,0.0,0.0
1787615185.701609,08:46:25.701,108,14.948,27.07,1011.44,15.079,0.0,0.0,0.0,-0.03,0.07,0.13,-0.03,0.49,1.82,9.62,18.75,10.68,2.87,0,0,0,0.0,0.0,0.0
1787615185.804308,08:46:25.804,109,15.048,27.07,1011.43,15.164,0.0,0.0,0.0,-0.03,0.09,0.12,-0.03,0.49,1.83,9.62,18.75,10.75,2.87,0,0,0,0.0,0.0,0.0
1787615185.906912,08:46:25.906,110,15.148,27.07,1011.43,15.164,0.0,0.0,0.0,-0.03,0.07,0.09,-0.03,0.49,1.8,9.62,18.75,10.56,2.87,0,0,0,0.0,0.0,0.0
1787615186.009141,08:46:26.009,111,15.248,27.08,1011.47,14.831,0.0,0.0,0.0,-0.05,0.09,0.13,-0.05,0.49,1.81,9.62,18.75,10.62,2.87,0,0,0,0.0,0.0,0.0
1787615186.110954,08:46:26.110,112,15.348,27.08,1011.47,14.831,0.0,0.0,0.0,-0.04,0.07,0.16,-0.04,0.49,1.83,9.61,18.75,10.81,2.87,0,0,0,0.0,0.0,0.0
1787615186.213744,08:46:26.213,113,15.448,27.07,1011.44,15.079,0.0,0.0,0.0,-0.04,0.07,0.12,-0.04,0.49,1.83,9.62,18.75,10.75,2.87,0,0,0,0.0,0.0,0.0
1787615186.315522,08:46:26.315,114,15.548,27.07,1011.44,15.079,0.0,0.0,0.0,-0.06,0.09,0.09,-0.06,0.49,1.82,9.62,18.75,10.68,2.87,0,0,0,0.0,0.0,0.0
1787615186.418053,08:46:26.418,115,15.648,27.07,1011.44,15.079,0.0,0.0,0.0,-0.02,0.07,0.13,-0.02,0.49,1.82,9.62,18.75,10.68,2.87,0,0,0,0.0,0.0,0.0
1787615186.519091,08:46:26.519,116,15.748,27.07,1011.44,15.079,0.0,0.0,0.0,-0.02,0.06,0.15,-0.02,0.49,1.84,9.61,18.75,10.81,2.87,0,0,0,0.0,0.0,0.0
1787615186.629991,08:46:26.629,117,15.848,27.08,1011.45,14.997,0.0,0.0,0.0,-0.06,0.09,0.11,-0.06,0.49,1.83,9.61,18.75,10.81,2.87,0,0,0,0.0,0.0,0.0
1787615186.731872,08:46:26.731,118,15.948,27.08,1011.45,14.997,0.0,0.0,0.0,-0.03,0.06,0.1,-0.03,0.49,1.81,9.62,18.75,10.68,2.87,0,0,0,0.0,0.0,0.0
1787615186.834084,08:46:26.834,119,16.048,27.06,1011.42,15.245,0.0,0.0,0.0,-0.06,0.08,0.13,-0.06,0.49,1.81,9.62,18.75,10.62,2.87,0,0,0,0.0,0.0,0.0
1787615186.935866,08:46:26.935,120,16.148,27.06,1011.42,15.245,0.0,0.0,0.0,-0.05,0.07,0.14,-0.05,0.49,1.81,9.62,18.75,10.62,2.87,0,0,0,0.0,0.0,0.0
1787615187.037788,08:46:27.037,121,16.248,27.07,1011.45,14.997,0.0,0.0,0.0,-0.02,0.07,0.15,-0.02,0.49,1.81,9.62,18.75,10.68,2.87,0,0,0,0.0,0.0,0.0
1787615187.140380,08:46:27.140,122,16.348,27.07,1011.45,14.997,0.0,0.0,0.0,-0.05,0.04,0.16,-0.05,0.49,1.81,9.62,18.75,10.68,2.87,0,0,0,0.0,0.0,0.0
1787615187.242425,08:46:27.242,123,16.448,27.06,1011.43,15.164,0.0,0.0,0.0,-0.05,0.08,0.13,-0.05,0.49,1.8,9.62,18.75,10.62,2.87,0,0,0,0.0,0.0,0.0
1787615187.345036,08:46:27.345,124,16.548,27.06,1011.43,15.164,0.0,0.0,0.0,-0.02,0.07,0.12,-0.02,0.49,1.8,9.62,18.75,10.56,2.87,0,0,0,0.0,0.0,0.0
1787615187.447730,08:46:27.447,125,16.648,27.07,1011.44,15.079,0.0,0.0,0.0,-0.06,0.06,0.18,-0.06,0.49,1.81,9.62,18.75,10.68,2.87,0,0,0,0.0,0.0,0.0
1787615187.550600,08:46:27.550,126,16.748,27.07,1011.44,15.079,0.0,0.0,0.0,-0.06,0.1,0.17,-0.06,0.49,1.81,9.62,18.75,10.68,2.87,0,0,0,0.0,0.0,0.0
1787615187.653343,08:46:27.653,127,16.848,27.07,1011.46,14.912,0.0,0.0,0.0,-0.04,0.07,0.14,-0.04,0.49,1.81,9.62,18.75,10.68,2.87,0,0,0,0.0,0.0,0.0
1787615187.756445,08:46:27.756,128,16.948,27.07,1011.46,14.912,0.0,0.0,0.0,-0.07,0.07,0.13,-0.07,0.49,1.81,9.62,18.75,10.68,2.87,0,0,0,0.0,0.0,0.0
1787615187.858373,08:46:27.858,129,17.048,27.05,1011.46,14.912,0.0,0.0,0.0,-0.07,0.08,0.14,-0.07,0.49,1.81,9.62,18.75,10.68,2.87,0,0,0,0.0,0.0,0.0
1787615187.961187,08:46:27.961,130,17.148,27.05,1011.46,14.912,0.0,0.0,0.0,-0.03,0.08,0.15,-0.03,0.49,1.81,9.62,18.75,10.62,2.87,0,0,0,0.0,0.0,0.0
1787615188.062484,08:46:28.062,131,17.248,27.04,1011.42,15.245,0.0,0.0,0.0,-0.05,0.06,0.13,-0.05,0.49,1.81,9.62,18.75,10.62,2.87,0,0,0,0.0,0.0,0.0
1787615188.164684,08:46:28.164,132,17.348,27.04,1011.42,15.245,0.0,0.0,0.0,-0.05,0.08,0.18,-0.05,0.49,1.81,9.62,18.75,10.62,2.87,0,0,0,0.0,0.0,0.0
1787615188.265989,08:46:28.265,133,17.448,27.04,1011.4,15.412,0.0,0.0,0.0,-0.07,0.08,0.15,-0.07,0.49,1.81,9.62,18.75,10.62,2.87,0,0,0,0.0,0.0,0.0
1787615188.368264,08:46:28.368,134,17.548,27.04,1011.4,15.412,0.0,0.0,0.0,-0.09,0.08,0.14,-0.09,0.49,1.79,9.62,18.75,10.56,2.87,0,0,0,0.0,0.0,0.0
1787615188.471535,08:46:28.471,135,17.648,27.04,1011.43,15.164,0.0,0.0,0.0,-0.03,0.08,0.17,-0.03,0.49,1.79,9.62,18.75,10.56,2.87,0,0,0,0.0,0.0,0.0
1787615188.574353,08:46:28.574,136,17.748,27.04,1011.43,15.164,0.0,0.0,0.0,-0.06,0.08,0.15,-0.06,0.49,1.79,9.62,18.75,10.56,2.87,0,0,0,0.0,0.0,0.0
1787615188.575791,08:46:28.575,137,17.848,27.04,1011.45,14.997,0.0,0.0,0.0,-0.08,0.07,0.15,-0.08,0.49,1.79,9.62,18.75,10.56,2.87,0,0,0,0.0,0.0,0.0
1787615188.677019,08:46:28.677,138,17.948,27.04,1011.45,14.997,0.0,0.0,0.0,-0.04,0.06,0.15,-0.04,0.49,1.79,9.62,18.75,10.5,2.87,0,0,0,0.0,0.0,0.0
1787615188.880552,08:46:28.880,139,18.048,27.01,1011.38,15.581,0.0,0.0,0.0,-0.04,0.09,0.13,-0.04,0.49,1.79,9.62,18.75,10.5,2.87,0,0,0,0.0,0.0,0.0
1787615188.881323,08:46:28.881,140,18.148,27.01,1011.38,15.581,0.0,0.0,0.0,-0.04,0.05,0.22,-0.04,0.49,1.79,9.62,18.75,10.5,2.87,0,0,0,0.0,0.0,0.0
1787615188.982977,08:46:28.982,141,18.248,27.02,1011.41,15.33,0.0,0.0,0.0,-0.02,0.04,0.11,-0.02,0.49,1.77,9.63,18.75,10.43,2.87,0,0,0,0.0,0.0,0.0
1787615189.085589,08:46:29.085,142,18.348,27.02,1011.41,15.33,0.0,0.0,0.0,-0.02,0.06,0.12,-0.02,0.49,1.76,9.63,18.75,10.37,2.87,0,0,0,0.0,0.0,0.0
1787615189.188132,08:46:29.188,143,18.448,27.02,1011.42,15.245,0.0,0.0,0.0,-0.07,0.07,0.14,-0.07,0.49,1.76,9.63,18.75,10.37,2.87,0,0,0,0.0,0.0,0.0
1787615189.290714,08:46:29.290,144,18.548,27.02,1011.42,15.245,0.0,0.0,0.0,-0.1,0.06,0.18,-0.1,0.49,1.76,9.63,18.75,10.37,2.87,0,0,0,0.0,0.0,0.0
1787615189.394005,08:46:29.394,145,18.648,27.02,1011.41,15.33,0.0,0.0,0.0,-0.05,0.08,0.14,-0.05,0.49,1.76,9.63,18.75,10.37,2.87,0,0,0,0.0,0.0,0.0
1787615189.496148,08:46:29.496,146,18.748,27.02,1011.41,15.33,0.0,0.0,0.0,-0.05,0.08,0.14,-0.05,0.49,1.76,9.63,18.75,10.31,2.87,0,0,0,0.0,0.0,0.0
1787615189.598891,08:46:29.598,147,18.848,27.01,1011.41,15.33,0.0,0.0,0.0,-0.08,0.08,0.14,-0.08,0.49,1.76,9.63,18.75,10.31,2.87,0,0,0,0.0,0.0,0.0
1787615189.700953,08:46:29.700,148,18.948,27.01,1011.41,15.33,0.0,0.0,0.0,-0.09,0.07,0.14,-0.09,0.49,1.76,9.63,18.75,10.31,2.87,0,0,0,0.0,0.0,0.0
1787615189.803945,08:46:29.803,149,19.048,27.01,1011.44,15.079,0.0,0.0,0.0,-0.02,0.06,0.14,-0.02,0.49,1.76,9.63,18.75,10.31,2.87,0,0,0,0.0,0.0,0.0
1787615189.906537,08:46:29.906,150,19.148,27.01,1011.44,15.079,0.0,0.0,0.0,-0.07,0.09,0.14,-0.07,0.49,1.76,9.63,18.75,10.31,2.87,0,0,0,0.0,0.0,0.0
1787615190.009236,08:46:30.009,151,19.248,27.02,1011.45,14.997,0.0,0.0,0.0,-0.04,0.07,0.15,-0.04,0.49,1.76,9.63,18.75,10.31,2.87,0,0,0,0.0,0.0,0.0
1787615190.111620,08:46:30.111,152,19.348,27.02,1011.45,14.997,0.0,0.0,0.0,-0.04,0.08,0.14,-0.04,0.49,1.75,9.63,18.75,10.31,2.87,0,0,0,0.0,0.0,0.0
1787615190.214333,08:46:30.214,153,19.448,27.01,1011.45,14.997,0.0,0.0,0.0,-0.02,0.08,0.14,-0.02,0.49,1.75,9.63,18.75,10.31,2.87,0,0,0,0.0,0.0,0.0
1787615190.317029,08:46:30.317,154,19.548,27.01,1011.45,14.997,0.0,0.0,0.0,-0.06,0.08,0.09,-0.06,0.49,1.75,9.63,18.75,10.31,2.87,0,0,0,0.0,0.0,0.0
1787615190.419624,08:46:30.419,155,19.648,27.0,1011.45,14.997,0.0,0.0,0.0,-0.05,0.07,0.19,-0.05,0.49,1.76,9.63,18.75,10.37,2.87,0,0,0,0.0,0.0,0.0
1787615190.522153,08:46:30.522,156,19.748,27.0,1011.45,14.997,0.0,0.0,0.0,-0.02,0.07,0.17,-0.02,0.49,1.78,9.63,18.75,10.43,2.87,0,0,0,0.0,0.0,0.0
1787615190.625011,08:46:30.625,157,19.848,27.0,1011.43,15.164,0.0,0.0,0.0,-0.07,0.07,0.14,-0.07,0.49,1.78,9.62,18.75,10.5,2.87,0,0,0,0.0,0.0,0.0
1787615190.727766,08:46:30.727,158,19.948,27.0,1011.43,15.164,0.0,0.0,0.0,-0.04,0.08,0.1,-0.04,0.49,1.78,9.62,18.75,10.5,2.87,0,0,0,0.0,0.0,0.0
1787615190.831103,08:46:30.831,159,20.048,26.99,1011.45,14.997,0.0,0.0,0.0,-0.05,0.06,0.12,-0.05,0.49,1.78,9.62,18.75,10.5,2.87,0,0,0,0.0,0.0,0.0
1787615190.933834,08:46:30.933,160,20.148,26.99,1011.45,14.997,0.0,0.0,0.0,-0.05,0.08,0.09,-0.05,0.49,1.78,9.62,18.75,10.5,2.87,0,0,0,0.0,0.0,0.0
1787615191.036620,08:46:31.036,161,20.248,27.0,1011.45,14.997,0.0,0.0,0.0,-0.02,0.08,0.08,-0.02,0.49,1.78,9.62,18.75,10.5,2.87,0,0,0,0.0,0.0,0.0
1787615191.141178,08:46:31.141,162,20.348,27.0,1011.45,14.997,0.0,0.0,0.0,-0.02,0.08,0.1,-0.02,0.49,1.78,9.62,18.75,10.5,2.87,0,0,0,0.0,0.0,0.0
1787615191.242563,08:46:31.242,163,20.448,26.98,1011.39,15.496,0.0,0.0,0.0,-0.05,0.07,0.11,-0.05,0.49,1.78,9.62,18.75,10.5,2.87,0,0,0,0.0,0.0,0.0
1787615191.344392,08:46:31.344,164,20.548,26.98,1011.39,15.496,0.0,0.0,0.0,-0.05,0.06,0.11,-0.05,0.49,1.79,9.62,18.75,10.5,2.87,0,0,0,0.0,0.0,0.0
1787615191.446481,08:46:31.446,165,20.648,27.0,1011.42,15.245,0.0,0.0,0.0,-0.05,0.09,0.11,-0.05,0.49,1.79,9.62,18.75,10.5,2.87,0,0,0,0.0,0.0,0.0
1787615191.549737,08:46:31.549,166,20.748,27.0,1011.42,15.245,0.0,0.0,0.0,-0.04,0.09,0.1,-0.04,0.49,1.79,9.62,18.75,10.5,2.87,0,0,0,0.0,0.0,0.0
1787615191.652366,08:46:31.652,167,20.848,26.99,1011.43,15.164,0.0,0.0,0.0,-0.03,0.06,0.11,-0.03,0.49,1.79,9.62,18.75,10.5,2.87,0,0,0,0.0,0.0,0.0
1787615191.754804,08:46:31.754,168,20.948,26.99,1011.43,15.164,0.0,0.0,0.0,-0.03,0.05,0.09,-0.03,0.49,1.79,9.62,18.75,10.5,2.87,0,0,0,0.0,0.0,0.0
1787615191.857210,08:46:31.857,169,21.048,26.98,1011.4,15.412,0.0,0.0,0.0,-0.05,0.07,0.12,-0.05,0.49,1.79,9.62,18.75,10.5,2.87,0,0,0,0.0,0.0,0.0
1787615191.960073,08:46:31.960,170,21.148,26.98,1011.4,15.412,0.0,0.0,0.0,-0.06,0.07,0.12,-0.06,0.49,1.79,9.62,18.75,10.5,2.87,0,0,0,0.0,0.0,0.0
1787615192.061765,08:46:32.061,171,21.248,26.99,1011.42,15.245,0.0,0.0,0.0,-0.05,0.07,0.12,-0.05,0.49,1.79,9.62,18.75,10.56,2.87,0,0,0,0.0,0.0,0.0
1787615192.182543,08:46:32.182,172,21.348,26.99,1011.42,15.245,0.0,0.0,0.0,-0.04,0.07,0.13,-0.04,0.49,1.79,9.62,18.75,10.56,2.87,0,0,0,0.0,0.0,0.0
1787615192.182851,08:46:32.182,173,21.448,26.99,1011.44,15.079,0.0,0.0,0.0,-0.05,0.08,0.13,-0.05,0.49,1.78,9.63,18.75,10.43,2.87,0,0,0,0.0,0.0,0.0
1787615192.283698,08:46:32.283,174,21.548,26.99,1011.44,15.079,0.0,0.0,0.0,-0.04,0.08,0.14,-0.04,0.49,1.78,9.63,18.75,10.43,2.87,0,0,0,0.0,0.0,0.0
1787615192.385875,08:46:32.385,175,21.648,27.0,1011.44,15.079,0.0,0.0,0.0,-0.02,0.07,0.12,-0.02,0.49,1.78,9.63,18.75,10.43,2.87,0,0,0,0.0,0.0,0.0
1787615192.488953,08:46:32.488,176,21.748,27.0,1011.44,15.079,0.0,0.0,0.0,-0.05,0.07,0.1,-0.05,0.49,1.78,9.63,18.75,10.43,2.87,0,0,0,0.0,0.0,0.0
1787615192.590786,08:46:32.590,177,21.848,26.98,1011.42,15.245,0.0,0.0,0.0,-0.06,0.08,0.15,-0.06,0.49,1.78,9.63,18.75,10.43,2.87,0,0,0,0.0,0.0,0.0
1787615192.692606,08:46:32.692,178,21.948,26.98,1011.42,15.245,0.0,0.0,0.0,-0.05,0.09,0.12,-0.05,0.49,1.78,9.63,18.75,10.43,2.87,0,0,0,0.0,0.0,0.0
1787615192.795199,08:46:32.795,179,22.048,26.99,1011.45,14.997,0.0,0.0,0.0,-0.05,0.09,0.15,-0.05,0.49,1.78,9.63,18.75,10.43,2.87,0,0,0,0.0,0.0,0.0
1787615192.897040,08:46:32.897,180,22.148,26.99,1011.45,14.997,0.0,0.0,0.0,-0.07,0.07,0.17,-0.07,0.49,1.78,9.63,18.75,10.43,2.87,0,0,0,0.0,0.0,0.0
1787615192.999747,08:46:32.999,181,22.248,26.99,1011.46,14.912,0.0,0.0,0.0,-0.05,0.06,0.14,-0.05,0.49,1.78,9.63,18.75,10.43,2.87,0,0,0,0.0,0.0,0.0
1787615193.102396,08:46:33.102,182,22.348,26.99,1011.46,14.912,0.0,0.0,0.0,-0.06,0.08,0.14,-0.06,0.49,1.78,9.63,18.75,10.43,2.87,0,0,0,0.0,0.0,0.0
1787615193.204996,08:46:33.204,183,22.448,26.99,1011.47,14.831,0.0,0.0,0.0,-0.03,0.07,0.15,-0.03,0.49,1.78,9.63,18.75,10.43,2.87,0,0,0,0.0,0.0,0.0
1787615193.307676,08:46:33.307,184,22.548,26.99,1011.47,14.831,0.0,0.0,0.0,-0.08,0.09,0.12,-0.08,0.49,1.77,9.63,18.75,10.43,2.87,0,0,0,0.0,0.0,0.0
1787615193.410433,08:46:33.410,185,22.648,26.99,1011.45,14.997,0.0,0.0,0.0,-0.04,0.08,0.15,-0.04,0.49,1.77,9.63,18.75,10.43,2.87,0,0,0,0.0,0.0,0.0
1787615193.513063,08:46:33.513,186,22.748,26.99,1011.45,14.997,0.0,0.0,0.0,-0.04,0.08,0.14,-0.04,0.49,1.78,9.62,18.75,10.5,2.87,0,0,0,0.0,0.0,0.0
1787615193.615730,08:46:33.615,187,22.848,26.98,1011.43,15.164,0.0,0.0,0.0,-0.04,0.07,0.15,-0.04,0.49,1.8,9.62,18.75,10.62,2.87,0,0,0,0.0,0.0,0.0
1787615193.717642,08:46:33.717,188,22.948,26.98,1011.43,15.164,0.0,0.0,0.0,-0.07,0.08,0.16,-0.07,0.49,1.8,9.62,18.75,10.62,2.87,0,0,0,0.0,0.0,0.0
1787615193.820269,08:46:33.820,189,23.048,26.98,1011.45,14.997,0.0,0.0,0.0,-0.03,0.07,0.14,-0.03,0.49,1.78,9.62,18.75,10.5,2.87,0,0,0,0.0,0.0,0.0
1787615193.922668,08:46:33.922,190,23.148,26.98,1011.45,14.997,0.0,0.0,0.0,-0.03,0.09,0.14,-0.03,0.49,1.78,9.63,18.75,10.43,2.87,0,0,0,0.0,0.0,0.0
1787615194.025447,08:46:34.025,191,23.248,26.97,1011.42,15.245,0.0,0.0,0.0,-0.05,0.09,0.17,-0.05,0.49,1.79,9.62,18.75,10.5,2.87,0,0,0,0.0,0.0,0.0
1787615194.128176,08:46:34.128,192,23.348,26.97,1011.42,15.245,0.0,0.0,0.0,-0.06,0.07,0.16,-0.06,0.49,1.79,9.62,18.75,10.5,2.87,0,0,0,0.0,0.0,0.0
1787615194.230962,08:46:34.230,193,23.448,26.97,1011.43,15.164,0.0,0.0,0.0,-0.07,0.08,0.13,-0.07,0.49,1.78,9.63,18.75,10.43,2.87,0,0,0,0.0,0.0,0.0
1787615194.333733,08:46:34.333,194,23.548,26.97,1011.43,15.164,0.0,0.0,0.0,-0.03,0.09,0.16,-0.03,0.49,1.78,9.63,18.75,10.43,2.87,0,0,0,0.0,0.0,0.0
1787615194.435636,08:46:34.435,195,23.648,26.98,1011.47,14.831,0.0,0.0,0.0,-0.06,0.06,0.17,-0.06,0.49,1.78,9.63,18.75,10.43,2.87,0,0,0,0.0,0.0,0.0
1787615194.538366,08:46:34.538,196,23.748,26.98,1011.47,14.831,0.0,0.0,0.0,-0.08,0.08,0.17,-0.08,0.49,1.77,9.63,18.75,10.37,2.87,0,0,0,0.0,0.0,0.0
1787615194.641742,08:46:34.641,197,23.848,26.97,1011.44,15.079,0.0,0.0,0.0,-0.02,0.08,0.15,-0.02,0.49,1.74,9.63,18.75,10.25,2.87,0,0,0,0.0,0.0,0.0
1787615194.743677,08:46:34.743,198,23.948,26.97,1011.44,15.079,0.0,0.0,0.0,-0.07,0.09,0.13,-0.07,0.49,1.71,9.64,18.75,10.06,2.87,0,0,0,0.0,0.0,0.0
1787615194.845992,08:46:34.845,199,24.048,26.97,1011.46,14.912,0.0,0.0,0.0,-0.06,0.07,0.12,-0.06,0.49,1.69,9.64,18.75,9.93,2.87,0,0,0,0.0,0.0,0.0
1787615194.949042,08:46:34.949,200,24.148,26.97,1011.46,14.912,0.0,0.0,0.0,-0.04,0.06,0.13,-0.04,0.49,1.69,9.64,18.75,9.93,2.87,0,0,0,0.0,0.0,0.0
1787615195.050827,08:46:35.050,201,24.248,26.97,1011.45,14.997,0.0,0.0,0.0,-0.07,0.08,0.16,-0.07,0.49,1.73,9.63,18.75,10.12,2.87,0,0,0,0.0,0.0,0.0
1787615195.152134,08:46:35.152,202,24.348,26.97,1011.45,14.997,0.0,0.0,0.0,-0.03,0.07,0.24,-0.03,0.49,1.77,9.63,18.75,10.43,2.87,0,0,0,0.0,0.0,0.0
1787615195.252790,08:46:35.252,203,24.448,26.97,1011.46,14.912,0.0,0.0,0.0,-0.11,0.08,0.22,-0.11,0.49,1.78,9.63,18.75,10.43,2.87,0,0,0,0.0,0.0,0.0
1787615195.353614,08:46:35.353,204,24.548,26.97,1011.46,14.912,0.0,0.0,0.0,0.0,0.04,0.12,0.0,0.49,1.76,9.63,18.75,10.37,2.87,0,0,0,0.0,0.0,0.0
1787615195.456095,08:46:35.456,205,24.648,26.96,1011.42,15.245,0.0,0.0,0.0,-0.02,0.05,0.14,-0.02,0.49,1.75,9.63,18.75,10.31,2.87,0,0,0,0.0,0.0,0.0
1787615195.556983,08:46:35.556,206,24.748,26.96,1011.42,15.245,0.0,0.0,0.0,-0.05,0.07,0.17,-0.05,0.49,1.76,9.63,18.75,10.37,2.87,0,0,0,0.0,0.0,0.0
1787615195.657479,08:46:35.657,207,24.848,26.96,1011.44,15.079,0.0,0.0,0.0,-0.09,0.07,0.17,-0.09,0.49,1.76,9.63,18.75,10.37,2.87,0,0,0,0.0,0.0,0.0
1787615195.759336,08:46:35.759,208,24.948,26.96,1011.44,15.079,0.0,0.0,0.0,-0.06,0.05,0.15,-0.06,0.49,1.75,9.63,18.75,10.31,2.87,0,0,0,0.0,0.0,0.0
1787615195.861890,08:46:35.861,209,25.048,26.96,1011.43,15.164,0.0,0.0,0.0,-0.05,0.07,0.14,-0.05,0.49,1.75,9.63,18.75,10.31,2.87,0,0,0,0.0,0.0,0.0
1787615195.965115,08:46:35.965,210,25.148,26.96,1011.43,15.164,0.0,0.0,0.0,-0.06,0.08,0.15,-0.06,0.49,1.75,9.63,18.75,10.31,2.87,0,0,0,0.0,0.0,0.0
1787615196.067636,08:46:36.067,211,25.248,26.95,1011.43,15.164,0.0,0.0,0.0,-0.07,0.06,0.16,-0.07,0.49,1.75,9.63,18.75,10.31,2.87,0,0,0,0.0,0.0,0.0
1787615196.195647,08:46:36.195,212,25.348,26.95,1011.43,15.164,0.0,0.0,0.0,-0.05,0.05,0.15,-0.05,0.49,1.75,9.63,18.75,10.31,2.87,0,0,0,0.0,0.0,0.0
1787615196.195938,08:46:36.195,213,25.448,26.96,1011.46,14.912,0.0,0.0,0.0,-0.07,0.07,0.13,-0.07,0.49,1.75,9.63,18.75,10.31,2.87,0,0,0,0.0,0.0,0.0
1787615196.297304,08:46:36.297,214,25.548,26.96,1011.46,14.912,0.0,0.0,0.0,-0.06,0.12,0.14,-0.06,0.49,1.75,9.63,18.75,10.31,2.87,0,0,0,0.0,0.0,0.0
1787615196.399110,08:46:36.399,215,25.648,26.95,1011.43,15.164,0.0,0.0,0.0,-0.08,0.07,0.12,-0.08,0.49,1.75,9.63,18.75,10.31,2.87,0,0,0,0.0,0.0,0.0
1787615196.500968,08:46:36.500,216,25.748,26.95,1011.43,15.164,0.0,0.0,0.0,-0.06,0.09,0.18,-0.06,0.49,1.75,9.63,18.75,10.31,2.87,0,0,0,0.0,0.0,0.0
1787615196.602683,08:46:36.602,217,25.848,26.95,1011.45,14.997,0.0,0.0,0.0,-0.07,0.06,0.15,-0.07,0.49,1.75,9.63,18.75,10.31,2.87,0,0,0,0.0,0.0,0.0
1787615196.705195,08:46:36.705,218,25.948,26.95,1011.45,14.997,0.0,0.0,0.0,-0.07,0.06,0.17,-0.07,0.49,1.75,9.63,18.75,10.31,2.87,0,0,0,0.0,0.0,0.0
1787615196.807626,08:46:36.807,219,26.048,26.96,1011.46,14.912,0.0,0.0,0.0,-0.06,0.1,0.15,-0.06,0.49,1.75,9.63,18.75,10.31,2.87,0,0,0,0.0,0.0,0.0
1787615196.909787,08:46:36.909,220,26.148,26.96,1011.46,14.912,0.0,0.0,0.0,-0.06,0.05,0.17,-0.06,0.49,1.76,9.63,18.75,10.31,2.87,0,0,0,0.0,0.0,0.0
1787615197.011730,08:46:37.011,221,26.248,26.95,1011.44,15.079,0.0,0.0,0.0,-0.07,0.08,0.16,-0.07,0.49,1.76,9.63,18.75,10.31,2.87,0,0,0,0.0,0.0,0.0
1787615197.114496,08:46:37.114,222,26.348,26.95,1011.44,15.079,0.0,0.0,0.0,-0.06,0.08,0.15,-0.06,0.49,1.76,9.63,18.75,10.31,2.87,0,0,0,0.0,0.0,0.0
1787615197.216465,08:46:37.216,223,26.448,26.96,1011.43,15.164,0.0,0.0,0.0,-0.06,0.07,0.13,-0.06,0.49,1.76,9.63,18.75,10.31,2.87,0,0,0,0.0,0.0,0.0
1787615197.318714,08:46:37.318,224,26.548,26.96,1011.43,15.164,0.0,0.0,0.0,-0.02,0.08,0.14,-0.02,0.49,1.76,9.63,18.75,10.31,2.87,0,0,0,0.0,0.0,0.0
1787615197.421527,08:46:37.421,225,26.648,26.96,1011.46,14.912,0.0,0.0,0.0,-0.08,0.08,0.15,-0.08,0.49,1.76,9.63,18.75,10.31,2.87,0,0,0,0.0,0.0,0.0
1787615197.524159,08:46:37.524,226,26.748,26.96,1011.46,14.912,0.0,0.0,0.0,-0.08,0.12,0.16,-0.08,0.49,1.76,9.63,18.75,10.31,2.87,0,0,0,0.0,0.0,0.0
1787615197.626568,08:46:37.626,227,26.848,26.96,1011.44,15.079,0.0,0.0,0.0,-0.05,0.07,0.12,-0.05,0.49,1.76,9.63,18.75,10.31,2.87,0,0,0,0.0,0.0,0.0
1787615197.729057,08:46:37.729,228,26.948,26.96,1011.44,15.079,0.0,0.0,0.0,-0.05,0.09,0.13,-0.05,0.49,1.76,9.63,18.75,10.31,2.87,0,0,0,0.0,0.0,0.0
1787615197.832138,08:46:37.832,229,27.048,26.95,1011.45,14.997,0.0,0.0,0.0,-0.06,0.08,0.12,-0.06,0.49,1.76,9.63,18.75,10.31,2.87,0,0,0,0.0,0.0,0.0
1787615197.934285,08:46:37.934,230,27.148,26.95,1011.45,14.997,0.0,0.0,0.0,-0.08,0.07,0.13,-0.08,0.49,1.76,9.63,18.75,10.37,2.87,0,0,0,0.0,0.0,0.0
1787615198.037185,08:46:38.037,231,27.248,26.96,1011.43,15.164,0.0,0.0,0.0,-0.04,0.06,0.14,-0.04,0.49,1.77,9.63,18.75,10.37,2.87,0,0,0,0.0,0.0,0.0
1787615198.140042,08:46:38.140,232,27.348,26.96,1011.43,15.164,0.0,0.0,0.0,-0.04,0.08,0.11,-0.04,0.49,1.77,9.63,18.75,10.37,2.87,0,0,0,0.0,0.0,0.0
1787615198.242711,08:46:38.242,233,27.448,26.96,1011.44,15.079,0.0,0.0,0.0,-0.09,0.07,0.14,-0.09,0.49,1.77,9.63,18.75,10.37,2.87,0,0,0,0.0,0.0,0.0
1787615198.345462,08:46:38.345,234,27.548,26.96,1011.44,15.079,0.0,0.0,0.0,-0.06,0.08,0.13,-0.06,0.49,1.78,9.62,18.75,10.5,2.87,0,0,0,0.0,0.0,0.0
1787615198.448320,08:46:38.448,235,27.648,26.95,1011.47,14.831,0.0,0.0,0.0,-0.05,0.08,0.13,-0.05,0.49,1.79,9.62,18.75,10.5,2.87,0,0,0,0.0,0.0,0.0
1787615198.551030,08:46:38.551,236,27.748,26.95,1011.47,14.831,0.0,0.0,0.0,-0.03,0.08,0.15,-0.03,0.49,1.78,9.63,18.75,10.43,2.87,0,0,0,0.0,0.0,0.0
1787615198.653802,08:46:38.653,237,27.848,26.95,1011.45,14.997,0.0,0.0,0.0,-0.08,0.09,0.13,-0.08,0.49,1.77,9.63,18.75,10.43,2.87,0,0,0,0.0,0.0,0.0
1787615198.756253,08:46:38.756,238,27.948,26.95,1011.45,14.997,0.0,0.0,0.0,-0.07,0.07,0.16,-0.07,0.49,1.78,9.62,18.75,10.5,2.87,0,0,0,0.0,0.0,0.0
1787615198.859085,08:46:38.859,239,28.048,26.95,1011.46,14.912,0.0,0.0,0.0,-0.08,0.09,0.19,-0.08,0.49,1.79,9.62,18.75,10.5,2.87,0,0,0,0.0,0.0,0.0
1787615198.961748,08:46:38.961,240,28.148,26.95,1011.46,14.912,0.0,0.0,0.0,-0.05,0.06,0.15,-0.05,0.49,1.78,9.62,18.75,10.5,2.87,0,0,0,0.0,0.0,0.0
1787615199.065118,08:46:39.065,241,28.248,26.95,1011.45,14.997,0.0,0.0,0.0,-0.03,0.06,0.12,-0.03,0.49,1.78,9.63,18.75,10.43,2.87,0,0,0,0.0,0.0,0.0
1787615199.169394,08:46:39.169,242,28.348,26.95,1011.45,14.997,0.0,0.0,0.0,-0.04,0.09,0.16,-0.04,0.49,1.79,9.62,18.75,10.5,2.87,0,0,0,0.0,0.0,0.0
1787615199.271348,08:46:39.271,243,28.448,26.95,1011.44,15.079,0.0,0.0,0.0,-0.02,0.08,0.15,-0.02,0.49,1.79,9.62,18.75,10.5,2.87,0,0,0,0.0,0.0,0.0
1787615199.372180,08:46:39.372,244,28.548,26.95,1011.44,15.079,0.0,0.0,0.0,-0.09,0.07,0.1,-0.09,0.49,1.77,9.63,18.75,10.43,2.87,0,0,0,0.0,0.0,0.0
1787615199.373039,08:46:39.373,245,28.648,26.94,1011.44,15.079,0.0,0.0,0.0,-0.02,0.08,0.1,-0.02,0.49,1.77,9.63,18.75,10.37,2.87,0,0,0,0.0,0.0,0.0
1787615199.575929,08:46:39.575,246,28.748,26.94,1011.44,15.079,0.0,0.0,0.0,-0.04,0.06,0.16,-0.04,0.49,1.79,9.62,18.75,10.5,2.87,0,0,0,0.0,0.0,0.0
1787615199.678352,08:46:39.678,247,28.848,26.94,1011.42,15.245,0.0,0.0,0.0,-0.06,0.07,0.18,-0.06,0.49,1.8,9.62,18.75,10.56,2.87,0,0,0,0.0,0.0,0.0
1787615199.679094,08:46:39.679,248,28.948,26.94,1011.42,15.245,0.0,0.0,0.0,-0.02,0.05,0.17,-0.02,0.49,1.78,9.62,18.75,10.5,2.87,0,0,0,0.0,0.0,0.0
1787615199.780759,08:46:39.780,249,29.048,26.94,1011.43,15.164,0.0,0.0,0.0,-0.02,0.08,0.12,-0.02,0.49,1.76,9.63,18.75,10.37,2.87,0,0,0,0.0,0.0,0.0
1787615199.884065,08:46:39.884,250,29.148,26.94,1011.43,15.164,0.0,0.0,0.0,-0.04,0.08,0.13,-0.04,0.49,1.77,9.63,18.75,10.37,2.87,0,0,0,0.0,0.0,0.0
1787615199.986187,08:46:39.986,251,29.248,26.94,1011.41,15.33,0.0,0.0,0.0,-0.06,0.08,0.15,-0.06,0.49,1.78,9.62,18.75,10.5,2.87,0,0,0,0.0,0.0,0.0
1787615200.089368,08:46:40.089,252,29.348,26.94,1011.41,15.33,0.0,0.0,0.0,-0.1,0.08,0.21,-0.1,0.49,1.8,9.62,18.75,10.56,2.87,0,0,0,0.0,0.0,0.0
1787615200.206649,08:46:40.206,253,29.448,26.94,1011.44,15.079,0.0,0.0,0.0,-0.05,0.09,0.16,-0.05,0.49,1.77,9.63,18.75,10.43,2.87,0,0,0,0.0,0.0,0.0
1787615200.307693,08:46:40.307,254,29.548,26.94,1011.44,15.079,0.0,0.0,0.0,-0.04,0.05,0.1,-0.04,0.49,1.74,9.63,18.75,10.25,2.87,0,0,0,0.0,0.0,0.0
1787615200.409366,08:46:40.409,255,29.648,26.93,1011.44,15.079,0.0,0.0,0.0,-0.07,0.07,0.12,-0.07,0.49,1.74,9.63,18.75,10.25,2.87,0,0,0,0.0,0.0,0.0
1787615200.512080,08:46:40.512,256,29.748,26.93,1011.44,15.079,0.0,0.0,0.0,-0.04,0.08,0.2,-0.04,0.49,1.76,9.63,18.75,10.37,2.87,0,0,0,0.0,0.0,0.0
1787615200.613897,08:46:40.613,257,29.848,26.93,1011.46,14.912,0.0,0.0,0.0,-0.11,0.07,0.16,-0.11,0.49,1.76,9.63,18.75,10.37,2.87,0,0,0,0.0,0.0,0.0
1787615200.716723,08:46:40.716,258,29.948,26.93,1011.46,14.912,0.0,0.0,0.0,-0.07,0.08,0.11,-0.07,0.49,1.74,9.63,18.75,10.25,2.87,0,0,0,0.0,0.0,0.0
1787615200.819489,08:46:40.819,259,30.048,26.93,1011.45,14.997,0.0,0.0,0.0,-0.05,0.07,0.13,-0.05,0.49,1.74,9.63,18.75,10.18,2.87,0,0,0,0.0,0.0,0.0
1787615200.922154,08:46:40.922,260,30.148,26.93,1011.45,14.997,0.0,0.0,0.0,-0.05,0.04,0.12,-0.05,0.49,1.74,9.63,18.75,10.18,2.87,0,0,0,0.0,0.0,0.0
1787615201.024792,08:46:41.024,261,30.248,26.93,1011.43,15.164,0.0,0.0,0.0,-0.05,0.09,0.2,-0.05,0.49,1.74,9.63,18.75,10.25,2.87,0,0,0,0.0,0.0,0.0
1787615201.127047,08:46:41.127,262,30.348,26.93,1011.43,15.164,0.0,0.0,0.0,-0.07,0.08,0.19,-0.07,0.49,1.74,9.63,18.75,10.25,2.87,0,0,0,0.0,0.0,0.0
1787615201.229325,08:46:41.229,263,30.448,26.93,1011.46,14.912,0.0,0.0,0.0,-0.04,0.1,0.17,-0.04,0.49,1.74,9.63,18.75,10.18,2.87,0,0,0,0.0,0.0,0.0
1787615201.332167,08:46:41.332,264,30.548,26.93,1011.46,14.912,0.0,0.0,0.0,-0.04,0.05,0.15,-0.04,0.49,1.73,9.63,18.75,10.18,2.87,0,0,0,0.0,0.0,0.0
1787615201.434322,08:46:41.434,265,30.648,26.92,1011.43,15.164,0.0,0.0,0.0,-0.1,0.09,0.18,-0.1,0.49,1.74,9.63,18.75,10.25,2.87,0,0,0,0.0,0.0,0.0
1787615201.536646,08:46:41.536,266,30.748,26.92,1011.43,15.164,0.0,0.0,0.0,-0.12,0.06,0.15,-0.12,0.49,1.75,9.63,18.75,10.25,2.87,0,0,0,0.0,0.0,0.0
1787615201.638952,08:46:41.638,267,30.848,26.92,1011.42,15.245,0.0,0.0,0.0,-0.12,0.07,0.19,-0.12,0.49,1.74,9.63,18.75,10.25,2.87,0,0,0,0.0,0.0,0.0
1787615201.741806,08:46:41.741,268,30.948,26.92,1011.42,15.245,0.0,0.0,0.0,-0.05,0.08,0.14,-0.05,0.49,1.74,9.63,18.75,10.25,2.87,0,0,0,0.0,0.0,0.0
1787615201.843719,08:46:41.843,269,31.048,26.93,1011.46,14.912,0.0,0.0,0.0,-0.05,0.06,0.16,-0.05,0.49,1.74,9.63,18.75,10.25,2.87,0,0,0,0.0,0.0,0.0
1787615201.945990,08:46:41.945,270,31.148,26.93,1011.46,14.912,0.0,0.0,0.0,-0.05,0.07,0.2,-0.05,0.49,1.74,9.63,18.75,10.25,2.87,0,0,0,0.0,0.0,0.0
1787615202.049285,08:46:42.049,271,31.248,26.92,1011.44,15.079,0.0,0.0,0.0,-0.05,0.09,0.17,-0.05,0.49,1.74,9.63,18.75,10.25,2.87,0,0,0,0.0,0.0,0.0
1787615202.152615,08:46:42.152,272,31.348,26.92,1011.44,15.079,0.0,0.0,0.0,-0.08,0.07,0.12,-0.08,0.49,1.73,9.63,18.75,10.18,2.87,0,0,0,0.0,0.0,0.0
1787615202.255448,08:46:42.255,273,31.448,26.91,1011.42,15.245,0.0,0.0,0.0,-0.06,0.07,0.13,-0.06,0.49,1.73,9.63,18.75,10.18,2.87,0,0,0,0.0,0.0,0.0
1787615202.357198,08:46:42.357,274,31.548,26.91,1011.42,15.245,0.0,0.0,0.0,-0.04,0.06,0.16,-0.04,0.49,1.73,9.63,18.75,10.18,2.87,0,0,0,0.0,0.0,0.0
1787615202.459387,08:46:42.459,275,31.648,26.92,1011.43,15.164,0.0,0.0,0.0,-0.07,0.09,0.17,-0.07,0.49,1.73,9.63,18.75,10.18,2.87,0,0,0,0.0,0.0,0.0
1787615202.561756,08:46:42.561,276,31.748,26.92,1011.43,15.164,0.0,0.0,0.0,-0.05,0.09,0.2,-0.05,0.49,1.74,9.63,18.75,10.25,2.87,0,0,0,0.0,0.0,0.0
1787615202.664571,08:46:42.664,277,31.848,26.91,1011.42,15.245,0.0,0.0,0.0,-0.05,0.07,0.18,-0.05,0.49,1.74,9.63,18.75,10.25,2.87,0,0,0,0.0,0.0,0.0
1787615202.767391,08:46:42.767,278,31.948,26.91,1011.42,15.245,0.0,0.0,0.0,-0.07,0.07,0.18,-0.07,0.49,1.74,9.63,18.75,10.25,2.87,0,0,0,0.0,0.0,0.0
1787615202.870215,08:46:42.870,279,32.048,26.91,1011.43,15.164,0.0,0.0,0.0,-0.07,0.08,0.17,-0.07,0.49,1.74,9.63,18.75,10.25,2.87,0,0,0,0.0,0.0,0.0
1787615202.972538,08:46:42.972,280,32.148,26.91,1011.43,15.164,0.0,0.0,0.0,-0.07,0.07,0.18,-0.07,0.49,1.74,9.63,18.75,10.25,2.87,0,0,0,0.0,0.0,0.0
1787615202.973933,08:46:42.973,281,32.248,26.91,1011.44,15.079,0.0,0.0,0.0,-0.06,0.06,0.14,-0.06,0.49,1.73,9.63,18.75,10.18,2.87,0,0,0,0.0,0.0,0.0
1787615203.177071,08:46:43.177,282,32.348,26.91,1011.44,15.079,0.0,0.0,0.0,-0.07,0.05,0.18,-0.07,0.49,1.73,9.63,18.75,10.18,2.87,0,0,0,0.0,0.0,0.0
1787615203.280219,08:46:43.280,283,32.448,26.91,1011.43,15.164,0.0,0.0,0.0,-0.05,0.07,0.24,-0.05,0.49,1.75,9.63,18.75,10.31,2.87,0,0,0,0.0,0.0,0.0
1787615203.280788,08:46:43.280,284,32.548,26.91,1011.43,15.164,0.0,0.0,0.0,-0.03,0.07,0.19,-0.03,0.49,1.74,9.63,18.75,10.25,2.87,0,0,0,0.0,0.0,0.0
1787615203.382380,08:46:43.382,285,32.648,26.91,1011.45,14.997,0.0,0.0,0.0,-0.02,0.06,0.16,-0.02,0.49,1.73,9.63,18.75,10.18,2.87,0,0,0,0.0,0.0,0.0
1787615203.484269,08:46:43.484,286,32.748,26.91,1011.45,14.997,0.0,0.0,0.0,-0.06,0.07,0.18,-0.06,0.49,1.74,9.63,18.75,10.18,2.87,0,0,0,0.0,0.0,0.0
1787615203.587005,08:46:43.587,287,32.848,26.91,1011.45,14.997,0.0,0.0,0.0,-0.02,0.08,0.23,-0.02,0.5,1.75,9.63,18.75,10.25,2.87,0,0,0,0.0,0.0,0.0
1787615203.691156,08:46:43.691,288,32.948,26.91,1011.45,14.997,0.0,0.0,0.0,-0.05,0.05,0.15,-0.05,0.5,1.73,9.63,18.75,10.18,2.93,0,0,0,0.0,0.0,0.0
1787615203.893673,08:46:43.893,289,33.048,26.91,1011.45,14.997,0.0,0.0,0.0,-0.09,0.06,0.12,-0.09,0.51,1.72,9.63,18.75,10.12,2.93,0,0,0,0.0,0.0,0.0
1787615203.894510,08:46:43.894,290,33.148,26.91,1011.45,14.997,0.0,0.0,0.0,-0.04,0.07,0.13,-0.04,0.51,1.73,9.63,18.75,10.18,3.0,0,0,0,0.0,0.0,0.0
1787615203.995516,08:46:43.995,291,33.248,26.9,1011.41,15.33,0.0,0.0,0.0,-0.08,0.06,0.15,-0.08,0.51,1.75,9.63,18.75,10.25,3.0,0,0,0,0.0,0.0,0.0
1787615204.098170,08:46:44.098,292,33.348,26.9,1011.41,15.33,0.0,0.0,0.0,-0.08,0.05,0.14,-0.08,0.52,1.77,9.63,18.75,10.37,3.0,0,0,0,0.0,0.0,0.0
1787615204.230828,08:46:44.230,293,33.448,26.92,1011.48,14.746,0.0,0.0,0.0,-0.04,0.05,0.09,-0.04,0.52,1.77,9.62,18.75,10.43,3.06,0,0,0,0.0,0.0,0.0
1787615204.331632,08:46:44.331,294,33.548,26.92,1011.48,14.746,0.0,0.0,0.0,-0.06,0.04,0.08,-0.06,0.52,1.78,9.62,18.75,10.43,3.06,0,0,0,0.0,0.0,0.0
1787615204.432931,08:46:44.432,295,33.648,26.92,1011.47,14.831,0.0,0.0,0.0,-0.05,0.04,0.11,-0.05,0.53,1.79,9.62,18.75,10.56,3.06,0,0,0,0.0,0.0,0.0
1787615204.534299,08:46:44.534,296,33.748,26.92,1011.47,14.831,0.0,0.0,0.0,-0.09,0.05,0.08,-0.09,0.53,1.8,9.62,18.75,10.62,3.06,0,0,0,0.0,0.0,0.0
1787615204.636456,08:46:44.636,297,33.848,26.91,1011.47,14.831,0.0,0.0,0.0,-0.02,0.03,0.09,-0.02,0.53,1.8,9.62,18.75,10.56,3.06,0,0,0,0.0,0.0,0.0
1787615204.739177,08:46:44.739,298,33.948,26.91,1011.47,14.831,0.0,0.0,0.0,-0.02,0.06,0.06,-0.02,0.53,1.78,9.62,18.75,10.5,3.06,0,0,0,0.0,0.0,0.0
1787615204.841677,08:46:44.841,299,34.048,26.91,1011.46,14.912,0.0,0.0,0.0,-0.06,0.03,0.1,-0.06,0.53,1.76,9.63,18.75,10.37,3.06,0,0,0,0.0,0.0,0.0
1787615204.943176,08:46:44.943,300,34.148,26.91,1011.46,14.912,0.0,0.0,0.0,-0.06,0.04,0.07,-0.06,0.53,1.76,9.63,18.75,10.31,3.06,0,0,0,0.0,0.0,0.0
1787615205.045308,08:46:45.045,301,34.248,26.91,1011.45,14.997,0.0,0.0,0.0,-0.03,0.04,0.11,-0.03,0.53,1.78,9.62,18.75,10.5,3.06,0,0,0,0.0,0.0,0.0
1787615205.147706,08:46:45.147,302,34.348,26.91,1011.45,14.997,0.0,0.0,0.0,0.0,0.04,0.16,0.0,0.53,1.82,9.61,18.75,10.68,3.06,0,0,0,0.0,0.0,0.0
1787615205.250809,08:46:45.250,303,34.448,26.9,1011.43,15.164,0.0,0.0,0.0,-0.08,0.06,0.11,-0.08,0.53,1.82,9.62,18.75,10.75,3.06,0,0,0,0.0,0.0,0.0
1787615205.352252,08:46:45.352,304,34.548,26.9,1011.43,15.164,0.0,0.0,0.0,-0.09,0.04,0.08,-0.09,0.53,1.8,9.62,18.75,10.62,3.06,0,0,0,0.0,0.0,0.0
1787615205.453562,08:46:45.453,305,34.648,26.91,1011.46,14.912,0.0,0.0,0.0,-0.04,0.04,0.09,-0.04,0.53,1.8,9.62,18.75,10.56,3.06,0,0,0,0.0,0.0,0.0
1787615205.555676,08:46:45.555,306,34.748,26.91,1011.46,14.912,0.0,0.0,0.0,-0.04,0.05,0.13,-0.04,0.53,1.81,9.62,18.75,10.68,3.06,0,0,0,0.0,0.0,0.0
1787615205.657141,08:46:45.657,307,34.848,26.91,1011.47,14.831,0.0,0.0,0.0,-0.08,0.03,0.13,-0.08,0.53,1.81,9.62,18.75,10.68,3.06,0,0,0,0.0,0.0,0.0
1787615205.759830,08:46:45.759,308,34.948,26.91,1011.47,14.831,0.0,0.0,0.0,-0.09,0.05,0.11,-0.09,0.53,1.8,9.62,18.75,10.56,3.06,0,0,0,0.0,0.0,0.0
1787615205.862100,08:46:45.862,309,35.048,26.9,1011.47,14.831,0.0,0.0,0.0,-0.06,0.03,0.11,-0.06,0.53,1.79,9.62,18.75,10.56,3.06,0,0,0,0.0,0.0,0.0
1787615205.964474,08:46:45.964,310,35.148,26.9,1011.47,14.831,0.0,0.0,0.0,-0.05,0.04,0.13,-0.05,0.53,1.8,9.62,18.75,10.56,3.06,0,0,0,0.0,0.0,0.0
1787615206.066858,08:46:46.066,311,35.248,26.89,1011.41,15.33,0.0,0.0,0.0,-0.06,0.04,0.13,-0.06,0.53,1.8,9.62,18.75,10.56,3.06,0,0,0,0.0,0.0,0.0
1787615206.169377,08:46:46.169,312,35.348,26.89,1011.41,15.33,0.0,0.0,0.0,-0.04,0.05,0.08,-0.04,0.53,1.79,9.62,18.75,10.56,3.06,0,0,0,0.0,0.0,0.0
1787615206.272416,08:46:46.272,313,35.448,26.91,1011.48,14.746,0.0,0.0,0.0,-0.06,0.03,0.11,-0.06,0.53,1.8,9.62,18.75,10.62,3.06,0,0,0,0.0,0.0,0.0
1787615206.273025,08:46:46.273,314,35.548,26.91,1011.48,14.746,0.0,0.0,0.0,-0.04,0.05,0.12,-0.04,0.53,1.82,9.62,18.75,10.68,3.06,0,0,0,0.0,0.0,0.0
1787615206.475887,08:46:46.475,315,35.648,26.9,1011.45,14.997,0.0,0.0,0.0,-0.04,0.03,0.12,-0.04,0.53,1.82,9.62,18.75,10.68,3.06,0,0,0,0.0,0.0,0.0
1787615206.578250,08:46:46.578,316,35.748,26.9,1011.45,14.997,0.0,0.0,0.0,-0.07,0.05,0.09,-0.07,0.53,1.81,9.62,18.75,10.68,3.06,0,0,0,0.0,0.0,0.0
1787615206.579359,08:46:46.579,317,35.848,26.9,1011.44,15.079,0.0,0.0,0.0,-0.08,0.05,0.12,-0.08,0.53,1.81,9.62,18.75,10.68,3.06,0,0,0,0.0,0.0,0.0
1787615206.681251,08:46:46.681,318,35.948,26.9,1011.44,15.079,0.0,0.0,0.0,-0.06,0.04,0.1,-0.06,0.53,1.8,9.62,18.75,10.56,3.06,0,0,0,0.0,0.0,0.0
1787615206.783965,08:46:46.783,319,36.048,26.9,1011.46,14.912,0.0,0.0,0.0,-0.03,0.05,0.1,-0.03,0.53,1.78,9.62,18.75,10.5,3.06,0,0,0,0.0,0.0,0.0
1787615206.886390,08:46:46.886,320,36.148,26.9,1011.46,14.912,0.0,0.0,0.0,-0.06,0.05,0.11,-0.06,0.53,1.79,9.62,18.75,10.56,3.06,0,0,0,0.0,0.0,0.0
1787615206.988768,08:46:46.988,321,36.248,26.91,1011.44,15.079,0.0,0.0,0.0,-0.04,0.03,0.11,-0.04,0.53,1.81,9.62,18.75,10.68,3.06,0,0,0,0.0,0.0,0.0
1787615207.091550,08:46:47.091,322,36.348,26.91,1011.44,15.079,0.0,0.0,0.0,-0.04,0.04,0.16,-0.04,0.53,1.81,9.62,18.75,10.68,3.06,0,0,0,0.0,0.0,0.0
1787615207.194620,08:46:47.194,323,36.448,26.9,1011.46,14.912,0.0,0.0,0.0,-0.05,0.04,0.11,-0.05,0.53,1.79,9.62,18.75,10.56,3.06,0,0,0,0.0,0.0,0.0
1787615207.296768,08:46:47.296,324,36.548,26.9,1011.46,14.912,0.0,0.0,0.0,-0.06,0.05,0.11,-0.06,0.53,1.8,9.62,18.75,10.56,3.06,0,0,0,0.0,0.0,0.0
1787615207.399975,08:46:47.399,325,36.648,26.89,1011.46,14.912,0.0,0.0,0.0,-0.05,0.04,0.18,-0.05,0.53,1.83,9.61,18.75,10.75,3.06,0,0,0,0.0,0.0,0.0
1787615207.502576,08:46:47.502,326,36.748,26.89,1011.46,14.912,0.0,0.0,0.0,0.0,0.02,0.12,0.0,0.53,1.81,9.62,18.75,10.62,3.06,0,0,0,0.0,0.0,0.0
1787615207.605094,08:46:47.605,327,36.848,26.88,1011.46,14.912,0.0,0.0,0.0,0.0,0.05,0.1,0.0,0.53,1.77,9.62,18.75,10.43,3.06,0,0,0,0.0,0.0,0.0
1787615207.707513,08:46:47.707,328,36.948,26.88,1011.46,14.912,0.0,0.0,0.0,-0.13,0.03,0.11,-0.13,0.53,1.77,9.62,18.75,10.43,3.06,0,0,0,0.0,0.0,0.0
1787615207.809110,08:46:47.809,329,37.048,26.9,1011.47,14.831,0.0,0.0,0.0,0.0,0.03,0.16,0.0,0.53,1.8,9.62,18.75,10.62,3.06,0,0,0,0.0,0.0,0.0
1787615207.909667,08:46:47.909,330,37.148,26.9,1011.47,14.831,0.0,0.0,0.0,-0.05,0.03,0.16,-0.05,0.53,1.8,9.62,18.75,10.62,3.06,0,0,0,0.0,0.0,0.0
1787615208.011069,08:46:48.011,331,37.248,26.9,1011.47,14.831,0.0,0.0,0.0,-0.08,0.04,0.13,-0.08,0.53,1.79,9.62,18.75,10.56,3.06,0,0,0,0.0,0.0,0.0
1787615208.112650,08:46:48.112,332,37.348,26.9,1011.47,14.831,0.0,0.0,0.0,-0.03,0.03,0.13,-0.03,0.53,1.79,9.62,18.75,10.56,3.06,0,0,0,0.0,0.0,0.0
1787615208.247808,08:46:48.247,333,37.448,26.9,1011.49,14.661,0.0,0.0,0.0,-0.04,0.05,0.13,-0.04,0.53,1.79,9.62,18.75,10.56,3.06,0,0,0,0.0,0.0,0.0
1787615208.349414,08:46:48.349,334,37.548,26.9,1011.49,14.661,0.0,0.0,0.0,-0.03,0.05,0.13,-0.03,0.53,1.79,9.62,18.75,10.56,3.06,0,0,0,0.0,0.0,0.0
1787615208.451153,08:46:48.451,335,37.648,26.89,1011.45,14.997,0.0,0.0,0.0,-0.05,0.04,0.15,-0.05,0.53,1.79,9.62,18.75,10.56,3.06,0,0,0,0.0,0.0,0.0
1787615208.553445,08:46:48.553,336,37.748,26.89,1011.45,14.997,0.0,0.0,0.0,-0.07,0.04,0.11,-0.07,0.53,1.79,9.62,18.75,10.56,3.06,0,0,0,0.0,0.0,0.0
1787615208.655652,08:46:48.655,337,37.848,26.89,1011.48,14.746,0.0,0.0,0.0,-0.03,0.04,0.12,-0.03,0.53,1.79,9.62,18.75,10.56,3.06,0,0,0,0.0,0.0,0.0
1787615208.757905,08:46:48.757,338,37.948,26.89,1011.48,14.746,0.0,0.0,0.0,-0.07,0.04,0.17,-0.07,0.53,1.79,9.62,18.75,10.56,3.06,0,0,0,0.0,0.0,0.0
1787615208.859687,08:46:48.859,339,38.048,26.89,1011.46,14.912,0.0,0.0,0.0,-0.03,0.02,0.14,-0.03,0.53,1.79,9.62,18.75,10.56,3.06,0,0,0,0.0,0.0,0.0
1787615208.961267,08:46:48.961,340,38.148,26.89,1011.46,14.912,0.0,0.0,0.0,-0.03,0.03,0.14,-0.03,0.53,1.78,9.62,18.75,10.5,3.06,0,0,0,0.0,0.0,0.0
1787615209.063527,08:46:49.063,341,38.248,26.88,1011.44,15.079,0.0,0.0,0.0,-0.04,0.04,0.11,-0.04,0.53,1.78,9.62,18.75,10.5,3.06,0,0,0,0.0,0.0,0.0
1787615209.166373,08:46:49.166,342,38.348,26.88,1011.44,15.079,0.0,0.0,0.0,-0.04,0.03,0.11,-0.04,0.53,1.78,9.62,18.75,10.5,3.06,0,0,0,0.0,0.0,0.0
1787615209.268888,08:46:49.268,343,38.448,26.87,1011.46,14.912,0.0,0.0,0.0,-0.05,0.03,0.11,-0.05,0.53,1.78,9.62,18.75,10.5,3.06,0,0,0,0.0,0.0,0.0
1787615209.370112,08:46:49.370,344,38.548,26.87,1011.46,14.912,0.0,0.0,0.0,-0.04,0.05,0.12,-0.04,0.53,1.78,9.62,18.75,10.5,3.06,0,0,0,0.0,0.0,0.0
1787615209.472827,08:46:49.472,345,38.648,26.87,1011.45,14.997,0.0,0.0,0.0,-0.06,0.04,0.1,-0.06,0.53,1.78,9.62,18.75,10.5,3.06,0,0,0,0.0,0.0,0.0
1787615209.574743,08:46:49.574,346,38.748,26.87,1011.45,14.997,0.0,0.0,0.0,-0.04,0.03,0.09,-0.04,0.53,1.78,9.62,18.75,10.5,3.06,0,0,0,0.0,0.0,0.0
1787615209.576136,08:46:49.576,347,38.848,26.87,1011.46,14.912,0.0,0.0,0.0,-0.05,0.04,0.1,-0.05,0.53,1.78,9.62,18.75,10.5,3.06,0,0,0,0.0,0.0,0.0
1787615209.678134,08:46:49.678,348,38.948,26.87,1011.46,14.912,0.0,0.0,0.0,-0.03,0.05,0.12,-0.03,0.53,1.78,9.62,18.75,10.5,3.06,0,0,0,0.0,0.0,0.0
1787615209.881234,08:46:49.881,349,39.048,26.88,1011.46,14.912,0.0,0.0,0.0,-0.03,0.03,0.12,-0.03,0.53,1.78,9.62,18.75,10.5,3.06,0,0,0,0.0,0.0,0.0
1787615209.882234,08:46:49.882,350,39.148,26.88,1011.46,14.912,0.0,0.0,0.0,-0.02,0.04,0.13,-0.02,0.53,1.78,9.62,18.75,10.5,3.06,0,0,0,0.0,0.0,0.0
1787615209.983911,08:46:49.983,351,39.248,26.88,1011.45,14.997,0.0,0.0,0.0,-0.02,0.04,0.14,-0.02,0.53,1.78,9.62,18.75,10.5,3.06,0,0,0,0.0,0.0,0.0
1787615210.086021,08:46:50.086,352,39.348,26.88,1011.45,14.997,0.0,0.0,0.0,-0.04,0.05,0.14,-0.04,0.53,1.78,9.62,18.75,10.5,3.06,0,0,0,0.0,0.0,0.0
1787615210.188784,08:46:50.188,353,39.448,26.87,1011.44,15.079,0.0,0.0,0.0,-0.04,0.05,0.14,-0.04,0.53,1.78,9.62,18.75,10.5,3.06,0,0,0,0.0,0.0,0.0
1787615210.291069,08:46:50.291,354,39.548,26.87,1011.44,15.079,0.0,0.0,0.0,-0.05,0.01,0.14,-0.05,0.53,1.78,9.62,18.75,10.5,3.06,0,0,0,0.0,0.0,0.0
1787615210.394258,08:46:50.394,355,39.648,26.87,1011.44,15.079,0.0,0.0,0.0,-0.02,0.04,0.12,-0.02,0.53,1.78,9.62,18.75,10.5,3.06,0,0,0,0.0,0.0,0.0
1787615210.496435,08:46:50.496,356,39.748,26.87,1011.44,15.079,0.0,0.0,0.0,-0.06,0.01,0.18,-0.06,0.53,1.78,9.62,18.75,10.5,3.06,0,0,0,0.0,0.0,0.0
1787615210.599338,08:46:50.599,357,39.848,26.87,1011.47,14.831,0.0,0.0,0.0,-0.04,0.07,0.13,-0.04,0.53,1.78,9.62,18.75,10.5,3.06,0,0,0,0.0,0.0,0.0
1787615210.702054,08:46:50.702,358,39.948,26.87,1011.47,14.831,0.0,0.0,0.0,-0.04,0.04,0.15,-0.04,0.53,1.78,9.62,18.75,10.5,3.06,0,0,0,0.0,0.0,0.0
1787615210.804248,08:46:50.804,359,40.048,26.88,1011.46,14.912,0.0,0.0,0.0,-0.05,0.04,0.14,-0.05,0.53,1.77,9.62,18.75,10.43,3.06,0,0,0,0.0,0.0,0.0
1787615210.907127,08:46:50.907,360,40.148,26.88,1011.46,14.912,0.0,0.0,0.0,-0.02,0.05,0.14,-0.02,0.53,1.77,9.62,18.75,10.43,3.06,0,0,0,0.0,0.0,0.0
1787615211.009235,08:46:51.009,361,40.248,26.87,1011.43,15.164,0.0,0.0,0.0,-0.04,0.05,0.11,-0.04,0.53,1.77,9.62,18.75,10.43,3.06,0,0,0,0.0,0.0,0.0
1787615211.111550,08:46:51.111,362,40.348,26.87,1011.43,15.164,0.0,0.0,0.0,-0.04,0.04,0.12,-0.04,0.53,1.77,9.62,18.75,10.43,3.06,0,0,0,0.0,0.0,0.0
1787615211.214153,08:46:51.214,363,40.448,26.87,1011.44,15.079,0.0,0.0,0.0,-0.05,0.06,0.14,-0.05,0.53,1.77,9.62,18.75,10.43,3.06,0,0,0,0.0,0.0,0.0
1787615211.316875,08:46:51.316,364,40.548,26.87,1011.44,15.079,0.0,0.0,0.0,-0.03,0.04,0.14,-0.03,0.53,1.77,9.62,18.75,10.43,3.06,0,0,0,0.0,0.0,0.0
1787615211.420139,08:46:51.420,365,40.648,26.87,1011.46,14.912,0.0,0.0,0.0,-0.05,0.02,0.09,-0.05,0.53,1.77,9.62,18.75,10.43,3.06,0,0,0,0.0,0.0,0.0
1787615211.522915,08:46:51.522,366,40.748,26.87,1011.46,14.912,0.0,0.0,0.0,-0.04,0.02,0.1,-0.04,0.53,1.77,9.62,18.75,10.43,3.06,0,0,0,0.0,0.0,0.0
1787615211.625721,08:46:51.625,367,40.848,26.86,1011.45,14.997,0.0,0.0,0.0,-0.09,0.06,0.12,-0.09,0.53,1.79,9.62,18.75,10.56,3.06,0,0,0,0.0,0.0,0.0
1787615211.727980,08:46:51.727,368,40.948,26.86,1011.45,14.997,0.0,0.0,0.0,-0.06,0.05,0.11,-0.06,0.53,1.8,9.62,18.75,10.56,3.06,0,0,0,0.0,0.0,0.0
1787615211.830151,08:46:51.830,369,41.048,26.87,1011.46,14.912,0.0,0.0,0.0,-0.05,0.05,0.09,-0.05,0.53,1.8,9.62,18.75,10.56,3.06,0,0,0,0.0,0.0,0.0
1787615211.932873,08:46:51.932,370,41.148,26.87,1011.46,14.912,0.0,0.0,0.0,-0.03,0.05,0.09,-0.03,0.53,1.8,9.62,18.75,10.56,3.06,0,0,0,0.0,0.0,0.0
1787615212.035507,08:46:52.035,371,41.248,26.86,1011.43,15.164,0.0,0.0,0.0,-0.05,0.02,0.11,-0.05,0.53,1.82,9.62,18.75,10.68,3.06,0,0,0,0.0,0.0,0.0
1787615212.138289,08:46:52.138,372,41.348,26.86,1011.43,15.164,0.0,0.0,0.0,-0.04,0.05,0.12,-0.04,0.53,1.83,9.61,18.75,10.81,3.06,0,0,0,0.0,0.0,0.0
1787615212.263195,08:46:52.263,373,41.448,26.86,1011.46,14.912,0.0,0.0,0.0,-0.04,0.03,0.12,-0.04,0.53,1.83,9.61,18.75,10.81,3.06,0,0,0,0.0,0.0,0.0
1787615212.364897,08:46:52.364,374,41.548,26.86,1011.46,14.912,0.0,0.0,0.0,-0.03,0.04,0.14,-0.03,0.53,1.84,9.61,18.75,10.81,3.06,0,0,0,0.0,0.0,0.0
1787615212.467174,08:46:52.467,375,41.648,26.86,1011.45,14.997,0.0,0.0,0.0,-0.05,0.04,0.1,-0.05,0.53,1.83,9.61,18.75,10.81,3.06,0,0,0,0.0,0.0,0.0
1787615212.570764,08:46:52.570,376,41.748,26.86,1011.45,14.997,0.0,0.0,0.0,-0.02,0.04,0.1,-0.02,0.53,1.83,9.61,18.75,10.81,3.06,0,0,0,0.0,0.0,0.0
1787615212.572160,08:46:52.572,377,41.848,26.86,1011.46,14.912,0.0,0.0,0.0,-0.07,0.06,0.1,-0.07,0.53,1.83,9.61,18.75,10.75,3.06,0,0,0,0.0,0.0,0.0
1787615212.774862,08:46:52.774,378,41.948,26.86,1011.46,14.912,0.0,0.0,0.0,-0.03,0.03,0.12,-0.03,0.53,1.83,9.61,18.75,10.75,3.06,0,0,0,0.0,0.0,0.0
1787615212.876376,08:46:52.876,379,42.048,26.86,1011.43,15.164,0.0,0.0,0.0,-0.03,0.04,0.08,-0.03,0.53,1.82,9.62,18.75,10.75,3.06,0,0,0,0.0,0.0,0.0
1787615212.877299,08:46:52.877,380,42.148,26.86,1011.43,15.164,0.0,0.0,0.0,-0.03,0.03,0.07,-0.03,0.53,1.82,9.62,18.75,10.75,3.06,0,0,0,0.0,0.0,0.0
1787615212.979145,08:46:52.979,381,42.248,26.85,1011.46,14.912,0.0,0.0,0.0,-0.03,0.03,0.11,-0.03,0.53,1.84,9.61,18.75,10.81,3.06,0,0,0,0.0,0.0,0.0
1787615213.081271,08:46:53.081,382,42.348,26.85,1011.46,14.912,0.0,0.0,0.0,-0.05,0.04,0.09,-0.05,0.53,1.85,9.61,18.75,10.87,3.06,0,0,0,0.0,0.0,0.0
1787615213.184070,08:46:53.184,383,42.448,26.85,1011.45,14.997,0.0,0.0,0.0,-0.05,0.04,0.07,-0.05,0.53,1.86,9.61,18.75,10.93,3.06,0,0,0,0.0,0.0,0.0
1787615213.286516,08:46:53.286,384,42.548,26.85,1011.45,14.997,0.0,0.0,0.0,-0.04,0.03,0.02,-0.04,0.53,1.85,9.61,18.75,10.93,3.06,0,0,0,0.0,0.0,0.0
1787615213.387992,08:46:53.387,385,42.648,26.84,1011.44,15.079,0.0,0.0,0.0,-0.04,0.07,0.07,-0.04,0.53,1.86,9.61,18.75,10.93,3.06,0,0,0,0.0,0.0,0.0
1787615213.489791,08:46:53.489,386,42.748,26.84,1011.44,15.079,0.0,0.0,0.0,-0.06,0.02,0.06,-0.06,0.53,1.87,9.61,18.75,11.0,3.06,0,0,0,0.0,0.0,0.0
1787615213.593167,08:46:53.593,387,42.848,26.85,1011.44,15.079,0.0,0.0,0.0,-0.08,0.06,0.08,-0.08,0.53,1.87,9.61,18.75,11.0,3.06,0,0,0,0.0,0.0,0.0
1787615213.695829,08:46:53.695,388,42.948,26.85,1011.44,15.079,0.0,0.0,0.0,-0.08,0.05,0.06,-0.08,0.53,1.87,9.61,18.75,11.0,3.06,0,0,0,0.0,0.0,0.0
1787615213.798519,08:46:53.798,389,43.048,26.85,1011.45,14.997,0.0,0.0,0.0,-0.02,0.03,0.05,-0.02,0.53,1.87,9.61,18.75,11.0,3.06,0,0,0,0.0,0.0,0.0
1787615213.900914,08:46:53.900,390,43.148,26.85,1011.45,14.997,0.0,0.0,0.0,-0.07,0.04,0.03,-0.07,0.53,1.87,9.61,18.75,11.0,3.06,0,0,0,0.0,0.0,0.0
1787615214.003546,08:46:54.003,391,43.248,26.85,1011.44,15.079,0.0,0.0,0.0,-0.05,0.03,0.04,-0.05,0.53,1.87,9.61,18.75,11.0,3.06,0,0,0,0.0,0.0,0.0
1787615214.106260,08:46:54.106,392,43.348,26.85,1011.44,15.079,0.0,0.0,0.0,-0.04,0.05,0.05,-0.04,0.53,1.87,9.61,18.75,11.0,3.06,0,0,0,0.0,0.0,0.0
1787615214.208223,08:46:54.208,393,43.448,26.85,1011.46,14.912,0.0,0.0,0.0,-0.03,0.05,0.04,-0.03,0.53,1.87,9.61,18.75,11.0,3.06,0,0,0,0.0,0.0,0.0
1787615214.310331,08:46:54.310,394,43.548,26.85,1011.46,14.912,0.0,0.0,0.0,-0.02,0.05,0.03,-0.02,0.53,1.88,9.6,18.75,11.06,3.06,0,0,0,0.0,0.0,0.0
1787615214.413040,08:46:54.413,395,43.648,26.85,1011.43,15.164,0.0,0.0,0.0,-0.07,0.04,0.04,-0.07,0.53,1.9,9.6,18.75,11.18,3.06,0,0,0,0.0,0.0,0.0
1787615214.515700,08:46:54.515,396,43.748,26.85,1011.43,15.164,0.0,0.0,0.0,-0.04,0.03,0.06,-0.04,0.53,1.91,9.6,18.75,11.25,3.06,0,0,0,0.0,0.0,0.0
1787615214.619613,08:46:54.619,397,43.848,26.83,1011.42,15.245,0.0,0.0,0.0,-0.03,0.06,0.0,-0.03,0.53,1.9,9.6,18.75,11.18,3.06,0,0,0,0.0,0.0,0.0
1787615214.722119,08:46:54.722,398,43.948,26.83,1011.42,15.245,0.0,0.0,0.0,-0.02,0.05,0.04,-0.02,0.53,1.91,9.6,18.75,11.25,3.06,0,0,0,0.0,0.0,0.0
1787615214.824904,08:46:54.824,399,44.048,26.84,1011.45,14.997,0.0,0.0,0.0,-0.03,0.03,0.05,-0.03,0.53,1.93,9.59,18.75,11.31,3.06,0,0,0,0.0,0.0,0.0
1787615214.926870,08:46:54.926,400,44.148,26.84,1011.45,14.997,0.0,0.0,0.0,-0.05,0.05,0.03,-0.05,0.53,1.92,9.6,18.75,11.31,3.06,0,0,0,0.0,0.0,0.0
1787615215.029415,08:46:55.029,401,44.248,26.83,1011.45,14.997,0.0,0.0,0.0,0.0,0.04,0.0,0.0,0.53,1.9,9.6,18.75,11.18,3.06,0,0,0,0.0,0.0,0.0
1787615215.131575,08:46:55.131,402,44.348,26.83,1011.45,14.997,0.0,0.0,0.0,-0.04,0.05,0.0,-0.04,0.53,1.9,9.6,18.75,11.18,3.06,0,0,0,0.0,0.0,0.0
1787615215.233180,08:46:55.233,403,44.448,26.82,1011.44,15.079,0.0,0.0,0.0,-0.04,0.04,0.03,-0.04,0.53,1.93,9.59,18.75,11.31,3.06,0,0,0,0.0,0.0,0.0
1787615215.334146,08:46:55.334,404,44.548,26.82,1011.44,15.079,0.0,0.0,0.0,-0.04,0.04,0.01,-0.04,0.53,1.94,9.59,18.75,11.43,3.06,0,0,0,0.0,0.0,0.0
1787615215.436368,08:46:55.436,405,44.648,26.82,1011.41,15.33,0.0,0.0,0.0,0.0,0.05,0.0,0.0,0.53,1.94,9.59,18.75,11.43,3.06,0,0,0,0.0,0.0,0.0
1787615215.538046,08:46:55.538,406,44.748,26.82,1011.41,15.33,0.0,0.0,0.0,0.0,0.03,0.0,0.0,0.53,1.97,9.59,18.75,11.56,3.06,0,0,0,0.0,0.0,0.0
1787615215.639779,08:46:55.639,407,44.848,26.81,1011.41,15.33,0.0,0.0,0.0,-0.06,0.05,0.06,-0.06,0.53,2.0,9.58,18.75,11.75,3.06,0,0,0,0.0,0.0,0.0
1787615215.741395,08:46:55.741,408,44.948,26.81,1011.41,15.33,0.0,0.0,0.0,0.0,0.04,0.02,0.0,0.53,1.97,9.59,18.75,11.56,3.06,0,0,0,0.0,0.0,0.0
1787615215.842413,08:46:55.842,409,45.048,26.82,1011.43,15.164,0.0,0.0,0.0,0.0,0.04,-0.05,0.0,0.53,1.92,9.6,18.75,11.25,3.06,0,0,0,0.0,0.0,0.0
1787615215.943484,08:46:55.943,410,45.148,26.82,1011.43,15.164,0.0,0.0,0.0,0.0,0.06,0.0,0.0,0.53,1.9,9.6,18.75,11.18,3.06,0,0,0,0.0,0.0,0.0
1787615216.044321,08:46:56.044,411,45.248,26.81,1011.44,15.079,0.0,0.0,0.0,0.0,0.04,0.0,0.0,0.53,1.89,9.6,18.75,11.12,3.06,0,0,0,0.0,0.0,0.0
1787615216.146071,08:46:56.146,412,45.348,26.81,1011.44,15.079,0.0,0.0,0.0,0.04,0.04,-0.05,0.04,0.53,1.88,9.6,18.75,11.06,3.06,0,0,0,0.0,0.0,0.0
1787615216.271734,08:46:56.271,413,45.448,26.81,1011.43,15.164,0.0,0.0,0.0,-0.04,0.03,-0.06,-0.04,0.53,1.88,9.6,18.75,11.12,3.06,0,0,0,0.0,0.0,0.0
1787615216.373129,08:46:56.373,414,45.548,26.81,1011.43,15.164,0.0,0.0,0.0,-0.04,0.04,-0.04,-0.04,0.53,1.91,9.6,18.75,11.18,3.06,0,0,0,0.0,0.0,0.0
1787615216.474544,08:46:56.474,415,45.648,26.81,1011.44,15.079,0.0,0.0,0.0,-0.04,0.03,-0.04,-0.04,0.53,1.94,9.59,18.75,11.37,3.06,0,0,0,0.0,0.0,0.0
1787615216.475013,08:46:56.475,416,45.748,26.81,1011.44,15.079,0.0,0.0,0.0,0.01,0.03,0.0,0.01,0.53,1.96,9.59,18.75,11.5,3.06,0,0,0,0.0,0.0,0.0
1787615216.676978,08:46:56.676,417,45.848,26.81,1011.43,15.164,0.0,0.0,0.0,0.0,0.05,-0.05,0.0,0.53,1.96,9.59,18.75,11.5,3.06,0,0,0,0.0,0.0,0.0
1787615216.780283,08:46:56.780,418,45.948,26.81,1011.43,15.164,0.0,0.0,0.0,-0.04,0.03,-0.03,-0.04,0.53,1.96,9.59,18.75,11.5,3.06,0,0,0,0.0,0.0,0.0
1787615216.780802,08:46:56.780,419,46.048,26.81,1011.43,15.164,0.0,0.0,0.0,0.02,0.03,-0.04,0.02,0.53,1.97,9.59,18.75,11.62,3.06,0,0,0,0.0,0.0,0.0
1787615216.882406,08:46:56.882,420,46.148,26.81,1011.43,15.164,0.0,0.0,0.0,-0.03,0.05,-0.05,-0.03,0.53,1.99,9.58,18.75,11.68,3.06,0,0,0,0.0,0.0,0.0
1787615216.984045,08:46:56.984,421,46.248,26.8,1011.42,15.245,0.0,0.0,0.0,0.01,0.05,-0.06,0.01,0.53,1.99,9.58,18.75,11.75,3.06,0,0,0,0.0,0.0,0.0
1787615217.085501,08:46:57.085,422,46.348,26.8,1011.42,15.245,0.0,0.0,0.0,0.02,0.05,-0.09,0.02,0.53,1.99,9.58,18.75,11.75,3.06,0,0,0,0.0,0.0,0.0
1787615217.186738,08:46:57.186,423,46.448,26.8,1011.42,15.245,0.0,0.0,0.0,-0.03,0.03,-0.08,-0.03,0.53,1.99,9.58,18.75,11.75,3.06,0,0,0,0.0,0.0,0.0
1787615217.289250,08:46:57.289,424,46.548,26.8,1011.42,15.245,0.0,0.0,0.0,0.0,0.04,-0.06,0.0,0.53,2.01,9.58,18.75,11.81,3.06,0,0,0,0.0,0.0,0.0
1787615217.390628,08:46:57.390,425,46.648,26.8,1011.44,15.079,0.0,0.0,0.0,0.03,0.03,-0.05,0.03,0.53,2.01,9.58,18.75,11.87,3.06,0,0,0,0.0,0.0,0.0
1787615217.492204,08:46:57.492,426,46.748,26.8,1011.44,15.079,0.0,0.0,0.0,-0.02,0.04,-0.09,-0.02,0.53,2.01,9.58,18.75,11.87,3.06,0,0,0,0.0,0.0,0.0
1787615217.593515,08:46:57.593,427,46.848,26.81,1011.46,14.912,0.0,0.0,0.0,-0.03,0.06,-0.09,-0.03,0.53,2.01,9.58,18.75,11.87,3.06,0,0,0,0.0,0.0,0.0
1787615217.695554,08:46:57.695,428,46.948,26.81,1011.46,14.912,0.0,0.0,0.0,0.02,0.05,-0.06,0.02,0.53,2.03,9.57,18.75,11.93,3.06,0,0,0,0.0,0.0,0.0
1787615217.797001,08:46:57.797,429,47.048,26.8,1011.39,15.496,0.0,0.0,0.0,0.02,0.05,-0.1,0.02,0.53,2.03,9.57,18.75,11.93,3.06,0,0,0,0.0,0.0,0.0
1787615217.898689,08:46:57.898,430,47.148,26.8,1011.39,15.496,0.0,0.0,0.0,0.0,0.03,-0.14,0.0,0.53,2.02,9.58,18.75,11.93,3.06,0,0,0,0.0,0.0,0.0
1787615218.000854,08:46:58.000,431,47.248,26.8,1011.44,15.079,0.0,0.0,0.0,0.03,0.04,-0.12,0.03,0.53,2.03,9.57,18.75,11.93,3.06,0,0,0,0.0,0.0,0.0
1787615218.103316,08:46:58.103,432,47.348,26.8,1011.44,15.079,0.0,0.0,0.0,0.03,0.03,-0.1,0.03,0.53,2.04,9.57,18.75,12.0,3.06,0,0,0,0.0,0.0,0.0
1787615218.206071,08:46:58.206,433,47.448,26.79,1011.44,15.079,0.0,0.0,0.0,-0.02,0.03,-0.13,-0.02,0.53,2.04,9.57,18.75,12.0,3.06,0,0,0,0.0,0.0,0.0
1787615218.308691,08:46:58.308,434,47.548,26.79,1011.44,15.079,0.0,0.0,0.0,0.02,0.04,-0.15,0.02,0.53,2.04,9.57,18.75,12.0,3.06,0,0,0,0.0,0.0,0.0
1787615218.410073,08:46:58.410,435,47.648,26.8,1011.43,15.164,0.0,0.0,0.0,0.02,0.03,-0.14,0.02,0.53,2.04,9.57,18.75,12.0,3.06,0,0,0,0.0,0.0,0.0
1787615218.511626,08:46:58.511,436,47.748,26.8,1011.43,15.164,0.0,0.0,0.0,0.0,0.04,-0.13,0.0,0.53,2.05,9.57,18.68,12.06,3.06,0,0,0,0.0,0.0,0.0
1787615218.613917,08:46:58.613,437,47.848,26.79,1011.44,15.079,0.0,0.0,0.0,0.02,0.04,-0.13,0.02,0.53,2.06,9.57,18.68,12.12,3.06,0,0,0,0.0,0.0,0.0
1787615218.716727,08:46:58.716,438,47.948,26.79,1011.44,15.079,0.0,0.0,0.0,0.0,0.04,-0.12,0.0,0.53,2.06,9.57,18.68,12.12,3.06,0,0,0,0.0,0.0,0.0
1787615218.820597,08:46:58.820,439,48.048,26.79,1011.43,15.164,0.0,0.0,0.0,0.01,0.05,-0.15,0.01,0.53,2.06,9.57,18.68,12.12,3.06,0,0,0,0.0,0.0,0.0
1787615218.922983,08:46:58.922,440,48.148,26.79,1011.43,15.164,0.0,0.0,0.0,0.01,0.0,-0.13,0.01,0.53,2.06,9.57,18.68,12.12,3.06,0,0,0,0.0,0.0,0.0
1787615219.025205,08:46:59.025,441,48.248,26.78,1011.42,15.245,0.0,0.0,0.0,0.01,0.04,-0.13,0.01,0.53,2.07,9.57,18.68,12.18,3.06,0,0,0,0.0,0.0,0.0
1787615219.128004,08:46:59.128,442,48.348,26.78,1011.42,15.245,0.0,0.0,0.0,-0.03,0.03,-0.15,-0.03,0.53,2.08,9.56,18.68,12.25,3.06,0,0,0,0.0,0.0,0.0
1787615219.230599,08:46:59.230,443,48.448,26.79,1011.41,15.33,0.0,0.0,0.0,0.01,0.02,-0.11,0.01,0.53,2.08,9.56,18.68,12.25,3.06,0,0,0,0.0,0.0,0.0
1787615219.331594,08:46:59.331,444,48.548,26.79,1011.41,15.33,0.0,0.0,0.0,0.01,0.05,-0.15,0.01,0.53,2.08,9.56,18.68,12.25,3.06,0,0,0,0.0,0.0,0.0
1787615219.433025,08:46:59.433,445,48.648,26.78,1011.41,15.33,0.0,0.0,0.0,0.05,0.02,-0.18,0.05,0.53,2.08,9.56,18.68,12.25,3.06,0,0,0,0.0,0.0,0.0
1787615219.534211,08:46:59.534,446,48.748,26.78,1011.41,15.33,0.0,0.0,0.0,0.0,0.03,-0.16,0.0,0.53,2.09,9.56,18.68,12.31,3.06,0,0,0,0.0,0.0,0.0
1787615219.636956,08:46:59.636,447,48.848,26.79,1011.43,15.164,0.0,0.0,0.0,0.01,0.03,-0.15,0.01,0.53,2.1,9.56,18.68,12.37,3.06,0,0,0,0.0,0.0,0.0
1787615219.739689,08:46:59.739,448,48.948,26.79,1011.43,15.164,0.0,0.0,0.0,0.0,0.05,-0.17,0.0,0.53,2.1,9.56,18.68,12.37,3.06,0,0,0,0.0,0.0,0.0
1787615219.842986,08:46:59.842,449,49.048,26.78,1011.42,15.245,0.0,0.0,0.0,0.02,0.06,-0.17,0.02,0.53,2.09,9.56,18.68,12.31,3.06,0,0,0,0.0,0.0,0.0
1787615219.944941,08:46:59.944,450,49.148,26.78,1011.42,15.245,0.0,0.0,0.0,0.0,0.03,-0.18,0.0,0.53,2.08,9.56,18.68,12.25,3.12,0,0,0,0.0,0.0,0.0
1787615220.047335,08:47:00.047,451,49.248,26.78,1011.4,15.412,0.0,0.0,0.0,0.05,0.04,-0.15,0.05,0.53,2.08,9.56,18.68,12.31,3.12,0,0,0,0.0,0.0,0.0
1787615220.149397,08:47:00.149,452,49.348,26.78,1011.4,15.412,0.0,0.0,0.0,0.0,0.04,-0.15,0.0,0.54,2.08,9.56,18.68,12.25,3.12,0,0,0,0.0,0.0,0.0
1787615220.252185,08:47:00.252,453,49.448,26.77,1011.42,15.245,0.0,0.0,0.0,0.01,0.05,-0.16,0.01,0.54,2.07,9.56,18.68,12.18,3.12,0,0,0,0.0,0.0,0.0
1787615220.354973,08:47:00.354,454,49.548,26.77,1011.42,15.245,0.0,0.0,0.0,0.0,0.03,-0.14,0.0,0.54,2.06,9.57,18.68,12.12,3.12,0,0,0,0.0,0.0,0.0
1787615220.457864,08:47:00.457,455,49.648,26.77,1011.44,15.079,0.0,0.0,0.0,0.0,0.03,-0.13,0.0,0.54,2.06,9.57,18.68,12.12,3.12,0,0,0,0.0,0.0,0.0
1787615220.560626,08:47:00.560,456,49.748,26.77,1011.44,15.079,0.0,0.0,0.0,0.01,0.03,-0.13,0.01,0.54,2.05,9.57,18.68,12.06,3.18,0,0,0,0.0,0.0,0.0
1787615220.662202,08:47:00.662,457,49.848,26.78,1011.43,15.164,0.0,0.0,0.0,0.01,0.03,-0.14,0.01,0.54,2.04,9.57,18.68,12.06,3.18,0,0,0,0.0,0.0,0.0
1787615220.763917,08:47:00.763,458,49.948,26.78,1011.43,15.164,0.0,0.0,0.0,0.0,0.02,-0.12,0.0,0.54,2.04,9.57,18.68,12.06,3.18,0,0,0,0.0,0.0,0.0
1787615220.866382,08:47:00.866,459,50.048,26.78,1011.46,14.912,0.0,0.0,0.0,0.01,0.02,-0.12,0.01,0.55,2.04,9.57,18.68,12.0,3.18,0,0,0,0.0,0.0,0.0
1787615220.969048,08:47:00.969,460,50.148,26.78,1011.46,14.912,0.0,0.0,0.0,0.03,0.01,-0.12,0.03,0.55,2.04,9.57,18.68,12.0,3.18,0,0,0,0.0,0.0,0.0
1787615221.071785,08:47:01.071,461,50.248,26.77,1011.45,14.997,0.0,0.0,0.0,0.03,0.03,-0.11,0.03,0.55,2.04,9.57,18.68,12.0,3.18,0,0,0,0.0,0.0,0.0
1787615221.177765,08:47:01.177,462,50.348,26.77,1011.45,14.997,0.0,0.0,0.0,0.0,0.02,-0.13,0.0,0.55,2.04,9.57,18.68,12.0,3.18,0,0,0,0.0,0.0,0.0
1787615221.278689,08:47:01.278,463,50.448,26.78,1011.44,15.079,0.0,0.0,0.0,0.02,0.01,-0.13,0.02,0.55,2.04,9.57,18.68,12.0,3.18,0,0,0,0.0,0.0,0.0
1787615221.279122,08:47:01.279,464,50.548,26.78,1011.44,15.079,0.0,0.0,0.0,0.02,0.02,-0.13,0.02,0.55,2.04,9.57,18.68,12.0,3.18,0,0,0,0.0,0.0,0.0
1787615221.380295,08:47:01.380,465,50.648,26.75,1011.4,15.412,0.0,0.0,0.0,-0.02,0.01,-0.1,-0.02,0.55,2.04,9.57,18.68,12.0,3.18,0,0,0,0.0,0.0,0.0
1787615221.581558,08:47:01.581,466,50.748,26.75,1011.4,15.412,0.0,0.0,0.0,0.0,0.0,-0.11,0.0,0.55,2.04,9.57,18.68,12.0,3.18,0,0,0,0.0,0.0,0.0
1787615221.582028,08:47:01.582,467,50.848,26.76,1011.43,15.164,0.0,0.0,0.0,0.02,0.01,-0.12,0.02,0.55,2.04,9.57,18.68,12.0,3.18,0,0,0,0.0,0.0,0.0
1787615221.682450,08:47:01.682,468,50.948,26.76,1011.43,15.164,0.0,0.0,0.0,0.02,0.02,-0.12,0.02,0.55,2.04,9.57,18.68,12.0,3.18,0,0,0,0.0,0.0,0.0
1787615221.783406,08:47:01.783,469,51.048,26.78,1011.47,14.831,0.0,0.0,0.0,-0.02,0.03,-0.1,-0.02,0.55,2.04,9.57,18.68,12.0,3.18,0,0,0,0.0,0.0,0.0
1787615221.885033,08:47:01.885,470,51.148,26.78,1011.47,14.831,0.0,0.0,0.0,0.0,0.02,-0.1,0.0,0.55,2.04,9.57,18.68,12.0,3.18,0,0,0,0.0,0.0,0.0
1787615221.985764,08:47:01.985,471,51.248,26.76,1011.42,15.245,0.0,0.0,0.0,0.0,0.02,-0.11,0.0,0.55,2.04,9.57,18.68,12.0,3.18,0,0,0,0.0,0.0,0.0
1787615222.086960,08:47:02.086,472,51.348,26.76,1011.42,15.245,0.0,0.0,0.0,0.0,0.03,-0.13,0.0,0.55,2.03,9.57,18.68,11.93,3.18,0,0,0,0.0,0.0,0.0
1787615222.191251,08:47:02.191,473,51.448,26.76,1011.42,15.245,0.0,0.0,0.0,0.0,0.03,-0.1,0.0,0.55,2.03,9.57,18.68,11.93,3.18,0,0,0,0.0,0.0,0.0
1787615222.291896,08:47:02.291,474,51.548,26.76,1011.42,15.245,0.0,0.0,0.0,0.0,0.02,-0.12,0.0,0.55,2.03,9.57,18.68,11.93,3.18,0,0,0,0.0,0.0,0.0
1787615222.392913,08:47:02.392,475,51.648,26.76,1011.45,14.997,0.0,0.0,0.0,0.0,0.02,-0.1,0.0,0.55,2.04,9.57,18.68,12.0,3.18,0,0,0,0.0,0.0,0.0
1787615222.494345,08:47:02.494,476,51.748,26.76,1011.45,14.997,0.0,0.0,0.0,-0.02,0.02,-0.08,-0.02,0.55,2.04,9.57,18.68,12.06,3.18,0,0,0,0.0,0.0,0.0
1787615222.595322,08:47:02.595,477,51.848,26.76,1011.42,15.245,0.0,0.0,0.0,0.0,0.03,-0.12,0.0,0.55,2.04,9.57,18.68,12.06,3.18,0,0,0,0.0,0.0,0.0
1787615222.696786,08:47:02.696,478,51.948,26.76,1011.42,15.245,0.0,0.0,0.0,0.0,0.01,-0.12,0.0,0.55,2.04,9.57,18.68,12.06,3.18,0,0,0,0.0,0.0,0.0
1787615222.797358,08:47:02.797,479,52.048,26.76,1011.43,15.164,0.0,0.0,0.0,0.02,0.02,-0.13,0.02,0.55,2.04,9.57,18.68,12.06,3.18,0,0,0,0.0,0.0,0.0
1787615223.000950,08:47:03.000,480,52.148,26.76,1011.43,15.164,0.0,0.0,0.0,0.0,0.03,-0.12,0.0,0.55,2.04,9.57,18.68,12.06,3.18,0,0,0,0.0,0.0,0.0
1787615223.002749,08:47:03.002,481,52.248,26.75,1011.41,15.33,0.0,0.0,0.0,0.0,0.04,-0.1,0.0,0.55,2.04,9.57,18.68,12.06,3.18,0,0,0,0.0,0.0,0.0
1787615223.104950,08:47:03.104,482,52.348,26.75,1011.41,15.33,0.0,0.0,0.0,-0.02,0.02,-0.11,-0.02,0.55,2.05,9.57,18.68,12.06,3.18,0,0,0,0.0,0.0,0.0
1787615223.207645,08:47:03.207,483,52.448,26.75,1011.44,15.079,0.0,0.0,0.0,-0.04,0.03,-0.12,-0.04,0.55,2.05,9.57,18.68,12.06,3.18,0,0,0,0.0,0.0,0.0
1787615223.318045,08:47:03.318,484,52.548,26.75,1011.44,15.079,0.0,0.0,0.0,0.0,0.03,-0.13,0.0,0.55,2.04,9.57,18.68,12.06,3.18,0,0,0,0.0,0.0,0.0
1787615223.419456,08:47:03.419,485,52.648,26.75,1011.43,15.164,0.0,0.0,0.0,0.0,0.02,-0.12,0.0,0.55,2.04,9.57,18.68,12.06,3.18,0,0,0,0.0,0.0,0.0
1787615223.521072,08:47:03.521,486,52.748,26.75,1011.43,15.164,0.0,0.0,0.0,0.0,0.05,-0.1,0.0,0.55,2.04,9.57,18.68,12.06,3.18,0,0,0,0.0,0.0,0.0
1787615223.622478,08:47:03.622,487,52.848,26.74,1011.43,15.164,0.0,0.0,0.0,0.0,0.03,-0.14,0.0,0.55,2.04,9.57,18.68,12.06,3.18,0,0,0,0.0,0.0,0.0
1787615223.723080,08:47:03.723,488,52.948,26.74,1011.43,15.164,0.0,0.0,0.0,0.0,0.03,-0.1,0.0,0.55,2.04,9.57,18.68,12.06,3.18,0,0,0,0.0,0.0,0.0
1787615223.824061,08:47:03.824,489,53.048,26.75,1011.43,15.164,0.0,0.0,0.0,0.0,0.03,-0.09,0.0,0.55,2.04,9.57,18.68,12.06,3.18,0,0,0,0.0,0.0,0.0
1787615223.925962,08:47:03.925,490,53.148,26.75,1011.43,15.164,0.0,0.0,0.0,0.0,0.03,-0.09,0.0,0.55,2.04,9.57,18.68,12.06,3.18,0,0,0,0.0,0.0,0.0
1787615224.029324,08:47:04.029,491,53.248,26.75,1011.44,15.079,0.0,0.0,0.0,0.0,0.01,-0.07,0.0,0.55,2.04,9.57,18.68,12.06,3.18,0,0,0,0.0,0.0,0.0
1787615224.130869,08:47:04.130,492,53.348,26.75,1011.44,15.079,0.0,0.0,0.0,-0.03,0.01,-0.09,-0.03,0.55,2.04,9.57,18.68,12.06,3.18,0,0,0,0.0,0.0,0.0
1787615224.232065,08:47:04.232,493,53.448,26.75,1011.44,15.079,0.0,0.0,0.0,0.01,0.02,-0.09,0.01,0.55,2.03,9.57,18.68,12.0,3.18,0,0,0,0.0,0.0,0.0
1787615224.333494,08:47:04.333,494,53.548,26.75,1011.44,15.079,0.0,0.0,0.0,0.02,0.02,-0.1,0.02,0.55,2.02,9.58,18.68,11.87,3.18,0,0,0,0.0,0.0,0.0
1787615224.435136,08:47:04.435,495,53.648,26.75,1011.45,14.997,0.0,0.0,0.0,-0.02,0.02,-0.1,-0.02,0.55,2.01,9.58,18.68,11.87,3.18,0,0,0,0.0,0.0,0.0
1787615224.537803,08:47:04.537,496,53.748,26.75,1011.45,14.997,0.0,0.0,0.0,0.0,0.04,-0.1,0.0,0.55,2.01,9.58,18.68,11.87,3.18,0,0,0,0.0,0.0,0.0
1787615224.639261,08:47:04.639,497,53.848,26.75,1011.43,15.164,0.0,0.0,0.0,0.0,0.01,-0.11,0.0,0.55,2.01,9.58,18.68,11.87,3.18,0,0,0,0.0,0.0,0.0
1787615224.740912,08:47:04.740,498,53.948,26.75,1011.43,15.164,0.0,0.0,0.0,0.0,0.03,-0.09,0.0,0.55,2.01,9.58,18.68,11.87,3.18,0,0,0,0.0,0.0,0.0
1787615224.843408,08:47:04.843,499,54.048,26.75,1011.44,15.079,0.0,0.0,0.0,0.0,0.02,-0.08,0.0,0.55,2.01,9.58,18.68,11.87,3.18,0,0,0,0.0,0.0,0.0
1787615224.946356,08:47:04.946,500,54.148,26.75,1011.44,15.079,0.0,0.0,0.0,-0.02,0.01,-0.06,-0.02,0.55,2.01,9.58,18.68,11.87,3.18,0,0,0,0.0,0.0,0.0
1787615225.048375,08:47:05.048,501,54.248,26.75,1011.42,15.245,0.0,0.0,0.0,0.0,0.04,-0.06,0.0,0.55,2.01,9.58,18.68,11.87,3.18,0,0,0,0.0,0.0,0.0
1787615225.149884,08:47:05.149,502,54.348,26.75,1011.42,15.245,0.0,0.0,0.0,0.01,0.02,-0.06,0.01,0.55,2.01,9.58,18.68,11.87,3.18,0,0,0,0.0,0.0,0.0
1787615225.251578,08:47:05.251,503,54.448,26.73,1011.42,15.245,0.0,0.0,0.0,0.0,0.02,-0.09,0.0,0.55,1.99,9.58,18.68,11.75,3.18,0,0,0,0.0,0.0,0.0
1787615225.353702,08:47:05.353,504,54.548,26.73,1011.42,15.245,0.0,0.0,0.0,0.0,0.04,-0.1,0.0,0.55,1.98,9.58,18.68,11.68,3.18,0,0,0,0.0,0.0,0.0
1787615225.456351,08:47:05.456,505,54.648,26.75,1011.45,14.997,0.0,0.0,0.0,0.0,0.03,-0.06,0.0,0.55,1.98,9.58,18.68,11.68,3.18,0,0,0,0.0,0.0,0.0
1787615225.558757,08:47:05.558,506,54.748,26.75,1011.45,14.997,0.0,0.0,0.0,0.0,0.01,-0.03,0.0,0.55,1.98,9.58,18.68,11.68,3.18,0,0,0,0.0,0.0,0.0
1787615225.661142,08:47:05.661,507,54.848,26.75,1011.44,15.079,0.0,0.0,0.0,0.02,0.02,-0.05,0.02,0.55,1.97,9.58,18.68,11.62,3.18,0,0,0,0.0,0.0,0.0
1787615225.763969,08:47:05.763,508,54.948,26.75,1011.44,15.079,0.0,0.0,0.0,0.02,0.02,-0.07,0.02,0.55,1.97,9.58,18.68,11.62,3.18,0,0,0,0.0,0.0,0.0
1787615225.866672,08:47:05.866,509,55.048,26.74,1011.43,15.164,0.0,0.0,0.0,-0.03,0.01,-0.05,-0.03,0.55,1.97,9.58,18.68,11.62,3.18,0,0,0,0.0,0.0,0.0
1787615225.969355,08:47:05.969,510,55.148,26.74,1011.43,15.164,0.0,0.0,0.0,0.01,0.01,-0.03,0.01,0.55,1.97,9.58,18.68,11.62,3.18,0,0,0,0.0,0.0,0.0
1787615226.070435,08:47:06.070,511,55.248,26.73,1011.41,15.33,0.0,0.0,0.0,-0.03,0.02,-0.03,-0.03,0.55,1.97,9.59,18.68,11.62,3.18,0,0,0,0.0,0.0,0.0
1787615226.070839,08:47:06.070,512,55.348,26.73,1011.41,15.33,0.0,0.0,0.0,-0.04,0.02,-0.02,-0.04,0.55,1.95,9.59,18.68,11.5,3.18,0,0,0,0.0,0.0,0.0
1787615226.273002,08:47:06.273,513,55.448,26.74,1011.41,15.33,0.0,0.0,0.0,0.01,0.02,-0.04,0.01,0.55,1.94,9.59,18.68,11.43,3.18,0,0,0,0.0,0.0,0.0
1787615226.375137,08:47:06.375,514,55.548,26.74,1011.41,15.33,0.0,0.0,0.0,-0.02,0.01,-0.04,-0.02,0.55,1.94,9.59,18.68,11.43,3.18,0,0,0,0.0,0.0,0.0
1787615226.375439,08:47:06.375,515,55.648,26.74,1011.43,15.164,0.0,0.0,0.0,0.04,0.03,0.01,0.04,0.55,1.95,9.59,18.68,11.5,3.18,0,0,0,0.0,0.0,0.0
1787615226.576704,08:47:06.576,516,55.748,26.74,1011.43,15.164,0.0,0.0,0.0,-0.03,0.05,0.01,-0.03,0.55,1.95,9.59,18.68,11.5,3.18,0,0,0,0.0,0.0,0.0
1787615226.679208,08:47:06.679,517,55.848,26.73,1011.42,15.245,0.0,0.0,0.0,-0.03,0.0,-0.05,-0.03,0.55,1.95,9.59,18.68,11.5,3.18,0,0,0,0.0,0.0,0.0
1787615226.679479,08:47:06.679,518,55.948,26.73,1011.42,15.245,0.0,0.0,0.0,0.03,0.01,-0.03,0.03,0.55,1.94,9.59,18.68,11.43,3.18,0,0,0,0.0,0.0,0.0
1787615226.780819,08:47:06.780,519,56.048,26.74,1011.47,14.831,0.0,0.0,0.0,0.01,0.02,-0.02,0.01,0.55,1.94,9.59,18.68,11.43,3.18,0,0,0,0.0,0.0,0.0
1787615226.983653,08:47:06.983,520,56.148,26.74,1011.47,14.831,0.0,0.0,0.0,0.01,0.0,-0.02,0.01,0.55,1.94,9.59,18.68,11.43,3.18,0,0,0,0.0,0.0,0.0
1787615226.985049,08:47:06.985,521,56.248,26.73,1011.43,15.164,0.0,0.0,0.0,0.0,0.02,-0.02,0.0,0.55,1.93,9.59,18.68,11.37,3.18,0,0,0,0.0,0.0,0.0
1787615227.086706,08:47:07.086,522,56.348,26.73,1011.43,15.164,0.0,0.0,0.0,0.01,0.03,-0.02,0.01,0.55,1.94,9.59,18.68,11.37,3.18,0,0,0,0.0,0.0,0.0
1787615227.189932,08:47:07.189,523,56.448,26.73,1011.44,15.079,0.0,0.0,0.0,0.01,0.01,-0.02,0.01,0.55,1.94,9.59,18.68,11.43,3.18,0,0,0,0.0,0.0,0.0
1787615227.292443,08:47:07.292,524,56.548,26.73,1011.44,15.079,0.0,0.0,0.0,0.0,0.0,0.0,0.0,0.55,1.94,9.59,18.68,11.43,3.18,0,0,0,0.0,0.0,0.0
1787615227.394627,08:47:07.394,525,56.648,26.73,1011.43,15.164,0.0,0.0,0.0,0.0,0.03,0.01,0.0,0.55,1.94,9.59,18.68,11.43,3.18,0,0,0,0.0,0.0,0.0
1787615227.495918,08:47:07.495,526,56.748,26.73,1011.43,15.164,0.0,0.0,0.0,-0.05,0.03,0.01,-0.05,0.55,1.94,9.59,18.68,11.43,3.18,0,0,0,0.0,0.0,0.0
1787615227.596586,08:47:07.596,527,56.848,26.73,1011.45,14.997,0.0,0.0,0.0,0.0,0.01,0.0,0.0,0.55,1.94,9.59,18.68,11.37,3.18,0,0,0,0.0,0.0,0.0
1787615227.698077,08:47:07.698,528,56.948,26.73,1011.45,14.997,0.0,0.0,0.0,-0.1,0.01,-0.14,-0.1,0.55,1.92,9.6,18.68,11.31,3.18,0,0,0,0.0,0.0,0.0
1787615227.799612,08:47:07.799,529,57.048,26.72,1011.42,15.245,0.0,0.0,0.0,-0.5,0.72,0.59,-0.5,0.55,1.9,9.6,18.68,11.18,3.18,0,0,0,0.0,0.0,0.0
1787615227.900794,08:47:07.900,530,57.148,26.72,1011.42,15.245,0.0,0.0,0.0,-0.49,-0.22,-0.58,-0.49,0.54,1.9,9.6,18.68,11.18,3.18,0,0,0,0.0,0.0,0.0
1787615228.002353,08:47:08.002,531,57.248,26.72,1011.43,15.164,0.0,0.0,0.0,0.32,-0.28,-0.54,0.32,0.55,1.9,9.6,18.75,11.18,3.18,0,0,0,0.0,0.0,0.0
1787615228.104010,08:47:08.104,532,57.348,26.72,1011.43,15.164,0.0,0.0,0.0,0.17,-0.15,0.35,0.17,0.53,1.88,9.6,18.68,11.06,3.12,0,0,0,0.0,0.0,0.0
1787615228.204659,08:47:08.204,533,57.448,26.72,1011.45,14.997,0.0,0.0,0.0,0.12,0.23,-0.12,0.12,0.54,1.82,9.61,18.75,10.93,3.18,0,0,0,0.0,0.0,0.0
1787615228.306317,08:47:08.306,534,57.548,26.72,1011.45,14.997,0.0,0.0,0.0,0.57,0.61,-1.86,0.57,0.54,1.84,9.61,18.81,10.81,3.18,0,0,0,0.0,0.0,0.0
1787615228.407921,08:47:08.407,535,57.648,26.71,1011.42,15.245,0.0,0.0,0.0,-0.34,-0.51,-1.9,-0.34,0.55,1.77,9.62,18.75,10.43,3.18,0,0,0,0.0,0.0,0.0
1787615228.510168,08:47:08.510,536,57.748,26.71,1011.42,15.245,0.0,0.0,0.0,0.67,-0.15,-1.43,0.67,0.55,1.54,9.66,18.81,9.25,3.18,0,0,0,0.0,0.0,0.0
1787615228.611530,08:47:08.611,537,57.848,26.72,1011.4,15.412,0.0,0.0,0.0,-0.79,-0.18,-5.14,-0.79,0.54,1.19,9.71,18.87,7.25,3.12,0,0,0,0.0,0.0,0.0
1787615228.713040,08:47:08.713,538,57.948,26.72,1011.4,15.412,0.0,0.0,0.0,1.19,-1.14,-2.61,1.19,0.51,0.78,9.76,18.75,4.62,3.0,0,0,0,0.0,0.0,0.0
1787615228.813544,08:47:08.813,539,58.048,26.71,1011.44,15.079,0.0,0.0,0.0,-0.44,0.15,-0.56,-0.44,0.54,0.87,9.75,18.62,4.93,3.18,0,0,0,0.0,0.0,0.0
1787615228.915094,08:47:08.915,540,58.148,26.71,1011.44,15.079,0.0,0.0,0.0,0.78,-2.2,-1.13,0.78,0.52,1.05,9.73,18.68,6.12,3.06,0,0,0,0.0,0.0,0.0
1787615229.015817,08:47:09.015,541,58.248,26.7,1011.42,15.245,0.0,0.0,0.0,-0.24,2.1,-0.4,-0.24,0.52,1.15,9.72,18.75,6.75,3.06,0,0,0,0.0,0.0,0.0
1787615229.117416,08:47:09.117,542,58.348,26.7,1011.42,15.245,0.0,0.0,0.0,-2.22,1.38,-1.8,-2.22,0.53,1.16,9.72,18.62,6.81,3.06,0,0,0,0.0,0.0,0.0
1787615229.219137,08:47:09.219,543,58.448,26.71,1011.45,14.997,0.0,0.0,0.0,-0.45,-2.04,-1.35,-0.45,0.52,1.11,9.72,18.62,6.5,3.06,0,0,0,0.0,0.0,0.0
1787615229.321717,08:47:09.321,544,58.548,26.71,1011.45,14.997,0.0,0.0,0.0,1.3,3.49,-2.58,1.3,0.52,0.89,9.75,18.87,5.25,3.0,0,0,0,0.0,0.0,0.0
1787615229.423161,08:47:09.423,545,58.648,26.7,1011.43,15.164,0.0,0.0,0.0,-0.24,-3.77,3.37,-0.24,0.51,0.62,9.77,18.62,3.62,3.0,0,0,0,0.0,0.0,0.0
1787615229.524634,08:47:09.524,546,58.748,26.7,1011.43,15.164,0.0,0.0,0.0,-0.1,-2.75,0.02,-0.1,0.51,0.69,9.76,18.68,4.06,2.93,0,0,0,0.0,0.0,0.0
1787615229.626183,08:47:09.626,547,58.848,26.68,1011.4,15.412,0.0,0.0,0.0,0.34,5.38,-2.75,0.34,0.5,0.85,9.75,18.81,4.93,2.93,0,0,0,0.0,0.0,0.0
1787615229.728280,08:47:09.728,548,58.948,26.68,1011.4,15.412,0.0,0.0,0.0,-0.96,0.63,0.13,-0.96,0.51,0.84,9.75,19.0,4.93,2.93,0,0,0,0.0,0.0,0.0
1787615229.829735,08:47:09.829,549,59.048,26.69,1011.43,15.164,0.0,0.0,0.0,-0.3,-1.02,-0.76,-0.3,0.53,0.86,9.75,18.81,5.0,3.12,0,0,0,0.0,0.0,0.0
1787615229.931176,08:47:09.931,550,59.148,26.69,1011.43,15.164,0.0,0.0,0.0,-0.98,-0.39,-0.16,-0.98,0.54,1.02,9.73,18.62,5.87,3.12,0,0,0,0.0,0.0,0.0
1787615230.032730,08:47:10.032,551,59.248,26.7,1011.44,15.079,0.0,0.0,0.0,0.28,1.17,-1.07,0.28,0.54,1.31,9.7,18.18,7.43,3.12,0,0,0,0.0,0.0,0.0
1787615230.135202,08:47:10.135,552,59.348,26.7,1011.44,15.079,0.0,0.0,0.0,0.48,-0.76,-1.82,0.48,0.54,1.63,9.65,17.62,9.37,3.18,0,0,0,0.0,0.0,0.0
1787615230.236588,08:47:10.236,553,59.448,26.68,1011.42,15.245,0.0,0.0,0.0,0.17,-1.2,0.78,0.17,0.53,1.94,9.59,17.06,11.18,3.12,0,0,0,0.0,0.0,0.0
1787615230.338091,08:47:10.338,554,59.548,26.68,1011.42,15.245,0.0,0.0,0.0,0.32,-1.62,0.53,0.32,0.53,2.02,9.57,16.62,11.93,3.06,0,0,0,0.0,0.0,0.0
1787615230.439740,08:47:10.439,555,59.648,26.66,1011.41,15.33,0.0,0.0,0.0,0.0,-1.76,0.14,0.0,0.52,1.91,9.6,16.12,11.31,3.06,0,0,0,0.0,0.0,0.0
1787615230.542587,08:47:10.542,556,59.748,26.66,1011.41,15.33,0.0,0.0,0.0,-0.21,-1.63,0.44,-0.21,0.51,1.83,9.61,15.68,10.81,2.93,0,0,0,0.0,0.0,0.0
1787615230.645192,08:47:10.645,557,59.848,26.66,1011.42,15.245,0.0,0.0,0.0,-0.43,-2.36,-0.19,-0.43,0.51,1.82,9.62,15.25,10.68,3.0,0,0,0,0.0,0.0,0.0
1787615230.746341,08:47:10.746,558,59.948,26.66,1011.42,15.245,0.0,0.0,0.0,-0.03,-1.59,0.22,-0.03,0.45,1.88,9.61,15.06,11.06,2.62,0,0,0,0.0,0.0,0.0
1787615230.847854,08:47:10.847,559,60.048,26.65,1011.4,15.412,0.0,0.0,0.0,0.14,-1.8,1.33,0.14,0.39,1.89,9.61,15.0,11.12,2.25,0,0,0,0.0,0.0,0.0
1787615230.949410,08:47:10.949,560,60.148,26.65,1011.4,15.412,0.0,0.0,0.0,-0.72,0.29,-0.27,-0.72,0.4,1.84,9.62,14.81,10.81,2.31,0,0,0,0.0,0.0,0.0
1787615231.050758,08:47:11.050,561,60.248,26.65,1011.42,15.245,0.0,0.0,0.0,-0.23,0.39,0.41,-0.23,0.4,1.84,9.62,14.81,10.81,2.31,0,0,0,0.0,0.0,0.0
1787615231.152468,08:47:11.152,562,60.348,26.65,1011.42,15.245,0.0,0.0,0.0,-0.58,0.34,0.08,-0.58,0.4,1.85,9.62,14.81,10.87,2.31,0,0,0,0.0,0.0,0.0
1787615231.254253,08:47:11.254,563,60.448,26.65,1011.38,15.581,0.0,0.0,0.0,-0.14,0.26,0.44,-0.14,0.4,1.86,9.61,14.81,11.0,2.37,0,0,0,0.0,0.0,0.0
1787615231.357038,08:47:11.357,564,60.548,26.65,1011.38,15.581,0.0,0.0,0.0,0.02,0.01,-0.15,0.02,0.42,1.85,9.61,14.81,10.87,2.43,0,0,0,0.0,0.0,0.0
1787615231.460110,08:47:11.460,565,60.648,26.65,1011.43,15.164,0.0,0.0,0.0,-0.04,0.21,-0.13,-0.04,0.42,1.84,9.62,14.81,10.81,2.43,0,0,0,0.0,0.0,0.0
1787615231.561597,08:47:11.561,566,60.748,26.65,1011.43,15.164,0.0,0.0,0.0,-0.05,0.18,0.34,-0.05,0.42,1.85,9.61,14.81,10.87,2.5,0,0,0,0.0,0.0,0.0
1787615231.663031,08:47:11.663,567,60.848,26.65,1011.4,15.412,0.0,0.0,0.0,0.1,0.24,-0.12,0.1,0.43,1.86,9.61,14.81,10.93,2.5,0,0,0,0.0,0.0,0.0
1787615231.764535,08:47:11.764,568,60.948,26.65,1011.4,15.412,0.0,0.0,0.0,-0.14,0.19,0.31,-0.14,0.44,1.85,9.61,14.81,10.93,2.56,0,0,0,0.0,0.0,0.0
1787615231.866002,08:47:11.866,569,61.048,26.65,1011.4,15.412,0.0,0.0,0.0,-0.04,0.12,0.09,-0.04,0.45,1.86,9.61,14.81,10.93,2.62,0,0,0,0.0,0.0,0.0
1787615231.967406,08:47:11.967,570,61.148,26.65,1011.4,15.412,0.0,0.0,0.0,-0.02,0.05,0.19,-0.02,0.45,1.86,9.61,14.81,10.93,2.62,0,0,0,0.0,0.0,0.0
1787615232.069710,08:47:12.069,571,61.248,26.65,1011.43,15.164,0.0,0.0,0.0,-0.05,0.06,0.01,-0.05,0.46,1.87,9.61,14.81,11.0,2.68,0,0,0,0.0,0.0,0.0
1787615232.173094,08:47:12.173,572,61.348,26.65,1011.43,15.164,0.0,0.0,0.0,-0.07,0.08,0.01,-0.07,0.46,1.86,9.61,14.81,10.93,2.68,0,0,0,0.0,0.0,0.0
1787615232.275172,08:47:12.275,573,61.448,26.65,1011.43,15.164,0.0,0.0,0.0,-0.1,0.02,0.1,-0.1,0.46,1.86,9.61,14.81,10.93,2.68,0,0,0,0.0,0.0,0.0
1787615232.377144,08:47:12.377,574,61.548,26.65,1011.43,15.164,0.0,0.0,0.0,-0.1,0.17,0.06,-0.1,0.47,1.87,9.61,14.81,11.0,2.75,0,0,0,0.0,0.0,0.0
1787615232.378920,08:47:12.378,575,61.648,26.64,1011.42,15.245,0.0,0.0,0.0,0.04,0.07,0.07,0.04,0.47,1.87,9.61,14.81,11.0,2.75,0,0,0,0.0,0.0,0.0
1787615232.480025,08:47:12.480,576,61.748,26.64,1011.42,15.245,0.0,0.0,0.0,0.0,0.01,0.07,0.0,0.48,1.87,9.61,14.81,11.0,2.81,0,0,0,0.0,0.0,0.0
1787615232.682811,08:47:12.682,577,61.848,26.64,1011.42,15.245,0.0,0.0,0.0,0.02,0.09,-0.04,0.02,0.48,1.87,9.61,14.81,11.0,2.81,0,0,0,0.0,0.0,0.0
1787615232.684162,08:47:12.684,578,61.948,26.64,1011.42,15.245,0.0,0.0,0.0,-0.12,0.12,0.06,-0.12,0.48,1.87,9.61,14.81,11.0,2.81,0,0,0,0.0,0.0,0.0
1787615232.786113,08:47:12.786,579,62.048,26.64,1011.43,15.164,0.0,0.0,0.0,0.0,0.18,0.13,0.0,0.49,1.87,9.61,14.75,11.06,2.81,0,0,0,0.0,0.0,0.0
1787615232.887490,08:47:12.887,580,62.148,26.64,1011.43,15.164,0.0,0.0,0.0,0.0,0.13,0.12,0.0,0.49,1.87,9.61,14.81,11.0,2.81,0,0,0,0.0,0.0,0.0
1787615232.988932,08:47:12.988,581,62.248,26.63,1011.41,15.33,0.0,0.0,0.0,-0.02,0.11,0.09,-0.02,0.49,1.87,9.61,14.81,11.0,2.81,0,0,0,0.0,0.0,0.0
1787615233.091208,08:47:13.091,582,62.348,26.63,1011.41,15.33,0.0,0.0,0.0,-0.02,0.06,0.04,-0.02,0.49,1.87,9.61,14.81,11.0,2.81,0,0,0,0.0,0.0,0.0
1787615233.192793,08:47:13.192,583,62.448,26.63,1011.46,14.912,0.0,0.0,0.0,-0.09,0.06,-0.16,-0.09,0.49,1.87,9.61,14.81,11.0,2.81,0,0,0,0.0,0.0,0.0
1787615233.294301,08:47:13.294,584,62.548,26.63,1011.46,14.912,0.0,0.0,0.0,-0.1,0.2,0.07,-0.1,0.49,1.87,9.61,14.81,11.0,2.81,0,0,0,0.0,0.0,0.0
1787615233.396005,08:47:13.396,585,62.648,26.63,1011.48,14.746,0.0,0.0,0.0,0.0,0.0,0.09,0.0,0.49,1.87,9.61,14.81,11.0,2.81,0,0,0,0.0,0.0,0.0
1787615233.497168,08:47:13.497,586,62.748,26.63,1011.48,14.746,0.0,0.0,0.0,0.0,0.12,0.0,0.0,0.49,1.87,9.61,14.81,11.0,2.81,0,0,0,0.0,0.0,0.0
1787615233.598647,08:47:13.598,587,62.848,26.63,1011.46,14.912,0.0,0.0,0.0,0.04,0.04,0.14,0.04,0.49,1.87,9.61,14.81,11.0,2.81,0,0,0,0.0,0.0,0.0
1787615233.700914,08:47:13.700,588,62.948,26.63,1011.46,14.912,0.0,0.0,0.0,0.0,0.11,0.12,0.0,0.49,1.87,9.61,14.81,11.0,2.81,0,0,0,0.0,0.0,0.0
1787615233.803678,08:47:13.803,589,63.048,26.63,1011.45,14.997,0.0,0.0,0.0,-0.03,0.11,-0.08,-0.03,0.49,1.88,9.61,14.75,11.06,2.81,0,0,0,0.0,0.0,0.0
1787615233.906311,08:47:13.906,590,63.148,26.63,1011.45,14.997,0.0,0.0,0.0,-0.09,0.06,0.09,-0.09,0.49,1.88,9.61,14.75,11.06,2.81,0,0,0,0.0,0.0,0.0
1787615234.007155,08:47:14.007,591,63.248,26.63,1011.43,15.164,0.0,0.0,0.0,-0.05,0.08,-0.03,-0.05,0.49,1.89,9.6,14.75,11.12,2.81,0,0,0,0.0,0.0,0.0
1787615234.107830,08:47:14.107,592,63.348,26.63,1011.43,15.164,0.0,0.0,0.0,0.0,0.07,0.12,0.0,0.49,1.89,9.6,14.75,11.12,2.81,0,0,0,0.0,0.0,0.0
1787615234.209054,08:47:14.209,593,63.448,26.61,1011.43,15.164,0.0,0.0,0.0,0.01,0.08,0.07,0.01,0.49,1.89,9.6,14.75,11.12,2.81,0,0,0,0.0,0.0,0.0
1787615234.310267,08:47:14.310,594,63.548,26.61,1011.43,15.164,0.0,0.0,0.0,-0.04,0.09,0.02,-0.04,0.49,1.89,9.6,14.75,11.12,2.81,0,0,0,0.0,0.0,0.0
1787615234.412297,08:47:14.412,595,63.648,26.62,1011.47,14.831,0.0,0.0,0.0,-0.04,0.07,0.06,-0.04,0.49,1.89,9.6,14.75,11.12,2.81,0,0,0,0.0,0.0,0.0
1787615234.513689,08:47:14.513,596,63.748,26.62,1011.47,14.831,0.0,0.0,0.0,-0.03,0.07,0.08,-0.03,0.49,1.89,9.6,14.75,11.12,2.81,0,0,0,0.0,0.0,0.0
1787615234.615536,08:47:14.615,597,63.848,26.63,1011.47,14.831,0.0,0.0,0.0,-0.04,0.09,0.1,-0.04,0.49,1.89,9.6,14.75,11.12,2.81,0,0,0,0.0,0.0,0.0
1787615234.717529,08:47:14.717,598,63.948,26.63,1011.47,14.831,0.0,0.0,0.0,-0.05,0.07,0.03,-0.05,0.49,1.88,9.61,14.75,11.06,2.81,0,0,0,0.0,0.0,0.0
1787615234.819271,08:47:14.819,599,64.048,26.62,1011.45,14.997,0.0,0.0,0.0,-0.05,0.08,0.06,-0.05,0.49,1.88,9.61,14.81,11.06,2.81,0,0,0,0.0,0.0,0.0
1787615234.922044,08:47:14.922,600,64.148,26.62,1011.45,14.997,0.0,0.0,0.0,-0.05,0.08,0.05,-0.05,0.49,1.88,9.61,14.75,11.06,2.81,0,0,0,0.0,0.0,0.0
1787615235.024700,08:47:15.024,601,64.248,26.62,1011.45,14.997,0.0,0.0,0.0,-0.02,0.09,0.11,-0.02,0.49,1.89,9.61,14.75,11.12,2.81,0,0,0,0.0,0.0,0.0
1787615235.126864,08:47:15.126,602,64.348,26.62,1011.45,14.997,0.0,0.0,0.0,-0.06,0.09,0.06,-0.06,0.49,1.87,9.61,14.81,11.06,2.81,0,0,0,0.0,0.0,0.0
1787615235.228909,08:47:15.228,603,64.448,26.62,1011.48,14.746,0.0,0.0,0.0,-0.02,0.07,0.07,-0.02,0.49,1.87,9.61,14.81,11.0,2.81,0,0,0,0.0,0.0,0.0
1787615235.331045,08:47:15.331,604,64.548,26.62,1011.48,14.746,0.0,0.0,0.0,-0.02,0.08,0.06,-0.02,0.49,1.88,9.61,14.81,11.06,2.81,0,0,0,0.0,0.0,0.0
1787615235.432246,08:47:15.432,605,64.648,26.61,1011.43,15.164,0.0,0.0,0.0,-0.02,0.07,0.07,-0.02,0.49,1.89,9.6,14.75,11.12,2.81,0,0,0,0.0,0.0,0.0
1787615235.534073,08:47:15.534,606,64.748,26.61,1011.43,15.164,0.0,0.0,0.0,-0.02,0.07,0.09,-0.02,0.49,1.89,9.6,14.75,11.12,2.81,0,0,0,0.0,0.0,0.0
1787615235.636065,08:47:15.636,607,64.848,26.62,1011.52,14.413,0.0,0.0,0.0,0.0,0.08,0.06,0.0,0.49,1.89,9.6,14.75,11.12,2.81,0,0,0,0.0,0.0,0.0
1787615235.738740,08:47:15.738,608,64.948,26.62,1011.52,14.413,0.0,0.0,0.0,0.0,0.08,0.08,0.0,0.49,1.89,9.6,14.75,11.12,2.81,0,0,0,0.0,0.0,0.0
1787615235.840536,08:47:15.840,609,65.048,26.62,1011.48,14.746,0.0,0.0,0.0,0.0,0.08,0.1,0.0,0.49,1.89,9.6,14.75,11.12,2.81,0,0,0,0.0,0.0,0.0
1787615235.942453,08:47:15.942,610,65.148,26.62,1011.48,14.746,0.0,0.0,0.0,-0.02,0.09,0.06,-0.02,0.49,1.88,9.61,14.75,11.06,2.81,0,0,0,0.0,0.0,0.0
1787615236.044431,08:47:16.044,611,65.248,26.61,1011.46,14.912,0.0,0.0,0.0,-0.02,0.07,0.06,-0.02,0.49,1.88,9.61,14.75,11.06,2.81,0,0,0,0.0,0.0,0.0
1787615236.145991,08:47:16.145,612,65.348,26.61,1011.46,14.912,0.0,0.0,0.0,-0.05,0.08,0.08,-0.05,0.49,1.89,9.6,14.75,11.12,2.81,0,0,0,0.0,0.0,0.0
1787615236.248125,08:47:16.248,613,65.448,26.61,1011.49,14.661,0.0,0.0,0.0,-0.02,0.08,0.12,-0.02,0.49,1.91,9.6,14.75,11.25,2.81,0,0,0,0.0,0.0,0.0
1787615236.350934,08:47:16.350,614,65.548,26.61,1011.49,14.661,0.0,0.0,0.0,-0.03,0.08,0.1,-0.03,0.49,1.9,9.6,14.75,11.18,2.81,0,0,0,0.0,0.0,0.0
1787615236.453557,08:47:16.453,615,65.648,26.61,1011.47,14.831,0.0,0.0,0.0,-0.04,0.08,0.03,-0.04,0.49,1.86,9.61,14.81,10.93,2.81,0,0,0,0.0,0.0,0.0
1787615236.555370,08:47:16.555,616,65.748,26.61,1011.47,14.831,0.0,0.0,0.0,-0.04,0.1,0.04,-0.04,0.49,1.84,9.61,14.81,10.81,2.81,0,0,0,0.0,0.0,0.0
1787615236.658191,08:47:16.658,617,65.848,26.61,1011.45,14.997,0.0,0.0,0.0,-0.02,0.08,0.1,-0.02,0.49,1.85,9.61,14.81,10.93,2.81,0,0,0,0.0,0.0,0.0
1787615236.760233,08:47:16.760,618,65.948,26.61,1011.45,14.997,0.0,0.0,0.0,-0.03,0.09,0.1,-0.03,0.49,1.85,9.61,14.81,10.93,2.81,0,0,0,0.0,0.0,0.0
1787615236.862747,08:47:16.862,619,66.048,26.6,1011.48,14.746,0.0,0.0,0.0,-0.07,0.07,0.05,-0.07,0.49,1.83,9.62,14.81,10.75,2.81,0,0,0,0.0,0.0,0.0
1787615236.965298,08:47:16.965,620,66.148,26.6,1011.48,14.746,0.0,0.0,0.0,-0.04,0.06,0.03,-0.04,0.49,1.81,9.62,14.81,10.68,2.81,0,0,0,0.0,0.0,0.0
1787615237.067588,08:47:17.067,621,66.248,26.6,1011.47,14.831,0.0,0.0,0.0,0.0,0.06,0.05,0.0,0.49,1.83,9.62,14.81,10.75,2.81,0,0,0,0.0,0.0,0.0
1787615237.170235,08:47:17.170,622,66.348,26.6,1011.47,14.831,0.0,0.0,0.0,0.0,0.08,0.12,0.0,0.49,1.85,9.61,14.81,10.87,2.81,0,0,0,0.0,0.0,0.0
1787615237.170757,08:47:17.170,623,66.448,26.6,1011.46,14.912,0.0,0.0,0.0,0.0,0.09,0.09,0.0,0.49,1.85,9.61,14.81,10.87,2.81,0,0,0,0.0,0.0,0.0
1787615237.373655,08:47:17.373,624,66.548,26.6,1011.46,14.912,0.0,0.0,0.0,-0.05,0.08,0.04,-0.05,0.49,1.83,9.62,14.81,10.75,2.81,0,0,0,0.0,0.0,0.0
1787615237.475642,08:47:17.475,625,66.648,26.59,1011.46,14.912,0.0,0.0,0.0,-0.03,0.1,0.05,-0.03,0.49,1.83,9.62,14.81,10.75,2.81,0,0,0,0.0,0.0,0.0
1787615237.475842,08:47:17.475,626,66.748,26.59,1011.46,14.912,0.0,0.0,0.0,-0.04,0.07,0.07,-0.04,0.49,1.84,9.61,14.81,10.81,2.81,0,0,0,0.0,0.0,0.0
1787615237.678175,08:47:17.678,627,66.848,26.6,1011.46,14.912,0.0,0.0,0.0,-0.02,0.1,0.05,-0.02,0.49,1.84,9.61,14.81,10.81,2.81,0,0,0,0.0,0.0,0.0
1787615237.781288,08:47:17.781,628,66.948,26.6,1011.46,14.912,0.0,0.0,0.0,-0.04,0.06,0.05,-0.04,0.49,1.84,9.61,14.81,10.81,2.81,0,0,0,0.0,0.0,0.0
1787615237.884108,08:47:17.884,629,67.048,26.6,1011.47,14.831,0.0,0.0,0.0,-0.03,0.09,0.03,-0.03,0.49,1.84,9.61,14.81,10.81,2.81,0,0,0,0.0,0.0,0.0
1787615237.884949,08:47:17.884,630,67.148,26.6,1011.47,14.831,0.0,0.0,0.0,-0.04,0.08,0.04,-0.04,0.49,1.84,9.61,14.81,10.81,2.81,0,0,0,0.0,0.0,0.0
1787615237.986591,08:47:17.986,631,67.248,26.6,1011.47,14.831,0.0,0.0,0.0,-0.03,0.13,0.06,-0.03,0.49,1.84,9.61,14.81,10.81,2.81,0,0,0,0.0,0.0,0.0
1787615238.190287,08:47:18.190,632,67.348,26.6,1011.47,14.831,0.0,0.0,0.0,-0.03,0.08,0.1,-0.03,0.49,1.84,9.61,14.81,10.81,2.81,0,0,0,0.0,0.0,0.0
1787615238.192169,08:47:18.192,633,67.448,26.58,1011.43,15.164,0.0,0.0,0.0,-0.03,0.07,0.05,-0.03,0.49,1.84,9.61,14.81,10.81,2.81,0,0,0,0.0,0.0,0.0
1787615238.293505,08:47:18.293,634,67.548,26.58,1011.43,15.164,0.0,0.0,0.0,-0.04,0.08,0.05,-0.04,0.49,1.84,9.61,14.81,10.81,2.81,0,0,0,0.0,0.0,0.0
1787615238.395866,08:47:18.395,635,67.648,26.59,1011.43,15.164,0.0,0.0,0.0,-0.03,0.09,0.04,-0.03,0.49,1.84,9.61,14.81,10.81,2.81,0,0,0,0.0,0.0,0.0
1787615238.498093,08:47:18.498,636,67.748,26.59,1011.43,15.164,0.0,0.0,0.0,-0.02,0.07,0.05,-0.02,0.49,1.84,9.61,14.81,10.81,2.81,0,0,0,0.0,0.0,0.0
1787615238.599645,08:47:18.599,637,67.848,26.59,1011.47,14.831,0.0,0.0,0.0,-0.03,0.1,0.02,-0.03,0.49,1.84,9.61,14.81,10.81,2.81,0,0,0,0.0,0.0,0.0
1787615238.701474,08:47:18.701,638,67.948,26.59,1011.47,14.831,0.0,0.0,0.0,-0.03,0.08,0.02,-0.03,0.49,1.84,9.61,14.81,10.81,2.81,0,0,0,0.0,0.0,0.0
1787615238.804002,08:47:18.804,639,68.048,26.59,1011.48,14.746,0.0,0.0,0.0,-0.03,0.07,0.06,-0.03,0.49,1.84,9.61,14.81,10.81,2.81,0,0,0,0.0,0.0,0.0
1787615238.906755,08:47:18.906,640,68.148,26.59,1011.48,14.746,0.0,0.0,0.0,-0.02,0.06,0.04,-0.02,0.49,1.84,9.61,14.81,10.81,2.81,0,0,0,0.0,0.0,0.0
1787615239.009140,08:47:19.009,641,68.248,26.59,1011.46,14.912,0.0,0.0,0.0,-0.03,0.04,0.05,-0.03,0.49,1.84,9.61,14.81,10.81,2.81,0,0,0,0.0,0.0,0.0
1787615239.111921,08:47:19.111,642,68.348,26.59,1011.46,14.912,0.0,0.0,0.0,-0.03,0.08,0.02,-0.03,0.49,1.84,9.61,14.81,10.81,2.81,0,0,0,0.0,0.0,0.0
1787615239.214772,08:47:19.214,643,68.448,26.58,1011.45,14.997,0.0,0.0,0.0,0.0,0.08,0.07,0.0,0.49,1.84,9.61,14.81,10.81,2.81,0,0,0,0.0,0.0,0.0
1787615239.317395,08:47:19.317,644,68.548,26.58,1011.45,14.997,0.0,0.0,0.0,-0.04,0.09,0.06,-0.04,0.49,1.84,9.61,14.81,10.81,2.81,0,0,0,0.0,0.0,0.0
1787615239.418923,08:47:19.418,645,68.648,26.59,1011.49,14.661,0.0,0.0,0.0,-0.07,0.08,0.04,-0.07,0.49,1.84,9.61,14.81,10.81,2.81,0,0,0,0.0,0.0,0.0
1787615239.520444,08:47:19.520,646,68.748,26.59,1011.49,14.661,0.0,0.0,0.0,-0.05,0.1,0.07,-0.05,0.49,1.84,9.61,14.81,10.81,2.81,0,0,0,0.0,0.0,0.0
1787615239.622805,08:47:19.622,647,68.848,26.58,1011.43,15.164,0.0,0.0,0.0,-0.03,0.06,0.13,-0.03,0.49,1.84,9.61,14.81,10.81,2.81,0,0,0,0.0,0.0,0.0
1787615239.724651,08:47:19.724,648,68.948,26.58,1011.43,15.164,0.0,0.0,0.0,-0.07,0.07,0.11,-0.07,0.49,1.84,9.61,14.81,10.87,2.81,0,0,0,0.0,0.0,0.0
1787615239.826899,08:47:19.826,649,69.048,26.58,1011.49,14.661,0.0,0.0,0.0,-0.05,0.08,0.11,-0.05,0.49,1.83,9.62,14.81,10.75,2.81,0,0,0,0.0,0.0,0.0
1787615239.929234,08:47:19.929,650,69.148,26.58,1011.49,14.661,0.0,0.0,0.0,-0.04,0.09,0.06,-0.04,0.49,1.8,9.62,14.81,10.56,2.81,0,0,0,0.0,0.0,0.0
1787615240.031743,08:47:20.031,651,69.248,26.58,1011.48,14.746,0.0,0.0,0.0,-0.11,0.07,0.05,-0.11,0.49,1.77,9.63,14.81,10.37,2.81,0,0,0,0.0,0.0,0.0
1787615240.134082,08:47:20.134,652,69.348,26.58,1011.48,14.746,0.0,0.0,0.0,-0.08,0.1,0.05,-0.08,0.49,1.75,9.63,14.81,10.31,2.81,0,0,0,0.0,0.0,0.0
1787615240.236441,08:47:20.236,653,69.448,26.58,1011.45,14.997,0.0,0.0,0.0,-0.03,0.09,0.06,-0.03,0.49,1.76,9.63,14.81,10.31,2.81,0,0,0,0.0,0.0,0.0
1787615240.339111,08:47:20.339,654,69.548,26.58,1011.45,14.997,0.0,0.0,0.0,-0.05,0.1,0.12,-0.05,0.49,1.79,9.62,14.81,10.5,2.81,0,0,0,0.0,0.0,0.0
1787615240.441575,08:47:20.441,655,69.648,26.59,1011.49,14.661,0.0,0.0,0.0,-0.06,0.1,0.07,-0.06,0.49,1.81,9.62,14.81,10.68,2.81,0,0,0,0.0,0.0,0.0
1787615240.542974,08:47:20.542,656,69.748,26.59,1011.49,14.661,0.0,0.0,0.0,-0.06,0.06,0.12,-0.06,0.49,1.81,9.62,14.81,10.62,2.81,0,0,0,0.0,0.0,0.0
1787615240.645390,08:47:20.645,657,69.848,26.58,1011.47,14.831,0.0,0.0,0.0,-0.11,0.09,0.09,-0.11,0.49,1.78,9.62,14.81,10.5,2.81,0,0,0,0.0,0.0,0.0
1787615240.748149,08:47:20.748,658,69.948,26.58,1011.47,14.831,0.0,0.0,0.0,-0.07,0.08,0.09,-0.07,0.49,1.79,9.62,14.81,10.5,2.81,0,0,0,0.0,0.0,0.0
1787615240.850831,08:47:20.850,659,70.048,26.58,1011.47,14.831,0.0,0.0,0.0,-0.02,0.08,0.09,-0.02,0.49,1.81,9.62,14.81,10.62,2.81,0,0,0,0.0,0.0,0.0
1787615240.953795,08:47:20.953,660,70.148,26.58,1011.47,14.831,0.0,0.0,0.0,-0.07,0.08,0.12,-0.07,0.49,1.83,9.62,14.81,10.75,2.81,0,0,0,0.0,0.0,0.0
1787615241.056572,08:47:21.056,661,70.248,26.58,1011.47,14.831,0.0,0.0,0.0,-0.08,0.09,0.14,-0.08,0.49,1.81,9.62,14.81,10.62,2.81,0,0,0,0.0,0.0,0.0
1787615241.159135,08:47:21.159,662,70.348,26.58,1011.47,14.831,0.0,0.0,0.0,-0.07,0.08,0.11,-0.07,0.49,1.79,9.62,14.81,10.5,2.81,0,0,0,0.0,0.0,0.0
1787615241.261487,08:47:21.261,663,70.448,26.59,1011.44,15.079,0.0,0.0,0.0,0.02,0.08,0.07,0.02,0.49,1.8,9.62,14.81,10.56,2.81,0,0,0,0.0,0.0,0.0
1787615241.364413,08:47:21.364,664,70.548,26.59,1011.44,15.079,0.0,0.0,0.0,-0.04,0.07,0.17,-0.04,0.49,1.83,9.62,14.81,10.75,2.81,0,0,0,0.0,0.0,0.0
1787615241.483015,08:47:21.483,665,70.648,26.59,1011.48,14.746,0.0,0.0,0.0,-0.1,0.09,0.17,-0.1,0.49,1.83,9.62,14.81,10.75,2.81,0,0,0,0.0,0.0,0.0
1787615241.483280,08:47:21.483,666,70.748,26.59,1011.48,14.746,0.0,0.0,0.0,-0.04,0.07,0.09,-0.04,0.49,1.8,9.62,14.81,10.56,2.81,0,0,0,0.0,0.0,0.0
1787615241.583975,08:47:21.583,667,70.848,26.58,1011.48,14.746,0.0,0.0,0.0,-0.02,0.09,0.11,-0.02,0.49,1.77,9.63,14.81,10.43,2.81,0,0,0,0.0,0.0,0.0
1787615241.685659,08:47:21.685,668,70.948,26.58,1011.48,14.746,0.0,0.0,0.0,0.0,0.08,0.17,0.0,0.49,1.79,9.62,14.81,10.5,2.81,0,0,0,0.0,0.0,0.0
1787615241.788068,08:47:21.788,669,71.048,26.58,1011.47,14.831,0.0,0.0,0.0,-0.05,0.09,0.13,-0.05,0.49,1.8,9.62,14.81,10.56,2.81,0,0,0,0.0,0.0,0.0
1787615241.889637,08:47:21.889,670,71.148,26.58,1011.47,14.831,0.0,0.0,0.0,-0.04,0.08,0.1,-0.04,0.49,1.79,9.62,14.81,10.56,2.81,0,0,0,0.0,0.0,0.0
1787615241.991154,08:47:21.991,671,71.248,26.55,1011.46,14.912,0.0,0.0,0.0,0.01,0.06,0.12,0.01,0.49,1.79,9.62,14.81,10.5,2.81,0,0,0,0.0,0.0,0.0
1787615242.092870,08:47:22.092,672,71.348,26.55,1011.46,14.912,0.0,0.0,0.0,-0.03,0.1,0.14,-0.03,0.49,1.79,9.62,14.81,10.5,2.81,0,0,0,0.0,0.0,0.0
1787615242.193522,08:47:22.193,673,71.448,26.59,1011.48,14.746,0.0,0.0,0.0,-0.05,0.09,0.09,-0.05,0.49,1.79,9.62,14.81,10.5,2.81,0,0,0,0.0,0.0,0.0
1787615242.295113,08:47:22.295,674,71.548,26.59,1011.48,14.746,0.0,0.0,0.0,-0.05,0.09,0.1,-0.05,0.49,1.78,9.63,14.81,10.5,2.81,0,0,0,0.0,0.0,0.0
1787615242.397132,08:47:22.397,675,71.648,26.58,1011.46,14.912,0.0,0.0,0.0,-0.04,0.07,0.12,-0.04,0.49,1.78,9.63,14.81,10.5,2.81,0,0,0,0.0,0.0,0.0
1787615242.504988,08:47:22.504,676,71.748,26.58,1011.46,14.912,0.0,0.0,0.0,-0.05,0.08,0.16,-0.05,0.49,1.78,9.62,14.81,10.5,2.81,0,0,0,0.0,0.0,0.0
1787615242.606565,08:47:22.606,677,71.848,26.58,1011.47,14.831,0.0,0.0,0.0,-0.04,0.1,0.14,-0.04,0.49,1.78,9.62,14.81,10.5,2.81,0,0,0,0.0,0.0,0.0
1787615242.707917,08:47:22.707,678,71.948,26.58,1011.47,14.831,0.0,0.0,0.0,-0.06,0.08,0.13,-0.06,0.49,1.78,9.62,14.81,10.5,2.81,0,0,0,0.0,0.0,0.0
1787615242.810639,08:47:22.810,679,72.048,26.59,1011.5,14.58,0.0,0.0,0.0,-0.05,0.1,0.15,-0.05,0.49,1.78,9.62,14.81,10.5,2.81,0,0,0,0.0,0.0,0.0
1787615242.913216,08:47:22.913,680,72.148,26.59,1011.5,14.58,0.0,0.0,0.0,-0.03,0.09,0.13,-0.03,0.49,1.78,9.62,14.81,10.5,2.81,0,0,0,0.0,0.0,0.0
1787615243.016166,08:47:23.016,681,72.248,26.58,1011.48,14.746,0.0,0.0,0.0,-0.06,0.08,0.16,-0.06,0.49,1.78,9.62,14.81,10.5,2.81,0,0,0,0.0,0.0,0.0
1787615243.118931,08:47:23.118,682,72.348,26.58,1011.48,14.746,0.0,0.0,0.0,-0.06,0.08,0.15,-0.06,0.49,1.78,9.62,14.81,10.5,2.81,0,0,0,0.0,0.0,0.0
1787615243.221584,08:47:23.221,683,72.448,26.57,1011.45,14.997,0.0,0.0,0.0,-0.04,0.06,0.14,-0.04,0.49,1.78,9.62,14.81,10.5,2.81,0,0,0,0.0,0.0,0.0
1787615243.324325,08:47:23.324,684,72.548,26.57,1011.45,14.997,0.0,0.0,0.0,-0.04,0.09,0.15,-0.04,0.49,1.78,9.62,14.81,10.5,2.81,0,0,0,0.0,0.0,0.0
1787615243.427518,08:47:23.427,685,72.648,26.57,1011.46,14.912,0.0,0.0,0.0,-0.06,0.1,0.12,-0.06,0.49,1.76,9.63,14.81,10.37,2.81,0,0,0,0.0,0.0,0.0
1787615243.530215,08:47:23.530,686,72.748,26.57,1011.46,14.912,0.0,0.0,0.0,-0.05,0.08,0.14,-0.05,0.49,1.76,9.63,14.81,10.31,2.81,0,0,0,0.0,0.0,0.0
1787615243.632814,08:47:23.632,687,72.848,26.58,1011.46,14.912,0.0,0.0,0.0,-0.05,0.08,0.18,-0.05,0.49,1.76,9.63,14.81,10.37,2.81,0,0,0,0.0,0.0,0.0
1787615243.735073,08:47:23.735,688,72.948,26.58,1011.46,14.912,0.0,0.0,0.0,-0.03,0.08,0.16,-0.03,0.49,1.76,9.63,14.81,10.37,2.81,0,0,0,0.0,0.0,0.0
1787615243.837215,08:47:23.837,689,73.048,26.57,1011.45,14.997,0.0,0.0,0.0,-0.06,0.09,0.12,-0.06,0.49,1.75,9.63,14.81,10.31,2.81,0,0,0,0.0,0.0,0.0
1787615243.939941,08:47:23.939,690,73.148,26.57,1011.45,14.997,0.0,0.0,0.0,-0.03,0.08,0.12,-0.03,0.49,1.75,9.63,14.81,10.31,2.81,0,0,0,0.0,0.0,0.0
1787615244.042479,08:47:24.042,691,73.248,26.58,1011.49,14.661,0.0,0.0,0.0,-0.05,0.1,0.15,-0.05,0.49,1.76,9.63,14.81,10.31,2.81,0,0,0,0.0,0.0,0.0
1787615244.145174,08:47:24.145,692,73.348,26.58,1011.49,14.661,0.0,0.0,0.0,-0.05,0.08,0.14,-0.05,0.49,1.76,9.63,14.81,10.31,2.81,0,0,0,0.0,0.0,0.0
1787615244.247965,08:47:24.247,693,73.448,26.58,1011.48,14.746,0.0,0.0,0.0,-0.06,0.07,0.12,-0.06,0.49,1.76,9.63,14.81,10.31,2.81,0,0,0,0.0,0.0,0.0
1787615244.350712,08:47:24.350,694,73.548,26.58,1011.48,14.746,0.0,0.0,0.0,-0.02,0.08,0.15,-0.02,0.49,1.76,9.63,14.81,10.31,2.81,0,0,0,0.0,0.0,0.0
1787615244.453975,08:47:24.453,695,73.648,26.57,1011.48,14.746,0.0,0.0,0.0,-0.03,0.08,0.17,-0.03,0.49,1.76,9.63,14.81,10.31,2.81,0,0,0,0.0,0.0,0.0
1787615244.555869,08:47:24.555,696,73.748,26.57,1011.48,14.746,0.0,0.0,0.0,-0.06,0.09,0.13,-0.06,0.49,1.76,9.63,14.81,10.31,2.81,0,0,0,0.0,0.0,0.0
1787615244.658534,08:47:24.658,697,73.848,26.57,1011.5,14.58,0.0,0.0,0.0,-0.06,0.08,0.15,-0.06,0.49,1.76,9.63,14.81,10.31,2.81,0,0,0,0.0,0.0,0.0
1787615244.761257,08:47:24.761,698,73.948,26.57,1011.5,14.58,0.0,0.0,0.0,-0.07,0.09,0.13,-0.07,0.49,1.76,9.63,14.81,10.31,2.81,0,0,0,0.0,0.0,0.0
1787615244.863945,08:47:24.863,699,74.048,26.57,1011.46,14.912,0.0,0.0,0.0,-0.05,0.06,0.14,-0.05,0.49,1.76,9.63,14.81,10.31,2.81,0,0,0,0.0,0.0,0.0
1787615244.966134,08:47:24.966,700,74.148,26.57,1011.46,14.912,0.0,0.0,0.0,-0.03,0.07,0.16,-0.03,0.49,1.77,9.63,14.81,10.37,2.81,0,0,0,0.0,0.0,0.0
1787615245.068731,08:47:25.068,701,74.248,26.56,1011.48,14.746,0.0,0.0,0.0,-0.07,0.01,-0.19,-0.07,0.49,1.78,9.63,14.81,10.43,2.87,0,0,0,0.0,0.0,0.0
1787615245.171875,08:47:25.171,702,74.348,26.56,1011.48,14.746,0.0,0.0,0.0,-0.07,0.06,0.17,-0.07,0.49,1.78,9.62,14.81,10.5,2.87,0,0,0,0.0,0.0,0.0
1787615245.272646,08:47:25.272,703,74.448,26.57,1011.46,14.912,0.0,0.0,0.0,-0.18,-0.15,-0.53,-0.18,0.49,1.78,9.62,14.81,10.5,2.87,0,0,0,0.0,0.0,0.0
1787615245.273053,08:47:25.273,704,74.548,26.57,1011.46,14.912,0.0,0.0,0.0,0.0,-0.68,0.33,0.0,0.49,1.8,9.62,14.81,10.62,2.87,0,0,0,0.0,0.0,0.0
1787615245.475781,08:47:25.475,705,74.648,26.56,1011.47,14.831,0.0,0.0,0.0,-0.23,0.17,-0.19,-0.23,0.49,1.81,9.62,14.81,10.62,2.87,0,0,0,0.0,0.0,0.0
1787615245.577294,08:47:25.577,706,74.748,26.56,1011.47,14.831,0.0,0.0,0.0,-0.39,-0.75,0.32,-0.39,0.49,1.8,9.62,14.75,10.62,2.87,0,0,0,0.0,0.0,0.0
1787615245.577725,08:47:25.577,707,74.848,26.57,1011.46,14.912,0.0,0.0,0.0,0.04,-0.29,-0.42,0.04,0.5,1.86,9.61,14.81,11.0,2.87,0,0,0,0.0,0.0,0.0
1787615245.679124,08:47:25.679,708,74.948,26.57,1011.46,14.912,0.0,0.0,0.0,0.34,0.71,-0.46,0.34,0.49,1.83,9.62,14.81,10.75,2.87,0,0,0,0.0,0.0,0.0
1787615245.881063,08:47:25.881,709,75.048,26.57,1011.5,14.58,0.0,0.0,0.0,0.36,0.15,0.34,0.36,0.49,1.81,9.62,14.75,10.62,2.87,0,0,0,0.0,0.0,0.0
1787615245.882280,08:47:25.882,710,75.148,26.57,1011.5,14.58,0.0,0.0,0.0,0.96,0.35,-1.45,0.96,0.49,1.8,9.62,14.75,10.56,2.87,0,0,0,0.0,0.0,0.0
1787615245.983231,08:47:25.983,711,75.248,26.56,1011.49,14.661,0.0,0.0,0.0,0.51,1.75,0.31,0.51,0.49,1.81,9.62,14.75,10.68,2.81,0,0,0,0.0,0.0,0.0
1787615246.085341,08:47:26.085,712,75.348,26.56,1011.49,14.661,0.0,0.0,0.0,0.25,0.56,0.75,0.25,0.49,1.78,9.62,14.81,10.5,2.87,0,0,0,0.0,0.0,0.0
1787615246.186460,08:47:26.186,713,75.448,26.56,1011.45,14.997,0.0,0.0,0.0,0.07,0.96,-0.45,0.07,0.48,1.63,9.65,14.81,9.68,2.81,0,0,0,0.0,0.0,0.0
1787615246.289115,08:47:26.289,714,75.548,26.56,1011.45,14.997,0.0,0.0,0.0,-0.26,1.29,-0.12,-0.26,0.49,1.43,9.68,14.87,8.5,2.81,0,0,0,0.0,0.0,0.0
1787615246.390328,08:47:26.390,715,75.648,26.56,1011.47,14.831,0.0,0.0,0.0,-1.03,0.55,-0.51,-1.03,0.48,1.19,9.72,14.87,7.12,2.81,0,0,0,0.0,0.0,0.0
1787615246.491564,08:47:26.491,716,75.748,26.56,1011.47,14.831,0.0,0.0,0.0,0.03,0.62,-2.37,0.03,0.47,0.87,9.75,14.81,5.18,2.75,0,0,0,0.0,0.0,0.0
1787615246.593616,08:47:26.593,717,75.848,26.56,1011.47,14.831,0.0,0.0,0.0,-0.9,-2.95,-1.99,-0.9,0.48,0.83,9.75,14.68,4.87,2.81,0,0,0,0.0,0.0,0.0
1787615246.695144,08:47:26.695,718,75.948,26.56,1011.47,14.831,0.0,0.0,0.0,-0.51,2.51,1.69,-0.51,0.47,1.02,9.74,14.75,5.93,2.75,0,0,0,0.0,0.0,0.0
1787615246.796580,08:47:26.796,719,76.048,26.56,1011.47,14.831,0.0,0.0,0.0,-0.51,0.72,0.96,-0.51,0.47,1.13,9.72,14.75,6.62,2.75,0,0,0,0.0,0.0,0.0
1787615246.898272,08:47:26.898,720,76.148,26.56,1011.47,14.831,0.0,0.0,0.0,-0.18,-0.67,-1.74,-0.18,0.48,1.17,9.72,14.75,6.87,2.81,0,0,0,0.0,0.0,0.0
1787615247.000406,08:47:27.000,721,76.248,26.55,1011.47,14.831,0.0,0.0,0.0,0.07,-0.54,0.04,0.07,0.47,1.25,9.71,14.81,7.31,2.68,0,0,0,0.0,0.0,0.0
1787615247.101211,08:47:27.101,722,76.348,26.55,1011.47,14.831,0.0,0.0,0.0,1.12,2.42,-0.75,1.12,0.47,1.31,9.7,14.87,7.68,2.75,0,0,0,0.0,0.0,0.0
1787615247.202661,08:47:27.202,723,76.448,26.55,1011.49,14.661,0.0,0.0,0.0,0.14,-0.66,-1.13,0.14,0.47,1.37,9.69,14.81,8.06,2.75,0,0,0,0.0,0.0,0.0
1787615247.304152,08:47:27.304,724,76.548,26.55,1011.49,14.661,0.0,0.0,0.0,-1.15,-0.69,-3.31,-1.15,0.47,1.47,9.68,14.87,8.62,2.75,0,0,0,0.0,0.0,0.0
1787615247.405637,08:47:27.405,725,76.648,26.55,1011.49,14.661,0.0,0.0,0.0,0.43,-0.17,-1.1,0.43,0.47,1.56,9.66,14.81,9.18,2.68,0,0,0,0.0,0.0,0.0
1787615247.506465,08:47:27.506,726,76.748,26.55,1011.49,14.661,0.0,0.0,0.0,0.18,0.55,-0.91,0.18,0.46,1.67,9.65,14.87,9.81,2.68,0,0,0,0.0,0.0,0.0
1787615247.607815,08:47:27.607,727,76.848,26.54,1011.48,14.746,0.0,0.0,0.0,-1.03,-2.39,-4.17,-1.03,0.46,1.75,9.63,14.87,10.25,2.68,0,0,0,0.0,0.0,0.0
1787615247.708965,08:47:27.708,728,76.948,26.54,1011.48,14.746,0.0,0.0,0.0,1.07,-0.92,1.34,1.07,0.46,1.78,9.63,14.87,10.43,2.62,0,0,0,0.0,0.0,0.0
1787615247.810408,08:47:27.810,729,77.048,26.51,1011.43,15.164,0.0,0.0,0.0,0.82,-0.69,-0.65,0.82,0.45,1.81,9.62,14.87,10.68,2.62,0,0,0,0.0,0.0,0.0
1787615247.911956,08:47:27.911,730,77.148,26.51,1011.43,15.164,0.0,0.0,0.0,0.59,2.05,-2.67,0.59,0.45,1.81,9.62,14.87,10.62,2.62,0,0,0,0.0,0.0,0.0
1787615248.013520,08:47:28.013,731,77.248,26.53,1011.45,14.997,0.0,0.0,0.0,0.54,0.16,-0.8,0.54,0.44,1.76,9.63,14.87,10.31,2.62,0,0,0,0.0,0.0,0.0
1787615248.115246,08:47:28.115,732,77.348,26.53,1011.45,14.997,0.0,0.0,0.0,-0.4,-1.24,1.3,-0.4,0.44,1.67,9.65,14.87,9.87,2.56,0,0,0,0.0,0.0,0.0
1787615248.217449,08:47:28.217,733,77.448,26.52,1011.47,14.831,0.0,0.0,0.0,0.06,-1.91,0.6,0.06,0.44,1.59,9.66,14.87,9.37,2.56,0,0,0,0.0,0.0,0.0
1787615248.318821,08:47:28.318,734,77.548,26.52,1011.47,14.831,0.0,0.0,0.0,-0.19,-2.22,-0.72,-0.19,0.44,1.51,9.67,14.93,8.87,2.62,0,0,0,0.0,0.0,0.0
1787615248.420307,08:47:28.420,735,77.648,26.54,1011.47,14.831,0.0,0.0,0.0,1.55,1.5,-3.28,1.55,0.43,1.37,9.7,14.93,8.0,2.5,0,0,0,0.0,0.0,0.0
1787615248.521573,08:47:28.521,736,77.748,26.54,1011.47,14.831,0.0,0.0,0.0,-0.38,2.01,0.24,-0.38,0.45,1.14,9.72,15.0,6.68,2.62,0,0,0,0.0,0.0,0.0
1787615248.623133,08:47:28.623,737,77.848,26.53,1011.48,14.746,0.0,0.0,0.0,-0.78,-0.58,2.1,-0.78,0.43,0.77,9.76,14.87,4.5,2.56,0,0,0,0.0,0.0,0.0
1787615248.724584,08:47:28.724,738,77.948,26.53,1011.48,14.746,0.0,0.0,0.0,-1.25,-3.24,1.74,-1.25,0.43,0.67,9.77,14.56,3.87,2.5,0,0,0,0.0,0.0,0.0
1787615248.826131,08:47:28.826,739,78.048,26.53,1011.48,14.746,0.0,0.0,0.0,0.26,5.94,-2.6,0.26,0.43,0.84,9.76,14.43,4.87,2.5,0,0,0,0.0,0.0,0.0
1787615248.928220,08:47:28.928,740,78.148,26.53,1011.48,14.746,0.0,0.0,0.0,-1.93,2.1,-1.11,-1.93,0.43,0.93,9.75,14.25,5.5,2.56,0,0,0,0.0,0.0,0.0
1787615249.028705,08:47:29.028,741,78.248,26.52,1011.47,14.831,0.0,0.0,0.0,0.63,6.97,0.25,0.63,0.43,0.88,9.75,14.43,5.12,2.5,0,0,0,0.0,0.0,0.0
1787615249.130180,08:47:29.130,742,78.348,26.52,1011.47,14.831,0.0,0.0,0.0,-0.38,0.58,-2.92,-0.38,0.45,0.87,9.75,15.5,5.12,2.62,0,0,0,0.0,0.0,0.0
1787615249.231854,08:47:29.231,743,78.448,26.51,1011.44,15.079,0.0,0.0,0.0,-0.38,-0.85,-0.32,-0.38,0.45,0.95,9.74,17.31,5.56,2.62,0,0,0,0.0,0.0,0.0
1787615249.333317,08:47:29.333,744,78.548,26.51,1011.44,15.079,0.0,0.0,0.0,-0.09,4.38,-0.14,-0.09,0.47,1.11,9.73,19.37,6.37,2.75,0,0,0,0.0,0.0,0.0
1787615249.433952,08:47:29.433,745,78.648,26.51,1011.42,15.245,0.0,0.0,0.0,-0.5,5.72,1.93,-0.5,0.49,1.44,9.68,22.06,8.18,2.81,0,0,0,0.0,0.0,0.0
1787615249.535459,08:47:29.535,746,78.748,26.51,1011.42,15.245,0.0,0.0,0.0,-0.03,6.19,-3.6,-0.03,0.52,1.95,9.59,24.93,11.06,3.0,0,0,0,0.0,0.0,0.0
1787615249.637024,08:47:29.637,747,78.848,26.5,1011.44,15.079,0.0,0.0,0.0,-0.4,3.83,-3.64,-0.4,0.58,2.87,9.35,27.56,16.31,3.31,0,0,0,0.0,0.0,0.0
1787615249.738716,08:47:29.738,748,78.948,26.5,1011.44,15.079,0.0,0.0,0.0,1.85,4.01,0.69,1.85,0.68,3.95,8.94,30.5,23.25,3.81,0,0,0,0.0,0.0,0.0
1787615249.841239,08:47:29.841,749,79.048,26.49,1011.4,15.412,0.0,0.0,0.0,1.7,0.41,-3.23,1.7,0.63,4.52,8.67,34.12,27.31,3.81,0,0,0,0.0,0.0,0.0
1787615249.942335,08:47:29.942,750,79.148,26.49,1011.4,15.412,0.0,0.0,0.0,0.53,5.25,-0.92,0.53,0.59,4.62,8.62,37.68,28.18,3.43,0,0,0,0.0,0.0,0.0
1787615250.043373,08:47:30.043,751,79.248,26.47,1011.36,15.747,0.0,0.0,0.0,0.83,0.25,-2.44,0.83,0.63,4.84,8.5,41.31,29.62,3.68,0,0,0,0.0,0.0,0.0
1787615250.146194,08:47:30.146,752,79.348,26.47,1011.36,15.747,0.0,0.0,0.0,1.47,5.83,-4.59,1.47,0.57,4.93,8.45,45.31,30.25,3.31,0,0,0,0.0,0.0,0.0
1787615250.248912,08:47:30.248,753,79.448,26.46,1011.39,15.496,0.0,0.0,0.0,0.81,-2.47,-0.92,0.81,0.65,4.74,8.55,49.0,29.0,3.75,0,0,0,0.0,0.0,0.0
1787615250.351979,08:47:30.351,754,79.548,26.46,1011.39,15.496,0.0,0.0,0.0,1.38,0.07,-4.01,1.38,0.7,4.65,8.6,53.31,28.37,4.06,0,0,0,0.0,0.0,0.0
1787615250.453453,08:47:30.453,755,79.648,26.44,1011.39,15.496,0.0,0.0,0.0,-0.57,-0.84,-6.7,-0.57,0.79,4.34,8.75,57.56,26.37,4.62,0,0,0,0.0,0.0,0.0
1787615250.554492,08:47:30.554,756,79.748,26.44,1011.39,15.496,0.0,0.0,0.0,0.97,-1.99,-2.35,0.97,0.81,4.17,8.83,62.37,25.25,4.75,0,0,0,0.0,0.0,0.0
1787615250.655946,08:47:30.655,757,79.848,26.43,1011.39,15.496,0.0,0.0,0.0,1.01,-1.82,-6.5,1.01,0.8,3.89,8.96,67.18,23.43,4.68,0,0,0,0.0,0.0,0.0
1787615250.756782,08:47:30.756,758,79.948,26.43,1011.39,15.496,0.0,0.0,0.0,0.31,-0.76,-5.13,0.31,0.82,3.66,9.05,72.18,22.0,4.81,0,0,0,0.0,0.0,0.0
1787615250.859266,08:47:30.859,759,80.048,26.41,1011.42,15.245,0.0,0.0,0.0,0.63,-1.81,-5.06,0.63,0.77,3.73,9.03,77.18,22.37,4.5,0,0,0,0.0,0.0,0.0
1787615250.961588,08:47:30.961,760,80.148,26.41,1011.42,15.245,0.0,0.0,0.0,1.27,-2.4,-8.01,1.27,0.75,3.58,9.09,81.68,21.68,4.37,0,0,0,0.0,0.0,0.0
1787615251.064266,08:47:31.064,761,80.248,26.4,1011.41,15.33,0.0,0.0,0.0,0.4,-0.58,-6.06,0.4,0.8,3.45,9.14,86.81,20.62,4.62,0,0,0,0.0,0.0,0.0
1787615251.166985,08:47:31.166,762,80.348,26.4,1011.41,15.33,0.0,0.0,0.0,1.0,-1.95,-5.61,1.0,0.82,3.58,9.09,90.81,21.43,4.75,0,0,0,0.0,0.0,0.0
1787615251.269674,08:47:31.269,763,80.448,26.38,1011.39,15.496,0.0,0.0,0.0,-0.63,-3.17,-5.4,-0.63,0.84,3.69,9.04,94.68,22.18,4.93,0,0,0,0.0,0.0,0.0
1787615251.271096,08:47:31.271,764,80.548,26.38,1011.39,15.496,0.0,0.0,0.0,0.81,-2.97,-6.53,0.81,0.78,3.4,9.16,97.43,20.62,4.62,0,0,0,0.0,0.0,0.0
1787615258.770114,08:47:38.770,28,6.95,26.33,1011.42,15.245,0.0,0.0,0.0,-0.23,-2.02,2.6,-0.23,0.22,-0.39,9.79,8.0,-2.25,1.25,0,0,0,0.0,0.0,0.0
1787615258.772117,08:47:38.772,30,7.15,26.33,1011.43,15.164,0.0,0.0,0.0,-0.45,-1.77,1.59,-0.45,0.2,-0.52,9.79,5.06,-3.0,1.18,0,0,0,0.0,0.0,0.0
1787615258.780095,08:47:38.780,31,7.25,26.33,1011.43,15.164,0.0,0.0,0.0,-1.09,1.82,-1.1,-1.09,0.17,-0.85,9.76,2.68,-5.0,1.0,0,0,0,0.0,0.0,0.0
1787615258.881623,08:47:38.881,32,7.35,26.33,1011.43,15.164,0.0,0.0,0.0,-0.48,2.46,-0.2,-0.48,0.09,-1.3,9.71,359.87,-7.62,0.5,0,0,0,0.0,0.0,0.0
1787615258.983038,08:47:38.983,33,7.45,26.33,1011.39,15.496,0.0,0.0,0.0,0.6,2.92,1.2,0.6,0.03,-1.65,9.66,356.75,-9.68,0.12,0,0,0,0.0,0.0,0.0
1787615259.084024,08:47:39.084,34,7.55,26.33,1011.39,15.496,0.0,0.0,0.0,0.97,0.95,3.19,0.97,0.01,-1.79,9.64,353.81,-10.56,0.06,0,0,0,0.0,0.0,0.0
1787615259.185434,08:47:39.185,35,7.65,26.34,1011.43,15.164,0.0,0.0,0.0,-0.3,0.23,3.03,-0.3,-0.07,-1.76,9.64,351.31,-10.31,-0.37,0,0,0,0.0,0.0,0.0
1787615259.286968,08:47:39.286,36,7.75,26.34,1011.43,15.164,0.0,0.0,0.0,0.19,-2.51,3.49,0.19,-0.14,-1.55,9.68,349.18,-9.12,-0.81,0,0,0,0.0,0.0,0.0
1787615259.388436,08:47:39.388,37,7.85,26.33,1011.44,15.079,0.0,0.0,0.0,-0.8,0.0,1.29,-0.8,-0.15,-1.32,9.71,347.37,-7.68,-0.87,0,0,0,0.0,0.0,0.0
1787615259.489710,08:47:39.489,38,7.95,26.33,1011.44,15.079,0.0,0.0,0.0,0.75,-0.86,2.12,0.75,-0.23,-1.11,9.74,345.68,-6.5,-1.31,0,0,0,0.0,0.0,0.0
1787615259.591264,08:47:39.591,39,8.05,26.33,1011.42,15.245,0.0,0.0,0.0,-0.87,-0.98,1.55,-0.87,-0.25,-0.89,9.76,344.25,-5.18,-1.43,0,0,0,0.0,0.0,0.0
1787615259.692223,08:47:39.692,40,8.15,26.33,1011.42,15.245,0.0,0.0,0.0,0.1,-0.9,1.95,0.1,-0.28,-0.7,9.77,342.87,-4.06,-1.62,0,0,0,0.0,0.0,0.0
1787615259.792814,08:47:39.792,41,8.25,26.34,1011.43,15.164,0.0,0.0,0.0,-0.64,-0.75,0.94,-0.64,-0.29,-0.58,9.78,341.81,-3.43,-1.68,0,0,0,0.0,0.0,0.0
1787615277.416183,08:47:57.416,106,14.75,26.5,1011.46,14.912,0.0,0.0,0.0,-0.29,0.0,0.0,-0.29,0.7,0.98,9.73,359.93,5.75,4.06,0,0,0,0.0,0.0,0.0
1787615277.417561,08:47:57.417,108,14.95,26.51,1011.48,14.746,0.0,0.0,0.0,-0.25,-0.02,0.0,-0.25,0.7,0.98,9.73,359.93,5.75,4.06,0,0,0,0.0,0.0,0.0
1787615277.418006,08:47:57.418,109,15.05,26.51,1011.51,14.495,0.0,0.0,0.0,-0.27,-0.02,0.0,-0.27,0.7,0.98,9.73,359.93,5.75,4.06,0,0,0,0.0,0.0,0.0
1787615277.519051,08:47:57.519,111,15.25,26.52,1011.5,14.58,0.0,0.0,0.0,-0.27,-0.02,0.0,-0.27,0.7,0.98,9.73,359.93,5.75,4.06,0,0,0,0.0,0.0,0.0
1787615277.519631,08:47:57.519,112,15.35,26.52,1011.5,14.58,0.0,0.0,0.0,-0.28,-0.02,0.0,-0.28,0.7,0.98,9.73,359.93,5.75,4.06,0,0,0,0.0,0.0,0.0
1787615277.519774,08:47:57.519,114,15.55,26.52,1011.49,14.661,0.0,0.0,0.0,-0.27,-0.02,-0.02,-0.27,0.7,0.98,9.73,359.93,5.75,4.06,0,0,0,0.0,0.0,0.0
1787615277.519908,08:47:57.519,115,15.65,26.52,1011.48,14.746,0.0,0.0,0.0,-0.22,-0.03,-0.02,-0.22,0.69,0.98,9.73,359.93,5.75,4.06,0,0,0,0.0,0.0,0.0
1787615277.520040,08:47:57.520,117,15.85,26.52,1011.49,14.661,0.0,0.0,0.0,-0.25,0.0,0.0,-0.25,0.69,0.98,9.73,359.93,5.75,4.06,0,0,0,0.0,0.0,0.0
1787615277.523241,08:47:57.523,119,16.05,26.53,1011.48,14.746,0.0,0.0,0.0,-0.29,0.0,-0.03,-0.29,0.69,0.98,9.73,359.93,5.75,4.06,0,0,0,0.0,0.0,0.0
1787615277.523399,08:47:57.523,120,16.15,26.53,1011.48,14.746,0.0,0.0,0.0,-0.23,0.0,0.0,-0.23,0.69,0.98,9.73,359.93,5.75,4.06,0,0,0,0.0,0.0,0.0
1787615277.523533,08:47:57.523,122,16.35,26.52,1011.47,14.831,0.0,0.0,0.0,-0.22,-0.02,-0.11,-0.22,0.69,0.98,9.73,359.93,5.75,4.06,0,0,0,0.0,0.0,0.0
1787615277.523662,08:47:57.523,123,16.45,26.52,1011.46,14.912,0.0,0.0,0.0,-0.28,0.0,-0.05,-0.28,0.69,0.98,9.73,0.0,5.75,4.06,0,0,0,0.0,0.0,0.0
1787615277.523791,08:47:57.523,125,16.65,26.53,1011.48,14.746,0.0,0.0,0.0,-0.28,0.0,-0.03,-0.28,0.69,0.98,9.73,359.93,5.75,4.06,0,0,0,0.0,0.0,0.0
1787615277.523920,08:47:57.523,126,16.75,26.53,1011.48,14.746,0.0,0.0,0.0,-0.26,0.0,-0.02,-0.26,0.69,0.98,9.73,359.93,5.75,4.06,0,0,0,0.0,0.0,0.0
1787615277.524046,08:47:57.524,128,16.95,26.54,1011.47,14.831,0.0,0.0,0.0,-0.26,0.0,0.0,-0.26,0.69,0.98,9.73,359.93,5.75,4.06,0,0,0,0.0,0.0,0.0
1787615277.524172,08:47:57.524,129,17.05,26.54,1011.46,14.912,0.0,0.0,0.0,-0.29,0.06,-0.04,-0.29,0.69,0.98,9.73,359.93,5.75,4.06,0,0,0,0.0,0.0,0.0
1787615277.524301,08:47:57.524,131,17.25,26.55,1011.48,14.746,0.0,0.0,0.0,-0.28,0.0,-0.04,-0.28,0.69,0.98,9.73,359.93,5.75,4.06,0,0,0,0.0,0.0,0.0
1787615277.524426,08:47:57.524,132,17.35,26.55,1011.48,14.746,0.0,0.0,0.0,-0.27,0.0,-0.02,-0.27,0.69,0.98,9.73,359.93,5.75,4.06,0,0,0,0.0,0.0,0.0
1787615277.524551,08:47:57.524,134,17.55,26.53,1011.45,14.997,0.0,0.0,0.0,-0.28,0.01,0.01,-0.28,0.69,0.98,9.73,359.93,5.75,4.06,0,0,0,0.0,0.0,0.0
1787615277.524678,08:47:57.524,135,17.65,26.56,1011.48,14.746,0.0,0.0,0.0,-0.23,0.0,0.0,-0.23,0.69,0.98,9.73,359.93,5.75,4.06,0,0,0,0.0,0.0,0.0
1787615277.628172,08:47:57.628,136,17.75,26.56,1011.48,14.746,0.0,0.0,0.0,-0.23,0.0,0.01,-0.23,0.69,0.98,9.73,359.93,5.75,4.06,0,0,0,0.0,0.0,0.0
1787615277.729581,08:47:57.729,137,17.85,26.56,1011.48,14.746,0.0,0.0,0.0,-0.29,0.02,0.01,-0.29,0.69,0.98,9.73,359.93,5.75,4.06,0,0,0,0.0,0.0,0.0
1787615277.831256,08:47:57.831,138,17.95,26.56,1011.48,14.746,0.0,0.0,0.0,-0.24,0.0,0.0,-0.24,0.69,0.98,9.73,359.93,5.75,4.06,0,0,0,0.0,0.0,0.0
1787615277.933970,08:47:57.933,139,18.05,26.56,1011.45,14.997,0.0,0.0,0.0,-0.25,0.01,0.0,-0.25,0.69,0.98,9.73,359.93,5.75,4.06,0,0,0,0.0,0.0,0.0
1787615278.036805,08:47:58.036,140,18.15,26.56,1011.45,14.997,0.0,0.0,0.0,-0.31,0.0,0.0,-0.31,0.69,0.98,9.73,359.93,5.75,4.06,0,0,0,0.0,0.0,0.0
1787615278.140105,08:47:58.140,141,18.25,26.58,1011.49,14.661,0.0,0.0,0.0,-0.27,0.0,0.0,-0.27,0.69,0.98,9.73,359.93,5.75,4.06,0,0,0,0.0,0.0,0.0
1787615278.242588,08:47:58.242,142,18.35,26.58,1011.49,14.661,0.0,0.0,0.0,-0.34,0.0,-0.04,-0.34,0.69,0.98,9.73,359.93,5.75,4.06,0,0,0,0.0,0.0,0.0
1787615278.345239,08:47:58.345,143,18.45,26.57,1011.47,14.831,0.0,0.0,0.0,-0.26,0.0,0.0,-0.26,0.69,0.98,9.73,359.93,5.75,4.06,0,0,0,0.0,0.0,0.0
1787615278.446641,08:47:58.446,144,18.55,26.57,1011.47,14.831,0.0,0.0,0.0,-0.28,0.01,0.0,-0.28,0.69,0.98,9.73,359.93,5.75,4.06,0,0,0,0.0,0.0,0.0
1787615278.547580,08:47:58.547,145,18.65,26.57,1011.49,14.661,0.0,0.0,0.0,-0.28,0.0,-0.03,-0.28,0.69,0.98,9.73,359.93,5.75,4.06,0,0,0,0.0,0.0,0.0
1787615278.649602,08:47:58.649,146,18.75,26.57,1011.49,14.661,0.0,0.0,0.0,-0.27,0.0,0.0,-0.27,0.69,0.98,9.73,359.93,5.75,4.06,0,0,0,0.0,0.0,0.0
1787615278.750426,08:47:58.750,147,18.85,26.57,1011.47,14.831,0.0,0.0,0.0,-0.26,0.0,0.0,-0.26,0.69,0.98,9.73,359.93,5.75,4.06,0,0,0,0.0,0.0,0.0
1787615278.851797,08:47:58.851,148,18.95,26.57,1011.47,14.831,0.0,0.0,0.0,-0.27,0.0,0.0,-0.27,0.69,0.98,9.73,359.93,5.75,4.06,0,0,0,0.0,0.0,0.0
1787615278.953985,08:47:58.953,149,19.05,26.57,1011.47,14.831,0.0,0.0,0.0,-0.26,0.0,-0.02,-0.26,0.69,0.98,9.73,359.93,5.75,4.06,0,0,0,0.0,0.0,0.0
1787615279.056342,08:47:59.056,150,19.15,26.57,1011.47,14.831,0.0,0.0,0.0,-0.31,0.0,-0.04,-0.31,0.69,0.98,9.73,359.93,5.75,4.06,0,0,0,0.0,0.0,0.0
1787615279.172199,08:47:59.172,151,19.25,26.57,1011.43,15.164,0.0,0.0,0.0,-0.28,-0.02,-0.03,-0.28,0.69,0.98,9.73,359.93,5.75,4.06,0,0,0,0.0,0.0,0.0
1787615279.273717,08:47:59.273,152,19.35,26.57,1011.43,15.164,0.0,0.0,0.0,-0.25,0.0,0.0,-0.25,0.69,0.98,9.73,359.93,5.75,4.06,0,0,0,0.0,0.0,0.0
1787615279.375224,08:47:59.375,153,19.45,26.58,1011.41,15.33,0.0,0.0,0.0,-0.25,0.01,-0.03,-0.25,0.69,0.98,9.73,359.93,5.75,4.06,0,0,0,0.0,0.0,0.0
1787615279.476796,08:47:59.476,154,19.55,26.58,1011.41,15.33,0.0,0.0,0.0,-0.28,0.0,0.0,-0.28,0.69,0.98,9.73,359.93,5.75,4.06,0,0,0,0.0,0.0,0.0
1787615279.578439,08:47:59.578,155,19.65,26.59,1011.44,15.079,0.0,0.0,0.0,-0.29,0.0,-0.03,-0.29,0.69,0.98,9.73,359.93,5.75,4.06,0,0,0,0.0,0.0,0.0
1787615279.680057,08:47:59.680,156,19.75,26.59,1011.44,15.079,0.0,0.0,0.0,-0.27,0.0,-0.03,-0.27,0.69,0.98,9.73,359.93,5.75,4.06,0,0,0,0.0,0.0,0.0
1787615279.781782,08:47:59.781,157,19.85,26.59,1011.42,15.245,0.0,0.0,0.0,-0.25,0.0,0.07,-0.25,0.69,0.98,9.73,359.93,5.75,4.06,0,0,0,0.0,0.0,0.0
1787615279.883733,08:47:59.883,158,19.95,26.59,1011.42,15.245,0.0,0.0,0.0,-0.27,0.0,0.07,-0.27,0.69,0.98,9.73,359.93,5.75,4.06,0,0,0,0.0,0.0,0.0
1787615279.985378,08:47:59.985,159,20.05,26.59,1011.45,14.997,0.0,0.0,0.0,-0.26,0.0,-0.02,-0.26,0.69,0.98,9.73,359.93,5.75,4.06,0,0,0,0.0,0.0,0.0
1787615280.088030,08:48:00.088,160,20.15,26.59,1011.45,14.997,0.0,0.0,0.0,-0.28,0.0,0.0,-0.28,0.69,0.98,9.73,359.93,5.75,4.06,0,0,0,0.0,0.0,0.0
1787615280.189721,08:48:00.189,161,20.25,26.59,1011.42,15.245,0.0,0.0,0.0,-0.26,0.02,0.0,-0.26,0.69,0.98,9.73,359.93,5.75,4.06,0,0,0,0.0,0.0,0.0
1787615280.290637,08:48:00.290,162,20.35,26.59,1011.42,15.245,0.0,0.0,0.0,-0.23,0.0,0.0,-0.23,0.69,0.98,9.73,359.93,5.75,4.06,0,0,0,0.0,0.0,0.0
1787615280.392914,08:48:00.392,163,20.45,26.6,1011.43,15.164,0.0,0.0,0.0,-0.24,0.0,0.0,-0.24,0.69,0.98,9.73,359.93,5.75,4.06,0,0,0,0.0,0.0,0.0
1787615280.495734,08:48:00.495,164,20.55,26.6,1011.43,15.164,0.0,0.0,0.0,-0.27,0.01,-0.02,-0.27,0.69,0.98,9.73,359.93,5.75,4.06,0,0,0,0.0,0.0,0.0
1787615280.598212,08:48:00.598,165,20.65,26.61,1011.47,14.831,0.0,0.0,0.0,-0.25,0.01,0.0,-0.25,0.69,0.98,9.73,359.93,5.75,4.06,0,0,0,0.0,0.0,0.0
1787615280.699873,08:48:00.699,166,20.75,26.61,1011.47,14.831,0.0,0.0,0.0,-0.27,0.0,0.0,-0.27,0.69,0.98,9.73,359.93,5.75,4.06,0,0,0,0.0,0.0,0.0
1787615280.801502,08:48:00.801,167,20.85,26.61,1011.45,14.997,0.0,0.0,0.0,-0.28,0.0,0.0,-0.28,0.69,0.98,9.73,359.93,5.75,4.06,0,0,0,0.0,0.0,0.0
1787615280.903802,08:48:00.903,168,20.95,26.61,1011.45,14.997,0.0,0.0,0.0,-0.24,0.0,-0.02,-0.24,0.69,0.98,9.73,359.93,5.75,4.06,0,0,0,0.0,0.0,0.0
1787615281.005858,08:48:01.005,169,21.05,26.61,1011.44,15.079,0.0,0.0,0.0,-0.26,0.0,-0.02,-0.26,0.69,0.98,9.73,359.93,5.75,4.06,0,0,0,0.0,0.0,0.0
1787615281.107765,08:48:01.107,170,21.15,26.61,1011.44,15.079,0.0,0.0,0.0,-0.26,0.0,-0.02,-0.26,0.69,0.98,9.73,359.93,5.75,4.06,0,0,0,0.0,0.0,0.0
1787615281.109149,08:48:01.109,171,21.25,26.59,1011.38,15.581,0.0,0.0,0.0,-0.26,0.0,-0.02,-0.26,0.69,0.98,9.73,359.93,5.75,4.06,0,0,0,0.0,0.0,0.0
1787615281.211811,08:48:01.211,172,21.35,26.59,1011.38,15.581,0.0,0.0,0.0,-0.26,0.0,-0.02,-0.26,0.69,0.98,9.73,359.93,5.75,4.06,0,0,0,0.0,0.0,0.0
1787615281.314333,08:48:01.314,173,21.45,26.62,1011.4,15.412,0.0,0.0,0.0,-0.27,0.0,0.0,-0.27,0.69,0.98,9.73,359.93,5.75,4.06,0,0,0,0.0,0.0,0.0
1787615281.517225,08:48:01.517,174,21.55,26.62,1011.4,15.412,0.0,0.0,0.0,-0.25,0.0,0.0,-0.25,0.69,0.98,9.73,359.93,5.75,4.06,0,0,0,0.0,0.0,0.0
1787615281.625232,08:48:01.625,175,21.65,26.62,1011.44,15.079,0.0,0.0,0.0,-0.27,0.02,-0.03,-0.27,0.69,0.98,9.73,359.93,5.75,4.06,0,0,0,0.0,0.0,0.0
1787615281.634592,08:48:01.634,176,21.75,26.62,1011.44,15.079,0.0,0.0,0.0,-0.26,0.0,0.0,-0.26,0.69,0.98,9.73,359.93,5.75,4.06,0,0,0,0.0,0.0,0.0
1787615281.735947,08:48:01.735,177,21.85,26.63,1011.41,15.33,0.0,0.0,0.0,-0.23,0.0,-0.02,-0.23,0.69,0.98,9.73,359.93,5.75,4.06,0,0,0,0.0,0.0,0.0
1787615281.836640,08:48:01.836,178,21.95,26.63,1011.41,15.33,0.0,0.0,0.0,-0.25,0.01,0.0,-0.25,0.69,0.98,9.73,359.93,5.75,4.06,0,0,0,0.0,0.0,0.0
1787615281.938202,08:48:01.938,179,22.05,26.64,1011.46,14.912,0.0,0.0,0.0,-0.24,0.0,0.0,-0.24,0.69,0.98,9.73,359.93,5.75,4.06,0,0,0,0.0,0.0,0.0
1787615282.039954,08:48:02.039,180,22.15,26.64,1011.46,14.912,0.0,0.0,0.0,-0.27,0.0,0.0,-0.27,0.69,0.98,9.73,359.93,5.75,4.06,0,0,0,0.0,0.0,0.0
1787615282.141681,08:48:02.141,181,22.25,26.62,1011.43,15.164,0.0,0.0,0.0,-0.24,0.01,-0.02,-0.24,0.69,0.98,9.73,359.93,5.75,4.06,0,0,0,0.0,0.0,0.0
1787615282.243512,08:48:02.243,182,22.35,26.62,1011.43,15.164,0.0,0.0,0.0,-0.26,0.01,0.0,-0.26,0.69,0.98,9.73,359.93,5.75,4.06,0,0,0,0.0,0.0,0.0
1787615282.345175,08:48:02.345,183,22.45,26.64,1011.43,15.164,0.0,0.0,0.0,-0.28,0.01,-0.02,-0.28,0.69,0.98,9.73,359.93,5.75,4.06,0,0,0,0.0,0.0,0.0
1787615282.446694,08:48:02.446,184,22.55,26.64,1011.43,15.164,0.0,0.0,0.0,-0.25,0.0,-0.02,-0.25,0.69,0.98,9.73,359.93,5.75,4.06,0,0,0,0.0,0.0,0.0
1787615282.548398,08:48:02.548,185,22.65,26.65,1011.41,15.33,0.0,0.0,0.0,-0.26,0.0,0.0,-0.26,0.69,0.98,9.73,359.93,5.75,4.06,0,0,0,0.0,0.0,0.0
1787615282.661870,08:48:02.661,186,22.75,26.65,1011.41,15.33,0.0,0.0,0.0,-0.25,0.0,0.0,-0.25,0.69,0.98,9.73,359.93,5.75,4.06,0,0,0,0.0,0.0,0.0
1787615282.763415,08:48:02.763,187,22.85,26.64,1011.41,15.33,0.0,0.0,0.0,-0.25,0.01,0.0,-0.25,0.69,0.98,9.73,359.93,5.75,4.06,0,0,0,0.0,0.0,0.0
1787615282.864855,08:48:02.864,188,22.95,26.64,1011.41,15.33,0.0,0.0,0.0,-0.25,0.0,0.0,-0.25,0.69,0.98,9.73,359.93,5.75,4.06,0,0,0,0.0,0.0,0.0
1787615282.967399,08:48:02.967,189,23.05,26.65,1011.42,15.245,0.0,0.0,0.0,-0.27,0.0,0.0,-0.27,0.69,0.98,9.73,359.93,5.75,4.06,0,0,0,0.0,0.0,0.0
1787615283.069354,08:48:03.069,190,23.15,26.65,1011.42,15.245,0.0,0.0,0.0,-0.28,0.01,0.0,-0.28,0.69,0.98,9.73,359.93,5.75,4.06,0,0,0,0.0,0.0,0.0
1787615283.171728,08:48:03.171,191,23.25,26.65,1011.43,15.164,0.0,0.0,0.0,-0.28,0.0,-0.02,-0.28,0.69,0.98,9.73,359.93,5.75,4.06,0,0,0,0.0,0.0,0.0
1787615283.274326,08:48:03.274,192,23.35,26.65,1011.43,15.164,0.0,0.0,0.0,-0.25,0.0,-0.02,-0.25,0.69,0.98,9.73,359.93,5.75,4.06,0,0,0,0.0,0.0,0.0
1787615283.376188,08:48:03.376,193,23.45,26.65,1011.41,15.33,0.0,0.0,0.0,-0.26,0.0,0.0,-0.26,0.69,0.98,9.73,359.93,5.75,4.06,0,0,0,0.0,0.0,0.0
1787615283.478878,08:48:03.478,194,23.55,26.65,1011.41,15.33,0.0,0.0,0.0,-0.27,0.0,0.0,-0.27,0.69,0.98,9.73,359.93,5.75,4.06,0,0,0,0.0,0.0,0.0
1787615283.580660,08:48:03.580,195,23.65,26.65,1011.41,15.33,0.0,0.0,0.0,-0.26,0.01,0.0,-0.26,0.69,0.98,9.73,359.93,5.75,4.06,0,0,0,0.0,0.0,0.0
1787615283.682755,08:48:03.682,196,23.75,26.65,1011.41,15.33,0.0,0.0,0.0,-0.27,0.01,0.0,-0.27,0.69,0.98,9.73,359.93,5.75,4.06,0,0,0,0.0,0.0,0.0
1787615283.784374,08:48:03.784,197,23.85,26.66,1011.41,15.33,0.0,0.0,0.0,-0.27,0.0,-0.02,-0.27,0.69,0.98,9.73,359.93,5.75,4.06,0,0,0,0.0,0.0,0.0
1787615283.885816,08:48:03.885,198,23.95,26.66,1011.41,15.33,0.0,0.0,0.0,-0.26,0.0,0.0,-0.26,0.69,0.98,9.73,359.93,5.75,4.06,0,0,0,0.0,0.0,0.0
1787615283.987435,08:48:03.987,199,24.05,26.66,1011.43,15.164,0.0,0.0,0.0,-0.28,0.0,0.0,-0.28,0.69,0.98,9.73,359.93,5.75,4.06,0,0,0,0.0,0.0,0.0
1787615284.088531,08:48:04.088,200,24.15,26.66,1011.43,15.164,0.0,0.0,0.0,-0.35,-0.04,0.1,-0.35,0.69,0.98,9.73,359.93,5.75,4.06,0,0,0,0.0,0.0,0.0
1787615284.191145,08:48:04.191,201,24.25,26.66,1011.44,15.079,0.0,0.0,0.0,-0.25,0.0,-0.02,-0.25,0.69,0.98,9.73,359.93,5.75,4.06,0,0,0,0.0,0.0,0.0
1787615284.292071,08:48:04.292,202,24.35,26.66,1011.44,15.079,0.0,0.0,0.0,-0.25,0.0,0.0,-0.25,0.69,0.98,9.73,359.93,5.75,4.06,0,0,0,0.0,0.0,0.0
1787615284.393542,08:48:04.393,203,24.45,26.67,1011.44,15.079,0.0,0.0,0.0,-0.24,0.01,-0.02,-0.24,0.69,0.98,9.73,359.93,5.75,4.06,0,0,0,0.0,0.0,0.0
1787615284.495249,08:48:04.495,204,24.55,26.67,1011.44,15.079,0.0,0.0,0.0,-0.26,0.01,-0.02,-0.26,0.69,0.98,9.73,359.93,5.75,4.06,0,0,0,0.0,0.0,0.0
1787615284.596848,08:48:04.596,205,24.65,26.67,1011.4,15.412,0.0,0.0,0.0,-0.25,0.0,-0.02,-0.25,0.69,0.98,9.73,359.93,5.75,4.06,0,0,0,0.0,0.0,0.0
1787615284.699107,08:48:04.699,206,24.75,26.67,1011.4,15.412,0.0,0.0,0.0,-0.27,0.0,0.0,-0.27,0.69,0.98,9.73,359.93,5.75,4.06,0,0,0,0.0,0.0,0.0
1787615284.800360,08:48:04.800,207,24.85,26.67,1011.39,15.496,0.0,0.0,0.0,-0.27,0.04,-0.03,-0.27,0.69,0.98,9.73,359.93,5.75,4.06,0,0,0,0.0,0.0,0.0
1787615284.900888,08:48:04.900,208,24.95,26.67,1011.39,15.496,0.0,0.0,0.0,-0.28,0.04,0.04,-0.28,0.69,0.98,9.73,359.93,5.75,4.06,0,0,0,0.0,0.0,0.0
1787615284.901090,08:48:04.901,209,25.05,26.68,1011.41,15.33,0.0,0.0,0.0,-0.26,0.0,0.0,-0.26,0.69,0.98,9.73,359.93,5.75,4.06,0,0,0,0.0,0.0,0.0
1787615285.102196,08:48:05.102,210,25.15,26.68,1011.41,15.33,0.0,0.0,0.0,-0.26,0.01,0.01,-0.26,0.69,0.98,9.73,359.93,5.75,4.06,0,0,0,0.0,0.0,0.0
1787615285.204997,08:48:05.204,211,25.25,26.67,1011.41,15.33,0.0,0.0,0.0,-0.27,0.0,0.0,-0.27,0.69,0.98,9.73,359.93,5.75,4.06,0,0,0,0.0,0.0,0.0
1787615285.206393,08:48:05.206,212,25.35,26.67,1011.41,15.33,0.0,0.0,0.0,-0.25,0.02,0.0,-0.25,0.69,0.98,9.73,359.93,5.75,4.06,0,0,0,0.0,0.0,0.0
1787615285.308053,08:48:05.308,213,25.45,26.68,1011.41,15.33,0.0,0.0,0.0,-0.28,0.0,0.0,-0.28,0.69,0.98,9.73,359.93,5.75,4.06,0,0,0,0.0,0.0,0.0
1787615285.512443,08:48:05.512,214,25.55,26.68,1011.41,15.33,0.0,0.0,0.0,-0.28,0.0,0.0,-0.28,0.69,0.98,9.73,359.93,5.75,4.06,0,0,0,0.0,0.0,0.0
1787615285.513342,08:48:05.513,215,25.65,26.69,1011.42,15.245,0.0,0.0,0.0,-0.29,0.03,0.0,-0.29,0.69,0.98,9.73,359.93,5.75,4.06,0,0,0,0.0,0.0,0.0
1787615285.631005,08:48:05.631,216,25.75,26.69,1011.42,15.245,0.0,0.0,0.0,-0.3,0.01,0.0,-0.3,0.69,0.98,9.73,359.93,5.75,4.06,0,0,0,0.0,0.0,0.0
1787615285.732643,08:48:05.732,217,25.85,26.68,1011.41,15.33,0.0,0.0,0.0,-0.35,0.0,-0.1,-0.35,0.69,0.96,9.73,0.0,5.62,4.06,0,0,0,0.0,0.0,0.0
1787615285.834092,08:48:05.834,218,25.95,26.68,1011.41,15.33,0.0,0.0,0.0,-0.19,0.01,-0.1,-0.19,0.69,1.0,9.73,359.93,5.81,4.06,0,0,0,0.0,0.0,0.0
1787615285.935607,08:48:05.935,219,26.05,26.7,1011.46,14.912,0.0,0.0,0.0,-0.24,0.06,0.02,-0.24,0.69,1.03,9.72,359.93,6.06,4.06,0,0,0,0.0,0.0,0.0
1787615286.036658,08:48:06.036,220,26.15,26.7,1011.46,14.912,0.0,0.0,0.0,-0.37,0.02,0.02,-0.37,0.69,1.02,9.72,359.93,6.0,4.06,0,0,0,0.0,0.0,0.0
1787615286.138305,08:48:06.138,221,26.25,26.7,1011.44,15.079,0.0,0.0,0.0,-0.14,0.0,-0.03,-0.14,0.69,0.98,9.73,359.93,5.75,4.06,0,0,0,0.0,0.0,0.0
1787615286.240876,08:48:06.240,222,26.35,26.7,1011.44,15.079,0.0,0.0,0.0,-0.42,0.03,0.0,-0.42,0.69,0.97,9.73,0.0,5.68,4.06,0,0,0,0.0,0.0,0.0
1787615286.342124,08:48:06.342,223,26.45,26.68,1011.41,15.33,0.0,0.0,0.0,-0.19,-0.02,-0.05,-0.19,0.69,0.99,9.73,359.93,5.75,4.06,0,0,0,0.0,0.0,0.0
1787615286.443190,08:48:06.443,224,26.55,26.68,1011.41,15.33,0.0,0.0,0.0,-0.2,-0.13,0.55,-0.2,0.69,0.99,9.73,359.93,5.81,4.0,0,0,0,0.0,0.0,0.0
1787615286.544758,08:48:06.544,225,26.65,26.7,1011.42,15.245,0.0,0.0,0.0,-0.65,0.03,-0.27,-0.65,0.69,0.8,9.74,359.81,4.68,4.0,0,0,0,0.0,0.0,0.0
1787615286.646294,08:48:06.646,226,26.75,26.7,1011.42,15.245,0.0,0.0,0.0,-1.08,0.11,-0.29,-1.08,0.7,0.69,9.75,359.87,4.06,4.12,0,0,0,0.0,0.0,0.0
1787615286.747802,08:48:06.747,227,26.85,26.71,1011.46,14.912,0.0,0.0,0.0,0.34,0.11,0.22,0.34,0.71,0.98,9.73,359.93,5.75,4.12,0,0,0,0.0,0.0,0.0
1787615286.849256,08:48:06.849,228,26.95,26.71,1011.46,14.912,0.0,0.0,0.0,0.6,-0.09,0.06,0.6,0.7,0.92,9.73,359.81,5.37,4.06,0,0,0,0.0,0.0,0.0
1787615286.950389,08:48:06.950,229,27.05,26.7,1011.41,15.33,0.0,0.0,0.0,-0.7,0.07,0.9,-0.7,0.71,0.68,9.75,0.0,3.93,4.12,0,0,0,0.0,0.0,0.0
1787615287.051111,08:48:07.051,230,27.15,26.7,1011.41,15.33,0.0,0.0,0.0,-0.25,-0.16,-1.11,-0.25,0.75,0.77,9.74,359.93,4.5,4.37,0,0,0,0.0,0.0,0.0
1787615287.152609,08:48:07.152,231,27.25,26.7,1011.4,15.412,0.0,0.0,0.0,0.49,0.04,1.55,0.49,0.84,1.39,9.67,0.06,8.12,4.93,0,0,0,0.0,0.0,0.0
1787615287.254133,08:48:07.254,232,27.35,26.7,1011.4,15.412,0.0,0.0,0.0,-2.04,-0.28,-0.38,-2.04,0.96,2.03,9.54,359.62,12.0,5.62,0,0,0,0.0,0.0,0.0
1787615287.355689,08:48:07.355,233,27.45,26.7,1011.4,15.412,0.0,0.0,0.0,-0.77,0.12,3.41,-0.77,0.8,2.47,9.45,0.12,14.62,4.68,0,0,0,0.0,0.0,0.0
1787615287.457087,08:48:07.457,234,27.55,26.7,1011.4,15.412,0.0,0.0,0.0,-1.13,-0.15,0.0,-1.13,0.66,2.77,9.38,0.37,16.25,3.87,0,0,0,0.0,0.0,0.0
1787615287.558721,08:48:07.558,235,27.65,26.71,1011.44,15.079,0.0,0.0,0.0,-0.4,-0.58,1.37,-0.4,0.56,3.14,9.27,359.75,18.56,3.37,0,0,0,0.0,0.0,0.0
1787615287.660164,08:48:07.660,236,27.75,26.71,1011.44,15.079,0.0,0.0,0.0,0.56,-0.51,1.32,0.56,0.49,3.25,9.23,357.06,19.37,2.87,0,0,0,0.0,0.0,0.0
1787615287.761641,08:48:07.761,237,27.85,26.71,1011.42,15.245,0.0,0.0,0.0,-0.46,-0.42,1.09,-0.46,0.42,3.19,9.26,352.18,19.0,2.5,0,0,0,0.0,0.0,0.0
1787615287.862316,08:48:07.862,238,27.95,26.71,1011.42,15.245,0.0,0.0,0.0,-0.13,-0.72,1.41,-0.13,0.32,3.31,9.22,345.31,19.62,1.93,0,0,0,0.0,0.0,0.0
1787615287.963883,08:48:07.963,239,28.05,26.72,1011.41,15.33,0.0,0.0,0.0,-0.29,-1.45,0.71,-0.29,0.28,3.43,9.18,336.68,20.37,1.62,0,0,0,0.0,0.0,0.0
1787615288.066108,08:48:08.066,240,28.15,26.72,1011.41,15.33,0.0,0.0,0.0,0.69,-0.22,0.6,0.69,0.22,3.46,9.17,327.06,20.68,1.25,0,0,0,0.0,0.0,0.0
1787615288.168312,08:48:08.168,241,28.25,26.71,1011.42,15.245,0.0,0.0,0.0,-1.1,-0.35,0.58,-1.1,0.24,3.35,9.21,316.75,20.0,1.37,0,0,0,0.0,0.0,0.0
1787615288.270055,08:48:08.270,242,28.35,26.71,1011.42,15.245,0.0,0.0,0.0,-0.85,-1.1,-0.75,-0.85,0.24,3.28,9.23,305.56,19.5,1.37,0,0,0,0.0,0.0,0.0
1787615288.371427,08:48:08.371,243,28.45,26.71,1011.38,15.581,0.0,0.0,0.0,0.64,-1.55,0.13,0.64,0.27,3.21,9.26,293.5,19.12,1.56,0,0,0,0.0,0.0,0.0
1787615288.472497,08:48:08.472,244,28.55,26.71,1011.38,15.581,0.0,0.0,0.0,0.94,-2.39,-0.17,0.94,0.31,2.87,9.36,281.43,17.06,1.81,0,0,0,0.0,0.0,0.0
1787615288.573985,08:48:08.573,245,28.65,26.73,1011.42,15.245,0.0,0.0,0.0,0.11,-1.51,-1.26,0.11,0.37,2.36,9.5,270.68,13.93,2.12,0,0,0,0.0,0.0,0.0
1787615288.675576,08:48:08.675,246,28.75,26.73,1011.42,15.245,0.0,0.0,0.0,-0.89,-0.02,-1.82,-0.89,0.46,2.02,9.58,261.81,11.87,2.68,0,0,0,0.0,0.0,0.0
1787615288.778293,08:48:08.778,247,28.85,26.74,1011.42,15.245,0.0,0.0,0.0,-0.19,-0.58,-1.52,-0.19,0.5,1.92,9.6,255.25,11.31,2.93,0,0,0,0.0,0.0,0.0
1787615288.879072,08:48:08.879,248,28.95,26.74,1011.42,15.245,0.0,0.0,0.0,0.03,-0.92,-2.3,0.03,0.55,1.79,9.62,251.43,10.5,3.18,0,0,0,0.0,0.0,0.0
1787615288.980693,08:48:08.980,249,29.05,26.72,1011.4,15.412,0.0,0.0,0.0,0.3,-0.77,-2.66,0.3,0.65,1.52,9.66,250.25,9.12,3.75,0,0,0,0.0,0.0,0.0
1787615289.082286,08:48:09.082,250,29.15,26.72,1011.4,15.412,0.0,0.0,0.0,-1.94,0.25,-1.21,-1.94,0.84,1.21,9.69,249.68,7.18,4.75,0,0,0,0.0,0.0,0.0
1787615289.183670,08:48:09.183,251,29.25,26.74,1011.44,15.079,0.0,0.0,0.0,-4.64,2.62,1.0,-4.64,0.78,1.16,9.7,250.12,6.68,4.68,0,0,0,0.0,0.0,0.0
1787615289.285267,08:48:09.285,252,29.35,26.74,1011.44,15.079,0.0,0.0,0.0,1.18,-0.51,-2.08,1.18,0.63,1.39,9.68,249.87,7.81,3.62,0,0,0,0.0,0.0,0.0
1787615289.386906,08:48:09.386,253,29.45,26.74,1011.45,14.997,0.0,0.0,0.0,-0.56,0.14,-0.28,-0.56,0.68,1.83,9.6,250.06,10.81,3.93,0,0,0,0.0,0.0,0.0
1787615289.488490,08:48:09.488,254,29.55,26.74,1011.45,14.997,0.0,0.0,0.0,-0.87,-0.04,-0.43,-0.87,0.67,2.22,9.52,250.06,13.06,3.93,0,0,0,0.0,0.0,0.0
1787615289.590089,08:48:09.590,255,29.65,26.73,1011.41,15.33,0.0,0.0,0.0,1.31,-0.02,-0.25,1.31,0.64,2.39,9.48,250.0,14.12,3.75,0,0,0,0.0,0.0,0.0
1787615289.691636,08:48:09.691,256,29.75,26.73,1011.41,15.33,0.0,0.0,0.0,-0.89,0.09,-0.39,-0.89,0.67,2.31,9.5,250.0,13.68,3.93,0,0,0,0.0,0.0,0.0
1787615289.793151,08:48:09.793,257,29.85,26.73,1011.43,15.164,0.0,0.0,0.0,-0.23,0.07,-0.69,-0.23,0.65,2.19,9.53,250.0,12.93,3.81,0,0,0,0.0,0.0,0.0
1787615289.894714,08:48:09.894,258,29.95,26.73,1011.43,15.164,0.0,0.0,0.0,0.14,0.04,-0.55,0.14,0.65,2.08,9.55,250.0,12.25,3.81,0,0,0,0.0,0.0,0.0
1787615289.996589,08:48:09.996,259,30.05,26.74,1011.41,15.33,0.0,0.0,0.0,-0.52,0.1,-0.52,-0.52,0.66,2.02,9.57,250.0,11.93,3.87,0,0,0,0.0,0.0,0.0
1787615290.098085,08:48:10.098,260,30.15,26.74,1011.41,15.33,0.0,0.0,0.0,-0.19,0.01,-0.61,-0.19,0.66,2.0,9.57,250.0,11.81,3.81,0,0,0,0.0,0.0,0.0
1787615290.199610,08:48:10.199,261,30.25,26.74,1011.38,15.581,0.0,0.0,0.0,-0.14,0.04,-0.5,-0.14,0.67,2.02,9.57,250.0,11.93,3.87,0,0,0,0.0,0.0,0.0
1787615290.301794,08:48:10.301,262,30.35,26.74,1011.38,15.581,0.0,0.0,0.0,-0.29,0.06,-0.34,-0.29,0.68,2.03,9.56,249.93,12.0,3.93,0,0,0,0.0,0.0,0.0
1787615290.303539,08:48:10.303,263,30.45,26.74,1011.39,15.496,0.0,0.0,0.0,-0.17,0.05,-0.32,-0.17,0.68,2.06,9.56,249.93,12.12,4.0,0,0,0,0.0,0.0,0.0
1787615290.506714,08:48:10.506,264,30.55,26.74,1011.39,15.496,0.0,0.0,0.0,-0.22,0.02,-0.35,-0.22,0.69,2.08,9.55,249.87,12.25,4.0,0,0,0,0.0,0.0,0.0
1787615290.608863,08:48:10.608,265,30.65,26.75,1011.44,15.079,0.0,0.0,0.0,-0.23,0.02,-0.25,-0.23,0.69,2.06,9.56,249.87,12.18,4.06,0,0,0,0.0,0.0,0.0
1787615290.610140,08:48:10.610,266,30.75,26.75,1011.44,15.079,0.0,0.0,0.0,-0.23,0.03,-0.28,-0.23,0.69,2.01,9.57,249.87,11.87,4.06,0,0,0,0.0,0.0,0.0
1787615290.813748,08:48:10.813,267,30.85,26.75,1011.4,15.412,0.0,0.0,0.0,-0.2,0.0,-0.28,-0.2,0.7,1.95,9.58,249.87,11.56,4.06,0,0,0,0.0,0.0,0.0
1787615290.815595,08:48:10.815,268,30.95,26.75,1011.4,15.412,0.0,0.0,0.0,-0.24,0.0,-0.27,-0.24,0.7,1.9,9.59,249.87,11.18,4.12,0,0,0,0.0,0.0,0.0
1787615290.917123,08:48:10.917,269,31.05,26.76,1011.43,15.164,0.0,0.0,0.0,-0.03,0.02,-0.2,-0.03,0.7,1.86,9.6,249.87,11.0,4.12,0,0,0,0.0,0.0,0.0
1787615291.019460,08:48:11.019,270,31.15,26.76,1011.43,15.164,0.0,0.0,0.0,0.03,0.01,-0.2,0.03,0.71,1.85,9.6,249.87,10.87,4.12,0,0,0,0.0,0.0,0.0
1787615291.121635,08:48:11.121,271,31.25,26.75,1011.39,15.496,0.0,0.0,0.0,-0.02,0.03,-0.18,-0.02,0.71,1.86,9.6,249.87,10.93,4.12,0,0,0,0.0,0.0,0.0
1787615291.223294,08:48:11.223,272,31.35,26.75,1011.39,15.496,0.0,0.0,0.0,0.01,0.04,-0.13,0.01,0.71,1.88,9.59,249.87,11.12,4.12,0,0,0,0.0,0.0,0.0
1787615291.324432,08:48:11.324,273,31.45,26.76,1011.4,15.412,0.0,0.0,0.0,0.05,0.01,-0.15,0.05,0.71,1.91,9.59,249.87,11.25,4.12,0,0,0,0.0,0.0,0.0
1787615291.425503,08:48:11.425,274,31.55,26.76,1011.4,15.412,0.0,0.0,0.0,-0.02,0.01,-0.11,-0.02,0.71,1.91,9.59,249.87,11.25,4.18,0,0,0,0.0,0.0,0.0
1787615291.527261,08:48:11.527,275,31.65,26.76,1011.43,15.164,0.0,0.0,0.0,0.0,0.02,-0.14,0.0,0.71,1.9,9.59,249.87,11.18,4.18,0,0,0,0.0,0.0,0.0
1787615291.628704,08:48:11.628,276,31.75,26.76,1011.43,15.164,0.0,0.0,0.0,0.0,0.01,-0.13,0.0,0.71,1.87,9.59,249.87,11.06,4.18,0,0,0,0.0,0.0,0.0
1787615291.730849,08:48:11.730,277,31.85,26.76,1011.37,15.663,0.0,0.0,0.0,0.01,0.03,-0.15,0.01,0.72,1.84,9.6,249.87,10.87,4.18,0,0,0,0.0,0.0,0.0
1787615291.833327,08:48:11.833,278,31.95,26.76,1011.37,15.663,0.0,0.0,0.0,-0.02,0.03,-0.13,-0.02,0.72,1.82,9.6,249.87,10.75,4.18,0,0,0,0.0,0.0,0.0
1787615291.936450,08:48:11.936,279,32.05,26.76,1011.4,15.412,0.0,0.0,0.0,-0.02,0.01,-0.11,-0.02,0.72,1.81,9.6,249.87,10.68,4.18,0,0,0,0.0,0.0,0.0
1787615292.037615,08:48:12.037,280,32.15,26.76,1011.4,15.412,0.0,0.0,0.0,0.0,0.0,-0.13,0.0,0.72,1.82,9.6,249.87,10.75,4.18,0,0,0,0.0,0.0,0.0
1787615292.139541,08:48:12.139,281,32.25,26.78,1011.41,15.33,0.0,0.0,0.0,0.0,0.03,-0.14,0.0,0.72,1.84,9.6,249.87,10.81,4.18,0,0,0,0.0,0.0,0.0
1787615292.241300,08:48:12.241,282,32.35,26.78,1011.41,15.33,0.0,0.0,0.0,0.0,0.0,-0.11,0.0,0.72,1.86,9.6,249.87,10.93,4.18,0,0,0,0.0,0.0,0.0
1787615292.343308,08:48:12.343,283,32.45,26.77,1011.41,15.33,0.0,0.0,0.0,-0.03,0.0,-0.13,-0.03,0.72,1.87,9.59,249.87,11.0,4.18,0,0,0,0.0,0.0,0.0
1787615292.444714,08:48:12.444,284,32.55,26.77,1011.41,15.33,0.0,0.0,0.0,0.0,0.02,-0.12,0.0,0.72,1.87,9.59,249.87,11.0,4.18,0,0,0,0.0,0.0,0.0
1787615292.546135,08:48:12.546,285,32.65,26.78,1011.41,15.33,0.0,0.0,0.0,0.0,0.02,-0.11,0.0,0.72,1.85,9.6,249.87,10.93,4.18,0,0,0,0.0,0.0,0.0
1787615292.647227,08:48:12.647,286,32.75,26.78,1011.41,15.33,0.0,0.0,0.0,0.0,0.03,-0.13,0.0,0.72,1.84,9.6,249.87,10.81,4.18,0,0,0,0.0,0.0,0.0
1787615292.749755,08:48:12.749,287,32.85,26.78,1011.39,15.496,0.0,0.0,0.0,0.0,0.02,-0.11,0.0,0.72,1.83,9.6,249.87,10.81,4.18,0,0,0,0.0,0.0,0.0
1787615292.853054,08:48:12.853,288,32.95,26.78,1011.39,15.496,0.0,0.0,0.0,0.0,0.0,-0.14,0.0,0.72,1.83,9.6,249.87,10.81,4.18,0,0,0,0.0,0.0,0.0
1787615292.956269,08:48:12.956,289,33.05,26.78,1011.4,15.412,0.0,0.0,0.0,0.0,0.02,-0.1,0.0,0.72,1.83,9.6,249.87,10.81,4.18,0,0,0,0.0,0.0,0.0
1787615293.058941,08:48:13.058,290,33.15,26.78,1011.4,15.412,0.0,0.0,0.0,0.02,0.0,-0.12,0.02,0.72,1.84,9.6,249.87,10.87,4.18,0,0,0,0.0,0.0,0.0
1787615293.161115,08:48:13.161,291,33.25,26.78,1011.42,15.245,0.0,0.0,0.0,0.02,0.03,-0.12,0.02,0.72,1.85,9.6,249.87,10.93,4.18,0,0,0,0.0,0.0,0.0
1787615293.263205,08:48:13.263,292,33.35,26.78,1011.42,15.245,0.0,0.0,0.0,0.0,0.0,-0.08,0.0,0.72,1.85,9.6,249.87,10.93,4.18,0,0,0,0.0,0.0,0.0
1787615293.365213,08:48:13.365,293,33.45,26.78,1011.4,15.412,0.0,0.0,0.0,0.0,0.02,-0.11,0.0,0.72,1.85,9.6,249.87,10.93,4.18,0,0,0,0.0,0.0,0.0
1787615293.467101,08:48:13.467,294,33.55,26.78,1011.4,15.412,0.0,0.0,0.0,0.0,0.0,-0.11,0.0,0.72,1.85,9.6,249.87,10.93,4.18,0,0,0,0.0,0.0,0.0
1787615293.569318,08:48:13.569,295,33.65,26.79,1011.41,15.33,0.0,0.0,0.0,0.0,0.01,-0.11,0.0,0.72,1.85,9.6,249.87,10.87,4.18,0,0,0,0.0,0.0,0.0
1787615293.671839,08:48:13.671,296,33.75,26.79,1011.41,15.33,0.0,0.0,0.0,0.0,0.01,-0.12,0.0,0.72,1.85,9.6,249.87,10.87,4.18,0,0,0,0.0,0.0,0.0
1787615293.795871,08:48:13.795,297,33.85,26.79,1011.41,15.33,0.0,0.0,0.0,0.0,0.01,-0.15,0.0,0.72,1.85,9.6,249.87,10.87,4.18,0,0,0,0.0,0.0,0.0
1787615293.896745,08:48:13.896,298,33.95,26.79,1011.41,15.33,0.0,0.0,0.0,0.0,0.02,-0.15,0.0,0.72,1.85,9.6,249.87,10.87,4.18,0,0,0,0.0,0.0,0.0
1787615293.998271,08:48:13.998,299,34.05,26.79,1011.4,15.412,0.0,0.0,0.0,0.0,0.02,-0.11,0.0,0.72,1.85,9.6,249.87,10.87,4.18,0,0,0,0.0,0.0,0.0
1787615294.100525,08:48:14.100,300,34.15,26.79,1011.4,15.412,0.0,0.0,0.0,0.04,0.01,-0.26,0.04,0.72,1.85,9.6,249.87,10.93,4.18,0,0,0,0.0,0.0,0.0
1787615294.202604,08:48:14.202,301,34.25,26.8,1011.45,14.997,0.0,0.0,0.0,-0.15,-0.84,1.71,-0.15,0.72,1.85,9.6,249.87,10.93,4.25,0,0,0,0.0,0.0,0.0
1787615294.203999,08:48:14.203,302,34.35,26.8,1011.45,14.997,0.0,0.0,0.0,-0.14,0.0,-0.31,-0.14,0.72,1.8,9.61,249.81,10.56,4.18,0,0,0,0.0,0.0,0.0
1787615294.406717,08:48:14.406,303,34.45,26.8,1011.4,15.412,0.0,0.0,0.0,1.98,-0.31,3.77,1.98,0.73,1.87,9.59,249.93,10.87,4.25,0,0,0,0.0,0.0,0.0
1787615294.508713,08:48:14.508,304,34.55,26.8,1011.4,15.412,0.0,0.0,0.0,0.25,-0.27,0.19,0.25,0.72,1.78,9.61,249.81,10.56,4.18,0,0,0,0.0,0.0,0.0
1787615294.509277,08:48:14.509,305,34.65,26.81,1011.44,15.079,0.0,0.0,0.0,0.55,0.11,-0.96,0.55,0.72,1.76,9.61,249.87,10.37,4.18,0,0,0,0.0,0.0,0.0
1787615294.610748,08:48:14.610,306,34.75,26.81,1011.44,15.079,0.0,0.0,0.0,0.6,0.83,-0.32,0.6,0.73,1.72,9.62,249.87,10.12,4.25,0,0,0,0.0,0.0,0.0
1787615294.812791,08:48:14.812,307,34.85,26.81,1011.41,15.33,0.0,0.0,0.0,0.63,-0.29,-1.62,0.63,0.73,1.62,9.64,249.87,9.56,4.25,0,0,0,0.0,0.0,0.0
1787615294.915009,08:48:14.915,308,34.95,26.81,1011.41,15.33,0.0,0.0,0.0,1.68,1.53,-2.89,1.68,0.73,1.4,9.67,249.81,8.25,4.31,0,0,0,0.0,0.0,0.0
1787615294.915376,08:48:14.915,309,35.05,26.81,1011.41,15.33,0.0,0.0,0.0,-0.87,0.08,-0.69,-0.87,0.77,1.02,9.72,249.93,5.93,4.5,0,0,0,0.0,0.0,0.0
1787615295.016723,08:48:15.016,310,35.15,26.81,1011.41,15.33,0.0,0.0,0.0,-0.78,-2.94,-2.84,-0.78,0.72,0.59,9.76,249.75,3.43,4.18,0,0,0,0.0,0.0,0.0
1787615295.118254,08:48:15.118,311,35.25,26.82,1011.44,15.079,0.0,0.0,0.0,1.33,1.1,0.75,1.33,0.71,0.6,9.76,249.62,3.5,4.12,0,0,0,0.0,0.0,0.0
1787615295.219660,08:48:15.219,312,35.35,26.82,1011.44,15.079,0.0,0.0,0.0,-0.17,3.48,2.17,-0.17,0.7,0.86,9.74,249.75,5.0,4.12,0,0,0,0.0,0.0,0.0
1787615295.321167,08:48:15.321,313,35.45,26.81,1011.43,15.164,0.0,0.0,0.0,-1.87,3.66,-2.69,-1.87,0.7,0.96,9.73,249.5,5.62,4.06,0,0,0,0.0,0.0,0.0
1787615295.422578,08:48:15.422,314,35.55,26.81,1011.43,15.164,0.0,0.0,0.0,-0.66,-0.86,-1.03,-0.66,0.68,0.74,9.75,248.62,4.31,3.93,0,0,0,0.0,0.0,0.0
1787615295.524080,08:48:15.524,315,35.65,26.82,1011.44,15.079,0.0,0.0,0.0,0.56,3.73,2.4,0.56,0.69,0.65,9.75,247.25,3.81,4.06,0,0,0,0.0,0.0,0.0
1787615295.625478,08:48:15.625,316,35.75,26.82,1011.44,15.079,0.0,0.0,0.0,0.46,3.61,3.74,0.46,0.7,0.71,9.75,245.81,4.12,4.06,0,0,0,0.0,0.0,0.0
1787615295.727077,08:48:15.727,317,35.85,26.81,1011.42,15.245,0.0,0.0,0.0,0.01,1.87,2.37,0.01,0.7,0.69,9.75,243.75,4.06,4.06,0,0,0,0.0,0.0,0.0
1787615295.829256,08:48:15.829,318,35.95,26.81,1011.42,15.245,0.0,0.0,0.0,0.14,0.77,1.34,0.14,0.72,0.59,9.76,241.43,3.5,4.18,0,0,0,0.0,0.0,0.0
1787615295.930663,08:48:15.930,319,36.05,26.82,1011.41,15.33,0.0,0.0,0.0,-0.36,4.29,-2.58,-0.36,0.71,0.46,9.76,238.75,2.75,4.18,0,0,0,0.0,0.0,0.0
1787615296.033288,08:48:16.033,320,36.15,26.82,1011.41,15.33,0.0,0.0,0.0,-0.05,4.86,1.75,-0.05,0.73,0.35,9.77,235.81,2.12,4.25,0,0,0,0.0,0.0,0.0
1787615296.133780,08:48:16.133,321,36.25,26.81,1011.42,15.245,0.0,0.0,0.0,0.28,5.64,-0.15,0.28,0.73,0.27,9.77,232.68,1.62,4.25,0,0,0,0.0,0.0,0.0
1787615296.235217,08:48:16.235,322,36.35,26.81,1011.42,15.245,0.0,0.0,0.0,-0.04,5.15,2.5,-0.04,0.73,0.13,9.77,229.68,0.75,4.25,0,0,0,0.0,0.0,0.0
1787615296.336364,08:48:16.336,323,36.45,26.81,1011.41,15.33,0.0,0.0,0.0,-0.43,0.8,-3.07,-0.43,0.73,-0.09,9.77,227.18,-0.56,4.25,0,0,0,0.0,0.0,0.0
1787615296.437073,08:48:16.437,324,36.55,26.81,1011.41,15.33,0.0,0.0,0.0,-0.59,3.68,5.86,-0.59,0.77,-0.41,9.76,225.87,-2.37,4.5,0,0,0,0.0,0.0,0.0
1787615296.538560,08:48:16.538,325,36.65,26.81,1011.41,15.33,0.0,0.0,0.0,-0.41,-0.52,-0.39,-0.41,0.78,-0.49,9.76,225.93,-2.87,4.56,0,0,0,0.0,0.0,0.0
1787615296.640083,08:48:16.640,326,36.75,26.81,1011.41,15.33,0.0,0.0,0.0,0.32,2.53,1.41,0.32,0.81,-0.4,9.76,227.06,-2.37,4.68,0,0,0,0.0,0.0,0.0
1787615296.741638,08:48:16.741,327,36.85,26.81,1011.39,15.496,0.0,0.0,0.0,0.16,-0.28,3.21,0.16,0.81,-0.04,9.77,228.75,-0.25,4.75,0,0,0,0.0,0.0,0.0
1787615296.842613,08:48:16.842,328,36.95,26.81,1011.39,15.496,0.0,0.0,0.0,0.83,0.91,-0.17,0.83,0.87,0.64,9.74,230.68,3.75,5.06,0,0,0,0.0,0.0,0.0
1787615296.943375,08:48:16.943,329,37.05,26.8,1011.42,15.245,0.0,0.0,0.0,-1.45,-0.19,-0.28,-1.45,0.9,1.53,9.64,232.25,9.0,5.25,0,0,0,0.0,0.0,0.0
1787615297.044863,08:48:17.044,330,37.15,26.8,1011.42,15.245,0.0,0.0,0.0,0.56,-0.39,-0.87,0.56,0.89,2.5,9.43,233.18,14.81,5.18,0,0,0,0.0,0.0,0.0
1787615297.146302,08:48:17.146,331,37.25,26.8,1011.39,15.496,0.0,0.0,0.0,1.15,-1.37,-1.52,1.15,0.82,3.28,9.2,233.56,19.62,4.81,0,0,0,0.0,0.0,0.0
1787615297.247759,08:48:17.247,332,37.35,26.8,1011.39,15.496,0.0,0.0,0.0,-0.72,-3.13,-1.42,-0.72,0.81,3.75,9.02,233.56,22.56,4.75,0,0,0,0.0,0.0,0.0
1787615297.349622,08:48:17.349,333,37.45,26.79,1011.4,15.412,0.0,0.0,0.0,1.18,-1.35,-1.81,1.18,0.81,3.57,9.09,233.62,21.56,4.68,0,0,0,0.0,0.0,0.0
1787615297.450454,08:48:17.450,334,37.55,26.79,1011.4,15.412,0.0,0.0,0.0,0.04,-1.52,-0.27,0.04,0.77,3.17,9.24,233.68,19.18,4.62,0,0,0,0.0,0.0,0.0
1787615297.552175,08:48:17.552,335,37.65,26.78,1011.43,15.164,0.0,0.0,0.0,0.17,-1.12,-1.01,0.17,0.75,2.67,9.4,233.75,16.18,4.37,0,0,0,0.0,0.0,0.0
1787615297.654832,08:48:17.654,336,37.75,26.78,1011.43,15.164,0.0,0.0,0.0,-0.22,-1.07,0.11,-0.22,0.79,2.32,9.49,233.68,13.75,4.62,0,0,0,0.0,0.0,0.0
1787615297.757153,08:48:17.757,337,37.85,26.78,1011.41,15.33,0.0,0.0,0.0,0.88,-2.14,-0.56,0.88,0.78,2.01,9.56,233.5,11.87,4.56,0,0,0,0.0,0.0,0.0
1787615297.858595,08:48:17.858,338,37.95,26.78,1011.41,15.33,0.0,0.0,0.0,0.98,-1.23,0.04,0.98,0.79,1.71,9.62,233.12,10.06,4.62,0,0,0,0.0,0.0,0.0
1787615297.959294,08:48:17.959,339,38.05,26.78,1011.39,15.496,0.0,0.0,0.0,-0.03,-2.36,0.19,-0.03,0.82,1.52,9.65,232.68,8.93,4.75,0,0,0,0.0,0.0,0.0
1787615298.061096,08:48:18.061,340,38.15,26.78,1011.39,15.496,0.0,0.0,0.0,0.05,-1.97,0.26,0.05,0.81,1.41,9.66,232.25,8.31,4.68,0,0,0,0.0,0.0,0.0
1787615298.162030,08:48:18.162,341,38.25,26.78,1011.42,15.245,0.0,0.0,0.0,1.05,-2.69,0.37,1.05,0.8,1.32,9.68,231.93,7.75,4.68,0,0,0,0.0,0.0,0.0
1787615298.262875,08:48:18.262,342,38.35,26.78,1011.42,15.245,0.0,0.0,0.0,0.4,-2.16,0.13,0.4,0.79,1.24,9.69,231.5,7.25,4.62,0,0,0,0.0,0.0,0.0
1787615298.363654,08:48:18.363,343,38.45,26.77,1011.4,15.412,0.0,0.0,0.0,0.51,-3.82,0.1,0.51,0.78,1.16,9.7,230.93,6.81,4.56,0,0,0,0.0,0.0,0.0
1787615298.465178,08:48:18.465,344,38.55,26.77,1011.4,15.412,0.0,0.0,0.0,0.49,-3.01,0.12,0.49,0.78,1.08,9.71,230.62,6.31,4.56,0,0,0,0.0,0.0,0.0
1787615298.567077,08:48:18.567,345,38.65,26.77,1011.43,15.164,0.0,0.0,0.0,0.09,-2.92,0.34,0.09,0.7,1.02,9.72,230.5,5.93,4.12,0,0,0,0.0,0.0,0.0
1787615298.669217,08:48:18.669,346,38.75,26.77,1011.43,15.164,0.0,0.0,0.0,0.71,-2.82,0.03,0.71,0.55,1.02,9.73,230.37,6.0,3.18,0,0,0,0.0,0.0,0.0
1787615298.770319,08:48:18.770,347,38.85,26.78,1011.42,15.245,0.0,0.0,0.0,-0.26,-2.39,0.48,-0.26,0.55,1.07,9.73,230.31,6.25,3.25,0,0,0,0.0,0.0,0.0
1787615298.871835,08:48:18.871,348,38.95,26.78,1011.42,15.245,0.0,0.0,0.0,-0.07,0.38,0.04,-0.07,0.56,1.11,9.72,230.25,6.5,3.31,0,0,0,0.0,0.0,0.0
1787615298.972668,08:48:18.972,349,39.05,26.78,1011.4,15.412,0.0,0.0,0.0,-0.34,0.3,0.24,-0.34,0.56,1.1,9.72,230.25,6.5,3.31,0,0,0,0.0,0.0,0.0
1787615299.074048,08:48:19.074,350,39.15,26.78,1011.4,15.412,0.0,0.0,0.0,0.09,0.27,-0.09,0.09,0.56,1.13,9.72,230.25,6.62,3.31,0,0,0,0.0,0.0,0.0
1787615299.175456,08:48:19.175,351,39.25,26.78,1011.41,15.33,0.0,0.0,0.0,-0.12,0.25,-0.08,-0.12,0.57,1.17,9.71,230.25,6.81,3.31,0,0,0,0.0,0.0,0.0
1787615299.277023,08:48:19.277,352,39.35,26.78,1011.41,15.33,0.0,0.0,0.0,-0.18,0.2,-0.11,-0.18,0.59,1.22,9.71,230.18,7.12,3.43,0,0,0,0.0,0.0,0.0
1787615299.378634,08:48:19.378,353,39.45,26.78,1011.42,15.245,0.0,0.0,0.0,-0.08,0.23,-0.12,-0.08,0.59,1.25,9.7,230.18,7.31,3.5,0,0,0,0.0,0.0,0.0
1787615299.480859,08:48:19.480,354,39.55,26.78,1011.42,15.245,0.0,0.0,0.0,-0.17,0.06,-0.05,-0.17,0.61,1.26,9.7,230.18,7.37,3.56,0,0,0,0.0,0.0,0.0
1787615299.583562,08:48:19.583,355,39.65,26.79,1011.42,15.245,0.0,0.0,0.0,-0.22,0.34,-0.18,-0.22,0.61,1.26,9.7,230.18,7.37,3.56,0,0,0,0.0,0.0,0.0
1787615299.685700,08:48:19.685,356,39.75,26.79,1011.42,15.245,0.0,0.0,0.0,-0.27,0.44,-0.18,-0.27,0.62,1.25,9.7,230.18,7.31,3.62,0,0,0,0.0,0.0,0.0
1787615299.788252,08:48:19.788,357,39.85,26.78,1011.41,15.33,0.0,0.0,0.0,-0.12,0.44,-0.03,-0.12,0.62,1.23,9.7,230.18,7.25,3.62,0,0,0,0.0,0.0,0.0
1787615299.891014,08:48:19.891,358,39.95,26.78,1011.41,15.33,0.0,0.0,0.0,0.21,0.12,0.12,0.21,0.63,1.22,9.7,230.18,7.12,3.68,0,0,0,0.0,0.0,0.0
1787615299.992632,08:48:19.992,359,40.05,26.78,1011.42,15.245,0.0,0.0,0.0,0.21,0.19,0.0,0.21,0.65,1.2,9.71,230.18,7.06,3.75,0,0,0,0.0,0.0,0.0
1787615300.093713,08:48:20.093,360,40.15,26.78,1011.42,15.245,0.0,0.0,0.0,-0.17,0.15,0.09,-0.17,0.65,1.21,9.7,230.18,7.06,3.81,0,0,0,0.0,0.0,0.0
1787615300.196618,08:48:20.196,361,40.25,26.79,1011.38,15.581,0.0,0.0,0.0,-0.11,0.14,-0.1,-0.11,0.66,1.22,9.7,230.18,7.12,3.87,0,0,0,0.0,0.0,0.0
1787615300.297143,08:48:20.297,362,40.35,26.79,1011.38,15.581,0.0,0.0,0.0,-0.02,0.14,0.12,-0.02,0.67,1.23,9.7,230.18,7.18,3.93,0,0,0,0.0,0.0,0.0
1787615300.397696,08:48:20.397,363,40.45,26.79,1011.39,15.496,0.0,0.0,0.0,0.0,0.2,0.06,0.0,0.68,1.23,9.7,230.18,7.25,3.93,0,0,0,0.0,0.0,0.0
1787615300.499290,08:48:20.499,364,40.55,26.79,1011.39,15.496,0.0,0.0,0.0,-0.09,0.02,0.08,-0.09,0.68,1.23,9.7,230.18,7.25,4.0,0,0,0,0.0,0.0,0.0
1787615300.600421,08:48:20.600,365,40.65,26.79,1011.41,15.33,0.0,0.0,0.0,-0.13,0.15,-0.03,-0.13,0.69,1.23,9.7,230.18,7.18,4.0,0,0,0,0.0,0.0,0.0
1787615300.701925,08:48:20.701,366,40.75,26.79,1011.41,15.33,0.0,0.0,0.0,0.01,0.0,0.12,0.01,0.69,1.22,9.7,230.18,7.18,4.06,0,0,0,0.0,0.0,0.0
1787615300.803520,08:48:20.803,367,40.85,26.8,1011.4,15.412,0.0,0.0,0.0,-0.06,0.15,0.2,-0.06,0.7,1.21,9.7,230.18,7.12,4.06,0,0,0,0.0,0.0,0.0
1787615300.803889,08:48:20.803,368,40.95,26.8,1011.4,15.412,0.0,0.0,0.0,0.14,0.13,0.2,0.14,0.7,1.21,9.7,230.18,7.12,4.12,0,0,0,0.0,0.0,0.0
1787615301.006625,08:48:21.006,369,41.05,26.8,1011.41,15.33,0.0,0.0,0.0,0.14,0.06,0.16,0.14,0.7,1.21,9.7,230.18,7.12,4.12,0,0,0,0.0,0.0,0.0
1787615301.110912,08:48:21.110,370,41.15,26.8,1011.41,15.33,0.0,0.0,0.0,-0.16,0.11,0.1,-0.16,0.71,1.22,9.7,230.18,7.18,4.12,0,0,0,0.0,0.0,0.0
1787615301.112300,08:48:21.112,371,41.25,26.79,1011.41,15.33,0.0,0.0,0.0,-0.13,0.1,0.01,-0.13,0.71,1.23,9.7,230.12,7.18,4.18,0,0,0,0.0,0.0,0.0
1787615301.214012,08:48:21.214,372,41.35,26.79,1011.41,15.33,0.0,0.0,0.0,-0.09,0.07,0.05,-0.09,0.72,1.24,9.7,230.12,7.25,4.18,0,0,0,0.0,0.0,0.0
1787615301.315464,08:48:21.315,373,41.45,26.8,1011.4,15.412,0.0,0.0,0.0,0.0,0.07,0.06,0.0,0.72,1.23,9.7,230.12,7.25,4.18,0,0,0,0.0,0.0,0.0
1787615301.417096,08:48:21.417,374,41.55,26.8,1011.4,15.412,0.0,0.0,0.0,0.1,0.07,0.29,0.1,0.72,1.22,9.7,230.12,7.12,4.25,0,0,0,0.0,0.0,0.0
1787615301.518792,08:48:21.518,375,41.65,26.8,1011.39,15.496,0.0,0.0,0.0,0.14,0.06,0.16,0.14,0.72,1.19,9.7,230.12,7.0,4.25,0,0,0,0.0,0.0,0.0
1787615301.621438,08:48:21.621,376,41.75,26.8,1011.39,15.496,0.0,0.0,0.0,0.02,0.07,0.15,0.02,0.73,1.18,9.7,230.12,6.93,4.25,0,0,0,0.0,0.0,0.0
1787615301.724219,08:48:21.724,377,41.85,26.8,1011.42,15.245,0.0,0.0,0.0,-0.06,0.09,0.05,-0.06,0.73,1.18,9.7,230.12,6.93,4.25,0,0,0,0.0,0.0,0.0
1787615301.826874,08:48:21.826,378,41.95,26.8,1011.42,15.245,0.0,0.0,0.0,-0.04,0.06,0.07,-0.04,0.73,1.18,9.7,230.12,6.93,4.25,0,0,0,0.0,0.0,0.0
1787615301.928325,08:48:21.928,379,42.05,26.8,1011.41,15.33,0.0,0.0,0.0,0.02,0.07,0.11,0.02,0.73,1.2,9.7,230.12,7.0,4.25,0,0,0,0.0,0.0,0.0
1787615302.029126,08:48:22.029,380,42.15,26.8,1011.41,15.33,0.0,0.0,0.0,0.01,0.06,0.11,0.01,0.73,1.21,9.7,230.12,7.06,4.31,0,0,0,0.0,0.0,0.0
1787615302.130984,08:48:22.130,381,42.25,26.81,1011.39,15.496,0.0,0.0,0.0,-0.04,0.06,0.07,-0.04,0.74,1.21,9.7,230.12,7.12,4.31,0,0,0,0.0,0.0,0.0
1787615302.233785,08:48:22.233,382,42.35,26.81,1011.39,15.496,0.0,0.0,0.0,-0.03,0.06,0.04,-0.03,0.74,1.21,9.7,230.12,7.06,4.31,0,0,0,0.0,0.0,0.0
1787615302.334891,08:48:22.334,383,42.45,26.8,1011.4,15.412,0.0,0.0,0.0,-0.07,0.07,0.06,-0.07,0.74,1.19,9.7,230.12,7.0,4.31,0,0,0,0.0,0.0,0.0
1787615302.436890,08:48:22.436,384,42.55,26.8,1011.4,15.412,0.0,0.0,0.0,-0.04,0.05,0.05,-0.04,0.74,1.17,9.7,230.12,6.93,4.31,0,0,0,0.0,0.0,0.0
1787615302.539094,08:48:22.539,385,42.65,26.82,1011.41,15.33,0.0,0.0,0.0,-0.02,0.05,0.04,-0.02,0.74,1.17,9.7,230.12,6.87,4.31,0,0,0,0.0,0.0,0.0
1787615302.641797,08:48:22.641,386,42.75,26.82,1011.41,15.33,0.0,0.0,0.0,-0.04,0.04,0.05,-0.04,0.74,1.17,9.7,230.12,6.87,4.31,0,0,0,0.0,0.0,0.0
1787615302.744634,08:48:22.744,387,42.85,26.82,1011.41,15.33,0.0,0.0,0.0,-0.08,0.07,0.07,-0.08,0.74,1.17,9.7,230.12,6.87,4.31,0,0,0,0.0,0.0,0.0
1787615302.846951,08:48:22.846,388,42.95,26.82,1011.41,15.33,0.0,0.0,0.0,-0.05,0.05,0.08,-0.05,0.74,1.17,9.7,230.12,6.87,4.31,0,0,0,0.0,0.0,0.0
1787615302.949527,08:48:22.949,389,43.05,26.81,1011.42,15.245,0.0,0.0,0.0,-0.06,0.08,0.11,-0.06,0.74,1.17,9.7,230.12,6.87,4.31,0,0,0,0.0,0.0,0.0
1787615303.051248,08:48:23.051,390,43.15,26.81,1011.42,15.245,0.0,0.0,0.0,-0.05,0.07,0.1,-0.05,0.74,1.17,9.7,230.12,6.87,4.31,0,0,0,0.0,0.0,0.0
1787615303.153977,08:48:23.153,391,43.25,26.81,1011.4,15.412,0.0,0.0,0.0,-0.03,0.04,0.14,-0.03,0.74,1.17,9.7,230.12,6.87,4.31,0,0,0,0.0,0.0,0.0
1787615303.256650,08:48:23.256,392,43.35,26.81,1011.4,15.412,0.0,0.0,0.0,-0.04,0.07,0.09,-0.04,0.74,1.16,9.7,230.12,6.81,4.31,0,0,0,0.0,0.0,0.0
1787615303.359668,08:48:23.359,393,43.45,26.82,1011.41,15.33,0.0,0.0,0.0,-0.05,0.06,0.07,-0.05,0.74,1.14,9.71,230.12,6.68,4.31,0,0,0,0.0,0.0,0.0
1787615303.461544,08:48:23.461,394,43.55,26.82,1011.41,15.33,0.0,0.0,0.0,-0.04,0.07,0.08,-0.04,0.74,1.14,9.71,230.12,6.68,4.31,0,0,0,0.0,0.0,0.0
1787615303.564265,08:48:23.564,395,43.65,26.81,1011.38,15.581,0.0,0.0,0.0,-0.06,0.07,0.1,-0.06,0.74,1.14,9.71,230.12,6.68,4.31,0,0,0,0.0,0.0,0.0
1787615303.666543,08:48:23.666,396,43.75,26.81,1011.38,15.581,0.0,0.0,0.0,-0.04,0.06,0.1,-0.04,0.74,1.14,9.71,230.12,6.68,4.31,0,0,0,0.0,0.0,0.0
1787615303.769310,08:48:23.769,397,43.85,26.81,1011.41,15.33,0.0,0.0,0.0,-0.05,0.07,0.11,-0.05,0.74,1.14,9.71,230.12,6.68,4.31,0,0,0,0.0,0.0,0.0
1787615303.900737,08:48:23.900,398,43.95,26.81,1011.41,15.33,0.0,0.0,0.0,-0.07,0.07,0.13,-0.07,0.74,1.14,9.71,230.12,6.68,4.31,0,0,0,0.0,0.0,0.0
1787615304.002351,08:48:24.002,399,44.05,26.81,1011.39,15.496,0.0,0.0,0.0,-0.05,0.08,0.14,-0.05,0.74,1.14,9.71,230.12,6.68,4.31,0,0,0,0.0,0.0,0.0
1787615304.104594,08:48:24.104,400,44.15,26.81,1011.39,15.496,0.0,0.0,0.0,-0.05,0.05,0.12,-0.05,0.74,1.13,9.71,230.12,6.68,4.31,0,0,0,0.0,0.0,0.0
1787615304.106447,08:48:24.106,401,44.25,26.82,1011.43,15.164,0.0,0.0,0.0,-0.06,0.06,0.11,-0.06,0.74,1.12,9.71,230.12,6.56,4.31,0,0,0,0.0,0.0,0.0
1787615304.208476,08:48:24.208,402,44.35,26.82,1011.43,15.164,0.0,0.0,0.0,-0.07,0.08,0.14,-0.07,0.74,1.11,9.71,230.12,6.5,4.31,0,0,0,0.0,0.0,0.0
1787615304.413081,08:48:24.413,403,44.45,26.82,1011.4,15.412,0.0,0.0,0.0,-0.04,0.04,0.11,-0.04,0.74,1.11,9.71,230.12,6.5,4.31,0,0,0,0.0,0.0,0.0
1787615304.414506,08:48:24.414,404,44.55,26.82,1011.4,15.412,0.0,0.0,0.0,-0.07,0.05,0.13,-0.07,0.74,1.11,9.71,230.12,6.5,4.31,0,0,0,0.0,0.0,0.0
1787615304.516519,08:48:24.516,405,44.65,26.82,1011.44,15.079,0.0,0.0,0.0,-0.05,0.06,0.14,-0.05,0.74,1.11,9.71,230.12,6.5,4.31,0,0,0,0.0,0.0,0.0
1787615304.619198,08:48:24.619,406,44.75,26.82,1011.44,15.079,0.0,0.0,0.0,-0.05,0.08,0.15,-0.05,0.74,1.11,9.71,230.12,6.5,4.31,0,0,0,0.0,0.0,0.0
1787615304.721931,08:48:24.721,407,44.85,26.82,1011.4,15.412,0.0,0.0,0.0,-0.03,0.07,0.16,-0.03,0.74,1.11,9.71,230.12,6.5,4.31,0,0,0,0.0,0.0,0.0
1787615304.824603,08:48:24.824,408,44.95,26.82,1011.4,15.412,0.0,0.0,0.0,-0.02,0.07,0.15,-0.02,0.74,1.11,9.71,230.12,6.5,4.31,0,0,0,0.0,0.0,0.0
1787615304.926631,08:48:24.926,409,45.05,26.81,1011.4,15.412,0.0,0.0,0.0,-0.03,0.07,0.17,-0.03,0.74,1.1,9.71,230.12,6.43,4.31,0,0,0,0.0,0.0,0.0
1787615305.028339,08:48:25.028,410,45.15,26.81,1011.4,15.412,0.0,0.0,0.0,-0.05,0.06,0.18,-0.05,0.74,1.09,9.71,230.12,6.37,4.31,0,0,0,0.0,0.0,0.0
1787615305.131037,08:48:25.131,411,45.25,26.82,1011.44,15.079,0.0,0.0,0.0,-0.02,0.06,0.18,-0.02,0.74,1.08,9.71,230.12,6.31,4.31,0,0,0,0.0,0.0,0.0
1787615305.234144,08:48:25.234,412,45.35,26.82,1011.44,15.079,0.0,0.0,0.0,-0.05,0.04,0.17,-0.05,0.74,1.08,9.71,230.12,6.31,4.31,0,0,0,0.0,0.0,0.0
1787615305.336070,08:48:25.336,413,45.45,26.82,1011.42,15.245,0.0,0.0,0.0,-0.06,0.07,0.17,-0.06,0.74,1.08,9.71,230.12,6.31,4.31,0,0,0,0.0,0.0,0.0
1787615305.439206,08:48:25.439,414,45.55,26.82,1011.42,15.245,0.0,0.0,0.0,-0.03,0.06,0.14,-0.03,0.74,1.08,9.71,230.12,6.31,4.31,0,0,0,0.0,0.0,0.0
1787615305.541940,08:48:25.541,415,45.65,26.83,1011.42,15.245,0.0,0.0,0.0,-0.06,0.07,0.16,-0.06,0.74,1.09,9.71,230.12,6.37,4.37,0,0,0,0.0,0.0,0.0
1787615305.644577,08:48:25.644,416,45.75,26.83,1011.42,15.245,0.0,0.0,0.0,-0.05,0.05,0.16,-0.05,0.75,1.1,9.71,230.12,6.43,4.37,0,0,0,0.0,0.0,0.0
1787615305.746794,08:48:25.746,417,45.85,26.83,1011.42,15.245,0.0,0.0,0.0,-0.04,0.04,0.14,-0.04,0.75,1.11,9.71,230.12,6.5,4.37,0,0,0,0.0,0.0,0.0
1787615305.849458,08:48:25.849,418,45.95,26.83,1011.42,15.245,0.0,0.0,0.0,-0.05,0.05,0.13,-0.05,0.75,1.12,9.71,230.12,6.56,4.37,0,0,0,0.0,0.0,0.0
1787615305.952200,08:48:25.952,419,46.05,26.83,1011.42,15.245,0.0,0.0,0.0,-0.03,0.04,0.13,-0.03,0.76,1.12,9.71,230.12,6.56,4.43,0,0,0,0.0,0.0,0.0
1787615306.054449,08:48:26.054,420,46.15,26.83,1011.42,15.245,0.0,0.0,0.0,-0.03,0.05,0.11,-0.03,0.76,1.13,9.71,230.12,6.62,4.43,0,0,0,0.0,0.0,0.0
1787615306.156776,08:48:26.156,421,46.25,26.84,1011.43,15.164,0.0,0.0,0.0,-0.03,0.04,0.1,-0.03,0.76,1.13,9.71,230.12,6.68,4.43,0,0,0,0.0,0.0,0.0
1787615306.259982,08:48:26.259,422,46.35,26.84,1011.43,15.164,0.0,0.0,0.0,-0.03,0.04,0.1,-0.03,0.76,1.14,9.7,230.12,6.68,4.43,0,0,0,0.0,0.0,0.0
1787615306.361733,08:48:26.361,423,46.45,26.83,1011.43,15.164,0.0,0.0,0.0,-0.03,0.04,0.11,-0.03,0.76,1.14,9.7,230.12,6.68,4.43,0,0,0,0.0,0.0,0.0
1787615306.464651,08:48:26.464,424,46.55,26.83,1011.43,15.164,0.0,0.0,0.0,-0.08,0.05,0.13,-0.08,0.77,1.15,9.7,230.12,6.75,4.5,0,0,0,0.0,0.0,0.0
1787615306.566666,08:48:26.566,425,46.65,26.84,1011.43,15.164,0.0,0.0,0.0,-0.03,0.04,0.12,-0.03,0.77,1.15,9.7,230.12,6.75,4.5,0,0,0,0.0,0.0,0.0
1787615306.669357,08:48:26.669,426,46.75,26.84,1011.43,15.164,0.0,0.0,0.0,-0.03,0.04,0.12,-0.03,0.77,1.15,9.7,230.12,6.75,4.5,0,0,0,0.0,0.0,0.0
1787615306.772080,08:48:26.772,427,46.85,26.84,1011.41,15.33,0.0,0.0,0.0,-0.03,0.04,0.11,-0.03,0.77,1.15,9.7,230.12,6.75,4.5,0,0,0,0.0,0.0,0.0
1787615306.874322,08:48:26.874,428,46.95,26.84,1011.41,15.33,0.0,0.0,0.0,-0.04,0.04,0.11,-0.04,0.77,1.15,9.7,230.12,6.75,4.5,0,0,0,0.0,0.0,0.0
1787615306.975431,08:48:26.975,429,47.05,26.85,1011.42,15.245,0.0,0.0,0.0,0.0,0.04,0.13,0.0,0.77,1.15,9.7,230.12,6.75,4.5,0,0,0,0.0,0.0,0.0
1787615307.077178,08:48:27.077,430,47.15,26.85,1011.42,15.245,0.0,0.0,0.0,0.0,0.04,0.1,0.0,0.77,1.15,9.7,230.12,6.75,4.5,0,0,0,0.0,0.0,0.0
1787615307.178909,08:48:27.178,431,47.25,26.84,1011.41,15.33,0.0,0.0,0.0,0.0,0.03,0.1,0.0,0.77,1.15,9.7,230.12,6.75,4.5,0,0,0,0.0,0.0,0.0
1787615307.282106,08:48:27.282,432,47.35,26.84,1011.41,15.33,0.0,0.0,0.0,-0.03,0.04,0.08,-0.03,0.77,1.15,9.7,230.12,6.75,4.5,0,0,0,0.0,0.0,0.0
1787615307.383725,08:48:27.383,433,47.45,26.85,1011.44,15.079,0.0,0.0,0.0,-0.02,0.03,0.12,-0.02,0.77,1.15,9.7,230.12,6.75,4.5,0,0,0,0.0,0.0,0.0
1787615307.485262,08:48:27.485,434,47.55,26.85,1011.44,15.079,0.0,0.0,0.0,-0.04,0.03,0.1,-0.04,0.77,1.15,9.7,230.12,6.75,4.5,0,0,0,0.0,0.0,0.0
1787615307.587376,08:48:27.587,435,47.65,26.84,1011.42,15.245,0.0,0.0,0.0,-0.04,0.02,0.1,-0.04,0.77,1.15,9.7,230.12,6.75,4.5,0,0,0,0.0,0.0,0.0
1787615307.689697,08:48:27.689,436,47.75,26.84,1011.42,15.245,0.0,0.0,0.0,-0.04,0.01,0.12,-0.04,0.77,1.15,9.7,230.12,6.75,4.5,0,0,0,0.0,0.0,0.0
1787615307.792051,08:48:27.792,437,47.85,26.84,1011.41,15.33,0.0,0.0,0.0,-0.05,0.05,0.12,-0.05,0.77,1.15,9.7,230.12,6.75,4.5,0,0,0,0.0,0.0,0.0
1787615307.914738,08:48:27.914,438,47.95,26.84,1011.41,15.33,0.0,0.0,0.0,-0.05,0.04,0.12,-0.05,0.77,1.15,9.7,230.12,6.75,4.5,0,0,0,0.0,0.0,0.0
1787615307.915030,08:48:27.915,439,48.05,26.86,1011.43,15.164,0.0,0.0,0.0,-0.03,0.04,0.1,-0.03,0.77,1.15,9.7,230.12,6.75,4.5,0,0,0,0.0,0.0,0.0
1787615308.015378,08:48:28.015,440,48.15,26.86,1011.43,15.164,0.0,0.0,0.0,-0.05,0.05,0.09,-0.05,0.77,1.15,9.7,230.12,6.75,4.5,0,0,0,0.0,0.0,0.0
1787615308.116822,08:48:28.116,441,48.25,26.85,1011.43,15.164,0.0,0.0,0.0,-0.03,0.04,0.09,-0.03,0.77,1.15,9.7,230.12,6.75,4.5,0,0,0,0.0,0.0,0.0
1787615308.218852,08:48:28.218,442,48.35,26.85,1011.43,15.164,0.0,0.0,0.0,-0.03,0.03,0.09,-0.03,0.77,1.15,9.7,230.12,6.75,4.5,0,0,0,0.0,0.0,0.0
1787615308.322088,08:48:28.322,443,48.45,26.86,1011.44,15.079,0.0,0.0,0.0,-0.03,0.04,0.12,-0.03,0.77,1.15,9.7,230.12,6.75,4.5,0,0,0,0.0,0.0,0.0
1787615308.424726,08:48:28.424,444,48.55,26.86,1011.44,15.079,0.0,0.0,0.0,-0.05,0.03,0.08,-0.05,0.77,1.15,9.7,230.12,6.75,4.5,0,0,0,0.0,0.0,0.0
1787615308.527365,08:48:28.527,445,48.65,26.86,1011.42,15.245,0.0,0.0,0.0,-0.03,0.02,0.11,-0.03,0.77,1.15,9.7,230.12,6.75,4.5,0,0,0,0.0,0.0,0.0
1787615308.629799,08:48:28.629,446,48.75,26.86,1011.42,15.245,0.0,0.0,0.0,-0.03,0.05,0.09,-0.03,0.77,1.15,9.7,230.12,6.75,4.5,0,0,0,0.0,0.0,0.0
1787615308.731801,08:48:28.731,447,48.85,26.86,1011.42,15.245,0.0,0.0,0.0,-0.03,0.04,0.08,-0.03,0.77,1.15,9.7,230.12,6.75,4.5,0,0,0,0.0,0.0,0.0
1787615308.834369,08:48:28.834,448,48.95,26.86,1011.42,15.245,0.0,0.0,0.0,-0.04,0.04,0.12,-0.04,0.77,1.15,9.7,230.12,6.75,4.5,0,0,0,0.0,0.0,0.0
1787615308.936155,08:48:28.936,449,49.05,26.86,1011.42,15.245,0.0,0.0,0.0,-0.03,0.05,0.09,-0.03,0.77,1.15,9.7,230.12,6.75,4.5,0,0,0,0.0,0.0,0.0
1787615309.038276,08:48:29.038,450,49.15,26.86,1011.42,15.245,0.0,0.0,0.0,-0.03,0.04,0.1,-0.03,0.77,1.15,9.7,230.12,6.75,4.5,0,0,0,0.0,0.0,0.0
1787615309.141075,08:48:29.141,451,49.25,26.87,1011.46,14.912,0.0,0.0,0.0,-0.03,0.05,0.09,-0.03,0.77,1.15,9.7,230.12,6.75,4.5,0,0,0,0.0,0.0,0.0
1787615309.243381,08:48:29.243,452,49.35,26.87,1011.46,14.912,0.0,0.0,0.0,-0.03,0.04,0.1,-0.03,0.77,1.15,9.7,230.12,6.75,4.5,0,0,0,0.0,0.0,0.0
1787615309.346537,08:48:29.346,453,49.45,26.86,1011.42,15.245,0.0,0.0,0.0,-0.05,0.07,0.1,-0.05,0.77,1.15,9.7,230.12,6.75,4.5,0,0,0,0.0,0.0,0.0
1787615309.448752,08:48:29.448,454,49.55,26.86,1011.42,15.245,0.0,0.0,0.0,-0.03,0.02,0.09,-0.03,0.77,1.15,9.7,230.12,6.75,4.5,0,0,0,0.0,0.0,0.0
1787615309.551502,08:48:29.551,455,49.65,26.85,1011.4,15.412,0.0,0.0,0.0,-0.02,0.04,0.08,-0.02,0.77,1.15,9.7,230.12,6.75,4.5,0,0,0,0.0,0.0,0.0
1787615309.654550,08:48:29.654,456,49.75,26.85,1011.4,15.412,0.0,0.0,0.0,-0.02,0.05,0.1,-0.02,0.77,1.15,9.7,230.12,6.75,4.5,0,0,0,0.0,0.0,0.0
1787615309.757265,08:48:29.757,457,49.85,26.87,1011.42,15.245,0.0,0.0,0.0,-0.02,0.03,0.11,-0.02,0.77,1.15,9.7,230.12,6.75,4.5,0,0,0,0.0,0.0,0.0
1787615309.859807,08:48:29.859,458,49.95,26.87,1011.42,15.245,0.0,0.0,0.0,-0.02,0.04,0.09,-0.02,0.77,1.15,9.7,230.12,6.75,4.5,0,0,0,0.0,0.0,0.0
1787615309.962521,08:48:29.962,459,50.05,26.88,1011.46,14.912,0.0,0.0,0.0,-0.03,0.04,0.11,-0.03,0.77,1.15,9.7,230.12,6.75,4.5,0,0,0,0.0,0.0,0.0
1787615310.065232,08:48:30.065,460,50.15,26.88,1011.46,14.912,0.0,0.0,0.0,-0.04,0.04,0.11,-0.04,0.77,1.15,9.7,230.12,6.75,4.5,0,0,0,0.0,0.0,0.0
1787615310.167989,08:48:30.167,461,50.25,26.89,1011.43,15.164,0.0,0.0,0.0,-0.03,0.05,0.11,-0.03,0.77,1.15,9.7,230.12,6.75,4.5,0,0,0,0.0,0.0,0.0
1787615310.270779,08:48:30.270,462,50.35,26.89,1011.43,15.164,0.0,0.0,0.0,-0.04,0.03,0.11,-0.04,0.77,1.15,9.7,230.12,6.75,4.5,0,0,0,0.0,0.0,0.0
1787615310.373980,08:48:30.373,463,50.45,26.88,1011.4,15.412,0.0,0.0,0.0,-0.04,0.06,0.09,-0.04,0.77,1.15,9.7,230.12,6.75,4.5,0,0,0,0.0,0.0,0.0
1787615310.476264,08:48:30.476,464,50.55,26.88,1011.4,15.412,0.0,0.0,0.0,-0.03,0.04,0.09,-0.03,0.77,1.15,9.7,230.12,6.75,4.5,0,0,0,0.0,0.0,0.0
1787615310.579128,08:48:30.579,465,50.65,26.88,1011.42,15.245,0.0,0.0,0.0,-0.03,0.05,0.11,-0.03,0.77,1.15,9.7,230.12,6.75,4.5,0,0,0,0.0,0.0,0.0
1787615310.681807,08:48:30.681,466,50.75,26.88,1011.42,15.245,0.0,0.0,0.0,-0.03,0.02,0.1,-0.03,0.77,1.15,9.7,230.12,6.75,4.5,0,0,0,0.0,0.0,0.0
1787615310.784602,08:48:30.784,467,50.85,26.89,1011.42,15.245,0.0,0.0,0.0,-0.03,0.04,0.1,-0.03,0.77,1.15,9.7,230.12,6.75,4.5,0,0,0,0.0,0.0,0.0
1787615310.886625,08:48:30.886,468,50.95,26.89,1011.42,15.245,0.0,0.0,0.0,-0.02,0.04,0.09,-0.02,0.77,1.15,9.7,230.12,6.75,4.5,0,0,0,0.0,0.0,0.0
1787615310.988771,08:48:30.988,469,51.05,26.9,1011.43,15.164,0.0,0.0,0.0,-0.04,0.04,0.1,-0.04,0.77,1.15,9.7,230.12,6.75,4.5,0,0,0,0.0,0.0,0.0
1787615311.090695,08:48:31.090,470,51.15,26.9,1011.43,15.164,0.0,0.0,0.0,-0.04,0.03,0.09,-0.04,0.77,1.15,9.7,230.12,6.75,4.5,0,0,0,0.0,0.0,0.0
1787615311.193493,08:48:31.193,471,51.25,26.89,1011.39,15.496,0.0,0.0,0.0,-0.02,0.04,0.08,-0.02,0.77,1.15,9.7,230.12,6.75,4.5,0,0,0,0.0,0.0,0.0
1787615311.295674,08:48:31.295,472,51.35,26.89,1011.39,15.496,0.0,0.0,0.0,-0.02,0.03,0.07,-0.02,0.77,1.15,9.7,230.12,6.75,4.5,0,0,0,0.0,0.0,0.0
1787615311.398520,08:48:31.398,473,51.45,26.9,1011.44,15.079,0.0,0.0,0.0,-0.04,0.05,0.1,-0.04,0.77,1.15,9.7,230.12,6.75,4.5,0,0,0,0.0,0.0,0.0
1787615311.500502,08:48:31.500,474,51.55,26.9,1011.44,15.079,0.0,0.0,0.0,-0.04,0.02,0.09,-0.04,0.77,1.15,9.7,230.12,6.75,4.5,0,0,0,0.0,0.0,0.0
1787615311.602464,08:48:31.602,475,51.65,26.9,1011.41,15.33,0.0,0.0,0.0,-0.04,0.04,0.1,-0.04,0.77,1.15,9.7,230.12,6.75,4.5,0,0,0,0.0,0.0,0.0
1787615311.604102,08:48:31.604,476,51.75,26.9,1011.41,15.33,0.0,0.0,0.0,-0.06,0.05,0.12,-0.06,0.77,1.15,9.7,230.12,6.75,4.5,0,0,0,0.0,0.0,0.0
1787615311.807255,08:48:31.807,477,51.85,26.9,1011.4,15.412,0.0,0.0,0.0,-0.04,0.04,0.12,-0.04,0.77,1.15,9.7,230.12,6.75,4.5,0,0,0,0.0,0.0,0.0
1787615311.929590,08:48:31.929,478,51.95,26.9,1011.4,15.412,0.0,0.0,0.0,-0.04,0.03,0.09,-0.04,0.77,1.15,9.7,230.12,6.75,4.5,0,0,0,0.0,0.0,0.0
1787615311.929911,08:48:31.929,479,52.05,26.9,1011.4,15.412,0.0,0.0,0.0,-0.05,0.05,0.12,-0.05,0.77,1.15,9.7,230.12,6.75,4.5,0,0,0,0.0,0.0,0.0
1787615312.031363,08:48:32.031,480,52.15,26.9,1011.4,15.412,0.0,0.0,0.0,-0.03,0.03,0.09,-0.03,0.77,1.15,9.7,230.12,6.75,4.5,0,0,0,0.0,0.0,0.0
1787615312.133550,08:48:32.133,481,52.25,26.91,1011.42,15.245,0.0,0.0,0.0,-0.05,0.06,0.11,-0.05,0.77,1.15,9.7,230.12,6.75,4.5,0,0,0,0.0,0.0,0.0
1787615312.236270,08:48:32.236,482,52.35,26.91,1011.42,15.245,0.0,0.0,0.0,-0.04,0.09,0.11,-0.04,0.77,1.15,9.7,230.12,6.75,4.5,0,0,0,0.0,0.0,0.0
1787615312.338865,08:48:32.338,483,52.45,26.91,1011.41,15.33,0.0,0.0,0.0,-0.02,0.05,0.09,-0.02,0.77,1.15,9.7,230.12,6.75,4.5,0,0,0,0.0,0.0,0.0
1787615312.441219,08:48:32.441,484,52.55,26.91,1011.41,15.33,0.0,0.0,0.0,0.0,0.04,0.14,0.0,0.77,1.15,9.7,230.12,6.75,4.5,0,0,0,0.0,0.0,0.0
1787615312.543768,08:48:32.543,485,52.65,26.92,1011.41,15.33,0.0,0.0,0.0,-0.1,0.01,0.03,-0.1,0.77,1.15,9.7,230.12,6.75,4.5,0,0,0,0.0,0.0,0.0
1787615312.644818,08:48:32.644,486,52.75,26.92,1011.41,15.33,0.0,0.0,0.0,0.0,0.04,0.13,0.0,0.77,1.15,9.7,230.12,6.75,4.5,0,0,0,0.0,0.0,0.0
1787615312.746435,08:48:32.746,487,52.85,26.93,1011.41,15.33,0.0,0.0,0.0,0.01,0.03,0.11,0.01,0.77,1.15,9.7,230.12,6.75,4.5,0,0,0,0.0,0.0,0.0
1787615312.847724,08:48:32.847,488,52.95,26.93,1011.41,15.33,0.0,0.0,0.0,-0.06,0.03,0.09,-0.06,0.77,1.15,9.7,230.12,6.75,4.5,0,0,0,0.0,0.0,0.0
1787615312.950001,08:48:32.950,489,53.05,26.92,1011.41,15.33,0.0,0.0,0.0,-0.05,0.04,0.1,-0.05,0.77,1.15,9.7,230.12,6.75,4.5,0,0,0,0.0,0.0,0.0
1787615313.051166,08:48:33.051,490,53.15,26.92,1011.41,15.33,0.0,0.0,0.0,0.03,0.08,0.07,0.03,0.77,1.15,9.7,230.12,6.75,4.5,0,0,0,0.0,0.0,0.0
1787615313.153182,08:48:33.153,491,53.25,26.93,1011.42,15.245,0.0,0.0,0.0,0.37,0.1,0.89,0.37,0.77,1.15,9.7,230.12,6.81,4.5,0,0,0,0.0,0.0,0.0
1787615313.254828,08:48:33.254,492,53.35,26.93,1011.42,15.245,0.0,0.0,0.0,-0.17,0.01,0.56,-0.17,0.76,1.13,9.71,230.12,6.68,4.5,0,0,0,0.0,0.0,0.0
1787615313.357128,08:48:33.357,493,53.45,26.92,1011.39,15.496,0.0,0.0,0.0,-0.27,-0.07,-0.17,-0.27,0.77,1.15,9.7,230.12,6.68,4.5,0,0,0,0.0,0.0,0.0
1787615313.458666,08:48:33.458,494,53.55,26.92,1011.39,15.496,0.0,0.0,0.0,0.04,0.86,-2.79,0.04,0.77,1.16,9.7,230.18,6.81,4.5,0,0,0,0.0,0.0,0.0
1787615313.559239,08:48:33.559,495,53.65,26.93,1011.42,15.245,0.0,0.0,0.0,1.01,-0.86,2.23,1.01,0.78,1.1,9.71,230.12,6.43,4.56,0,0,0,0.0,0.0,0.0
1787615313.660751,08:48:33.660,496,53.75,26.93,1011.42,15.245,0.0,0.0,0.0,-2.06,-1.52,3.24,-2.06,0.79,0.96,9.72,230.06,5.62,4.62,0,0,0,0.0,0.0,0.0
1787615313.762322,08:48:33.762,497,53.85,26.93,1011.42,15.245,0.0,0.0,0.0,-1.51,-0.14,-2.74,-1.51,0.8,0.79,9.74,230.12,4.62,4.68,0,0,0,0.0,0.0,0.0
1787615313.863699,08:48:33.863,498,53.95,26.93,1011.42,15.245,0.0,0.0,0.0,-1.14,-1.9,-2.84,-1.14,0.79,0.66,9.75,230.12,3.87,4.62,0,0,0,0.0,0.0,0.0
1787615313.965401,08:48:33.965,499,54.05,26.94,1011.44,15.079,0.0,0.0,0.0,0.86,1.74,-0.53,0.86,0.78,0.66,9.75,230.06,3.87,4.56,0,0,0,0.0,0.0,0.0
1787615314.068028,08:48:34.068,500,54.15,26.94,1011.44,15.079,0.0,0.0,0.0,1.19,1.35,0.33,1.19,0.77,0.67,9.75,230.12,3.87,4.5,0,0,0,0.0,0.0,0.0
1787615314.169561,08:48:34.169,501,54.25,26.95,1011.43,15.164,0.0,0.0,0.0,-0.88,-2.44,-1.45,-0.88,0.75,0.63,9.75,230.12,3.68,4.37,0,0,0,0.0,0.0,0.0
1787615314.271146,08:48:34.271,502,54.35,26.95,1011.43,15.164,0.0,0.0,0.0,-0.68,-2.24,-2.59,-0.68,0.75,0.61,9.75,230.25,3.56,4.37,0,0,0,0.0,0.0,0.0
1787615314.371735,08:48:34.371,503,54.45,26.95,1011.41,15.33,0.0,0.0,0.0,-1.72,-2.06,-0.3,-1.72,0.73,0.64,9.75,230.43,3.75,4.31,0,0,0,0.0,0.0,0.0
1787615314.474225,08:48:34.474,504,54.55,26.95,1011.41,15.33,0.0,0.0,0.0,3.52,-5.09,0.61,3.52,0.74,0.65,9.75,230.62,3.81,4.31,0,0,0,0.0,0.0,0.0
1787615314.576868,08:48:34.576,505,54.65,26.96,1011.43,15.164,0.0,0.0,0.0,-2.01,4.06,-2.56,-2.01,0.74,0.54,9.76,230.06,3.25,4.31,0,0,0,0.0,0.0,0.0
1787615314.678599,08:48:34.678,506,54.75,26.96,1011.43,15.164,0.0,0.0,0.0,-1.41,1.34,-3.57,-1.41,0.73,0.45,9.76,228.93,2.62,4.25,0,0,0,0.0,0.0,0.0
1787615314.780309,08:48:34.780,507,54.85,26.95,1011.41,15.33,0.0,0.0,0.0,0.53,5.76,0.44,0.53,0.74,0.45,9.76,227.18,2.68,4.31,0,0,0,0.0,0.0,0.0
1787615314.883315,08:48:34.883,508,54.95,26.95,1011.41,15.33,0.0,0.0,0.0,-2.06,5.04,-1.25,-2.06,0.73,0.42,9.76,225.25,2.43,4.25,0,0,0,0.0,0.0,0.0
1787615314.985041,08:48:34.985,509,55.05,26.96,1011.4,15.412,0.0,0.0,0.0,-0.27,-2.77,1.45,-0.27,0.83,0.34,9.76,223.06,2.0,4.87,0,0,0,0.0,0.0,0.0
1787615323.382798,08:48:43.382,4,4.549,26.59,1011.45,14.997,0.0,0.0,0.0,0.0,0.0,0.0,0.0,0.0,0.0,0.0,0.0,0.0,0.0,0,0,0,0.0,0.0,0.0
1787615323.484899,08:48:43.484,5,4.649,26.62,1011.46,14.912,0.0,0.0,0.0,0.0,0.0,0.0,0.0,0.0,0.0,0.0,0.0,0.0,0.0,0,0,0,0.0,0.0,0.0
1787615323.586412,08:48:43.586,6,4.749,26.62,1011.46,14.912,0.0,0.0,0.0,-0.26,-0.02,0.02,-0.26,1.44,0.44,9.68,0.0,2.56,8.43,0,0,0,0.0,0.0,0.0
1787615323.688357,08:48:43.688,7,4.849,26.64,1011.5,14.58,0.0,0.0,0.0,-0.41,-0.07,-0.05,-0.41,1.44,0.42,9.69,0.0,2.5,8.43,0,0,0,0.0,0.0,0.0
1787615323.789831,08:48:43.789,8,4.949,26.64,1011.5,14.58,0.0,0.0,0.0,-0.24,-0.05,-0.05,-0.24,1.44,0.42,9.69,0.0,2.5,8.43,0,0,0,0.0,0.0,0.0
1787615323.891334,08:48:43.891,9,5.049,26.65,1011.39,15.496,0.0,0.0,0.0,-0.26,-0.03,0.0,-0.26,1.44,0.43,9.68,0.0,2.5,8.43,0,0,0,0.0,0.0,0.0
1787615323.992503,08:48:43.992,10,5.149,26.65,1011.39,15.496,0.0,0.0,0.0,-0.23,-0.05,0.0,-0.23,1.44,0.43,9.68,0.0,2.5,8.43,0,0,0,0.0,0.0,0.0
1787615324.093186,08:48:44.093,11,5.249,26.65,1011.4,15.412,0.0,0.0,0.0,-0.24,-0.05,0.03,-0.24,1.44,0.43,9.68,0.0,2.5,8.43,0,0,0,0.0,0.0,0.0
1787615324.194357,08:48:44.194,12,5.349,26.65,1011.4,15.412,0.0,0.0,0.0,-0.27,-0.04,-0.07,-0.27,1.44,0.42,9.69,0.0,2.5,8.43,0,0,0,0.0,0.0,0.0
1787615324.296433,08:48:44.296,13,5.449,26.66,1011.41,15.33,0.0,0.0,0.0,-0.26,-0.05,-0.02,-0.26,1.44,0.42,9.69,0.0,2.5,8.43,0,0,0,0.0,0.0,0.0
1787615324.397202,08:48:44.397,14,5.549,26.66,1011.41,15.33,0.0,0.0,0.0,-0.26,-0.05,-0.02,-0.26,1.44,0.42,9.69,0.0,2.5,8.43,0,0,0,0.0,0.0,0.0
1787615324.499833,08:48:44.499,15,5.649,26.66,1011.42,15.245,0.0,0.0,0.0,-0.27,-0.05,-0.02,-0.27,1.44,0.42,9.69,0.0,2.5,8.43,0,0,0,0.0,0.0,0.0
1787615324.601864,08:48:44.601,16,5.749,26.66,1011.42,15.245,0.0,0.0,0.0,-0.28,-0.05,0.0,-0.28,1.44,0.42,9.69,0.0,2.5,8.43,0,0,0,0.0,0.0,0.0
1787615324.704554,08:48:44.704,17,5.849,26.67,1011.42,15.245,0.0,0.0,0.0,-0.22,-0.02,0.0,-0.22,1.44,0.42,9.69,0.0,2.43,8.43,0,0,0,0.0,0.0,0.0
1787615324.806401,08:48:44.806,18,5.949,26.67,1011.42,15.245,0.0,0.0,0.0,-0.26,-0.05,0.0,-0.26,1.44,0.42,9.69,0.0,2.43,8.43,0,0,0,0.0,0.0,0.0
1787615324.914398,08:48:44.914,19,6.049,26.67,1011.41,15.33,0.0,0.0,0.0,-0.27,-0.04,0.0,-0.27,1.44,0.42,9.69,0.0,2.43,8.43,0,0,0,0.0,0.0,0.0
1787615325.026412,08:48:45.026,20,6.149,26.67,1011.41,15.33,0.0,0.0,0.0,-0.29,-0.04,0.0,-0.29,1.44,0.42,9.69,0.0,2.43,8.43,0,0,0,0.0,0.0,0.0
1787615325.127106,08:48:45.127,21,6.249,26.67,1011.38,15.581,0.0,0.0,0.0,-0.29,-0.06,0.0,-0.29,1.44,0.42,9.69,0.0,2.43,8.43,0,0,0,0.0,0.0,0.0
1787615325.228789,08:48:45.228,22,6.349,26.67,1011.38,15.581,0.0,0.0,0.0,-0.21,-0.03,-0.06,-0.21,1.44,0.42,9.69,0.0,2.43,8.43,0,0,0,0.0,0.0,0.0
1787615325.331420,08:48:45.331,23,6.449,26.67,1011.4,15.412,0.0,0.0,0.0,-0.27,-0.05,-0.02,-0.27,1.44,0.42,9.69,0.0,2.43,8.43,0,0,0,0.0,0.0,0.0
1787615325.433309,08:48:45.433,24,6.549,26.67,1011.4,15.412,0.0,0.0,0.0,-0.25,-0.04,0.0,-0.25,1.44,0.42,9.69,0.0,2.43,8.43,0,0,0,0.0,0.0,0.0
1787615325.536293,08:48:45.536,25,6.649,26.67,1011.39,15.496,0.0,0.0,0.0,-0.27,-0.05,0.01,-0.27,1.44,0.42,9.69,0.0,2.43,8.43,0,0,0,0.0,0.0,0.0
1787615325.638117,08:48:45.638,26,6.749,26.67,1011.39,15.496,0.0,0.0,0.0,-0.29,-0.07,0.01,-0.29,1.44,0.42,9.69,0.0,2.43,8.43,0,0,0,0.0,0.0,0.0
1787615325.740939,08:48:45.740,27,6.849,26.68,1011.41,15.33,0.0,0.0,0.0,-0.25,-0.11,-0.05,-0.25,1.44,0.42,9.69,0.0,2.43,8.43,0,0,0,0.0,0.0,0.0
1787615325.843574,08:48:45.843,28,6.949,26.68,1011.41,15.33,0.0,0.0,0.0,-0.2,-0.07,0.07,-0.2,1.44,0.41,9.69,0.0,2.43,8.43,0,0,0,0.0,0.0,0.0
1787615325.944910,08:48:45.944,29,7.049,26.68,1011.42,15.245,0.0,0.0,0.0,-0.21,-0.06,0.03,-0.21,1.44,0.41,9.69,0.0,2.43,8.43,0,0,0,0.0,0.0,0.0
1787615325.945348,08:48:45.945,30,7.149,26.68,1011.42,15.245,0.0,0.0,0.0,-0.28,-0.05,0.0,-0.28,1.44,0.41,9.69,0.0,2.43,8.43,0,0,0,0.0,0.0,0.0
1787615326.148360,08:48:46.148,31,7.249,26.67,1011.39,15.496,0.0,0.0,0.0,-0.25,-0.05,0.01,-0.25,1.44,0.41,9.69,0.0,2.43,8.43,0,0,0,0.0,0.0,0.0
1787615326.250280,08:48:46.250,32,7.349,26.67,1011.39,15.496,0.0,0.0,0.0,-0.26,-0.05,0.0,-0.26,1.44,0.41,9.69,0.0,2.43,8.43,0,0,0,0.0,0.0,0.0
1787615326.251628,08:48:46.251,33,7.449,26.68,1011.42,15.245,0.0,0.0,0.0,-0.32,-0.05,-0.06,-0.32,1.44,0.41,9.69,0.0,2.43,8.43,0,0,0,0.0,0.0,0.0
1787615326.353158,08:48:46.353,34,7.549,26.68,1011.42,15.245,0.0,0.0,0.0,-0.26,-0.04,0.0,-0.26,1.44,0.41,9.69,0.0,2.43,8.43,0,0,0,0.0,0.0,0.0
1787615326.454303,08:48:46.454,35,7.649,26.68,1011.42,15.245,0.0,0.0,0.0,-0.28,-0.04,0.0,-0.28,1.44,0.41,9.69,0.0,2.43,8.43,0,0,0,0.0,0.0,0.0
1787615326.556107,08:48:46.556,36,7.749,26.68,1011.42,15.245,0.0,0.0,0.0,-0.26,-0.04,0.0,-0.26,1.44,0.41,9.69,0.0,2.43,8.43,0,0,0,0.0,0.0,0.0
1787615326.657933,08:48:46.657,37,7.849,26.67,1011.42,15.245,0.0,0.0,0.0,-0.28,-0.04,0.01,-0.28,1.44,0.41,9.69,0.0,2.43,8.43,0,0,0,0.0,0.0,0.0
1787615326.861951,08:48:46.861,38,7.949,26.67,1011.42,15.245,0.0,0.0,0.0,-0.28,-0.06,0.01,-0.28,1.44,0.41,9.69,0.0,2.43,8.43,0,0,0,0.0,0.0,0.0
1787615326.863022,08:48:46.863,39,8.049,26.68,1011.39,15.496,0.0,0.0,0.0,-0.13,-0.06,0.15,-0.13,1.44,0.42,9.69,0.0,2.43,8.43,0,0,0,0.0,0.0,0.0
1787615326.964742,08:48:46.964,40,8.149,26.68,1011.39,15.496,0.0,0.0,0.0,-0.27,-0.05,0.03,-0.27,1.44,0.41,9.69,0.0,2.43,8.43,0,0,0,0.0,0.0,0.0
1787615327.067036,08:48:47.067,41,8.249,26.68,1011.4,15.412,0.0,0.0,0.0,-0.27,-0.03,0.02,-0.27,1.44,0.41,9.69,0.0,2.43,8.43,0,0,0,0.0,0.0,0.0
1787615327.169596,08:48:47.169,42,8.349,26.68,1011.4,15.412,0.0,0.0,0.0,-0.26,-0.05,0.02,-0.26,1.44,0.41,9.69,0.0,2.43,8.43,0,0,0,0.0,0.0,0.0
1787615327.271223,08:48:47.271,43,8.449,26.68,1011.39,15.496,0.0,0.0,0.0,-0.25,-0.04,0.02,-0.25,1.44,0.41,9.69,0.0,2.43,8.43,0,0,0,0.0,0.0,0.0
1787615327.372475,08:48:47.372,44,8.549,26.68,1011.39,15.496,0.0,0.0,0.0,-0.3,-0.03,0.0,-0.3,1.44,0.41,9.69,0.0,2.43,8.43,0,0,0,0.0,0.0,0.0
1787615327.490447,08:48:47.490,45,8.649,26.69,1011.41,15.33,0.0,0.0,0.0,-0.26,-0.04,0.04,-0.26,1.44,0.41,9.69,0.0,2.43,8.43,0,0,0,0.0,0.0,0.0
1787615327.591950,08:48:47.591,46,8.749,26.69,1011.41,15.33,0.0,0.0,0.0,-0.28,-0.06,0.01,-0.28,1.44,0.41,9.69,0.0,2.43,8.43,0,0,0,0.0,0.0,0.0
1787615327.692826,08:48:47.692,47,8.849,26.68,1011.4,15.412,0.0,0.0,0.0,-0.24,-0.04,0.02,-0.24,1.44,0.41,9.69,0.0,2.43,8.43,0,0,0,0.0,0.0,0.0
1787615327.795651,08:48:47.795,48,8.949,26.68,1011.4,15.412,0.0,0.0,0.0,-0.3,-0.06,0.0,-0.3,1.44,0.41,9.69,0.0,2.43,8.43,0,0,0,0.0,0.0,0.0
1787615327.897895,08:48:47.897,49,9.049,26.67,1011.4,15.412,0.0,0.0,0.0,-0.28,-0.03,0.03,-0.28,1.44,0.41,9.69,0.0,2.43,8.43,0,0,0,0.0,0.0,0.0
1787615328.030206,08:48:48.030,50,9.149,26.67,1011.4,15.412,0.0,0.0,0.0,-0.3,-0.1,0.01,-0.3,1.44,0.41,9.69,0.0,2.43,8.43,0,0,0,0.0,0.0,0.0
1787615328.131677,08:48:48.131,51,9.249,26.69,1011.42,15.245,0.0,0.0,0.0,-0.24,-0.04,0.02,-0.24,1.44,0.42,9.69,0.0,2.43,8.43,0,0,0,0.0,0.0,0.0
1787615328.233541,08:48:48.233,52,9.349,26.69,1011.42,15.245,0.0,0.0,0.0,-0.26,-0.04,0.03,-0.26,1.44,0.42,9.69,0.0,2.43,8.43,0,0,0,0.0,0.0,0.0
1787615328.335177,08:48:48.335,53,9.449,26.69,1011.38,15.581,0.0,0.0,0.0,-0.27,-0.06,0.0,-0.27,1.44,0.42,9.69,0.0,2.43,8.43,0,0,0,0.0,0.0,0.0
1787615328.436703,08:48:48.436,54,9.549,26.69,1011.38,15.581,0.0,0.0,0.0,-0.3,-0.05,0.01,-0.3,1.44,0.42,9.69,0.0,2.43,8.43,0,0,0,0.0,0.0,0.0
1787615328.539581,08:48:48.539,55,9.649,26.68,1011.37,15.663,0.0,0.0,0.0,-0.26,-0.04,0.04,-0.26,1.44,0.42,9.69,0.0,2.43,8.43,0,0,0,0.0,0.0,0.0
1787615328.642983,08:48:48.642,56,9.749,26.68,1011.37,15.663,0.0,0.0,0.0,-0.26,-0.05,0.01,-0.26,1.44,0.42,9.69,0.0,2.43,8.43,0,0,0,0.0,0.0,0.0
1787615328.644407,08:48:48.644,57,9.849,26.7,1011.42,15.245,0.0,0.0,0.0,-0.26,-0.05,0.0,-0.26,1.44,0.42,9.69,0.0,2.43,8.43,0,0,0,0.0,0.0,0.0
1787615328.845647,08:48:48.845,58,9.949,26.7,1011.42,15.245,0.0,0.0,0.0,-0.29,-0.03,0.03,-0.29,1.44,0.42,9.69,0.0,2.43,8.43,0,0,0,0.0,0.0,0.0
1787615328.946584,08:48:48.946,59,10.049,26.7,1011.42,15.245,0.0,0.0,0.0,-0.27,-0.06,0.01,-0.27,1.44,0.42,9.69,0.0,2.43,8.43,0,0,0,0.0,0.0,0.0
1787615328.947114,08:48:48.947,60,10.149,26.7,1011.42,15.245,0.0,0.0,0.0,-0.27,-0.05,0.01,-0.27,1.44,0.42,9.69,0.0,2.43,8.43,0,0,0,0.0,0.0,0.0
1787615329.048155,08:48:49.048,61,10.249,26.7,1011.41,15.33,0.0,0.0,0.0,-0.26,-0.03,0.0,-0.26,1.44,0.42,9.69,0.0,2.43,8.43,0,0,0,0.0,0.0,0.0
1787615329.249262,08:48:49.249,62,10.349,26.7,1011.41,15.33,0.0,0.0,0.0,-0.26,-0.04,0.0,-0.26,1.44,0.42,9.69,0.0,2.43,8.43,0,0,0,0.0,0.0,0.0
1787615329.354804,08:48:49.354,63,10.449,26.7,1011.41,15.33,0.0,0.0,0.0,-0.3,-0.05,0.04,-0.3,1.44,0.42,9.69,0.0,2.43,8.43,0,0,0,0.0,0.0,0.0
1787615329.456250,08:48:49.456,64,10.549,26.7,1011.41,15.33,0.0,0.0,0.0,-0.29,-0.04,0.03,-0.29,1.44,0.42,9.69,0.0,2.43,8.43,0,0,0,0.0,0.0,0.0
1787615329.456558,08:48:49.456,65,10.649,26.72,1011.4,15.412,0.0,0.0,0.0,-0.3,-0.06,0.02,-0.3,1.44,0.42,9.69,0.0,2.43,8.43,0,0,0,0.0,0.0,0.0
1787615329.557381,08:48:49.557,66,10.749,26.72,1011.4,15.412,0.0,0.0,0.0,-0.27,-0.04,0.0,-0.27,1.44,0.42,9.69,0.0,2.43,8.43,0,0,0,0.0,0.0,0.0
1787615329.658594,08:48:49.658,67,10.849,26.72,1011.42,15.245,0.0,0.0,0.0,-0.29,-0.05,0.02,-0.29,1.44,0.42,9.69,0.0,2.43,8.43,0,0,0,0.0,0.0,0.0
1787615329.759434,08:48:49.759,68,10.949,26.72,1011.42,15.245,0.0,0.0,0.0,-0.3,-0.04,0.03,-0.3,1.44,0.42,9.69,0.0,2.43,8.43,0,0,0,0.0,0.0,0.0
1787615329.861413,08:48:49.861,69,11.049,26.72,1011.43,15.164,0.0,0.0,0.0,-0.27,-0.05,0.04,-0.27,1.44,0.42,9.69,0.0,2.43,8.43,0,0,0,0.0,0.0,0.0
1787615329.963921,08:48:49.963,70,11.149,26.72,1011.43,15.164,0.0,0.0,0.0,-0.3,-0.04,0.02,-0.3,1.44,0.42,9.69,0.0,2.43,8.43,0,0,0,0.0,0.0,0.0
1787615330.166589,08:48:50.166,71,11.249,26.73,1011.43,15.164,0.0,0.0,0.0,-0.26,-0.04,0.04,-0.26,1.44,0.42,9.69,0.0,2.43,8.43,0,0,0,0.0,0.0,0.0
1787615330.167657,08:48:50.167,72,11.349,26.73,1011.43,15.164,0.0,0.0,0.0,-0.28,-0.04,0.02,-0.28,1.44,0.42,9.69,0.0,2.43,8.43,0,0,0,0.0,0.0,0.0
1787615330.269004,08:48:50.269,73,11.449,26.72,1011.42,15.245,0.0,0.0,0.0,-0.28,-0.02,0.02,-0.28,1.44,0.42,9.69,0.0,2.43,8.43,0,0,0,0.0,0.0,0.0
1787615330.370188,08:48:50.370,74,11.549,26.72,1011.42,15.245,0.0,0.0,0.0,-0.27,-0.08,0.02,-0.27,1.44,0.42,9.69,0.0,2.43,8.43,0,0,0,0.0,0.0,0.0
1787615330.472134,08:48:50.472,75,11.649,26.72,1011.41,15.33,0.0,0.0,0.0,-0.3,-0.05,0.02,-0.3,1.44,0.42,9.69,0.0,2.43,8.43,0,0,0,0.0,0.0,0.0
1787615330.573371,08:48:50.573,76,11.749,26.72,1011.41,15.33,0.0,0.0,0.0,-0.29,-0.05,0.03,-0.29,1.44,0.42,9.69,0.0,2.43,8.43,0,0,0,0.0,0.0,0.0
1787615330.675344,08:48:50.675,77,11.849,26.73,1011.41,15.33,0.0,0.0,0.0,-0.3,-0.06,0.01,-0.3,1.44,0.42,9.69,0.0,2.43,8.43,0,0,0,0.0,0.0,0.0
1787615330.776473,08:48:50.776,78,11.949,26.73,1011.41,15.33,0.0,0.0,0.0,-0.27,-0.04,0.03,-0.27,1.44,0.42,9.69,0.0,2.43,8.43,0,0,0,0.0,0.0,0.0
1787615330.877272,08:48:50.877,79,12.049,26.74,1011.43,15.164,0.0,0.0,0.0,-0.29,-0.05,0.01,-0.29,1.44,0.42,9.69,0.0,2.43,8.43,0,0,0,0.0,0.0,0.0
1787615330.979235,08:48:50.979,80,12.149,26.74,1011.43,15.164,0.0,0.0,0.0,-0.29,-0.05,0.04,-0.29,1.44,0.42,9.69,0.0,2.43,8.43,0,0,0,0.0,0.0,0.0
1787615331.081694,08:48:51.081,81,12.249,26.72,1011.39,15.496,0.0,0.0,0.0,-0.27,-0.05,0.0,-0.27,1.44,0.42,9.69,0.0,2.43,8.43,0,0,0,0.0,0.0,0.0
1787615331.182626,08:48:51.182,82,12.349,26.72,1011.39,15.496,0.0,0.0,0.0,-0.26,-0.07,0.02,-0.26,1.44,0.42,9.69,0.0,2.43,8.43,0,0,0,0.0,0.0,0.0
1787615331.283726,08:48:51.283,83,12.449,26.73,1011.43,15.164,0.0,0.0,0.0,-0.28,-0.05,0.02,-0.28,1.44,0.42,9.69,0.0,2.43,8.43,0,0,0,0.0,0.0,0.0
1787615331.392810,08:48:51.392,84,12.549,26.73,1011.43,15.164,0.0,0.0,0.0,-0.28,-0.03,0.04,-0.28,1.44,0.42,9.69,0.0,2.43,8.43,0,0,0,0.0,0.0,0.0
1787615331.505809,08:48:51.505,85,12.649,26.74,1011.41,15.33,0.0,0.0,0.0,-0.28,-0.06,0.02,-0.28,1.44,0.42,9.69,0.0,2.43,8.43,0,0,0,0.0,0.0,0.0
1787615331.606705,08:48:51.606,86,12.749,26.74,1011.41,15.33,0.0,0.0,0.0,-0.27,-0.04,0.03,-0.27,1.44,0.42,9.69,0.0,2.43,8.43,0,0,0,0.0,0.0,0.0
1787615331.708364,08:48:51.708,87,12.849,26.74,1011.43,15.164,0.0,0.0,0.0,-0.3,-0.05,0.02,-0.3,1.44,0.42,9.69,0.0,2.43,8.43,0,0,0,0.0,0.0,0.0
1787615331.809134,08:48:51.809,88,12.949,26.74,1011.43,15.164,0.0,0.0,0.0,-0.26,-0.05,0.02,-0.26,1.44,0.42,9.69,0.0,2.43,8.43,0,0,0,0.0,0.0,0.0
1787615331.947700,08:48:51.947,89,13.049,26.74,1011.41,15.33,0.0,0.0,0.0,-0.27,-0.03,0.02,-0.27,1.44,0.42,9.69,0.0,2.43,8.43,0,0,0,0.0,0.0,0.0
1787615331.948214,08:48:51.948,90,13.149,26.74,1011.41,15.33,0.0,0.0,0.0,-0.27,-0.04,0.01,-0.27,1.44,0.42,9.69,0.0,2.43,8.43,0,0,0,0.0,0.0,0.0
1787615332.049000,08:48:52.049,91,13.249,26.74,1011.42,15.245,0.0,0.0,0.0,-0.24,-0.04,0.01,-0.24,1.44,0.42,9.69,0.0,2.43,8.43,0,0,0,0.0,0.0,0.0
1787615332.251316,08:48:52.251,92,13.349,26.74,1011.42,15.245,0.0,0.0,0.0,-0.26,-0.07,0.02,-0.26,1.44,0.42,9.69,0.0,2.43,8.43,0,0,0,0.0,0.0,0.0
1787615332.252701,08:48:52.252,93,13.449,26.73,1011.39,15.496,0.0,0.0,0.0,-0.24,-0.05,0.01,-0.24,1.44,0.42,9.69,0.0,2.43,8.43,0,0,0,0.0,0.0,0.0
1787615332.454434,08:48:52.454,94,13.549,26.73,1011.39,15.496,0.0,0.0,0.0,-0.28,-0.06,0.02,-0.28,1.44,0.42,9.69,0.0,2.43,8.43,0,0,0,0.0,0.0,0.0
1787615332.556788,08:48:52.556,95,13.649,26.74,1011.4,15.412,0.0,0.0,0.0,-0.29,-0.05,0.02,-0.29,1.44,0.42,9.69,0.0,2.43,8.43,0,0,0,0.0,0.0,0.0
1787615332.569047,08:48:52.569,96,13.749,26.74,1011.4,15.412,0.0,0.0,0.0,-0.26,-0.04,0.04,-0.26,1.44,0.42,9.69,0.0,2.43,8.43,0,0,0,0.0,0.0,0.0
1787615332.677037,08:48:52.677,97,13.849,26.73,1011.41,15.33,0.0,0.0,0.0,-0.25,-0.07,0.03,-0.25,1.44,0.42,9.69,0.0,2.43,8.43,0,0,0,0.0,0.0,0.0
1787615332.677354,08:48:52.677,98,13.859,26.73,1011.41,15.33,0.0,0.0,0.0,-0.25,-0.07,0.03,-0.25,1.44,0.42,9.69,0.0,2.43,8.43,0,0,0,0.0,0.0,0.0
1787615332.778903,08:48:52.778,99,13.869,26.73,1011.41,15.33,0.0,0.0,0.0,-0.25,-0.07,0.03,-0.25,1.44,0.42,9.69,0.0,2.43,8.43,0,0,0,0.0,0.0,0.0
1787615332.780135,08:48:52.780,100,13.879,26.73,1011.41,15.33,0.0,0.0,0.0,-0.25,-0.07,0.03,-0.25,1.44,0.42,9.69,0.0,2.43,8.43,0,0,0,0.0,0.0,0.0
1787615332.780597,08:48:52.780,101,13.889,26.73,1011.41,15.33,0.0,0.0,0.0,-0.25,-0.07,0.03,-0.25,1.44,0.42,9.69,0.0,2.43,8.43,0,0,0,0.0,0.0,0.0
1787615332.780865,08:48:52.780,102,13.899,26.73,1011.41,15.33,0.0,0.0,0.0,-0.25,-0.07,0.03,-0.25,1.44,0.42,9.69,0.0,2.43,8.43,0,0,0,0.0,0.0,0.0
1787615332.781163,08:48:52.781,103,13.909,26.73,1011.41,15.33,0.0,0.0,0.0,-0.25,-0.07,0.03,-0.25,1.44,0.42,9.69,0.0,2.43,8.43,0,0,0,0.0,0.0,0.0
1787615332.781540,08:48:52.781,104,13.919,26.73,1011.41,15.33,0.0,0.0,0.0,-0.25,-0.07,0.03,-0.25,1.44,0.42,9.69,0.0,2.43,8.43,0,0,0,0.0,0.0,0.0
1787615332.781921,08:48:52.781,105,13.929,26.73,1011.41,15.33,0.0,0.0,0.0,-0.26,-0.04,0.04,-0.26,1.44,0.42,9.69,0.0,2.43,8.43,0,0,0,0.0,0.0,0.0
1787615332.782297,08:48:52.782,106,13.939,26.73,1011.41,15.33,0.0,0.0,0.0,-0.26,-0.04,0.04,-0.26,1.44,0.42,9.69,0.0,2.43,8.43,0,0,0,0.0,0.0,0.0
1787615332.782673,08:48:52.782,107,13.949,26.73,1011.41,15.33,0.0,0.0,0.0,-0.26,-0.04,0.04,-0.26,1.44,0.42,9.69,0.0,2.43,8.43,0,0,0,0.0,0.0,0.0
1787615332.783049,08:48:52.783,108,13.959,26.73,1011.41,15.33,0.0,0.0,0.0,-0.26,-0.04,0.04,-0.26,1.44,0.42,9.69,0.0,2.43,8.43,0,0,0,0.0,0.0,0.0
1787615332.884609,08:48:52.884,109,13.969,26.74,1011.41,15.33,0.0,0.0,0.0,-0.26,-0.04,0.04,-0.26,1.44,0.42,9.69,0.0,2.43,8.43,0,0,0,0.0,0.0,0.0
1787615332.885119,08:48:52.885,110,13.979,26.74,1011.41,15.33,0.0,0.0,0.0,-0.26,-0.04,0.04,-0.26,1.44,0.42,9.69,0.0,2.43,8.43,0,0,0,0.0,0.0,0.0
1787615332.885360,08:48:52.885,111,13.989,26.74,1011.41,15.33,0.0,0.0,0.0,-0.26,-0.04,0.04,-0.26,1.44,0.42,9.69,0.0,2.43,8.43,0,0,0,0.0,0.0,0.0
1787615332.885590,08:48:52.885,112,13.999,26.74,1011.41,15.33,0.0,0.0,0.0,-0.26,-0.04,0.04,-0.26,1.44,0.42,9.69,0.0,2.43,8.43,0,0,0,0.0,0.0,0.0
1787615332.885814,08:48:52.885,113,14.009,26.74,1011.41,15.33,0.0,0.0,0.0,-0.26,-0.04,0.04,-0.26,1.44,0.42,9.69,0.0,2.43,8.43,0,0,0,0.0,0.0,0.0
1787615332.886157,08:48:52.886,114,14.019,26.74,1011.41,15.33,0.0,0.0,0.0,-0.26,-0.04,0.04,-0.26,1.44,0.42,9.69,0.0,2.43,8.43,0,0,0,0.0,0.0,0.0
1787615332.886381,08:48:52.886,115,14.029,26.74,1011.41,15.33,0.0,0.0,0.0,-0.26,-0.07,0.01,-0.26,1.44,0.42,9.69,0.0,2.43,8.43,0,0,0,0.0,0.0,0.0
1787615332.886624,08:48:52.886,116,14.039,26.74,1011.41,15.33,0.0,0.0,0.0,-0.26,-0.07,0.01,-0.26,1.44,0.42,9.69,0.0,2.43,8.43,0,0,0,0.0,0.0,0.0
1787615332.886847,08:48:52.886,117,14.049,26.74,1011.41,15.33,0.0,0.0,0.0,-0.26,-0.07,0.01,-0.26,1.44,0.42,9.69,0.0,2.43,8.43,0,0,0,0.0,0.0,0.0
1787615332.887066,08:48:52.887,118,14.059,26.74,1011.41,15.33,0.0,0.0,0.0,-0.26,-0.07,0.01,-0.26,1.44,0.42,9.69,0.0,2.43,8.43,0,0,0,0.0,0.0,0.0
1787615332.887300,08:48:52.887,119,14.069,26.74,1011.41,15.33,0.0,0.0,0.0,-0.26,-0.07,0.01,-0.26,1.44,0.42,9.69,0.0,2.43,8.43,0,0,0,0.0,0.0,0.0
1787615332.887529,08:48:52.887,120,14.079,26.74,1011.41,15.33,0.0,0.0,0.0,-0.26,-0.07,0.01,-0.26,1.44,0.42,9.69,0.0,2.43,8.43,0,0,0,0.0,0.0,0.0
1787615332.989090,08:48:52.989,121,14.089,26.74,1011.41,15.33,0.0,0.0,0.0,-0.26,-0.07,0.01,-0.26,1.44,0.42,9.69,0.0,2.43,8.43,0,0,0,0.0,0.0,0.0
1787615332.990506,08:48:52.990,122,14.099,26.74,1011.41,15.33,0.0,0.0,0.0,-0.26,-0.07,0.01,-0.26,1.44,0.42,9.69,0.0,2.43,8.43,0,0,0,0.0,0.0,0.0
1787615332.991196,08:48:52.991,123,14.109,26.74,1011.41,15.33,0.0,0.0,0.0,-0.26,-0.07,0.01,-0.26,1.44,0.42,9.69,0.0,2.43,8.43,0,0,0,0.0,0.0,0.0
1787615332.991880,08:48:52.991,124,14.119,26.74,1011.41,15.33,0.0,0.0,0.0,-0.26,-0.07,0.01,-0.26,1.44,0.42,9.69,0.0,2.43,8.43,0,0,0,0.0,0.0,0.0
1787615332.992558,08:48:52.992,125,14.129,26.74,1011.41,15.33,0.0,0.0,0.0,-0.26,-0.07,0.01,-0.26,1.44,0.42,9.69,0.0,2.43,8.43,0,0,0,0.0,0.0,0.0
1787615332.993212,08:48:52.993,126,14.139,26.74,1011.41,15.33,0.0,0.0,0.0,-0.24,-0.06,0.01,-0.24,1.44,0.42,9.69,0.0,2.43,8.43,0,0,0,0.0,0.0,0.0
1787615332.993868,08:48:52.993,127,14.149,26.74,1011.41,15.33,0.0,0.0,0.0,-0.24,-0.06,0.01,-0.24,1.44,0.42,9.69,0.0,2.43,8.43,0,0,0,0.0,0.0,0.0
1787615332.994523,08:48:52.994,128,14.159,26.74,1011.41,15.33,0.0,0.0,0.0,-0.24,-0.06,0.01,-0.24,1.44,0.42,9.69,0.0,2.43,8.43,0,0,0,0.0,0.0,0.0
1787615332.995184,08:48:52.995,129,14.169,26.74,1011.42,15.245,0.0,0.0,0.0,-0.24,-0.06,0.01,-0.24,1.44,0.42,9.69,0.0,2.43,8.43,0,0,0,0.0,0.0,0.0
1787615332.995848,08:48:52.995,130,14.179,26.74,1011.42,15.245,0.0,0.0,0.0,-0.24,-0.06,0.01,-0.24,1.44,0.42,9.69,0.0,2.43,8.43,0,0,0,0.0,0.0,0.0
1787615333.096936,08:48:53.096,131,14.189,26.74,1011.42,15.245,0.0,0.0,0.0,-0.24,-0.06,0.01,-0.24,1.44,0.42,9.69,0.0,2.43,8.43,0,0,0,0.0,0.0,0.0
1787615333.097282,08:48:53.097,132,14.199,26.74,1011.42,15.245,0.0,0.0,0.0,-0.24,-0.06,0.01,-0.24,1.44,0.42,9.69,0.0,2.43,8.43,0,0,0,0.0,0.0,0.0
1787615333.097462,08:48:53.097,133,14.209,26.74,1011.42,15.245,0.0,0.0,0.0,-0.24,-0.06,0.01,-0.24,1.44,0.42,9.69,0.0,2.43,8.43,0,0,0,0.0,0.0,0.0
1787615333.097634,08:48:53.097,134,14.219,26.74,1011.42,15.245,0.0,0.0,0.0,-0.24,-0.06,0.01,-0.24,1.44,0.42,9.69,0.0,2.43,8.43,0,0,0,0.0,0.0,0.0
1787615333.097816,08:48:53.097,135,14.229,26.74,1011.42,15.245,0.0,0.0,0.0,-0.24,-0.06,0.01,-0.24,1.44,0.42,9.69,0.0,2.43,8.43,0,0,0,0.0,0.0,0.0
1787615333.098088,08:48:53.098,136,14.239,26.74,1011.42,15.245,0.0,0.0,0.0,-0.26,-0.04,0.02,-0.26,1.44,0.42,9.69,0.0,2.43,8.43,0,0,0,0.0,0.0,0.0
1787615333.098267,08:48:53.098,137,14.249,26.74,1011.42,15.245,0.0,0.0,0.0,-0.26,-0.04,0.02,-0.26,1.44,0.42,9.69,0.0,2.43,8.43,0,0,0,0.0,0.0,0.0
1787615333.098440,08:48:53.098,138,14.259,26.74,1011.42,15.245,0.0,0.0,0.0,-0.26,-0.04,0.02,-0.26,1.44,0.42,9.69,0.0,2.43,8.43,0,0,0,0.0,0.0,0.0
1787615333.098614,08:48:53.098,139,14.269,26.74,1011.42,15.245,0.0,0.0,0.0,-0.26,-0.04,0.02,-0.26,1.44,0.42,9.69,0.0,2.43,8.43,0,0,0,0.0,0.0,0.0
1787615333.098781,08:48:53.098,140,14.279,26.74,1011.42,15.245,0.0,0.0,0.0,-0.26,-0.04,0.02,-0.26,1.44,0.42,9.69,0.0,2.43,8.43,0,0,0,0.0,0.0,0.0
1787615333.098951,08:48:53.098,141,14.289,26.74,1011.42,15.245,0.0,0.0,0.0,-0.26,-0.04,0.02,-0.26,1.44,0.42,9.69,0.0,2.43,8.43,0,0,0,0.0,0.0,0.0
1787615333.099120,08:48:53.099,142,14.299,26.74,1011.42,15.245,0.0,0.0,0.0,-0.26,-0.04,0.02,-0.26,1.44,0.42,9.69,0.0,2.43,8.43,0,0,0,0.0,0.0,0.0
1787615333.200504,08:48:53.200,143,14.309,26.74,1011.42,15.245,0.0,0.0,0.0,-0.26,-0.04,0.02,-0.26,1.44,0.42,9.69,0.0,2.43,8.43,0,0,0,0.0,0.0,0.0
1787615333.201268,08:48:53.201,144,14.319,26.74,1011.42,15.245,0.0,0.0,0.0,-0.26,-0.04,0.02,-0.26,1.44,0.42,9.69,0.0,2.43,8.43,0,0,0,0.0,0.0,0.0
1787615333.201657,08:48:53.201,145,14.329,26.74,1011.42,15.245,0.0,0.0,0.0,-0.23,-0.06,0.05,-0.23,1.44,0.42,9.69,0.0,2.43,8.43,0,0,0,0.0,0.0,0.0
1787615333.201872,08:48:53.201,146,14.339,26.74,1011.42,15.245,0.0,0.0,0.0,-0.23,-0.06,0.05,-0.23,1.44,0.42,9.69,0.0,2.43,8.43,0,0,0,0.0,0.0,0.0
1787615333.202070,08:48:53.202,147,14.349,26.74,1011.42,15.245,0.0,0.0,0.0,-0.23,-0.06,0.05,-0.23,1.44,0.42,9.69,0.0,2.43,8.43,0,0,0,0.0,0.0,0.0
1787615333.202264,08:48:53.202,148,14.359,26.74,1011.42,15.245,0.0,0.0,0.0,-0.23,-0.06,0.05,-0.23,1.44,0.42,9.69,0.0,2.43,8.43,0,0,0,0.0,0.0,0.0
1787615333.202463,08:48:53.202,149,14.369,26.74,1011.42,15.245,0.0,0.0,0.0,-0.23,-0.06,0.05,-0.23,1.44,0.42,9.69,0.0,2.43,8.43,0,0,0,0.0,0.0,0.0
1787615333.202660,08:48:53.202,150,14.379,26.74,1011.42,15.245,0.0,0.0,0.0,-0.23,-0.06,0.05,-0.23,1.44,0.42,9.69,0.0,2.43,8.43,0,0,0,0.0,0.0,0.0
1787615333.202863,08:48:53.202,151,14.389,26.74,1011.42,15.245,0.0,0.0,0.0,-0.23,-0.06,0.05,-0.23,1.44,0.42,9.69,0.0,2.43,8.43,0,0,0,0.0,0.0,0.0
1787615333.303941,08:48:53.303,152,14.399,26.74,1011.42,15.245,0.0,0.0,0.0,-0.23,-0.06,0.05,-0.23,1.44,0.42,9.69,0.0,2.43,8.43,0,0,0,0.0,0.0,0.0
1787615333.304306,08:48:53.304,153,14.409,26.74,1011.42,15.245,0.0,0.0,0.0,-0.23,-0.06,0.05,-0.23,1.44,0.42,9.69,0.0,2.43,8.43,0,0,0,0.0,0.0,0.0
1787615333.304485,08:48:53.304,154,14.419,26.74,1011.42,15.245,0.0,0.0,0.0,-0.23,-0.06,0.05,-0.23,1.44,0.42,9.69,0.0,2.43,8.43,0,0,0,0.0,0.0,0.0
1787615333.304661,08:48:53.304,155,14.429,26.74,1011.42,15.245,0.0,0.0,0.0,-0.25,-0.04,0.05,-0.25,1.44,0.42,9.69,0.0,2.43,8.43,0,0,0,0.0,0.0,0.0
1787615333.304840,08:48:53.304,156,14.439,26.74,1011.42,15.245,0.0,0.0,0.0,-0.25,-0.04,0.05,-0.25,1.44,0.42,9.69,0.0,2.43,8.43,0,0,0,0.0,0.0,0.0
1787615333.305010,08:48:53.305,157,14.449,26.74,1011.42,15.245,0.0,0.0,0.0,-0.25,-0.04,0.05,-0.25,1.44,0.42,9.69,0.0,2.43,8.43,0,0,0,0.0,0.0,0.0
1787615333.305181,08:48:53.305,158,14.459,26.74,1011.42,15.245,0.0,0.0,0.0,-0.25,-0.04,0.05,-0.25,1.44,0.42,9.69,0.0,2.43,8.43,0,0,0,0.0,0.0,0.0
1787615333.305353,08:48:53.305,159,14.469,26.74,1011.42,15.245,0.0,0.0,0.0,-0.25,-0.04,0.05,-0.25,1.44,0.42,9.69,0.0,2.43,8.43,0,0,0,0.0,0.0,0.0
1787615333.305528,08:48:53.305,160,14.479,26.74,1011.42,15.245,0.0,0.0,0.0,-0.25,-0.04,0.05,-0.25,1.44,0.42,9.69,0.0,2.43,8.43,0,0,0,0.0,0.0,0.0
1787615333.305696,08:48:53.305,161,14.489,26.74,1011.42,15.245,0.0,0.0,0.0,-0.25,-0.04,0.05,-0.25,1.44,0.42,9.69,0.0,2.43,8.43,0,0,0,0.0,0.0,0.0
1787615333.305866,08:48:53.305,162,14.499,26.74,1011.42,15.245,0.0,0.0,0.0,-0.25,-0.04,0.05,-0.25,1.44,0.42,9.69,0.0,2.43,8.43,0,0,0,0.0,0.0,0.0
1787615333.406674,08:48:53.406,163,14.509,26.74,1011.42,15.245,0.0,0.0,0.0,-0.25,-0.04,0.05,-0.25,1.44,0.42,9.69,0.0,2.43,8.43,0,0,0,0.0,0.0,0.0
1787615333.408155,08:48:53.408,164,14.519,26.74,1011.42,15.245,0.0,0.0,0.0,-0.25,-0.04,0.05,-0.25,1.44,0.42,9.69,0.0,2.43,8.43,0,0,0,0.0,0.0,0.0
1787615333.408847,08:48:53.408,165,14.529,26.74,1011.42,15.245,0.0,0.0,0.0,-0.28,0.0,0.03,-0.28,1.44,0.42,9.69,0.0,2.43,8.43,0,0,0,0.0,0.0,0.0
1787615333.409514,08:48:53.409,166,14.539,26.74,1011.42,15.245,0.0,0.0,0.0,-0.28,0.0,0.03,-0.28,1.44,0.42,9.69,0.0,2.43,8.43,0,0,0,0.0,0.0,0.0
1787615333.410166,08:48:53.410,167,14.549,26.74,1011.42,15.245,0.0,0.0,0.0,-0.28,0.0,0.03,-0.28,1.44,0.42,9.69,0.0,2.43,8.43,0,0,0,0.0,0.0,0.0
1787615333.410825,08:48:53.410,168,14.559,26.74,1011.42,15.245,0.0,0.0,0.0,-0.28,0.0,0.03,-0.28,1.44,0.42,9.69,0.0,2.43,8.43,0,0,0,0.0,0.0,0.0
1787615333.411475,08:48:53.411,169,14.569,26.73,1011.39,15.496,0.0,0.0,0.0,-0.28,0.0,0.03,-0.28,1.44,0.42,9.69,0.0,2.43,8.43,0,0,0,0.0,0.0,0.0
1787615333.412205,08:48:53.412,170,14.579,26.73,1011.39,15.496,0.0,0.0,0.0,-0.28,0.0,0.03,-0.28,1.44,0.42,9.69,0.0,2.43,8.43,0,0,0,0.0,0.0,0.0
1787615333.412535,08:48:53.412,171,14.589,26.73,1011.39,15.496,0.0,0.0,0.0,-0.28,0.0,0.03,-0.28,1.44,0.42,9.69,0.0,2.43,8.43,0,0,0,0.0,0.0,0.0
1787615333.412903,08:48:53.412,172,14.599,26.73,1011.39,15.496,0.0,0.0,0.0,-0.28,0.0,0.03,-0.28,1.44,0.42,9.69,0.0,2.43,8.43,0,0,0,0.0,0.0,0.0
1787615333.413296,08:48:53.413,173,14.609,26.73,1011.39,15.496,0.0,0.0,0.0,-0.28,0.0,0.03,-0.28,1.44,0.42,9.69,0.0,2.43,8.43,0,0,0,0.0,0.0,0.0
1787615333.413533,08:48:53.413,174,14.619,26.73,1011.39,15.496,0.0,0.0,0.0,-0.28,0.0,0.03,-0.28,1.44,0.42,9.69,0.0,2.43,8.43,0,0,0,0.0,0.0,0.0
1787615333.514258,08:48:53.514,175,14.629,26.73,1011.39,15.496,0.0,0.0,0.0,-0.28,-0.05,0.01,-0.28,1.44,0.42,9.69,0.0,2.43,8.43,0,0,0,0.0,0.0,0.0
1787615333.514564,08:48:53.514,176,14.639,26.73,1011.39,15.496,0.0,0.0,0.0,-0.28,-0.05,0.01,-0.28,1.44,0.42,9.69,0.0,2.43,8.43,0,0,0,0.0,0.0,0.0
1787615333.514759,08:48:53.514,177,14.649,26.73,1011.39,15.496,0.0,0.0,0.0,-0.28,-0.05,0.01,-0.28,1.44,0.42,9.69,0.0,2.43,8.43,0,0,0,0.0,0.0,0.0
1787615333.514950,08:48:53.514,178,14.659,26.73,1011.39,15.496,0.0,0.0,0.0,-0.28,-0.05,0.01,-0.28,1.44,0.42,9.69,0.0,2.43,8.43,0,0,0,0.0,0.0,0.0
1787615333.515142,08:48:53.515,179,14.669,26.73,1011.39,15.496,0.0,0.0,0.0,-0.28,-0.05,0.01,-0.28,1.44,0.42,9.69,0.0,2.43,8.43,0,0,0,0.0,0.0,0.0
1787615333.515330,08:48:53.515,180,14.679,26.73,1011.39,15.496,0.0,0.0,0.0,-0.28,-0.05,0.01,-0.28,1.44,0.42,9.69,0.0,2.43,8.43,0,0,0,0.0,0.0,0.0
1787615333.515518,08:48:53.515,181,14.689,26.73,1011.39,15.496,0.0,0.0,0.0,-0.28,-0.05,0.01,-0.28,1.44,0.42,9.69,0.0,2.43,8.43,0,0,0,0.0,0.0,0.0
1787615333.515707,08:48:53.515,182,14.699,26.73,1011.39,15.496,0.0,0.0,0.0,-0.28,-0.05,0.01,-0.28,1.44,0.42,9.69,0.0,2.43,8.43,0,0,0,0.0,0.0,0.0
1787615333.515894,08:48:53.515,183,14.709,26.73,1011.39,15.496,0.0,0.0,0.0,-0.28,-0.05,0.01,-0.28,1.44,0.42,9.69,0.0,2.43,8.43,0,0,0,0.0,0.0,0.0
1787615333.616894,08:48:53.616,184,14.719,26.73,1011.39,15.496,0.0,0.0,0.0,-0.28,-0.05,0.01,-0.28,1.44,0.42,9.69,0.0,2.43,8.43,0,0,0,0.0,0.0,0.0
1787615333.617183,08:48:53.617,185,14.729,26.73,1011.39,15.496,0.0,0.0,0.0,-0.27,-0.06,0.05,-0.27,1.44,0.42,9.69,0.0,2.43,8.43,0,0,0,0.0,0.0,0.0
1787615333.617345,08:48:53.617,186,14.739,26.73,1011.39,15.496,0.0,0.0,0.0,-0.27,-0.06,0.05,-0.27,1.44,0.42,9.69,0.0,2.43,8.43,0,0,0,0.0,0.0,0.0
1787615333.617502,08:48:53.617,187,14.749,26.73,1011.39,15.496,0.0,0.0,0.0,-0.27,-0.06,0.05,-0.27,1.44,0.42,9.69,0.0,2.43,8.43,0,0,0,0.0,0.0,0.0
1787615333.617656,08:48:53.617,188,14.759,26.73,1011.39,15.496,0.0,0.0,0.0,-0.27,-0.06,0.05,-0.27,1.44,0.42,9.69,0.0,2.43,8.43,0,0,0,0.0,0.0,0.0
1787615333.617817,08:48:53.617,189,14.769,26.73,1011.41,15.33,0.0,0.0,0.0,-0.27,-0.06,0.05,-0.27,1.44,0.42,9.69,0.0,2.43,8.43,0,0,0,0.0,0.0,0.0
1787615333.617970,08:48:53.617,190,14.779,26.73,1011.41,15.33,0.0,0.0,0.0,-0.27,-0.06,0.05,-0.27,1.44,0.42,9.69,0.0,2.43,8.43,0,0,0,0.0,0.0,0.0
1787615333.618124,08:48:53.618,191,14.789,26.73,1011.41,15.33,0.0,0.0,0.0,-0.27,-0.06,0.05,-0.27,1.44,0.42,9.69,0.0,2.43,8.43,0,0,0,0.0,0.0,0.0
1787615333.618276,08:48:53.618,192,14.799,26.73,1011.41,15.33,0.0,0.0,0.0,-0.27,-0.06,0.05,-0.27,1.44,0.42,9.69,0.0,2.43,8.43,0,0,0,0.0,0.0,0.0
1787615333.618429,08:48:53.618,193,14.809,26.73,1011.41,15.33,0.0,0.0,0.0,-0.27,-0.06,0.05,-0.27,1.44,0.42,9.69,0.0,2.43,8.43,0,0,0,0.0,0.0,0.0
1787615333.719566,08:48:53.719,194,14.819,26.73,1011.41,15.33,0.0,0.0,0.0,-0.27,-0.06,0.05,-0.27,1.44,0.42,9.69,0.0,2.43,8.43,0,0,0,0.0,0.0,0.0
1787615333.720782,08:48:53.720,195,14.829,26.73,1011.41,15.33,0.0,0.0,0.0,-0.27,-0.05,0.02,-0.27,1.44,0.42,9.69,0.0,2.43,8.43,0,0,0,0.0,0.0,0.0
1787615333.721168,08:48:53.721,196,14.839,26.73,1011.41,15.33,0.0,0.0,0.0,-0.27,-0.05,0.02,-0.27,1.44,0.42,9.69,0.0,2.43,8.43,0,0,0,0.0,0.0,0.0
1787615333.721510,08:48:53.721,197,14.849,26.73,1011.41,15.33,0.0,0.0,0.0,-0.27,-0.05,0.02,-0.27,1.44,0.42,9.69,0.0,2.43,8.43,0,0,0,0.0,0.0,0.0
1787615333.721846,08:48:53.721,198,14.859,26.73,1011.41,15.33,0.0,0.0,0.0,-0.27,-0.05,0.02,-0.27,1.44,0.42,9.69,0.0,2.43,8.43,0,0,0,0.0,0.0,0.0
1787615333.722173,08:48:53.722,199,14.869,26.73,1011.41,15.33,0.0,0.0,0.0,-0.27,-0.05,0.02,-0.27,1.44,0.42,9.69,0.0,2.43,8.43,0,0,0,0.0,0.0,0.0
1787615333.722508,08:48:53.722,200,14.879,26.73,1011.41,15.33,0.0,0.0,0.0,-0.27,-0.05,0.02,-0.27,1.44,0.42,9.69,0.0,2.43,8.43,0,0,0,0.0,0.0,0.0
1787615333.722844,08:48:53.722,201,14.889,26.73,1011.41,15.33,0.0,0.0,0.0,-0.27,-0.05,0.02,-0.27,1.44,0.42,9.69,0.0,2.43,8.43,0,0,0,0.0,0.0,0.0
1787615333.723198,08:48:53.723,202,14.899,26.73,1011.41,15.33,0.0,0.0,0.0,-0.27,-0.05,0.02,-0.27,1.44,0.42,9.69,0.0,2.43,8.43,0,0,0,0.0,0.0,0.0
1787615333.723639,08:48:53.723,203,14.909,26.73,1011.41,15.33,0.0,0.0,0.0,-0.27,-0.05,0.02,-0.27,1.44,0.42,9.69,0.0,2.43,8.43,0,0,0,0.0,0.0,0.0
1787615333.723995,08:48:53.723,204,14.919,26.73,1011.41,15.33,0.0,0.0,0.0,-0.27,-0.05,0.02,-0.27,1.44,0.42,9.69,0.0,2.43,8.43,0,0,0,0.0,0.0,0.0
1787615333.825360,08:48:53.825,205,14.929,26.73,1011.41,15.33,0.0,0.0,0.0,-0.26,-0.05,0.0,-0.26,1.44,0.42,9.69,0.0,2.43,8.43,0,0,0,0.0,0.0,0.0
1787615333.826759,08:48:53.826,206,14.939,26.73,1011.41,15.33,0.0,0.0,0.0,-0.26,-0.05,0.0,-0.26,1.44,0.42,9.69,0.0,2.43,8.43,0,0,0,0.0,0.0,0.0
1787615333.827523,08:48:53.827,207,14.949,26.73,1011.41,15.33,0.0,0.0,0.0,-0.26,-0.05,0.0,-0.26,1.44,0.42,9.69,0.0,2.43,8.43,0,0,0,0.0,0.0,0.0
1787615333.828232,08:48:53.828,208,14.959,26.73,1011.41,15.33,0.0,0.0,0.0,-0.26,-0.05,0.0,-0.26,1.44,0.42,9.69,0.0,2.43,8.43,0,0,0,0.0,0.0,0.0
1787615333.828931,08:48:53.828,209,14.969,26.73,1011.41,15.33,0.0,0.0,0.0,-0.26,-0.05,0.0,-0.26,1.44,0.42,9.69,0.0,2.43,8.43,0,0,0,0.0,0.0,0.0
1787615333.829618,08:48:53.829,210,14.979,26.73,1011.41,15.33,0.0,0.0,0.0,-0.26,-0.05,0.0,-0.26,1.44,0.42,9.69,0.0,2.43,8.43,0,0,0,0.0,0.0,0.0
1787615333.830310,08:48:53.830,211,14.989,26.73,1011.41,15.33,0.0,0.0,0.0,-0.26,-0.05,0.0,-0.26,1.44,0.42,9.69,0.0,2.43,8.43,0,0,0,0.0,0.0,0.0
1787615333.830812,08:48:53.830,212,14.999,26.73,1011.41,15.33,0.0,0.0,0.0,-0.26,-0.05,0.0,-0.26,1.44,0.42,9.69,0.0,2.43,8.43,0,0,0,0.0,0.0,0.0
1787615333.831067,08:48:53.831,213,15.009,26.73,1011.41,15.33,0.0,0.0,0.0,-0.26,-0.05,0.0,-0.26,1.44,0.42,9.69,0.0,2.43,8.43,0,0,0,0.0,0.0,0.0
1787615333.831371,08:48:53.831,214,15.019,26.73,1011.41,15.33,0.0,0.0,0.0,-0.26,-0.05,0.0,-0.26,1.44,0.42,9.69,0.0,2.43,8.43,0,0,0,0.0,0.0,0.0
1787615333.932928,08:48:53.932,215,15.029,26.73,1011.41,15.33,0.0,0.0,0.0,-0.27,-0.04,0.07,-0.27,1.44,0.42,9.69,0.0,2.43,8.43,0,0,0,0.0,0.0,0.0
1787615333.934006,08:48:53.934,216,15.039,26.73,1011.41,15.33,0.0,0.0,0.0,-0.27,-0.04,0.07,-0.27,1.44,0.42,9.69,0.0,2.43,8.43,0,0,0,0.0,0.0,0.0
1787615333.934371,08:48:53.934,217,15.049,26.73,1011.41,15.33,0.0,0.0,0.0,-0.27,-0.04,0.07,-0.27,1.44,0.42,9.69,0.0,2.43,8.43,0,0,0,0.0,0.0,0.0
1787615333.934706,08:48:53.934,218,15.059,26.73,1011.41,15.33,0.0,0.0,0.0,-0.27,-0.04,0.07,-0.27,1.44,0.42,9.69,0.0,2.43,8.43,0,0,0,0.0,0.0,0.0
1787615333.935126,08:48:53.935,219,15.069,26.73,1011.41,15.33,0.0,0.0,0.0,-0.27,-0.04,0.07,-0.27,1.44,0.42,9.69,0.0,2.43,8.43,0,0,0,0.0,0.0,0.0
1787615333.935779,08:48:53.935,220,15.079,26.73,1011.41,15.33,0.0,0.0,0.0,-0.27,-0.04,0.07,-0.27,1.44,0.42,9.69,0.0,2.43,8.43,0,0,0,0.0,0.0,0.0
1787615333.936211,08:48:53.936,221,15.089,26.73,1011.41,15.33,0.0,0.0,0.0,-0.27,-0.04,0.07,-0.27,1.44,0.42,9.69,0.0,2.43,8.43,0,0,0,0.0,0.0,0.0
1787615333.936588,08:48:53.936,222,15.099,26.73,1011.41,15.33,0.0,0.0,0.0,-0.27,-0.04,0.07,-0.27,1.44,0.42,9.69,0.0,2.43,8.43,0,0,0,0.0,0.0,0.0
1787615333.936974,08:48:53.936,223,15.109,26.73,1011.41,15.33,0.0,0.0,0.0,-0.27,-0.04,0.07,-0.27,1.44,0.42,9.69,0.0,2.43,8.43,0,0,0,0.0,0.0,0.0
1787615333.937357,08:48:53.937,224,15.119,26.73,1011.41,15.33,0.0,0.0,0.0,-0.27,-0.04,0.07,-0.27,1.44,0.42,9.69,0.0,2.43,8.43,0,0,0,0.0,0.0,0.0
1787615333.937751,08:48:53.937,225,15.129,26.73,1011.41,15.33,0.0,0.0,0.0,-0.26,-0.06,0.05,-0.26,1.44,0.42,9.69,0.0,2.43,8.43,0,0,0,0.0,0.0,0.0
1787615333.938347,08:48:53.938,226,15.139,26.73,1011.41,15.33,0.0,0.0,0.0,-0.26,-0.06,0.05,-0.26,1.44,0.42,9.69,0.0,2.43,8.43,0,0,0,0.0,0.0,0.0
1787615334.040051,08:48:54.040,227,15.149,26.73,1011.41,15.33,0.0,0.0,0.0,-0.26,-0.06,0.05,-0.26,1.44,0.42,9.69,0.0,2.43,8.43,0,0,0,0.0,0.0,0.0
1787615334.041092,08:48:54.041,228,15.159,26.73,1011.41,15.33,0.0,0.0,0.0,-0.26,-0.06,0.05,-0.26,1.44,0.42,9.69,0.0,2.43,8.43,0,0,0,0.0,0.0,0.0
1787615334.041595,08:48:54.041,229,15.169,26.74,1011.42,15.245,0.0,0.0,0.0,-0.26,-0.06,0.05,-0.26,1.44,0.42,9.69,0.0,2.43,8.43,0,0,0,0.0,0.0,0.0
1787615334.042024,08:48:54.042,230,15.179,26.74,1011.42,15.245,0.0,0.0,0.0,-0.26,-0.06,0.05,-0.26,1.44,0.42,9.69,0.0,2.43,8.43,0,0,0,0.0,0.0,0.0
1787615334.042421,08:48:54.042,231,15.189,26.74,1011.42,15.245,0.0,0.0,0.0,-0.26,-0.06,0.05,-0.26,1.44,0.42,9.69,0.0,2.43,8.43,0,0,0,0.0,0.0,0.0
1787615334.042806,08:48:54.042,232,15.199,26.74,1011.42,15.245,0.0,0.0,0.0,-0.26,-0.06,0.05,-0.26,1.44,0.42,9.69,0.0,2.43,8.43,0,0,0,0.0,0.0,0.0
1787615334.043617,08:48:54.043,233,15.209,26.74,1011.42,15.245,0.0,0.0,0.0,-0.26,-0.06,0.05,-0.26,1.44,0.42,9.69,0.0,2.43,8.43,0,0,0,0.0,0.0,0.0
1787615334.044177,08:48:54.044,234,15.219,26.74,1011.42,15.245,0.0,0.0,0.0,-0.26,-0.06,0.05,-0.26,1.44,0.42,9.69,0.0,2.43,8.43,0,0,0,0.0,0.0,0.0
1787615334.044540,08:48:54.044,235,15.229,26.74,1011.42,15.245,0.0,0.0,0.0,-0.27,-0.03,0.03,-0.27,1.44,0.42,9.69,0.0,2.43,8.43,0,0,0,0.0,0.0,0.0
1787615334.044881,08:48:54.044,236,15.239,26.74,1011.42,15.245,0.0,0.0,0.0,-0.27,-0.03,0.03,-0.27,1.44,0.42,9.69,0.0,2.43,8.43,0,0,0,0.0,0.0,0.0
1787615334.045215,08:48:54.045,237,15.249,26.74,1011.42,15.245,0.0,0.0,0.0,-0.27,-0.03,0.03,-0.27,1.44,0.42,9.69,0.0,2.43,8.43,0,0,0,0.0,0.0,0.0
1787615334.146852,08:48:54.146,238,15.259,26.74,1011.42,15.245,0.0,0.0,0.0,-0.27,-0.03,0.03,-0.27,1.44,0.42,9.69,0.0,2.43,8.43,0,0,0,0.0,0.0,0.0
1787615334.148515,08:48:54.148,239,15.269,26.74,1011.42,15.245,0.0,0.0,0.0,-0.27,-0.03,0.03,-0.27,1.44,0.42,9.69,0.0,2.43,8.43,0,0,0,0.0,0.0,0.0
1787615334.149275,08:48:54.149,240,15.279,26.74,1011.42,15.245,0.0,0.0,0.0,-0.27,-0.03,0.03,-0.27,1.44,0.42,9.69,0.0,2.43,8.43,0,0,0,0.0,0.0,0.0
1787615334.149975,08:48:54.149,241,15.289,26.74,1011.42,15.245,0.0,0.0,0.0,-0.27,-0.03,0.03,-0.27,1.44,0.42,9.69,0.0,2.43,8.43,0,0,0,0.0,0.0,0.0
1787615334.150426,08:48:54.150,242,15.299,26.74,1011.42,15.245,0.0,0.0,0.0,-0.27,-0.03,0.03,-0.27,1.44,0.42,9.69,0.0,2.43,8.43,0,0,0,0.0,0.0,0.0
1787615334.150781,08:48:54.150,243,15.309,26.74,1011.42,15.245,0.0,0.0,0.0,-0.27,-0.03,0.03,-0.27,1.44,0.42,9.69,0.0,2.43,8.43,0,0,0,0.0,0.0,0.0
1787615334.151136,08:48:54.151,244,15.319,26.74,1011.42,15.245,0.0,0.0,0.0,-0.27,-0.03,0.03,-0.27,1.44,0.42,9.69,0.0,2.43,8.43,0,0,0,0.0,0.0,0.0
1787615334.151495,08:48:54.151,245,15.329,26.74,1011.42,15.245,0.0,0.0,0.0,-0.25,-0.06,0.02,-0.25,1.44,0.42,9.69,0.0,2.43,8.43,0,0,0,0.0,0.0,0.0
1787615334.151836,08:48:54.151,246,15.339,26.74,1011.42,15.245,0.0,0.0,0.0,-0.25,-0.06,0.02,-0.25,1.44,0.42,9.69,0.0,2.43,8.43,0,0,0,0.0,0.0,0.0
1787615334.152178,08:48:54.152,247,15.349,26.74,1011.42,15.245,0.0,0.0,0.0,-0.25,-0.06,0.02,-0.25,1.44,0.42,9.69,0.0,2.43,8.43,0,0,0,0.0,0.0,0.0
1787615334.253355,08:48:54.253,248,15.359,26.74,1011.42,15.245,0.0,0.0,0.0,-0.25,-0.06,0.02,-0.25,1.44,0.42,9.69,0.0,2.43,8.43,0,0,0,0.0,0.0,0.0
1787615334.254731,08:48:54.254,249,15.369,26.73,1011.42,15.245,0.0,0.0,0.0,-0.25,-0.06,0.02,-0.25,1.44,0.42,9.69,0.0,2.43,8.43,0,0,0,0.0,0.0,0.0
1787615334.255670,08:48:54.255,250,15.379,26.73,1011.42,15.245,0.0,0.0,0.0,-0.25,-0.06,0.02,-0.25,1.44,0.42,9.69,0.0,2.43,8.43,0,0,0,0.0,0.0,0.0
1787615334.256116,08:48:54.256,251,15.389,26.73,1011.42,15.245,0.0,0.0,0.0,-0.25,-0.06,0.02,-0.25,1.44,0.42,9.69,0.0,2.43,8.43,0,0,0,0.0,0.0,0.0
1787615334.256545,08:48:54.256,252,15.399,26.73,1011.42,15.245,0.0,0.0,0.0,-0.25,-0.06,0.02,-0.25,1.44,0.42,9.69,0.0,2.43,8.43,0,0,0,0.0,0.0,0.0
1787615334.256950,08:48:54.256,253,15.409,26.73,1011.42,15.245,0.0,0.0,0.0,-0.25,-0.06,0.02,-0.25,1.44,0.42,9.69,0.0,2.43,8.43,0,0,0,0.0,0.0,0.0
1787615334.257319,08:48:54.257,254,15.419,26.73,1011.42,15.245,0.0,0.0,0.0,-0.25,-0.06,0.02,-0.25,1.44,0.42,9.69,0.0,2.43,8.43,0,0,0,0.0,0.0,0.0
1787615334.257663,08:48:54.257,255,15.429,26.73,1011.42,15.245,0.0,0.0,0.0,-0.28,-0.04,0.01,-0.28,1.44,0.42,9.69,0.0,2.43,8.43,0,0,0,0.0,0.0,0.0
1787615334.258015,08:48:54.258,256,15.439,26.73,1011.42,15.245,0.0,0.0,0.0,-0.28,-0.04,0.01,-0.28,1.44,0.42,9.69,0.0,2.43,8.43,0,0,0,0.0,0.0,0.0
1787615334.258382,08:48:54.258,257,15.449,26.73,1011.42,15.245,0.0,0.0,0.0,-0.28,-0.04,0.01,-0.28,1.44,0.42,9.69,0.0,2.43,8.43,0,0,0,0.0,0.0,0.0
1787615334.258741,08:48:54.258,258,15.459,26.73,1011.42,15.245,0.0,0.0,0.0,-0.28,-0.04,0.01,-0.28,1.44,0.42,9.69,0.0,2.43,8.43,0,0,0,0.0,0.0,0.0
1787615334.359661,08:48:54.359,259,15.469,26.73,1011.42,15.245,0.0,0.0,0.0,-0.28,-0.04,0.01,-0.28,1.44,0.42,9.69,0.0,2.43,8.43,0,0,0,0.0,0.0,0.0
1787615334.360604,08:48:54.360,260,15.479,26.73,1011.42,15.245,0.0,0.0,0.0,-0.28,-0.04,0.01,-0.28,1.44,0.42,9.69,0.0,2.43,8.43,0,0,0,0.0,0.0,0.0
1787615334.360982,08:48:54.360,261,15.489,26.73,1011.42,15.245,0.0,0.0,0.0,-0.28,-0.04,0.01,-0.28,1.44,0.42,9.69,0.0,2.43,8.43,0,0,0,0.0,0.0,0.0
1787615334.361349,08:48:54.361,262,15.499,26.73,1011.42,15.245,0.0,0.0,0.0,-0.28,-0.04,0.01,-0.28,1.44,0.42,9.69,0.0,2.43,8.43,0,0,0,0.0,0.0,0.0
1787615334.361704,08:48:54.361,263,15.509,26.73,1011.42,15.245,0.0,0.0,0.0,-0.28,-0.04,0.01,-0.28,1.44,0.42,9.69,0.0,2.43,8.43,0,0,0,0.0,0.0,0.0
1787615334.362187,08:48:54.362,264,15.519,26.73,1011.42,15.245,0.0,0.0,0.0,-0.28,-0.04,0.01,-0.28,1.44,0.42,9.69,0.0,2.43,8.43,0,0,0,0.0,0.0,0.0
1787615334.362546,08:48:54.362,265,15.529,26.73,1011.42,15.245,0.0,0.0,0.0,-0.26,-0.04,0.02,-0.26,1.44,0.42,9.69,0.0,2.43,8.43,0,0,0,0.0,0.0,0.0
1787615334.362947,08:48:54.362,266,15.539,26.73,1011.42,15.245,0.0,0.0,0.0,-0.26,-0.04,0.02,-0.26,1.44,0.42,9.69,0.0,2.43,8.43,0,0,0,0.0,0.0,0.0
1787615334.363348,08:48:54.363,267,15.549,26.73,1011.42,15.245,0.0,0.0,0.0,-0.26,-0.04,0.02,-0.26,1.44,0.42,9.69,0.0,2.43,8.43,0,0,0,0.0,0.0,0.0
1787615334.363753,08:48:54.363,268,15.559,26.73,1011.42,15.245,0.0,0.0,0.0,-0.26,-0.04,0.02,-0.26,1.44,0.42,9.69,0.0,2.43,8.43,0,0,0,0.0,0.0,0.0
1787615334.465494,08:48:54.465,269,15.569,26.72,1011.42,15.245,0.0,0.0,0.0,-0.26,-0.04,0.02,-0.26,1.44,0.42,9.69,0.0,2.43,8.43,0,0,0,0.0,0.0,0.0
1787615334.466903,08:48:54.466,270,15.579,26.72,1011.42,15.245,0.0,0.0,0.0,-0.26,-0.04,0.02,-0.26,1.44,0.42,9.69,0.0,2.43,8.43,0,0,0,0.0,0.0,0.0
1787615334.467648,08:48:54.467,271,15.589,26.72,1011.42,15.245,0.0,0.0,0.0,-0.26,-0.04,0.02,-0.26,1.44,0.42,9.69,0.0,2.43,8.43,0,0,0,0.0,0.0,0.0
1787615334.468348,08:48:54.468,272,15.599,26.72,1011.42,15.245,0.0,0.0,0.0,-0.26,-0.04,0.02,-0.26,1.44,0.42,9.69,0.0,2.43,8.43,0,0,0,0.0,0.0,0.0
1787615334.468944,08:48:54.468,273,15.609,26.72,1011.42,15.245,0.0,0.0,0.0,-0.26,-0.04,0.02,-0.26,1.44,0.42,9.69,0.0,2.43,8.43,0,0,0,0.0,0.0,0.0
1787615334.469344,08:48:54.469,274,15.619,26.72,1011.42,15.245,0.0,0.0,0.0,-0.26,-0.04,0.02,-0.26,1.44,0.42,9.69,0.0,2.43,8.43,0,0,0,0.0,0.0,0.0
1787615334.469736,08:48:54.469,275,15.629,26.72,1011.42,15.245,0.0,0.0,0.0,-0.28,-0.06,0.01,-0.28,1.44,0.42,9.69,0.0,2.43,8.43,0,0,0,0.0,0.0,0.0
1787615334.470131,08:48:54.470,276,15.639,26.72,1011.42,15.245,0.0,0.0,0.0,-0.28,-0.06,0.01,-0.28,1.44,0.42,9.69,0.0,2.43,8.43,0,0,0,0.0,0.0,0.0
1787615334.470552,08:48:54.470,277,15.649,26.72,1011.42,15.245,0.0,0.0,0.0,-0.28,-0.06,0.01,-0.28,1.44,0.42,9.69,0.0,2.43,8.43,0,0,0,0.0,0.0,0.0
1787615334.470918,08:48:54.470,278,15.659,26.72,1011.42,15.245,0.0,0.0,0.0,-0.28,-0.06,0.01,-0.28,1.44,0.42,9.69,0.0,2.43,8.43,0,0,0,0.0,0.0,0.0
1787615334.471263,08:48:54.471,279,15.669,26.72,1011.42,15.245,0.0,0.0,0.0,-0.28,-0.06,0.01,-0.28,1.44,0.42,9.69,0.0,2.43,8.43,0,0,0,0.0,0.0,0.0
1787615334.572929,08:48:54.572,280,15.679,26.72,1011.42,15.245,0.0,0.0,0.0,-0.28,-0.06,0.01,-0.28,1.44,0.42,9.69,0.0,2.43,8.43,0,0,0,0.0,0.0,0.0
1787615334.574220,08:48:54.574,281,15.689,26.72,1011.42,15.245,0.0,0.0,0.0,-0.28,-0.06,0.01,-0.28,1.44,0.42,9.69,0.0,2.43,8.43,0,0,0,0.0,0.0,0.0
1787615334.574944,08:48:54.574,282,15.699,26.72,1011.42,15.245,0.0,0.0,0.0,-0.28,-0.06,0.01,-0.28,1.44,0.42,9.69,0.0,2.43,8.43,0,0,0,0.0,0.0,0.0
1787615334.575435,08:48:54.575,283,15.709,26.72,1011.42,15.245,0.0,0.0,0.0,-0.28,-0.06,0.01,-0.28,1.44,0.42,9.69,0.0,2.43,8.43,0,0,0,0.0,0.0,0.0
1787615334.575840,08:48:54.575,284,15.719,26.72,1011.42,15.245,0.0,0.0,0.0,-0.28,-0.06,0.01,-0.28,1.44,0.42,9.69,0.0,2.43,8.43,0,0,0,0.0,0.0,0.0
1787615334.576264,08:48:54.576,285,15.729,26.72,1011.42,15.245,0.0,0.0,0.0,-0.29,-0.05,0.05,-0.29,1.44,0.42,9.69,0.0,2.43,8.43,0,0,0,0.0,0.0,0.0
1787615334.576694,08:48:54.576,286,15.739,26.72,1011.42,15.245,0.0,0.0,0.0,-0.29,-0.05,0.05,-0.29,1.44,0.42,9.69,0.0,2.43,8.43,0,0,0,0.0,0.0,0.0
1787615334.577123,08:48:54.577,287,15.749,26.72,1011.42,15.245,0.0,0.0,0.0,-0.29,-0.05,0.05,-0.29,1.44,0.42,9.69,0.0,2.43,8.43,0,0,0,0.0,0.0,0.0
1787615334.577517,08:48:54.577,288,15.759,26.72,1011.42,15.245,0.0,0.0,0.0,-0.29,-0.05,0.05,-0.29,1.44,0.42,9.69,0.0,2.43,8.43,0,0,0,0.0,0.0,0.0
1787615334.577905,08:48:54.577,289,15.769,26.73,1011.39,15.496,0.0,0.0,0.0,-0.29,-0.05,0.05,-0.29,1.44,0.42,9.69,0.0,2.43,8.43,0,0,0,0.0,0.0,0.0
1787615334.679488,08:48:54.679,290,15.779,26.73,1011.39,15.496,0.0,0.0,0.0,-0.29,-0.05,0.05,-0.29,1.44,0.42,9.69,0.0,2.43,8.43,0,0,0,0.0,0.0,0.0
1787615334.680014,08:48:54.680,291,15.789,26.73,1011.39,15.496,0.0,0.0,0.0,-0.29,-0.05,0.05,-0.29,1.44,0.42,9.69,0.0,2.43,8.43,0,0,0,0.0,0.0,0.0
1787615334.680298,08:48:54.680,292,15.799,26.73,1011.39,15.496,0.0,0.0,0.0,-0.29,-0.05,0.05,-0.29,1.44,0.42,9.69,0.0,2.43,8.43,0,0,0,0.0,0.0,0.0
1787615334.680573,08:48:54.680,293,15.809,26.73,1011.39,15.496,0.0,0.0,0.0,-0.29,-0.05,0.05,-0.29,1.44,0.42,9.69,0.0,2.43,8.43,0,0,0,0.0,0.0,0.0
1787615334.680837,08:48:54.680,294,15.819,26.73,1011.39,15.496,0.0,0.0,0.0,-0.29,-0.05,0.05,-0.29,1.44,0.42,9.69,0.0,2.43,8.43,0,0,0,0.0,0.0,0.0
1787615334.681106,08:48:54.681,295,15.829,26.73,1011.39,15.496,0.0,0.0,0.0,-0.23,-0.05,0.05,-0.23,1.44,0.42,9.69,0.0,2.43,8.43,0,0,0,0.0,0.0,0.0
1787615334.681369,08:48:54.681,296,15.839,26.73,1011.39,15.496,0.0,0.0,0.0,-0.23,-0.05,0.05,-0.23,1.44,0.42,9.69,0.0,2.43,8.43,0,0,0,0.0,0.0,0.0
1787615334.681633,08:48:54.681,297,15.849,26.73,1011.39,15.496,0.0,0.0,0.0,-0.23,-0.05,0.05,-0.23,1.44,0.42,9.69,0.0,2.43,8.43,0,0,0,0.0,0.0,0.0
1787615334.681897,08:48:54.681,298,15.859,26.73,1011.39,15.496,0.0,0.0,0.0,-0.23,-0.05,0.05,-0.23,1.44,0.42,9.69,0.0,2.43,8.43,0,0,0,0.0,0.0,0.0
1787615334.682159,08:48:54.682,299,15.869,26.73,1011.39,15.496,0.0,0.0,0.0,-0.23,-0.05,0.05,-0.23,1.44,0.42,9.69,0.0,2.43,8.43,0,0,0,0.0,0.0,0.0
1787615334.682417,08:48:54.682,300,15.879,26.73,1011.39,15.496,0.0,0.0,0.0,-0.23,-0.05,0.05,-0.23,1.44,0.42,9.69,0.0,2.43,8.43,0,0,0,0.0,0.0,0.0
1787615334.783706,08:48:54.783,301,15.889,26.73,1011.39,15.496,0.0,0.0,0.0,-0.23,-0.05,0.05,-0.23,1.44,0.42,9.69,0.0,2.43,8.43,0,0,0,0.0,0.0,0.0
1787615334.785446,08:48:54.785,302,15.899,26.73,1011.39,15.496,0.0,0.0,0.0,-0.23,-0.05,0.05,-0.23,1.44,0.42,9.69,0.0,2.43,8.43,0,0,0,0.0,0.0,0.0
1787615334.786247,08:48:54.786,303,15.909,26.73,1011.39,15.496,0.0,0.0,0.0,-0.23,-0.05,0.05,-0.23,1.44,0.42,9.69,0.0,2.43,8.43,0,0,0,0.0,0.0,0.0
1787615334.786781,08:48:54.786,304,15.919,26.73,1011.39,15.496,0.0,0.0,0.0,-0.23,-0.05,0.05,-0.23,1.44,0.42,9.69,0.0,2.43,8.43,0,0,0,0.0,0.0,0.0
1787615334.787072,08:48:54.787,305,15.929,26.73,1011.39,15.496,0.0,0.0,0.0,-0.26,-0.05,0.04,-0.26,1.44,0.42,9.69,0.0,2.43,8.43,0,0,0,0.0,0.0,0.0
1787615334.787359,08:48:54.787,306,15.939,26.73,1011.39,15.496,0.0,0.0,0.0,-0.26,-0.05,0.04,-0.26,1.44,0.42,9.69,0.0,2.43,8.43,0,0,0,0.0,0.0,0.0
1787615334.889136,08:48:54.889,307,15.949,26.73,1011.39,15.496,0.0,0.0,0.0,-0.26,-0.05,0.04,-0.26,1.44,0.42,9.69,0.0,2.43,8.43,0,0,0,0.0,0.0,0.0
1787615334.890485,08:48:54.890,308,15.959,26.73,1011.39,15.496,0.0,0.0,0.0,-0.26,-0.05,0.04,-0.26,1.44,0.42,9.69,0.0,2.43,8.43,0,0,0,0.0,0.0,0.0
1787615334.891191,08:48:54.891,309,15.969,26.74,1011.42,15.245,0.0,0.0,0.0,-0.26,-0.05,0.04,-0.26,1.44,0.42,9.69,0.0,2.43,8.43,0,0,0,0.0,0.0,0.0
1787615334.891839,08:48:54.891,310,15.979,26.74,1011.42,15.245,0.0,0.0,0.0,-0.26,-0.05,0.04,-0.26,1.44,0.42,9.69,0.0,2.43,8.43,0,0,0,0.0,0.0,0.0
1787615334.892377,08:48:54.892,311,15.989,26.74,1011.42,15.245,0.0,0.0,0.0,-0.26,-0.05,0.04,-0.26,1.44,0.42,9.69,0.0,2.43,8.43,0,0,0,0.0,0.0,0.0
1787615334.892883,08:48:54.892,312,15.999,26.74,1011.42,15.245,0.0,0.0,0.0,-0.26,-0.05,0.04,-0.26,1.44,0.42,9.69,0.0,2.43,8.43,0,0,0,0.0,0.0,0.0
1787615334.893429,08:48:54.893,313,16.009,26.74,1011.42,15.245,0.0,0.0,0.0,-0.26,-0.05,0.04,-0.26,1.44,0.42,9.69,0.0,2.43,8.43,0,0,0,0.0,0.0,0.0
1787615334.894024,08:48:54.894,314,16.019,26.74,1011.42,15.245,0.0,0.0,0.0,-0.26,-0.05,0.04,-0.26,1.44,0.42,9.69,0.0,2.43,8.43,0,0,0,0.0,0.0,0.0
1787615334.894429,08:48:54.894,315,16.029,26.74,1011.42,15.245,0.0,0.0,0.0,-0.23,-0.05,0.04,-0.23,1.44,0.42,9.69,0.0,2.43,8.43,0,0,0,0.0,0.0,0.0
1787615334.894813,08:48:54.894,316,16.039,26.74,1011.42,15.245,0.0,0.0,0.0,-0.23,-0.05,0.04,-0.23,1.44,0.42,9.69,0.0,2.43,8.43,0,0,0,0.0,0.0,0.0
1787615334.895206,08:48:54.895,317,16.049,26.74,1011.42,15.245,0.0,0.0,0.0,-0.23,-0.05,0.04,-0.23,1.44,0.42,9.69,0.0,2.43,8.43,0,0,0,0.0,0.0,0.0
1787615334.895628,08:48:54.895,318,16.059,26.74,1011.42,15.245,0.0,0.0,0.0,-0.23,-0.05,0.04,-0.23,1.44,0.42,9.69,0.0,2.43,8.43,0,0,0,0.0,0.0,0.0
1787615334.996846,08:48:54.996,319,16.069,26.74,1011.42,15.245,0.0,0.0,0.0,-0.23,-0.05,0.04,-0.23,1.44,0.42,9.69,0.0,2.43,8.43,0,0,0,0.0,0.0,0.0
1787615334.998229,08:48:54.998,320,16.079,26.74,1011.42,15.245,0.0,0.0,0.0,-0.23,-0.05,0.04,-0.23,1.44,0.42,9.69,0.0,2.43,8.43,0,0,0,0.0,0.0,0.0
1787615334.998943,08:48:54.998,321,16.089,26.74,1011.42,15.245,0.0,0.0,0.0,-0.23,-0.05,0.04,-0.23,1.44,0.42,9.69,0.0,2.43,8.43,0,0,0,0.0,0.0,0.0
1787615334.999634,08:48:54.999,322,16.099,26.74,1011.42,15.245,0.0,0.0,0.0,-0.23,-0.05,0.04,-0.23,1.44,0.42,9.69,0.0,2.43,8.43,0,0,0,0.0,0.0,0.0
1787615335.000086,08:48:55.000,323,16.109,26.74,1011.42,15.245,0.0,0.0,0.0,-0.23,-0.05,0.04,-0.23,1.44,0.42,9.69,0.0,2.43,8.43,0,0,0,0.0,0.0,0.0
1787615335.000394,08:48:55.000,324,16.119,26.74,1011.42,15.245,0.0,0.0,0.0,-0.23,-0.05,0.04,-0.23,1.44,0.42,9.69,0.0,2.43,8.43,0,0,0,0.0,0.0,0.0
1787615335.000695,08:48:55.000,325,16.129,26.74,1011.42,15.245,0.0,0.0,0.0,-0.29,-0.06,0.05,-0.29,1.44,0.42,9.69,0.0,2.43,8.43,0,0,0,0.0,0.0,0.0
1787615335.000993,08:48:55.000,326,16.139,26.74,1011.42,15.245,0.0,0.0,0.0,-0.29,-0.06,0.05,-0.29,1.44,0.42,9.69,0.0,2.43,8.43,0,0,0,0.0,0.0,0.0
1787615335.001300,08:48:55.001,327,16.149,26.74,1011.42,15.245,0.0,0.0,0.0,-0.29,-0.06,0.05,-0.29,1.44,0.42,9.69,0.0,2.43,8.43,0,0,0,0.0,0.0,0.0
1787615335.001611,08:48:55.001,328,16.159,26.74,1011.42,15.245,0.0,0.0,0.0,-0.29,-0.06,0.05,-0.29,1.44,0.42,9.69,0.0,2.43,8.43,0,0,0,0.0,0.0,0.0
1787615335.001911,08:48:55.001,329,16.169,26.74,1011.45,14.997,0.0,0.0,0.0,-0.29,-0.06,0.05,-0.29,1.44,0.42,9.69,0.0,2.43,8.43,0,0,0,0.0,0.0,0.0
1787615335.102700,08:48:55.102,330,16.179,26.74,1011.45,14.997,0.0,0.0,0.0,-0.29,-0.06,0.05,-0.29,1.44,0.42,9.69,0.0,2.43,8.43,0,0,0,0.0,0.0,0.0
1787615335.103091,08:48:55.103,331,16.189,26.74,1011.45,14.997,0.0,0.0,0.0,-0.29,-0.06,0.05,-0.29,1.44,0.42,9.69,0.0,2.43,8.43,0,0,0,0.0,0.0,0.0
1787615335.103288,08:48:55.103,332,16.199,26.74,1011.45,14.997,0.0,0.0,0.0,-0.29,-0.06,0.05,-0.29,1.44,0.42,9.69,0.0,2.43,8.43,0,0,0,0.0,0.0,0.0
1787615335.103479,08:48:55.103,333,16.209,26.74,1011.45,14.997,0.0,0.0,0.0,-0.29,-0.06,0.05,-0.29,1.44,0.42,9.69,0.0,2.43,8.43,0,0,0,0.0,0.0,0.0
1787615335.103669,08:48:55.103,334,16.219,26.74,1011.45,14.997,0.0,0.0,0.0,-0.29,-0.06,0.05,-0.29,1.44,0.42,9.69,0.0,2.43,8.43,0,0,0,0.0,0.0,0.0
1787615335.103857,08:48:55.103,335,16.229,26.74,1011.45,14.997,0.0,0.0,0.0,-0.28,-0.05,0.04,-0.28,1.44,0.42,9.69,0.0,2.43,8.43,0,0,0,0.0,0.0,0.0
1787615335.104047,08:48:55.104,336,16.239,26.74,1011.45,14.997,0.0,0.0,0.0,-0.28,-0.05,0.04,-0.28,1.44,0.42,9.69,0.0,2.43,8.43,0,0,0,0.0,0.0,0.0
1787615335.104236,08:48:55.104,337,16.249,26.74,1011.45,14.997,0.0,0.0,0.0,-0.28,-0.05,0.04,-0.28,1.44,0.42,9.69,0.0,2.43,8.43,0,0,0,0.0,0.0,0.0
1787615335.104427,08:48:55.104,338,16.259,26.74,1011.45,14.997,0.0,0.0,0.0,-0.28,-0.05,0.04,-0.28,1.44,0.42,9.69,0.0,2.43,8.43,0,0,0,0.0,0.0,0.0
1787615335.104614,08:48:55.104,339,16.269,26.74,1011.45,14.997,0.0,0.0,0.0,-0.28,-0.05,0.04,-0.28,1.44,0.42,9.69,0.0,2.43,8.43,0,0,0,0.0,0.0,0.0
1787615335.104804,08:48:55.104,340,16.279,26.74,1011.45,14.997,0.0,0.0,0.0,-0.28,-0.05,0.04,-0.28,1.44,0.42,9.69,0.0,2.43,8.43,0,0,0,0.0,0.0,0.0
1787615335.206284,08:48:55.206,341,16.289,26.74,1011.45,14.997,0.0,0.0,0.0,-0.28,-0.05,0.04,-0.28,1.44,0.42,9.69,0.0,2.43,8.43,0,0,0,0.0,0.0,0.0
1787615335.207280,08:48:55.207,342,16.299,26.74,1011.45,14.997,0.0,0.0,0.0,-0.28,-0.05,0.04,-0.28,1.44,0.42,9.69,0.0,2.43,8.43,0,0,0,0.0,0.0,0.0
1787615335.207797,08:48:55.207,343,16.309,26.74,1011.45,14.997,0.0,0.0,0.0,-0.28,-0.05,0.04,-0.28,1.44,0.42,9.69,0.0,2.43,8.43,0,0,0,0.0,0.0,0.0
1787615335.208235,08:48:55.208,344,16.319,26.74,1011.45,14.997,0.0,0.0,0.0,-0.28,-0.05,0.04,-0.28,1.44,0.42,9.69,0.0,2.43,8.43,0,0,0,0.0,0.0,0.0
1787615335.309701,08:48:55.309,345,16.329,26.74,1011.45,14.997,0.0,0.0,0.0,-0.3,-0.05,0.04,-0.3,1.44,0.42,9.69,0.0,2.43,8.43,0,0,0,0.0,0.0,0.0
1787615335.310848,08:48:55.310,346,16.339,26.74,1011.45,14.997,0.0,0.0,0.0,-0.3,-0.05,0.04,-0.3,1.44,0.42,9.69,0.0,2.43,8.43,0,0,0,0.0,0.0,0.0
1787615335.311380,08:48:55.311,347,16.349,26.74,1011.45,14.997,0.0,0.0,0.0,-0.3,-0.05,0.04,-0.3,1.44,0.42,9.69,0.0,2.43,8.43,0,0,0,0.0,0.0,0.0
1787615335.311925,08:48:55.311,348,16.359,26.74,1011.45,14.997,0.0,0.0,0.0,-0.3,-0.05,0.04,-0.3,1.44,0.42,9.69,0.0,2.43,8.43,0,0,0,0.0,0.0,0.0
1787615335.312335,08:48:55.312,349,16.369,26.71,1011.4,15.412,0.0,0.0,0.0,-0.3,-0.05,0.04,-0.3,1.44,0.42,9.69,0.0,2.43,8.43,0,0,0,0.0,0.0,0.0
1787615335.312748,08:48:55.312,350,16.379,26.71,1011.4,15.412,0.0,0.0,0.0,-0.3,-0.05,0.04,-0.3,1.44,0.42,9.69,0.0,2.43,8.43,0,0,0,0.0,0.0,0.0
1787615335.313163,08:48:55.313,351,16.389,26.71,1011.4,15.412,0.0,0.0,0.0,-0.3,-0.05,0.04,-0.3,1.44,0.42,9.69,0.0,2.43,8.43,0,0,0,0.0,0.0,0.0
1787615335.313560,08:48:55.313,352,16.399,26.71,1011.4,15.412,0.0,0.0,0.0,-0.3,-0.05,0.04,-0.3,1.44,0.42,9.69,0.0,2.43,8.43,0,0,0,0.0,0.0,0.0
1787615335.313943,08:48:55.313,354,16.419,26.71,1011.4,15.412,0.0,0.0,0.0,-0.3,-0.05,0.04,-0.3,1.44,0.42,9.69,0.0,2.43,8.43,0,0,0,0.0,0.0,0.0
1787615335.314316,08:48:55.314,355,16.429,26.71,1011.4,15.412,0.0,0.0,0.0,-0.26,-0.05,0.04,-0.26,1.44,0.42,9.69,0.0,2.43,8.43,0,0,0,0.0,0.0,0.0
1787615335.314665,08:48:55.314,356,16.439,26.71,1011.4,15.412,0.0,0.0,0.0,-0.26,-0.05,0.04,-0.26,1.44,0.42,9.69,0.0,2.43,8.43,0,0,0,0.0,0.0,0.0
1787615335.315030,08:48:55.315,357,16.449,26.71,1011.4,15.412,0.0,0.0,0.0,-0.26,-0.05,0.04,-0.26,1.44,0.42,9.69,0.0,2.43,8.43,0,0,0,0.0,0.0,0.0
1787615335.315393,08:48:55.315,358,16.459,26.71,1011.4,15.412,0.0,0.0,0.0,-0.26,-0.05,0.04,-0.26,1.44,0.42,9.69,0.0,2.43,8.43,0,0,0,0.0,0.0,0.0
1787615335.315761,08:48:55.315,359,16.469,26.71,1011.4,15.412,0.0,0.0,0.0,-0.26,-0.05,0.04,-0.26,1.44,0.42,9.69,0.0,2.43,8.43,0,0,0,0.0,0.0,0.0
1787615335.417046,08:48:55.417,361,16.489,26.71,1011.4,15.412,0.0,0.0,0.0,-0.26,-0.05,0.04,-0.26,1.44,0.42,9.69,0.0,2.43,8.43,0,0,0,0.0,0.0,0.0
1787615335.418480,08:48:55.418,362,16.499,26.71,1011.4,15.412,0.0,0.0,0.0,-0.26,-0.05,0.04,-0.26,1.44,0.42,9.69,0.0,2.43,8.43,0,0,0,0.0,0.0,0.0
1787615335.419196,08:48:55.419,363,16.509,26.71,1011.4,15.412,0.0,0.0,0.0,-0.26,-0.05,0.04,-0.26,1.44,0.42,9.69,0.0,2.43,8.43,0,0,0,0.0,0.0,0.0
1787615335.419884,08:48:55.419,364,16.519,26.71,1011.4,15.412,0.0,0.0,0.0,-0.26,-0.05,0.04,-0.26,1.44,0.42,9.69,0.0,2.43,8.43,0,0,0,0.0,0.0,0.0
1787615335.420561,08:48:55.420,365,16.529,26.71,1011.4,15.412,0.0,0.0,0.0,-0.28,-0.04,0.06,-0.28,1.44,0.42,9.69,0.0,2.43,8.43,0,0,0,0.0,0.0,0.0
1787615335.421368,08:48:55.421,366,16.539,26.71,1011.4,15.412,0.0,0.0,0.0,-0.28,-0.04,0.06,-0.28,1.44,0.42,9.69,0.0,2.43,8.43,0,0,0,0.0,0.0,0.0
1787615335.421997,08:48:55.421,367,16.549,26.71,1011.4,15.412,0.0,0.0,0.0,-0.28,-0.04,0.06,-0.28,1.44,0.42,9.69,0.0,2.43,8.43,0,0,0,0.0,0.0,0.0
1787615335.422493,08:48:55.422,368,16.559,26.71,1011.4,15.412,0.0,0.0,0.0,-0.28,-0.04,0.06,-0.28,1.44,0.42,9.69,0.0,2.43,8.43,0,0,0,0.0,0.0,0.0
1787615335.423014,08:48:55.423,369,16.569,26.73,1011.42,15.245,0.0,0.0,0.0,-0.28,-0.04,0.06,-0.28,1.44,0.42,9.69,0.0,2.43,8.43,0,0,0,0.0,0.0,0.0
1787615335.423552,08:48:55.423,370,16.579,26.73,1011.42,15.245,0.0,0.0,0.0,-0.28,-0.04,0.06,-0.28,1.44,0.42,9.69,0.0,2.43,8.43,0,0,0,0.0,0.0,0.0
1787615335.424020,08:48:55.424,371,16.589,26.73,1011.42,15.245,0.0,0.0,0.0,-0.28,-0.04,0.06,-0.28,1.44,0.42,9.69,0.0,2.43,8.43,0,0,0,0.0,0.0,0.0
1787615335.424407,08:48:55.424,372,16.599,26.73,1011.42,15.245,0.0,0.0,0.0,-0.28,-0.04,0.06,-0.28,1.44,0.42,9.69,0.0,2.43,8.43,0,0,0,0.0,0.0,0.0
1787615335.425008,08:48:55.425,373,16.609,26.73,1011.42,15.245,0.0,0.0,0.0,-0.28,-0.04,0.06,-0.28,1.44,0.42,9.69,0.0,2.43,8.43,0,0,0,0.0,0.0,0.0
1787615335.425453,08:48:55.425,374,16.619,26.73,1011.42,15.245,0.0,0.0,0.0,-0.28,-0.04,0.06,-0.28,1.44,0.42,9.69,0.0,2.43,8.43,0,0,0,0.0,0.0,0.0
1787615335.526102,08:48:55.526,375,16.629,26.73,1011.42,15.245,0.0,0.0,0.0,-0.26,-0.06,0.03,-0.26,1.44,0.42,9.69,0.0,2.43,8.43,0,0,0,0.0,0.0,0.0
1787615335.526779,08:48:55.526,376,16.639,26.73,1011.42,15.245,0.0,0.0,0.0,-0.26,-0.06,0.03,-0.26,1.44,0.42,9.69,0.0,2.43,8.43,0,0,0,0.0,0.0,0.0
1787615335.527135,08:48:55.527,377,16.649,26.73,1011.42,15.245,0.0,0.0,0.0,-0.26,-0.06,0.03,-0.26,1.44,0.42,9.69,0.0,2.43,8.43,0,0,0,0.0,0.0,0.0
1787615335.527407,08:48:55.527,378,16.659,26.73,1011.42,15.245,0.0,0.0,0.0,-0.26,-0.06,0.03,-0.26,1.44,0.42,9.69,0.0,2.43,8.43,0,0,0,0.0,0.0,0.0
1787615335.527671,08:48:55.527,379,16.669,26.73,1011.42,15.245,0.0,0.0,0.0,-0.26,-0.06,0.03,-0.26,1.44,0.42,9.69,0.0,2.43,8.43,0,0,0,0.0,0.0,0.0
1787615335.527927,08:48:55.527,380,16.679,26.73,1011.42,15.245,0.0,0.0,0.0,-0.26,-0.06,0.03,-0.26,1.44,0.42,9.69,0.0,2.43,8.43,0,0,0,0.0,0.0,0.0
1787615335.528181,08:48:55.528,381,16.689,26.73,1011.42,15.245,0.0,0.0,0.0,-0.26,-0.06,0.03,-0.26,1.44,0.42,9.69,0.0,2.43,8.43,0,0,0,0.0,0.0,0.0
1787615335.528437,08:48:55.528,382,16.699,26.73,1011.42,15.245,0.0,0.0,0.0,-0.26,-0.06,0.03,-0.26,1.44,0.42,9.69,0.0,2.43,8.43,0,0,0,0.0,0.0,0.0
1787615335.528703,08:48:55.528,383,16.709,26.73,1011.42,15.245,0.0,0.0,0.0,-0.26,-0.06,0.03,-0.26,1.44,0.42,9.69,0.0,2.43,8.43,0,0,0,0.0,0.0,0.0
1787615335.529003,08:48:55.529,384,16.719,26.73,1011.42,15.245,0.0,0.0,0.0,-0.26,-0.06,0.03,-0.26,1.44,0.42,9.69,0.0,2.43,8.43,0,0,0,0.0,0.0,0.0
1787615335.630706,08:48:55.630,385,16.729,26.73,1011.42,15.245,0.0,0.0,0.0,-0.26,-0.06,0.05,-0.26,1.44,0.42,9.69,0.0,2.43,8.43,0,0,0,0.0,0.0,0.0
1787615335.632136,08:48:55.632,386,16.739,26.73,1011.42,15.245,0.0,0.0,0.0,-0.26,-0.06,0.05,-0.26,1.44,0.42,9.69,0.0,2.43,8.43,0,0,0,0.0,0.0,0.0
1787615335.632851,08:48:55.632,387,16.749,26.73,1011.42,15.245,0.0,0.0,0.0,-0.26,-0.06,0.05,-0.26,1.44,0.42,9.69,0.0,2.43,8.43,0,0,0,0.0,0.0,0.0
1787615335.634099,08:48:55.634,388,16.759,26.73,1011.42,15.245,0.0,0.0,0.0,-0.26,-0.06,0.05,-0.26,1.44,0.42,9.69,0.0,2.43,8.43,0,0,0,0.0,0.0,0.0
1787615335.634775,08:48:55.634,389,16.769,26.72,1011.43,15.164,0.0,0.0,0.0,-0.26,-0.06,0.05,-0.26,1.44,0.42,9.69,0.0,2.43,8.43,0,0,0,0.0,0.0,0.0
1787615335.635438,08:48:55.635,390,16.779,26.72,1011.43,15.164,0.0,0.0,0.0,-0.26,-0.06,0.05,-0.26,1.44,0.42,9.69,0.0,2.43,8.43,0,0,0,0.0,0.0,0.0
1787615335.636079,08:48:55.636,391,16.789,26.72,1011.43,15.164,0.0,0.0,0.0,-0.26,-0.06,0.05,-0.26,1.44,0.42,9.69,0.0,2.43,8.43,0,0,0,0.0,0.0,0.0
1787615335.636437,08:48:55.636,392,16.799,26.72,1011.43,15.164,0.0,0.0,0.0,-0.26,-0.06,0.05,-0.26,1.44,0.42,9.69,0.0,2.43,8.43,0,0,0,0.0,0.0,0.0
1787615335.636768,08:48:55.636,393,16.809,26.72,1011.43,15.164,0.0,0.0,0.0,-0.26,-0.06,0.05,-0.26,1.44,0.42,9.69,0.0,2.43,8.43,0,0,0,0.0,0.0,0.0
1787615335.637107,08:48:55.637,394,16.819,26.72,1011.43,15.164,0.0,0.0,0.0,-0.26,-0.06,0.05,-0.26,1.44,0.42,9.69,0.0,2.43,8.43,0,0,0,0.0,0.0,0.0
1787615335.637427,08:48:55.637,395,16.829,26.72,1011.43,15.164,0.0,0.0,0.0,-0.27,-0.05,0.04,-0.27,1.44,0.42,9.69,0.0,2.43,8.43,0,0,0,0.0,0.0,0.0
1787615335.738984,08:48:55.738,396,16.839,26.72,1011.43,15.164,0.0,0.0,0.0,-0.27,-0.05,0.04,-0.27,1.44,0.42,9.69,0.0,2.43,8.43,0,0,0,0.0,0.0,0.0
1787615335.740080,08:48:55.740,397,16.849,26.72,1011.43,15.164,0.0,0.0,0.0,-0.27,-0.05,0.04,-0.27,1.44,0.42,9.69,0.0,2.43,8.43,0,0,0,0.0,0.0,0.0
1787615335.740643,08:48:55.740,398,16.859,26.72,1011.43,15.164,0.0,0.0,0.0,-0.27,-0.05,0.04,-0.27,1.44,0.42,9.69,0.0,2.43,8.43,0,0,0,0.0,0.0,0.0
1787615335.741181,08:48:55.741,399,16.869,26.72,1011.43,15.164,0.0,0.0,0.0,-0.27,-0.05,0.04,-0.27,1.44,0.42,9.69,0.0,2.43,8.43,0,0,0,0.0,0.0,0.0
1787615335.741651,08:48:55.741,400,16.879,26.72,1011.43,15.164,0.0,0.0,0.0,-0.27,-0.05,0.04,-0.27,1.44,0.42,9.69,0.0,2.43,8.43,0,0,0,0.0,0.0,0.0
1787615335.742080,08:48:55.742,401,16.889,26.72,1011.43,15.164,0.0,0.0,0.0,-0.27,-0.05,0.04,-0.27,1.44,0.42,9.69,0.0,2.43,8.43,0,0,0,0.0,0.0,0.0
1787615335.742485,08:48:55.742,402,16.899,26.72,1011.43,15.164,0.0,0.0,0.0,-0.27,-0.05,0.04,-0.27,1.44,0.42,9.69,0.0,2.43,8.43,0,0,0,0.0,0.0,0.0
1787615335.742896,08:48:55.742,403,16.909,26.72,1011.43,15.164,0.0,0.0,0.0,-0.27,-0.05,0.04,-0.27,1.44,0.42,9.69,0.0,2.43,8.43,0,0,0,0.0,0.0,0.0
1787615335.743357,08:48:55.743,404,16.919,26.72,1011.43,15.164,0.0,0.0,0.0,-0.27,-0.05,0.04,-0.27,1.44,0.42,9.69,0.0,2.43,8.43,0,0,0,0.0,0.0,0.0
1787615335.743760,08:48:55.743,405,16.929,26.72,1011.43,15.164,0.0,0.0,0.0,-0.3,-0.05,0.03,-0.3,1.44,0.42,9.69,0.0,2.43,8.43,0,0,0,0.0,0.0,0.0
1787615335.744102,08:48:55.744,406,16.939,26.72,1011.43,15.164,0.0,0.0,0.0,-0.3,-0.05,0.03,-0.3,1.44,0.42,9.69,0.0,2.43,8.43,0,0,0,0.0,0.0,0.0
1787615335.846586,08:48:55.846,407,16.949,26.72,1011.43,15.164,0.0,0.0,0.0,-0.3,-0.05,0.03,-0.3,1.44,0.42,9.69,0.0,2.43,8.43,0,0,0,0.0,0.0,0.0
1787615335.848027,08:48:55.848,408,16.959,26.72,1011.43,15.164,0.0,0.0,0.0,-0.3,-0.05,0.03,-0.3,1.44,0.42,9.69,0.0,2.43,8.43,0,0,0,0.0,0.0,0.0
1787615335.848540,08:48:55.848,409,16.969,26.74,1011.41,15.33,0.0,0.0,0.0,-0.3,-0.05,0.03,-0.3,1.44,0.42,9.69,0.0,2.43,8.43,0,0,0,0.0,0.0,0.0
1787615335.848951,08:48:55.848,410,16.979,26.74,1011.41,15.33,0.0,0.0,0.0,-0.3,-0.05,0.03,-0.3,1.44,0.42,9.69,0.0,2.43,8.43,0,0,0,0.0,0.0,0.0
1787615335.849307,08:48:55.849,411,16.989,26.74,1011.41,15.33,0.0,0.0,0.0,-0.3,-0.05,0.03,-0.3,1.44,0.42,9.69,0.0,2.43,8.43,0,0,0,0.0,0.0,0.0
1787615335.849667,08:48:55.849,412,16.999,26.74,1011.41,15.33,0.0,0.0,0.0,-0.3,-0.05,0.03,-0.3,1.44,0.42,9.69,0.0,2.43,8.43,0,0,0,0.0,0.0,0.0
1787615335.850156,08:48:55.850,413,17.009,26.74,1011.41,15.33,0.0,0.0,0.0,-0.3,-0.05,0.03,-0.3,1.44,0.42,9.69,0.0,2.43,8.43,0,0,0,0.0,0.0,0.0
1787615335.850560,08:48:55.850,414,17.019,26.74,1011.41,15.33,0.0,0.0,0.0,-0.3,-0.05,0.03,-0.3,1.44,0.42,9.69,0.0,2.43,8.43,0,0,0,0.0,0.0,0.0
1787615335.850899,08:48:55.850,415,17.029,26.74,1011.41,15.33,0.0,0.0,0.0,-0.27,-0.05,0.02,-0.27,1.44,0.42,9.69,0.0,2.43,8.43,0,0,0,0.0,0.0,0.0
1787615335.851362,08:48:55.851,416,17.039,26.74,1011.41,15.33,0.0,0.0,0.0,-0.27,-0.05,0.02,-0.27,1.44,0.42,9.69,0.0,2.43,8.43,0,0,0,0.0,0.0,0.0
1787615335.851722,08:48:55.851,417,17.049,26.74,1011.41,15.33,0.0,0.0,0.0,-0.27,-0.05,0.02,-0.27,1.44,0.42,9.69,0.0,2.43,8.43,0,0,0,0.0,0.0,0.0
1787615335.952774,08:48:55.952,418,17.059,26.74,1011.41,15.33,0.0,0.0,0.0,-0.27,-0.05,0.02,-0.27,1.44,0.42,9.69,0.0,2.43,8.43,0,0,0,0.0,0.0,0.0
1787615335.953189,08:48:55.953,419,17.069,26.74,1011.41,15.33,0.0,0.0,0.0,-0.27,-0.05,0.02,-0.27,1.44,0.42,9.69,0.0,2.43,8.43,0,0,0,0.0,0.0,0.0
1787615335.953432,08:48:55.953,420,17.079,26.74,1011.41,15.33,0.0,0.0,0.0,-0.27,-0.05,0.02,-0.27,1.44,0.42,9.69,0.0,2.43,8.43,0,0,0,0.0,0.0,0.0
1787615335.953658,08:48:55.953,421,17.089,26.74,1011.41,15.33,0.0,0.0,0.0,-0.27,-0.05,0.02,-0.27,1.44,0.42,9.69,0.0,2.43,8.43,0,0,0,0.0,0.0,0.0
1787615335.953880,08:48:55.953,422,17.099,26.74,1011.41,15.33,0.0,0.0,0.0,-0.27,-0.05,0.02,-0.27,1.44,0.42,9.69,0.0,2.43,8.43,0,0,0,0.0,0.0,0.0
1787615335.954101,08:48:55.954,423,17.109,26.74,1011.41,15.33,0.0,0.0,0.0,-0.27,-0.05,0.02,-0.27,1.44,0.42,9.69,0.0,2.43,8.43,0,0,0,0.0,0.0,0.0
1787615335.954321,08:48:55.954,424,17.119,26.74,1011.41,15.33,0.0,0.0,0.0,-0.27,-0.05,0.02,-0.27,1.44,0.42,9.69,0.0,2.43,8.43,0,0,0,0.0,0.0,0.0
1787615335.954541,08:48:55.954,425,17.129,26.74,1011.41,15.33,0.0,0.0,0.0,-0.28,-0.05,0.05,-0.28,1.44,0.42,9.69,0.0,2.43,8.43,0,0,0,0.0,0.0,0.0
1787615335.954758,08:48:55.954,426,17.139,26.74,1011.41,15.33,0.0,0.0,0.0,-0.28,-0.05,0.05,-0.28,1.44,0.42,9.69,0.0,2.43,8.43,0,0,0,0.0,0.0,0.0
1787615335.954976,08:48:55.954,427,17.149,26.74,1011.41,15.33,0.0,0.0,0.0,-0.28,-0.05,0.05,-0.28,1.44,0.42,9.69,0.0,2.43,8.43,0,0,0,0.0,0.0,0.0
1787615336.058196,08:48:56.058,428,17.159,26.74,1011.41,15.33,0.0,0.0,0.0,-0.28,-0.05,0.05,-0.28,1.44,0.42,9.69,0.0,2.43,8.43,0,0,0,0.0,0.0,0.0
1787615336.058435,08:48:56.058,429,17.169,26.74,1011.39,15.496,0.0,0.0,0.0,-0.28,-0.05,0.05,-0.28,1.44,0.42,9.69,0.0,2.43,8.43,0,0,0,0.0,0.0,0.0
1787615336.058595,08:48:56.058,430,17.179,26.74,1011.39,15.496,0.0,0.0,0.0,-0.28,-0.05,0.05,-0.28,1.44,0.42,9.69,0.0,2.43,8.43,0,0,0,0.0,0.0,0.0
1787615336.058764,08:48:56.058,431,17.189,26.74,1011.39,15.496,0.0,0.0,0.0,-0.28,-0.05,0.05,-0.28,1.44,0.42,9.69,0.0,2.43,8.43,0,0,0,0.0,0.0,0.0
1787615336.058914,08:48:56.058,432,17.199,26.74,1011.39,15.496,0.0,0.0,0.0,-0.28,-0.05,0.05,-0.28,1.44,0.42,9.69,0.0,2.43,8.43,0,0,0,0.0,0.0,0.0
1787615336.059072,08:48:56.059,433,17.209,26.74,1011.39,15.496,0.0,0.0,0.0,-0.28,-0.05,0.05,-0.28,1.44,0.42,9.69,0.0,2.43,8.43,0,0,0,0.0,0.0,0.0
1787615336.059222,08:48:56.059,434,17.219,26.74,1011.39,15.496,0.0,0.0,0.0,-0.28,-0.05,0.05,-0.28,1.44,0.42,9.69,0.0,2.43,8.43,0,0,0,0.0,0.0,0.0
1787615336.059372,08:48:56.059,435,17.229,26.74,1011.39,15.496,0.0,0.0,0.0,-0.3,-0.07,0.05,-0.3,1.44,0.42,9.69,0.0,2.43,8.43,0,0,0,0.0,0.0,0.0
1787615336.059523,08:48:56.059,436,17.239,26.74,1011.39,15.496,0.0,0.0,0.0,-0.3,-0.07,0.05,-0.3,1.44,0.42,9.69,0.0,2.43,8.43,0,0,0,0.0,0.0,0.0
1787615336.159905,08:48:56.159,437,17.249,26.74,1011.39,15.496,0.0,0.0,0.0,-0.3,-0.07,0.05,-0.3,1.44,0.42,9.69,0.0,2.43,8.43,0,0,0,0.0,0.0,0.0
1787615336.160867,08:48:56.160,438,17.259,26.74,1011.39,15.496,0.0,0.0,0.0,-0.3,-0.07,0.05,-0.3,1.44,0.42,9.69,0.0,2.43,8.43,0,0,0,0.0,0.0,0.0
1787615336.161226,08:48:56.161,439,17.269,26.74,1011.39,15.496,0.0,0.0,0.0,-0.3,-0.07,0.05,-0.3,1.44,0.42,9.69,0.0,2.43,8.43,0,0,0,0.0,0.0,0.0
1787615336.161524,08:48:56.161,440,17.279,26.74,1011.39,15.496,0.0,0.0,0.0,-0.3,-0.07,0.05,-0.3,1.44,0.42,9.69,0.0,2.43,8.43,0,0,0,0.0,0.0,0.0
1787615336.161827,08:48:56.161,441,17.289,26.74,1011.39,15.496,0.0,0.0,0.0,-0.3,-0.07,0.05,-0.3,1.44,0.42,9.69,0.0,2.43,8.43,0,0,0,0.0,0.0,0.0
1787615336.162125,08:48:56.162,442,17.299,26.74,1011.39,15.496,0.0,0.0,0.0,-0.3,-0.07,0.05,-0.3,1.44,0.42,9.69,0.0,2.43,8.43,0,0,0,0.0,0.0,0.0
1787615336.162427,08:48:56.162,443,17.309,26.74,1011.39,15.496,0.0,0.0,0.0,-0.3,-0.07,0.05,-0.3,1.44,0.42,9.69,0.0,2.43,8.43,0,0,0,0.0,0.0,0.0
1787615336.162721,08:48:56.162,444,17.319,26.74,1011.39,15.496,0.0,0.0,0.0,-0.3,-0.07,0.05,-0.3,1.44,0.42,9.69,0.0,2.43,8.43,0,0,0,0.0,0.0,0.0
1787615336.163027,08:48:56.163,445,17.329,26.74,1011.39,15.496,0.0,0.0,0.0,-0.26,-0.04,0.03,-0.26,1.44,0.42,9.69,0.0,2.43,8.43,0,0,0,0.0,0.0,0.0
1787615336.163343,08:48:56.163,446,17.339,26.74,1011.39,15.496,0.0,0.0,0.0,-0.26,-0.04,0.03,-0.26,1.44,0.42,9.69,0.0,2.43,8.43,0,0,0,0.0,0.0,0.0
1787615336.163642,08:48:56.163,447,17.349,26.74,1011.39,15.496,0.0,0.0,0.0,-0.26,-0.04,0.03,-0.26,1.44,0.42,9.69,0.0,2.43,8.43,0,0,0,0.0,0.0,0.0
1787615336.163944,08:48:56.163,448,17.359,26.74,1011.39,15.496,0.0,0.0,0.0,-0.26,-0.04,0.03,-0.26,1.44,0.42,9.69,0.0,2.43,8.43,0,0,0,0.0,0.0,0.0
1787615336.265478,08:48:56.265,449,17.369,26.73,1011.43,15.164,0.0,0.0,0.0,-0.26,-0.04,0.03,-0.26,1.44,0.42,9.69,0.0,2.43,8.43,0,0,0,0.0,0.0,0.0
1787615336.266612,08:48:56.266,450,17.379,26.73,1011.43,15.164,0.0,0.0,0.0,-0.26,-0.04,0.03,-0.26,1.44,0.42,9.69,0.0,2.43,8.43,0,0,0,0.0,0.0,0.0
1787615336.267100,08:48:56.267,451,17.389,26.73,1011.43,15.164,0.0,0.0,0.0,-0.26,-0.04,0.03,-0.26,1.44,0.42,9.69,0.0,2.43,8.43,0,0,0,0.0,0.0,0.0
1787615336.267528,08:48:56.267,452,17.399,26.73,1011.43,15.164,0.0,0.0,0.0,-0.26,-0.04,0.03,-0.26,1.44,0.42,9.69,0.0,2.43,8.43,0,0,0,0.0,0.0,0.0
1787615336.267941,08:48:56.267,453,17.409,26.73,1011.43,15.164,0.0,0.0,0.0,-0.26,-0.04,0.03,-0.26,1.44,0.42,9.69,0.0,2.43,8.43,0,0,0,0.0,0.0,0.0
1787615336.268349,08:48:56.268,454,17.419,26.73,1011.43,15.164,0.0,0.0,0.0,-0.26,-0.04,0.03,-0.26,1.44,0.42,9.69,0.0,2.43,8.43,0,0,0,0.0,0.0,0.0
1787615336.268754,08:48:56.268,455,17.429,26.73,1011.43,15.164,0.0,0.0,0.0,-0.26,-0.04,0.03,-0.26,1.44,0.42,9.69,0.0,2.43,8.43,0,0,0,0.0,0.0,0.0
1787615336.269173,08:48:56.269,456,17.439,26.73,1011.43,15.164,0.0,0.0,0.0,-0.26,-0.03,0.06,-0.26,1.44,0.42,9.69,0.0,2.43,8.43,0,0,0,0.0,0.0,0.0
1787615336.269577,08:48:56.269,457,17.449,26.73,1011.43,15.164,0.0,0.0,0.0,-0.26,-0.03,0.06,-0.26,1.44,0.42,9.69,0.0,2.43,8.43,0,0,0,0.0,0.0,0.0
1787615336.269986,08:48:56.269,458,17.459,26.73,1011.43,15.164,0.0,0.0,0.0,-0.26,-0.03,0.06,-0.26,1.44,0.42,9.69,0.0,2.43,8.43,0,0,0,0.0,0.0,0.0
1787615336.270349,08:48:56.270,459,17.469,26.73,1011.43,15.164,0.0,0.0,0.0,-0.26,-0.03,0.06,-0.26,1.44,0.42,9.69,0.0,2.43,8.43,0,0,0,0.0,0.0,0.0
1787615336.371813,08:48:56.371,460,17.479,26.73,1011.43,15.164,0.0,0.0,0.0,-0.26,-0.03,0.06,-0.26,1.44,0.42,9.69,0.0,2.43,8.43,0,0,0,0.0,0.0,0.0
1787615336.372734,08:48:56.372,461,17.489,26.73,1011.43,15.164,0.0,0.0,0.0,-0.26,-0.03,0.06,-0.26,1.44,0.42,9.69,0.0,2.43,8.43,0,0,0,0.0,0.0,0.0
1787615336.373107,08:48:56.373,462,17.499,26.73,1011.43,15.164,0.0,0.0,0.0,-0.26,-0.03,0.06,-0.26,1.44,0.42,9.69,0.0,2.43,8.43,0,0,0,0.0,0.0,0.0
1787615336.373456,08:48:56.373,463,17.509,26.73,1011.43,15.164,0.0,0.0,0.0,-0.26,-0.03,0.06,-0.26,1.44,0.42,9.69,0.0,2.43,8.43,0,0,0,0.0,0.0,0.0
1787615336.373810,08:48:56.373,464,17.519,26.73,1011.43,15.164,0.0,0.0,0.0,-0.26,-0.03,0.06,-0.26,1.44,0.42,9.69,0.0,2.43,8.43,0,0,0,0.0,0.0,0.0
1787615336.374158,08:48:56.374,465,17.529,26.73,1011.43,15.164,0.0,0.0,0.0,-0.26,-0.03,0.06,-0.26,1.44,0.42,9.69,0.0,2.43,8.43,0,0,0,0.0,0.0,0.0
1787615336.374606,08:48:56.374,466,17.539,26.73,1011.43,15.164,0.0,0.0,0.0,-0.25,-0.06,0.06,-0.25,1.44,0.42,9.69,0.0,2.43,8.43,0,0,0,0.0,0.0,0.0
1787615336.374965,08:48:56.374,467,17.549,26.73,1011.43,15.164,0.0,0.0,0.0,-0.25,-0.06,0.06,-0.25,1.44,0.42,9.69,0.0,2.43,8.43,0,0,0,0.0,0.0,0.0
1787615336.375305,08:48:56.375,468,17.559,26.73,1011.43,15.164,0.0,0.0,0.0,-0.25,-0.06,0.06,-0.25,1.44,0.42,9.69,0.0,2.43,8.43,0,0,0,0.0,0.0,0.0
1787615336.375675,08:48:56.375,469,17.569,26.73,1011.43,15.164,0.0,0.0,0.0,-0.25,-0.06,0.06,-0.25,1.44,0.42,9.69,0.0,2.43,8.43,0,0,0,0.0,0.0,0.0
1787615336.476442,08:48:56.476,470,17.579,26.73,1011.43,15.164,0.0,0.0,0.0,-0.25,-0.06,0.06,-0.25,1.44,0.42,9.69,0.0,2.43,8.43,0,0,0,0.0,0.0,0.0
1787615336.477820,08:48:56.477,471,17.589,26.73,1011.43,15.164,0.0,0.0,0.0,-0.25,-0.06,0.06,-0.25,1.44,0.42,9.69,0.0,2.43,8.43,0,0,0,0.0,0.0,0.0
1787615336.478584,08:48:56.478,472,17.599,26.73,1011.43,15.164,0.0,0.0,0.0,-0.25,-0.06,0.06,-0.25,1.44,0.42,9.69,0.0,2.43,8.43,0,0,0,0.0,0.0,0.0
1787615336.479301,08:48:56.479,473,17.609,26.73,1011.43,15.164,0.0,0.0,0.0,-0.25,-0.06,0.06,-0.25,1.44,0.42,9.69,0.0,2.43,8.43,0,0,0,0.0,0.0,0.0
1787615336.479995,08:48:56.479,474,17.619,26.73,1011.43,15.164,0.0,0.0,0.0,-0.25,-0.06,0.06,-0.25,1.44,0.42,9.69,0.0,2.43,8.43,0,0,0,0.0,0.0,0.0
1787615336.480350,08:48:56.480,475,17.629,26.73,1011.43,15.164,0.0,0.0,0.0,-0.25,-0.06,0.06,-0.25,1.44,0.42,9.69,0.0,2.43,8.43,0,0,0,0.0,0.0,0.0
1787615336.480652,08:48:56.480,476,17.639,26.73,1011.43,15.164,0.0,0.0,0.0,-0.28,-0.05,0.05,-0.28,1.44,0.42,9.69,0.0,2.43,8.43,0,0,0,0.0,0.0,0.0
1787615336.480958,08:48:56.480,477,17.649,26.73,1011.43,15.164,0.0,0.0,0.0,-0.28,-0.05,0.05,-0.28,1.44,0.42,9.69,0.0,2.43,8.43,0,0,0,0.0,0.0,0.0
1787615336.481263,08:48:56.481,478,17.659,26.73,1011.43,15.164,0.0,0.0,0.0,-0.28,-0.05,0.05,-0.28,1.44,0.42,9.69,0.0,2.43,8.43,0,0,0,0.0,0.0,0.0
1787615336.481571,08:48:56.481,479,17.669,26.73,1011.43,15.164,0.0,0.0,0.0,-0.28,-0.05,0.05,-0.28,1.44,0.42,9.69,0.0,2.43,8.43,0,0,0,0.0,0.0,0.0
1787615336.481882,08:48:56.481,480,17.679,26.73,1011.43,15.164,0.0,0.0,0.0,-0.28,-0.05,0.05,-0.28,1.44,0.42,9.69,0.0,2.43,8.43,0,0,0,0.0,0.0,0.0
1787615336.583511,08:48:56.583,481,17.689,26.73,1011.43,15.164,0.0,0.0,0.0,-0.28,-0.05,0.05,-0.28,1.44,0.42,9.69,0.0,2.43,8.43,0,0,0,0.0,0.0,0.0
1787615336.584841,08:48:56.584,482,17.699,26.73,1011.43,15.164,0.0,0.0,0.0,-0.28,-0.05,0.05,-0.28,1.44,0.42,9.69,0.0,2.43,8.43,0,0,0,0.0,0.0,0.0
1787615336.585597,08:48:56.585,483,17.709,26.73,1011.43,15.164,0.0,0.0,0.0,-0.28,-0.05,0.05,-0.28,1.44,0.42,9.69,0.0,2.43,8.43,0,0,0,0.0,0.0,0.0
1787615336.586327,08:48:56.586,484,17.719,26.73,1011.43,15.164,0.0,0.0,0.0,-0.28,-0.05,0.05,-0.28,1.44,0.42,9.69,0.0,2.43,8.43,0,0,0,0.0,0.0,0.0
1787615336.587053,08:48:56.587,485,17.729,26.73,1011.43,15.164,0.0,0.0,0.0,-0.28,-0.05,0.05,-0.28,1.44,0.42,9.69,0.0,2.43,8.43,0,0,0,0.0,0.0,0.0
1787615336.587772,08:48:56.587,486,17.739,26.73,1011.43,15.164,0.0,0.0,0.0,-0.25,-0.03,0.05,-0.25,1.44,0.42,9.69,0.0,2.43,8.43,0,0,0,0.0,0.0,0.0
1787615336.588448,08:48:56.588,487,17.749,26.73,1011.43,15.164,0.0,0.0,0.0,-0.25,-0.03,0.05,-0.25,1.44,0.42,9.69,0.0,2.43,8.43,0,0,0,0.0,0.0,0.0
1787615336.589111,08:48:56.589,488,17.759,26.73,1011.43,15.164,0.0,0.0,0.0,-0.25,-0.03,0.05,-0.25,1.44,0.42,9.69,0.0,2.43,8.43,0,0,0,0.0,0.0,0.0
1787615336.589783,08:48:56.589,489,17.769,26.72,1011.41,15.33,0.0,0.0,0.0,-0.25,-0.03,0.05,-0.25,1.44,0.42,9.69,0.0,2.43,8.43,0,0,0,0.0,0.0,0.0
1787615336.590445,08:48:56.590,490,17.779,26.72,1011.41,15.33,0.0,0.0,0.0,-0.25,-0.03,0.05,-0.25,1.44,0.42,9.69,0.0,2.43,8.43,0,0,0,0.0,0.0,0.0
1787615336.692029,08:48:56.692,491,17.789,26.72,1011.41,15.33,0.0,0.0,0.0,-0.25,-0.03,0.05,-0.25,1.44,0.42,9.69,0.0,2.43,8.43,0,0,0,0.0,0.0,0.0
1787615336.693358,08:48:56.693,492,17.799,26.72,1011.41,15.33,0.0,0.0,0.0,-0.25,-0.03,0.05,-0.25,1.44,0.42,9.69,0.0,2.43,8.43,0,0,0,0.0,0.0,0.0
1787615336.694114,08:48:56.694,493,17.809,26.72,1011.41,15.33,0.0,0.0,0.0,-0.25,-0.03,0.05,-0.25,1.44,0.42,9.69,0.0,2.43,8.43,0,0,0,0.0,0.0,0.0
1787615336.694792,08:48:56.694,494,17.819,26.72,1011.41,15.33,0.0,0.0,0.0,-0.25,-0.03,0.05,-0.25,1.44,0.42,9.69,0.0,2.43,8.43,0,0,0,0.0,0.0,0.0
1787615336.695477,08:48:56.695,495,17.829,26.72,1011.41,15.33,0.0,0.0,0.0,-0.28,-0.04,0.06,-0.28,1.44,0.42,9.69,0.0,2.43,8.43,0,0,0,0.0,0.0,0.0
1787615336.696162,08:48:56.696,496,17.839,26.72,1011.41,15.33,0.0,0.0,0.0,-0.28,-0.04,0.06,-0.28,1.44,0.42,9.69,0.0,2.43,8.43,0,0,0,0.0,0.0,0.0
1787615336.696645,08:48:56.696,497,17.849,26.72,1011.41,15.33,0.0,0.0,0.0,-0.28,-0.04,0.06,-0.28,1.44,0.42,9.69,0.0,2.43,8.43,0,0,0,0.0,0.0,0.0
1787615336.696993,08:48:56.696,498,17.859,26.72,1011.41,15.33,0.0,0.0,0.0,-0.28,-0.04,0.06,-0.28,1.44,0.42,9.69,0.0,2.43,8.43,0,0,0,0.0,0.0,0.0
1787615336.697340,08:48:56.697,499,17.869,26.72,1011.41,15.33,0.0,0.0,0.0,-0.28,-0.04,0.06,-0.28,1.44,0.42,9.69,0.0,2.43,8.43,0,0,0,0.0,0.0,0.0
1787615336.697676,08:48:56.697,500,17.879,26.72,1011.41,15.33,0.0,0.0,0.0,-0.28,-0.04,0.06,-0.28,1.44,0.42,9.69,0.0,2.43,8.43,0,0,0,0.0,0.0,0.0
1787615336.698233,08:48:56.698,501,17.889,26.72,1011.41,15.33,0.0,0.0,0.0,-0.28,-0.04,0.06,-0.28,1.44,0.42,9.69,0.0,2.43,8.43,0,0,0,0.0,0.0,0.0
1787615336.698624,08:48:56.698,502,17.899,26.72,1011.41,15.33,0.0,0.0,0.0,-0.28,-0.04,0.06,-0.28,1.44,0.42,9.69,0.0,2.43,8.43,0,0,0,0.0,0.0,0.0
1787615336.800113,08:48:56.800,503,17.909,26.72,1011.41,15.33,0.0,0.0,0.0,-0.28,-0.04,0.06,-0.28,1.44,0.42,9.69,0.0,2.43,8.43,0,0,0,0.0,0.0,0.0
1787615336.801504,08:48:56.801,504,17.919,26.72,1011.41,15.33,0.0,0.0,0.0,-0.28,-0.04,0.06,-0.28,1.44,0.42,9.69,0.0,2.43,8.43,0,0,0,0.0,0.0,0.0
1787615336.802225,08:48:56.802,505,17.929,26.72,1011.41,15.33,0.0,0.0,0.0,-0.29,-0.05,0.03,-0.29,1.44,0.42,9.69,0.0,2.43,8.43,0,0,0,0.0,0.0,0.0
1787615336.802913,08:48:56.802,506,17.939,26.72,1011.41,15.33,0.0,0.0,0.0,-0.29,-0.05,0.03,-0.29,1.44,0.42,9.69,0.0,2.43,8.43,0,0,0,0.0,0.0,0.0
1787615336.803306,08:48:56.803,507,17.949,26.72,1011.41,15.33,0.0,0.0,0.0,-0.29,-0.05,0.03,-0.29,1.44,0.42,9.69,0.0,2.43,8.43,0,0,0,0.0,0.0,0.0
1787615336.803651,08:48:56.803,508,17.959,26.72,1011.41,15.33,0.0,0.0,0.0,-0.29,-0.05,0.03,-0.29,1.44,0.42,9.69,0.0,2.43,8.43,0,0,0,0.0,0.0,0.0
1787615336.803995,08:48:56.803,509,17.969,26.71,1011.38,15.581,0.0,0.0,0.0,-0.29,-0.05,0.03,-0.29,1.44,0.42,9.69,0.0,2.43,8.43,0,0,0,0.0,0.0,0.0
1787615336.804334,08:48:56.804,510,17.979,26.71,1011.38,15.581,0.0,0.0,0.0,-0.29,-0.05,0.03,-0.29,1.44,0.42,9.69,0.0,2.43,8.43,0,0,0,0.0,0.0,0.0
1787615336.804695,08:48:56.804,511,17.989,26.71,1011.38,15.581,0.0,0.0,0.0,-0.29,-0.05,0.03,-0.29,1.44,0.42,9.69,0.0,2.43,8.43,0,0,0,0.0,0.0,0.0
1787615336.805287,08:48:56.805,512,17.999,26.71,1011.38,15.581,0.0,0.0,0.0,-0.29,-0.05,0.03,-0.29,1.44,0.42,9.69,0.0,2.43,8.43,0,0,0,0.0,0.0,0.0
1787615336.805632,08:48:56.805,513,18.009,26.71,1011.38,15.581,0.0,0.0,0.0,-0.29,-0.05,0.03,-0.29,1.44,0.42,9.69,0.0,2.43,8.43,0,0,0,0.0,0.0,0.0
1787615336.907368,08:48:56.907,514,18.019,26.71,1011.38,15.581,0.0,0.0,0.0,-0.29,-0.05,0.03,-0.29,1.44,0.42,9.69,0.0,2.43,8.43,0,0,0,0.0,0.0,0.0
1787615336.909710,08:48:56.909,515,18.029,26.71,1011.38,15.581,0.0,0.0,0.0,-0.26,-0.04,0.07,-0.26,1.44,0.42,9.69,0.0,2.43,8.43,0,0,0,0.0,0.0,0.0
1787615336.910743,08:48:56.910,516,18.039,26.71,1011.38,15.581,0.0,0.0,0.0,-0.26,-0.04,0.07,-0.26,1.44,0.42,9.69,0.0,2.43,8.43,0,0,0,0.0,0.0,0.0
1787615336.911191,08:48:56.911,517,18.049,26.71,1011.38,15.581,0.0,0.0,0.0,-0.26,-0.04,0.07,-0.26,1.44,0.42,9.69,0.0,2.43,8.43,0,0,0,0.0,0.0,0.0
1787615336.911800,08:48:56.911,518,18.059,26.71,1011.38,15.581,0.0,0.0,0.0,-0.26,-0.04,0.07,-0.26,1.44,0.42,9.69,0.0,2.43,8.43,0,0,0,0.0,0.0,0.0
1787615336.912253,08:48:56.912,519,18.069,26.71,1011.38,15.581,0.0,0.0,0.0,-0.26,-0.04,0.07,-0.26,1.44,0.42,9.69,0.0,2.43,8.43,0,0,0,0.0,0.0,0.0
1787615336.912633,08:48:56.912,520,18.079,26.71,1011.38,15.581,0.0,0.0,0.0,-0.26,-0.04,0.07,-0.26,1.44,0.42,9.69,0.0,2.43,8.43,0,0,0,0.0,0.0,0.0
1787615336.912969,08:48:56.912,521,18.089,26.71,1011.38,15.581,0.0,0.0,0.0,-0.26,-0.04,0.07,-0.26,1.44,0.42,9.69,0.0,2.43,8.43,0,0,0,0.0,0.0,0.0
1787615336.913300,08:48:56.913,522,18.099,26.71,1011.38,15.581,0.0,0.0,0.0,-0.26,-0.04,0.07,-0.26,1.44,0.42,9.69,0.0,2.43,8.43,0,0,0,0.0,0.0,0.0
1787615336.913626,08:48:56.913,523,18.109,26.71,1011.38,15.581,0.0,0.0,0.0,-0.26,-0.04,0.07,-0.26,1.44,0.42,9.69,0.0,2.43,8.43,0,0,0,0.0,0.0,0.0
1787615337.014918,08:48:57.014,524,18.119,26.71,1011.38,15.581,0.0,0.0,0.0,-0.26,-0.04,0.07,-0.26,1.44,0.42,9.69,0.0,2.43,8.43,0,0,0,0.0,0.0,0.0
1787615337.016475,08:48:57.016,525,18.129,26.71,1011.38,15.581,0.0,0.0,0.0,-0.23,-0.05,0.06,-0.23,1.44,0.42,9.69,0.0,2.43,8.43,0,0,0,0.0,0.0,0.0
1787615337.017023,08:48:57.017,526,18.139,26.71,1011.38,15.581,0.0,0.0,0.0,-0.23,-0.05,0.06,-0.23,1.44,0.42,9.69,0.0,2.43,8.43,0,0,0,0.0,0.0,0.0
1787615337.017489,08:48:57.017,527,18.149,26.71,1011.38,15.581,0.0,0.0,0.0,-0.23,-0.05,0.06,-0.23,1.44,0.42,9.69,0.0,2.43,8.43,0,0,0,0.0,0.0,0.0
1787615337.017960,08:48:57.017,528,18.159,26.71,1011.38,15.581,0.0,0.0,0.0,-0.23,-0.05,0.06,-0.23,1.44,0.42,9.69,0.0,2.43,8.43,0,0,0,0.0,0.0,0.0
1787615337.018391,08:48:57.018,529,18.169,26.73,1011.43,15.164,0.0,0.0,0.0,-0.23,-0.05,0.06,-0.23,1.44,0.42,9.69,0.0,2.43,8.43,0,0,0,0.0,0.0,0.0
1787615337.018784,08:48:57.018,530,18.179,26.73,1011.43,15.164,0.0,0.0,0.0,-0.23,-0.05,0.06,-0.23,1.44,0.42,9.69,0.0,2.43,8.43,0,0,0,0.0,0.0,0.0
1787615337.019170,08:48:57.019,531,18.189,26.73,1011.43,15.164,0.0,0.0,0.0,-0.23,-0.05,0.06,-0.23,1.44,0.42,9.69,0.0,2.43,8.43,0,0,0,0.0,0.0,0.0
1787615337.019551,08:48:57.019,532,18.199,26.73,1011.43,15.164,0.0,0.0,0.0,-0.23,-0.05,0.06,-0.23,1.44,0.42,9.69,0.0,2.43,8.43,0,0,0,0.0,0.0,0.0
1787615337.019907,08:48:57.019,533,18.209,26.73,1011.43,15.164,0.0,0.0,0.0,-0.23,-0.05,0.06,-0.23,1.44,0.42,9.69,0.0,2.43,8.43,0,0,0,0.0,0.0,0.0
1787615337.121478,08:48:57.121,534,18.219,26.73,1011.43,15.164,0.0,0.0,0.0,-0.23,-0.05,0.06,-0.23,1.44,0.42,9.69,0.0,2.43,8.43,0,0,0,0.0,0.0,0.0
1787615337.121876,08:48:57.121,535,18.229,26.73,1011.43,15.164,0.0,0.0,0.0,-0.25,-0.04,0.05,-0.25,1.44,0.42,9.69,0.0,2.43,8.43,0,0,0,0.0,0.0,0.0
1787615337.122077,08:48:57.122,536,18.239,26.73,1011.43,15.164,0.0,0.0,0.0,-0.25,-0.04,0.05,-0.25,1.44,0.42,9.69,0.0,2.43,8.43,0,0,0,0.0,0.0,0.0
1787615337.122271,08:48:57.122,537,18.249,26.73,1011.43,15.164,0.0,0.0,0.0,-0.25,-0.04,0.05,-0.25,1.44,0.42,9.69,0.0,2.43,8.43,0,0,0,0.0,0.0,0.0
1787615337.122462,08:48:57.122,538,18.259,26.73,1011.43,15.164,0.0,0.0,0.0,-0.25,-0.04,0.05,-0.25,1.44,0.42,9.69,0.0,2.43,8.43,0,0,0,0.0,0.0,0.0
1787615337.122650,08:48:57.122,539,18.269,26.73,1011.43,15.164,0.0,0.0,0.0,-0.25,-0.04,0.05,-0.25,1.44,0.42,9.69,0.0,2.43,8.43,0,0,0,0.0,0.0,0.0
1787615337.122837,08:48:57.122,540,18.279,26.73,1011.43,15.164,0.0,0.0,0.0,-0.25,-0.04,0.05,-0.25,1.44,0.42,9.69,0.0,2.43,8.43,0,0,0,0.0,0.0,0.0
1787615337.123026,08:48:57.123,541,18.289,26.73,1011.43,15.164,0.0,0.0,0.0,-0.25,-0.04,0.05,-0.25,1.44,0.42,9.69,0.0,2.43,8.43,0,0,0,0.0,0.0,0.0
1787615337.224497,08:48:57.224,542,18.299,26.73,1011.43,15.164,0.0,0.0,0.0,-0.25,-0.04,0.05,-0.25,1.44,0.42,9.69,0.0,2.43,8.43,0,0,0,0.0,0.0,0.0
1787615337.226346,08:48:57.226,543,18.309,26.73,1011.43,15.164,0.0,0.0,0.0,-0.25,-0.04,0.05,-0.25,1.44,0.42,9.69,0.0,2.43,8.43,0,0,0,0.0,0.0,0.0
1787615337.227002,08:48:57.227,544,18.319,26.73,1011.43,15.164,0.0,0.0,0.0,-0.25,-0.04,0.05,-0.25,1.44,0.42,9.69,0.0,2.43,8.43,0,0,0,0.0,0.0,0.0
1787615337.227498,08:48:57.227,545,18.329,26.73,1011.43,15.164,0.0,0.0,0.0,-0.28,-0.06,0.02,-0.28,1.44,0.42,9.69,0.0,2.43,8.43,0,0,0,0.0,0.0,0.0
1787615337.227905,08:48:57.227,546,18.339,26.73,1011.43,15.164,0.0,0.0,0.0,-0.28,-0.06,0.02,-0.28,1.44,0.42,9.69,0.0,2.43,8.43,0,0,0,0.0,0.0,0.0
1787615337.228311,08:48:57.228,547,18.349,26.73,1011.43,15.164,0.0,0.0,0.0,-0.28,-0.06,0.02,-0.28,1.44,0.42,9.69,0.0,2.43,8.43,0,0,0,0.0,0.0,0.0
1787615337.228661,08:48:57.228,548,18.359,26.73,1011.43,15.164,0.0,0.0,0.0,-0.28,-0.06,0.02,-0.28,1.44,0.42,9.69,0.0,2.43,8.43,0,0,0,0.0,0.0,0.0
1787615337.229008,08:48:57.229,549,18.369,26.71,1011.38,15.581,0.0,0.0,0.0,-0.28,-0.06,0.02,-0.28,1.44,0.42,9.69,0.0,2.43,8.43,0,0,0,0.0,0.0,0.0
1787615337.229356,08:48:57.229,550,18.379,26.71,1011.38,15.581,0.0,0.0,0.0,-0.28,-0.06,0.02,-0.28,1.44,0.42,9.69,0.0,2.43,8.43,0,0,0,0.0,0.0,0.0
1787615337.229710,08:48:57.229,551,18.389,26.71,1011.38,15.581,0.0,0.0,0.0,-0.28,-0.06,0.02,-0.28,1.44,0.42,9.69,0.0,2.43,8.43,0,0,0,0.0,0.0,0.0
1787615337.230072,08:48:57.230,552,18.399,26.71,1011.38,15.581,0.0,0.0,0.0,-0.28,-0.06,0.02,-0.28,1.44,0.42,9.69,0.0,2.43,8.43,0,0,0,0.0,0.0,0.0
1787615337.230416,08:48:57.230,553,18.409,26.71,1011.38,15.581,0.0,0.0,0.0,-0.28,-0.06,0.02,-0.28,1.44,0.42,9.69,0.0,2.43,8.43,0,0,0,0.0,0.0,0.0
1787615337.332134,08:48:57.332,554,18.419,26.71,1011.38,15.581,0.0,0.0,0.0,-0.28,-0.06,0.02,-0.28,1.44,0.42,9.69,0.0,2.43,8.43,0,0,0,0.0,0.0,0.0
1787615337.333584,08:48:57.333,555,18.429,26.71,1011.38,15.581,0.0,0.0,0.0,-0.27,-0.06,0.06,-0.27,1.44,0.42,9.69,0.0,2.43,8.43,0,0,0,0.0,0.0,0.0
1787615337.334302,08:48:57.334,556,18.439,26.71,1011.38,15.581,0.0,0.0,0.0,-0.27,-0.06,0.06,-0.27,1.44,0.42,9.69,0.0,2.43,8.43,0,0,0,0.0,0.0,0.0
1787615337.335008,08:48:57.335,557,18.449,26.71,1011.38,15.581,0.0,0.0,0.0,-0.27,-0.06,0.06,-0.27,1.44,0.42,9.69,0.0,2.43,8.43,0,0,0,0.0,0.0,0.0
1787615337.335693,08:48:57.335,558,18.459,26.71,1011.38,15.581,0.0,0.0,0.0,-0.27,-0.06,0.06,-0.27,1.44,0.42,9.69,0.0,2.43,8.43,0,0,0,0.0,0.0,0.0
1787615337.336059,08:48:57.336,559,18.469,26.71,1011.38,15.581,0.0,0.0,0.0,-0.27,-0.06,0.06,-0.27,1.44,0.42,9.69,0.0,2.43,8.43,0,0,0,0.0,0.0,0.0
1787615337.336330,08:48:57.336,560,18.479,26.71,1011.38,15.581,0.0,0.0,0.0,-0.27,-0.06,0.06,-0.27,1.44,0.42,9.69,0.0,2.43,8.43,0,0,0,0.0,0.0,0.0
1787615337.336608,08:48:57.336,561,18.489,26.71,1011.38,15.581,0.0,0.0,0.0,-0.27,-0.06,0.06,-0.27,1.44,0.42,9.69,0.0,2.43,8.43,0,0,0,0.0,0.0,0.0
1787615337.336897,08:48:57.336,562,18.499,26.71,1011.38,15.581,0.0,0.0,0.0,-0.27,-0.06,0.06,-0.27,1.44,0.42,9.69,0.0,2.43,8.43,0,0,0,0.0,0.0,0.0
1787615337.337179,08:48:57.337,563,18.509,26.71,1011.38,15.581,0.0,0.0,0.0,-0.27,-0.06,0.06,-0.27,1.44,0.42,9.69,0.0,2.43,8.43,0,0,0,0.0,0.0,0.0
1787615337.337457,08:48:57.337,564,18.519,26.71,1011.38,15.581,0.0,0.0,0.0,-0.27,-0.06,0.06,-0.27,1.44,0.42,9.69,0.0,2.43,8.43,0,0,0,0.0,0.0,0.0
1787615337.439015,08:48:57.439,565,18.529,26.71,1011.38,15.581,0.0,0.0,0.0,-0.26,-0.08,0.06,-0.26,1.44,0.42,9.69,0.0,2.43,8.43,0,0,0,0.0,0.0,0.0
1787615337.439924,08:48:57.439,566,18.539,26.71,1011.38,15.581,0.0,0.0,0.0,-0.26,-0.08,0.06,-0.26,1.44,0.42,9.69,0.0,2.43,8.43,0,0,0,0.0,0.0,0.0
1787615337.440214,08:48:57.440,567,18.549,26.71,1011.38,15.581,0.0,0.0,0.0,-0.26,-0.08,0.06,-0.26,1.44,0.42,9.69,0.0,2.43,8.43,0,0,0,0.0,0.0,0.0
1787615337.440506,08:48:57.440,568,18.559,26.71,1011.38,15.581,0.0,0.0,0.0,-0.26,-0.08,0.06,-0.26,1.44,0.42,9.69,0.0,2.43,8.43,0,0,0,0.0,0.0,0.0
1787615337.440789,08:48:57.440,569,18.569,26.72,1011.41,15.33,0.0,0.0,0.0,-0.26,-0.08,0.06,-0.26,1.44,0.42,9.69,0.0,2.43,8.43,0,0,0,0.0,0.0,0.0
1787615337.441069,08:48:57.441,570,18.579,26.72,1011.41,15.33,0.0,0.0,0.0,-0.26,-0.08,0.06,-0.26,1.44,0.42,9.69,0.0,2.43,8.43,0,0,0,0.0,0.0,0.0
1787615337.441372,08:48:57.441,571,18.589,26.72,1011.41,15.33,0.0,0.0,0.0,-0.26,-0.08,0.06,-0.26,1.44,0.42,9.69,0.0,2.43,8.43,0,0,0,0.0,0.0,0.0
1787615337.441668,08:48:57.441,572,18.599,26.72,1011.41,15.33,0.0,0.0,0.0,-0.26,-0.08,0.06,-0.26,1.44,0.42,9.69,0.0,2.43,8.43,0,0,0,0.0,0.0,0.0
1787615337.441961,08:48:57.441,573,18.609,26.72,1011.41,15.33,0.0,0.0,0.0,-0.26,-0.08,0.06,-0.26,1.44,0.42,9.69,0.0,2.43,8.43,0,0,0,0.0,0.0,0.0
1787615337.442249,08:48:57.442,574,18.619,26.72,1011.41,15.33,0.0,0.0,0.0,-0.26,-0.08,0.06,-0.26,1.44,0.42,9.69,0.0,2.43,8.43,0,0,0,0.0,0.0,0.0
1787615337.442535,08:48:57.442,575,18.629,26.72,1011.41,15.33,0.0,0.0,0.0,-0.25,-0.04,0.06,-0.25,1.44,0.42,9.69,0.0,2.43,8.43,0,0,0,0.0,0.0,0.0
1787615337.442834,08:48:57.442,576,18.639,26.72,1011.41,15.33,0.0,0.0,0.0,-0.25,-0.04,0.06,-0.25,1.44,0.42,9.69,0.0,2.43,8.43,0,0,0,0.0,0.0,0.0
1787615337.544320,08:48:57.544,577,18.649,26.72,1011.41,15.33,0.0,0.0,0.0,-0.25,-0.04,0.06,-0.25,1.44,0.42,9.69,0.0,2.43,8.43,0,0,0,0.0,0.0,0.0
1787615337.544915,08:48:57.544,578,18.659,26.72,1011.41,15.33,0.0,0.0,0.0,-0.25,-0.04,0.06,-0.25,1.44,0.42,9.69,0.0,2.43,8.43,0,0,0,0.0,0.0,0.0
1787615337.545223,08:48:57.545,579,18.669,26.72,1011.41,15.33,0.0,0.0,0.0,-0.25,-0.04,0.06,-0.25,1.44,0.42,9.69,0.0,2.43,8.43,0,0,0,0.0,0.0,0.0
1787615337.545509,08:48:57.545,580,18.679,26.72,1011.41,15.33,0.0,0.0,0.0,-0.25,-0.04,0.06,-0.25,1.44,0.42,9.69,0.0,2.43,8.43,0,0,0,0.0,0.0,0.0
1787615337.545801,08:48:57.545,581,18.689,26.72,1011.41,15.33,0.0,0.0,0.0,-0.25,-0.04,0.06,-0.25,1.44,0.42,9.69,0.0,2.43,8.43,0,0,0,0.0,0.0,0.0
1787615337.546091,08:48:57.546,582,18.699,26.72,1011.41,15.33,0.0,0.0,0.0,-0.25,-0.04,0.06,-0.25,1.44,0.42,9.69,0.0,2.43,8.43,0,0,0,0.0,0.0,0.0
1787615337.546382,08:48:57.546,583,18.709,26.72,1011.41,15.33,0.0,0.0,0.0,-0.25,-0.04,0.06,-0.25,1.44,0.42,9.69,0.0,2.43,8.43,0,0,0,0.0,0.0,0.0
1787615337.546665,08:48:57.546,584,18.719,26.72,1011.41,15.33,0.0,0.0,0.0,-0.25,-0.04,0.06,-0.25,1.44,0.42,9.69,0.0,2.43,8.43,0,0,0,0.0,0.0,0.0
1787615337.546952,08:48:57.546,585,18.729,26.72,1011.41,15.33,0.0,0.0,0.0,-0.27,-0.05,0.04,-0.27,1.44,0.42,9.69,0.0,2.43,8.43,0,0,0,0.0,0.0,0.0
1787615337.547233,08:48:57.547,586,18.739,26.72,1011.41,15.33,0.0,0.0,0.0,-0.27,-0.05,0.04,-0.27,1.44,0.42,9.69,0.0,2.43,8.43,0,0,0,0.0,0.0,0.0
1787615337.648385,08:48:57.648,587,18.749,26.72,1011.41,15.33,0.0,0.0,0.0,-0.27,-0.05,0.04,-0.27,1.44,0.42,9.69,0.0,2.43,8.43,0,0,0,0.0,0.0,0.0
1787615337.649819,08:48:57.649,588,18.759,26.72,1011.41,15.33,0.0,0.0,0.0,-0.27,-0.05,0.04,-0.27,1.44,0.42,9.69,0.0,2.43,8.43,0,0,0,0.0,0.0,0.0
1787615337.650527,08:48:57.650,589,18.769,26.71,1011.42,15.245,0.0,0.0,0.0,-0.27,-0.05,0.04,-0.27,1.44,0.42,9.69,0.0,2.43,8.43,0,0,0,0.0,0.0,0.0
1787615337.651137,08:48:57.651,590,18.779,26.71,1011.42,15.245,0.0,0.0,0.0,-0.27,-0.05,0.04,-0.27,1.44,0.42,9.69,0.0,2.43,8.43,0,0,0,0.0,0.0,0.0
1787615337.651492,08:48:57.651,591,18.789,26.71,1011.42,15.245,0.0,0.0,0.0,-0.27,-0.05,0.04,-0.27,1.44,0.42,9.69,0.0,2.43,8.43,0,0,0,0.0,0.0,0.0
1787615337.651834,08:48:57.651,592,18.799,26.71,1011.42,15.245,0.0,0.0,0.0,-0.27,-0.05,0.04,-0.27,1.44,0.42,9.69,0.0,2.43,8.43,0,0,0,0.0,0.0,0.0
1787615337.652170,08:48:57.652,593,18.809,26.71,1011.42,15.245,0.0,0.0,0.0,-0.27,-0.05,0.04,-0.27,1.44,0.42,9.69,0.0,2.43,8.43,0,0,0,0.0,0.0,0.0
1787615337.652523,08:48:57.652,594,18.819,26.71,1011.42,15.245,0.0,0.0,0.0,-0.27,-0.05,0.04,-0.27,1.44,0.42,9.69,0.0,2.43,8.43,0,0,0,0.0,0.0,0.0
1787615337.652868,08:48:57.652,595,18.829,26.71,1011.42,15.245,0.0,0.0,0.0,-0.3,-0.07,0.03,-0.3,1.44,0.42,9.69,0.0,2.43,8.43,0,0,0,0.0,0.0,0.0
1787615337.653183,08:48:57.653,596,18.839,26.71,1011.42,15.245,0.0,0.0,0.0,-0.3,-0.07,0.03,-0.3,1.44,0.42,9.69,0.0,2.43,8.43,0,0,0,0.0,0.0,0.0
1787615337.653480,08:48:57.653,597,18.849,26.71,1011.42,15.245,0.0,0.0,0.0,-0.3,-0.07,0.03,-0.3,1.44,0.42,9.69,0.0,2.43,8.43,0,0,0,0.0,0.0,0.0
1787615337.754258,08:48:57.754,598,18.859,26.71,1011.42,15.245,0.0,0.0,0.0,-0.3,-0.07,0.03,-0.3,1.44,0.42,9.69,0.0,2.43,8.43,0,0,0,0.0,0.0,0.0
1787615337.755631,08:48:57.755,599,18.869,26.71,1011.42,15.245,0.0,0.0,0.0,-0.3,-0.07,0.03,-0.3,1.44,0.42,9.69,0.0,2.43,8.43,0,0,0,0.0,0.0,0.0
1787615337.756333,08:48:57.756,600,18.879,26.71,1011.42,15.245,0.0,0.0,0.0,-0.3,-0.07,0.03,-0.3,1.44,0.42,9.69,0.0,2.43,8.43,0,0,0,0.0,0.0,0.0
1787615337.757047,08:48:57.757,601,18.889,26.71,1011.42,15.245,0.0,0.0,0.0,-0.3,-0.07,0.03,-0.3,1.44,0.42,9.69,0.0,2.43,8.43,0,0,0,0.0,0.0,0.0
1787615337.757745,08:48:57.757,602,18.899,26.71,1011.42,15.245,0.0,0.0,0.0,-0.3,-0.07,0.03,-0.3,1.44,0.42,9.69,0.0,2.43,8.43,0,0,0,0.0,0.0,0.0
1787615337.758421,08:48:57.758,603,18.909,26.71,1011.42,15.245,0.0,0.0,0.0,-0.3,-0.07,0.03,-0.3,1.44,0.42,9.69,0.0,2.43,8.43,0,0,0,0.0,0.0,0.0
1787615337.758837,08:48:57.758,604,18.919,26.71,1011.42,15.245,0.0,0.0,0.0,-0.3,-0.07,0.03,-0.3,1.44,0.42,9.69,0.0,2.43,8.43,0,0,0,0.0,0.0,0.0
1787615337.759243,08:48:57.759,605,18.929,26.71,1011.42,15.245,0.0,0.0,0.0,-0.27,-0.04,0.04,-0.27,1.44,0.42,9.69,0.0,2.43,8.43,0,0,0,0.0,0.0,0.0
1787615337.759655,08:48:57.759,606,18.939,26.71,1011.42,15.245,0.0,0.0,0.0,-0.27,-0.04,0.04,-0.27,1.44,0.42,9.69,0.0,2.43,8.43,0,0,0,0.0,0.0,0.0
1787615337.760089,08:48:57.760,607,18.949,26.71,1011.42,15.245,0.0,0.0,0.0,-0.27,-0.04,0.04,-0.27,1.44,0.42,9.69,0.0,2.43,8.43,0,0,0,0.0,0.0,0.0
1787615337.861878,08:48:57.861,608,18.959,26.71,1011.42,15.245,0.0,0.0,0.0,-0.27,-0.04,0.04,-0.27,1.44,0.42,9.69,0.0,2.43,8.43,0,0,0,0.0,0.0,0.0
1787615337.862973,08:48:57.862,609,18.969,26.72,1011.39,15.496,0.0,0.0,0.0,-0.27,-0.04,0.04,-0.27,1.44,0.42,9.69,0.0,2.43,8.43,0,0,0,0.0,0.0,0.0
1787615337.863520,08:48:57.863,610,18.979,26.72,1011.39,15.496,0.0,0.0,0.0,-0.27,-0.04,0.04,-0.27,1.44,0.42,9.69,0.0,2.43,8.43,0,0,0,0.0,0.0,0.0
1787615337.863970,08:48:57.863,611,18.989,26.72,1011.39,15.496,0.0,0.0,0.0,-0.27,-0.04,0.04,-0.27,1.44,0.42,9.69,0.0,2.43,8.43,0,0,0,0.0,0.0,0.0
1787615337.864449,08:48:57.864,612,18.999,26.72,1011.39,15.496,0.0,0.0,0.0,-0.27,-0.04,0.04,-0.27,1.44,0.42,9.69,0.0,2.43,8.43,0,0,0,0.0,0.0,0.0
1787615337.864985,08:48:57.864,613,19.009,26.72,1011.39,15.496,0.0,0.0,0.0,-0.27,-0.04,0.04,-0.27,1.44,0.42,9.69,0.0,2.43,8.43,0,0,0,0.0,0.0,0.0
1787615337.865441,08:48:57.865,614,19.019,26.72,1011.39,15.496,0.0,0.0,0.0,-0.27,-0.04,0.04,-0.27,1.44,0.42,9.69,0.0,2.43,8.43,0,0,0,0.0,0.0,0.0
1787615337.865866,08:48:57.865,615,19.029,26.72,1011.39,15.496,0.0,0.0,0.0,-0.27,-0.05,0.04,-0.27,1.44,0.42,9.69,0.0,2.43,8.43,0,0,0,0.0,0.0,0.0
1787615337.866369,08:48:57.866,616,19.039,26.72,1011.39,15.496,0.0,0.0,0.0,-0.27,-0.05,0.04,-0.27,1.44,0.42,9.69,0.0,2.43,8.43,0,0,0,0.0,0.0,0.0
1787615337.866711,08:48:57.866,617,19.049,26.72,1011.39,15.496,0.0,0.0,0.0,-0.27,-0.05,0.04,-0.27,1.44,0.42,9.69,0.0,2.43,8.43,0,0,0,0.0,0.0,0.0
1787615337.867050,08:48:57.867,618,19.059,26.72,1011.39,15.496,0.0,0.0,0.0,-0.27,-0.05,0.04,-0.27,1.44,0.42,9.69,0.0,2.43,8.43,0,0,0,0.0,0.0,0.0
1787615337.968748,08:48:57.968,619,19.069,26.72,1011.39,15.496,0.0,0.0,0.0,-0.27,-0.05,0.04,-0.27,1.44,0.42,9.69,0.0,2.43,8.43,0,0,0,0.0,0.0,0.0
1787615337.970678,08:48:57.970,620,19.079,26.72,1011.39,15.496,0.0,0.0,0.0,-0.27,-0.05,0.04,-0.27,1.44,0.42,9.69,0.0,2.43,8.43,0,0,0,0.0,0.0,0.0
1787615337.971499,08:48:57.971,621,19.089,26.72,1011.39,15.496,0.0,0.0,0.0,-0.27,-0.05,0.04,-0.27,1.44,0.42,9.69,0.0,2.43,8.43,0,0,0,0.0,0.0,0.0
1787615337.972210,08:48:57.972,622,19.099,26.72,1011.39,15.496,0.0,0.0,0.0,-0.27,-0.05,0.04,-0.27,1.44,0.42,9.69,0.0,2.43,8.43,0,0,0,0.0,0.0,0.0
1787615337.973142,08:48:57.973,623,19.109,26.72,1011.39,15.496,0.0,0.0,0.0,-0.27,-0.05,0.04,-0.27,1.44,0.42,9.69,0.0,2.43,8.43,0,0,0,0.0,0.0,0.0
1787615337.974207,08:48:57.974,624,19.119,26.72,1011.39,15.496,0.0,0.0,0.0,-0.27,-0.05,0.04,-0.27,1.44,0.42,9.69,0.0,2.43,8.43,0,0,0,0.0,0.0,0.0
1787615337.974915,08:48:57.974,625,19.129,26.72,1011.39,15.496,0.0,0.0,0.0,-0.28,-0.04,0.05,-0.28,1.44,0.42,9.69,0.0,2.43,8.43,0,0,0,0.0,0.0,0.0
1787615337.975338,08:48:57.975,626,19.139,26.72,1011.39,15.496,0.0,0.0,0.0,-0.28,-0.04,0.05,-0.28,1.44,0.42,9.69,0.0,2.43,8.43,0,0,0,0.0,0.0,0.0
1787615337.975689,08:48:57.975,627,19.149,26.72,1011.39,15.496,0.0,0.0,0.0,-0.28,-0.04,0.05,-0.28,1.44,0.42,9.69,0.0,2.43,8.43,0,0,0,0.0,0.0,0.0
1787615337.976027,08:48:57.976,628,19.159,26.72,1011.39,15.496,0.0,0.0,0.0,-0.28,-0.04,0.05,-0.28,1.44,0.42,9.69,0.0,2.43,8.43,0,0,0,0.0,0.0,0.0
1787615337.976384,08:48:57.976,629,19.169,26.7,1011.37,15.663,0.0,0.0,0.0,-0.28,-0.04,0.05,-0.28,1.44,0.42,9.69,0.0,2.43,8.43,0,0,0,0.0,0.0,0.0
1787615337.976748,08:48:57.976,630,19.179,26.7,1011.37,15.663,0.0,0.0,0.0,-0.28,-0.04,0.05,-0.28,1.44,0.42,9.69,0.0,2.43,8.43,0,0,0,0.0,0.0,0.0
1787615338.078220,08:48:58.078,631,19.189,26.7,1011.37,15.663,0.0,0.0,0.0,-0.28,-0.04,0.05,-0.28,1.44,0.42,9.69,0.0,2.43,8.43,0,0,0,0.0,0.0,0.0
1787615338.078568,08:48:58.078,632,19.199,26.7,1011.37,15.663,0.0,0.0,0.0,-0.28,-0.04,0.05,-0.28,1.44,0.42,9.69,0.0,2.43,8.43,0,0,0,0.0,0.0,0.0
1787615338.078760,08:48:58.078,633,19.209,26.7,1011.37,15.663,0.0,0.0,0.0,-0.28,-0.04,0.05,-0.28,1.44,0.42,9.69,0.0,2.43,8.43,0,0,0,0.0,0.0,0.0
1787615338.078936,08:48:58.078,634,19.219,26.7,1011.37,15.663,0.0,0.0,0.0,-0.28,-0.04,0.05,-0.28,1.44,0.42,9.69,0.0,2.43,8.43,0,0,0,0.0,0.0,0.0
1787615338.079108,08:48:58.079,635,19.229,26.7,1011.37,15.663,0.0,0.0,0.0,-0.28,-0.04,0.05,-0.28,1.44,0.42,9.69,0.0,2.43,8.43,0,0,0,0.0,0.0,0.0
1787615338.079277,08:48:58.079,636,19.239,26.7,1011.37,15.663,0.0,0.0,0.0,-0.31,-0.06,0.06,-0.31,1.44,0.42,9.69,0.0,2.43,8.43,0,0,0,0.0,0.0,0.0
1787615338.079446,08:48:58.079,637,19.249,26.7,1011.37,15.663,0.0,0.0,0.0,-0.31,-0.06,0.06,-0.31,1.44,0.42,9.69,0.0,2.43,8.43,0,0,0,0.0,0.0,0.0
1787615338.079616,08:48:58.079,638,19.259,26.7,1011.37,15.663,0.0,0.0,0.0,-0.31,-0.06,0.06,-0.31,1.44,0.42,9.69,0.0,2.43,8.43,0,0,0,0.0,0.0,0.0
1787615338.079786,08:48:58.079,639,19.269,26.7,1011.37,15.663,0.0,0.0,0.0,-0.31,-0.06,0.06,-0.31,1.44,0.42,9.69,0.0,2.43,8.43,0,0,0,0.0,0.0,0.0
1787615338.181189,08:48:58.181,640,19.279,26.7,1011.37,15.663,0.0,0.0,0.0,-0.31,-0.06,0.06,-0.31,1.44,0.42,9.69,0.0,2.43,8.43,0,0,0,0.0,0.0,0.0
1787615338.181946,08:48:58.181,641,19.289,26.7,1011.37,15.663,0.0,0.0,0.0,-0.31,-0.06,0.06,-0.31,1.44,0.42,9.69,0.0,2.43,8.43,0,0,0,0.0,0.0,0.0
1787615338.182314,08:48:58.182,642,19.299,26.7,1011.37,15.663,0.0,0.0,0.0,-0.31,-0.06,0.06,-0.31,1.44,0.42,9.69,0.0,2.43,8.43,0,0,0,0.0,0.0,0.0
1787615338.182677,08:48:58.182,643,19.309,26.7,1011.37,15.663,0.0,0.0,0.0,-0.31,-0.06,0.06,-0.31,1.44,0.42,9.69,0.0,2.43,8.43,0,0,0,0.0,0.0,0.0
1787615338.183393,08:48:58.183,644,19.319,26.7,1011.37,15.663,0.0,0.0,0.0,-0.31,-0.06,0.06,-0.31,1.44,0.42,9.69,0.0,2.43,8.43,0,0,0,0.0,0.0,0.0
1787615338.183789,08:48:58.183,645,19.329,26.7,1011.37,15.663,0.0,0.0,0.0,-0.31,-0.06,0.06,-0.31,1.44,0.42,9.69,0.0,2.43,8.43,0,0,0,0.0,0.0,0.0
1787615338.184170,08:48:58.184,646,19.339,26.7,1011.37,15.663,0.0,0.0,0.0,-0.29,-0.05,0.03,-0.29,1.44,0.42,9.69,0.0,2.43,8.43,0,0,0,0.0,0.0,0.0
1787615338.184548,08:48:58.184,647,19.349,26.7,1011.37,15.663,0.0,0.0,0.0,-0.29,-0.05,0.03,-0.29,1.44,0.42,9.69,0.0,2.43,8.43,0,0,0,0.0,0.0,0.0
1787615338.184941,08:48:58.184,648,19.359,26.7,1011.37,15.663,0.0,0.0,0.0,-0.29,-0.05,0.03,-0.29,1.44,0.42,9.69,0.0,2.43,8.43,0,0,0,0.0,0.0,0.0
1787615338.185309,08:48:58.185,649,19.369,26.71,1011.39,15.496,0.0,0.0,0.0,-0.29,-0.05,0.03,-0.29,1.44,0.42,9.69,0.0,2.43,8.43,0,0,0,0.0,0.0,0.0
1787615338.185686,08:48:58.185,650,19.379,26.71,1011.39,15.496,0.0,0.0,0.0,-0.29,-0.05,0.03,-0.29,1.44,0.42,9.69,0.0,2.43,8.43,0,0,0,0.0,0.0,0.0
1787615338.186066,08:48:58.186,651,19.389,26.71,1011.39,15.496,0.0,0.0,0.0,-0.29,-0.05,0.03,-0.29,1.44,0.42,9.69,0.0,2.43,8.43,0,0,0,0.0,0.0,0.0
1787615338.287589,08:48:58.287,652,19.399,26.71,1011.39,15.496,0.0,0.0,0.0,-0.29,-0.05,0.03,-0.29,1.44,0.42,9.69,0.0,2.43,8.43,0,0,0,0.0,0.0,0.0
1787615338.289039,08:48:58.289,653,19.409,26.71,1011.39,15.496,0.0,0.0,0.0,-0.29,-0.05,0.03,-0.29,1.44,0.42,9.69,0.0,2.43,8.43,0,0,0,0.0,0.0,0.0
1787615338.289796,08:48:58.289,654,19.419,26.71,1011.39,15.496,0.0,0.0,0.0,-0.29,-0.05,0.03,-0.29,1.44,0.42,9.69,0.0,2.43,8.43,0,0,0,0.0,0.0,0.0
1787615338.290526,08:48:58.290,655,19.429,26.71,1011.39,15.496,0.0,0.0,0.0,-0.29,-0.05,0.03,-0.29,1.44,0.42,9.69,0.0,2.43,8.43,0,0,0,0.0,0.0,0.0
1787615338.291163,08:48:58.291,656,19.439,26.71,1011.39,15.496,0.0,0.0,0.0,-0.26,-0.04,0.04,-0.26,1.44,0.42,9.69,0.0,2.43,8.43,0,0,0,0.0,0.0,0.0
1787615338.291487,08:48:58.291,657,19.449,26.71,1011.39,15.496,0.0,0.0,0.0,-0.26,-0.04,0.04,-0.26,1.44,0.42,9.69,0.0,2.43,8.43,0,0,0,0.0,0.0,0.0
1787615338.291805,08:48:58.291,658,19.459,26.71,1011.39,15.496,0.0,0.0,0.0,-0.26,-0.04,0.04,-0.26,1.44,0.42,9.69,0.0,2.43,8.43,0,0,0,0.0,0.0,0.0
1787615338.393060,08:48:58.393,659,19.469,26.71,1011.39,15.496,0.0,0.0,0.0,-0.26,-0.04,0.04,-0.26,1.44,0.42,9.69,0.0,2.43,8.43,0,0,0,0.0,0.0,0.0
1787615338.394238,08:48:58.394,660,19.479,26.71,1011.39,15.496,0.0,0.0,0.0,-0.26,-0.04,0.04,-0.26,1.44,0.42,9.69,0.0,2.43,8.43,0,0,0,0.0,0.0,0.0
1787615338.394756,08:48:58.394,661,19.489,26.71,1011.39,15.496,0.0,0.0,0.0,-0.26,-0.04,0.04,-0.26,1.44,0.42,9.69,0.0,2.43,8.43,0,0,0,0.0,0.0,0.0
1787615338.395225,08:48:58.395,662,19.499,26.71,1011.39,15.496,0.0,0.0,0.0,-0.26,-0.04,0.04,-0.26,1.44,0.42,9.69,0.0,2.43,8.43,0,0,0,0.0,0.0,0.0
1787615338.395655,08:48:58.395,663,19.509,26.71,1011.39,15.496,0.0,0.0,0.0,-0.26,-0.04,0.04,-0.26,1.44,0.42,9.69,0.0,2.43,8.43,0,0,0,0.0,0.0,0.0
1787615338.396012,08:48:58.396,664,19.519,26.71,1011.39,15.496,0.0,0.0,0.0,-0.26,-0.04,0.04,-0.26,1.44,0.42,9.69,0.0,2.43,8.43,0,0,0,0.0,0.0,0.0
1787615338.396370,08:48:58.396,665,19.529,26.71,1011.39,15.496,0.0,0.0,0.0,-0.27,-0.05,0.03,-0.27,1.44,0.42,9.69,0.0,2.43,8.43,0,0,0,0.0,0.0,0.0
1787615338.396806,08:48:58.396,666,19.539,26.71,1011.39,15.496,0.0,0.0,0.0,-0.27,-0.05,0.03,-0.27,1.44,0.42,9.69,0.0,2.43,8.43,0,0,0,0.0,0.0,0.0
1787615338.397161,08:48:58.397,667,19.549,26.71,1011.39,15.496,0.0,0.0,0.0,-0.27,-0.05,0.03,-0.27,1.44,0.42,9.69,0.0,2.43,8.43,0,0,0,0.0,0.0,0.0
1787615338.498549,08:48:58.498,668,19.559,26.71,1011.39,15.496,0.0,0.0,0.0,-0.27,-0.05,0.03,-0.27,1.44,0.42,9.69,0.0,2.43,8.43,0,0,0,0.0,0.0,0.0
1787615338.499972,08:48:58.499,669,19.569,26.71,1011.41,15.33,0.0,0.0,0.0,-0.27,-0.05,0.03,-0.27,1.44,0.42,9.69,0.0,2.43,8.43,0,0,0,0.0,0.0,0.0
1787615338.500723,08:48:58.500,670,19.579,26.71,1011.41,15.33,0.0,0.0,0.0,-0.27,-0.05,0.03,-0.27,1.44,0.42,9.69,0.0,2.43,8.43,0,0,0,0.0,0.0,0.0
1787615338.501435,08:48:58.501,671,19.589,26.71,1011.41,15.33,0.0,0.0,0.0,-0.27,-0.05,0.03,-0.27,1.44,0.42,9.69,0.0,2.43,8.43,0,0,0,0.0,0.0,0.0
1787615338.502137,08:48:58.502,672,19.599,26.71,1011.41,15.33,0.0,0.0,0.0,-0.27,-0.05,0.03,-0.27,1.44,0.42,9.69,0.0,2.43,8.43,0,0,0,0.0,0.0,0.0
1787615338.502824,08:48:58.502,673,19.609,26.71,1011.41,15.33,0.0,0.0,0.0,-0.27,-0.05,0.03,-0.27,1.44,0.42,9.69,0.0,2.43,8.43,0,0,0,0.0,0.0,0.0
1787615338.503254,08:48:58.503,674,19.619,26.71,1011.41,15.33,0.0,0.0,0.0,-0.27,-0.05,0.03,-0.27,1.44,0.42,9.69,0.0,2.43,8.43,0,0,0,0.0,0.0,0.0
1787615338.503604,08:48:58.503,675,19.629,26.71,1011.41,15.33,0.0,0.0,0.0,-0.3,-0.05,0.04,-0.3,1.44,0.42,9.69,0.0,2.43,8.43,0,0,0,0.0,0.0,0.0
1787615338.503962,08:48:58.503,676,19.639,26.71,1011.41,15.33,0.0,0.0,0.0,-0.3,-0.05,0.04,-0.3,1.44,0.42,9.69,0.0,2.43,8.43,0,0,0,0.0,0.0,0.0
1787615338.504319,08:48:58.504,677,19.649,26.71,1011.41,15.33,0.0,0.0,0.0,-0.3,-0.05,0.04,-0.3,1.44,0.42,9.69,0.0,2.43,8.43,0,0,0,0.0,0.0,0.0
1787615338.504669,08:48:58.504,678,19.659,26.71,1011.41,15.33,0.0,0.0,0.0,-0.3,-0.05,0.04,-0.3,1.44,0.42,9.69,0.0,2.43,8.43,0,0,0,0.0,0.0,0.0
1787615338.505015,08:48:58.505,679,19.669,26.71,1011.41,15.33,0.0,0.0,0.0,-0.3,-0.05,0.04,-0.3,1.44,0.42,9.69,0.0,2.43,8.43,0,0,0,0.0,0.0,0.0
1787615338.505361,08:48:58.505,680,19.679,26.71,1011.41,15.33,0.0,0.0,0.0,-0.3,-0.05,0.04,-0.3,1.44,0.42,9.69,0.0,2.43,8.43,0,0,0,0.0,0.0,0.0
1787615338.606182,08:48:58.606,681,19.689,26.71,1011.41,15.33,0.0,0.0,0.0,-0.3,-0.05,0.04,-0.3,1.44,0.42,9.69,0.0,2.43,8.43,0,0,0,0.0,0.0,0.0
1787615338.607551,08:48:58.607,682,19.699,26.71,1011.41,15.33,0.0,0.0,0.0,-0.3,-0.05,0.04,-0.3,1.44,0.42,9.69,0.0,2.43,8.43,0,0,0,0.0,0.0,0.0
1787615338.608267,08:48:58.608,683,19.709,26.71,1011.41,15.33,0.0,0.0,0.0,-0.3,-0.05,0.04,-0.3,1.44,0.42,9.69,0.0,2.43,8.43,0,0,0,0.0,0.0,0.0
1787615338.608762,08:48:58.608,684,19.719,26.71,1011.41,15.33,0.0,0.0,0.0,-0.3,-0.05,0.04,-0.3,1.44,0.42,9.69,0.0,2.43,8.43,0,0,0,0.0,0.0,0.0
1787615338.609169,08:48:58.609,685,19.729,26.71,1011.41,15.33,0.0,0.0,0.0,-0.26,-0.06,0.04,-0.26,1.44,0.42,9.69,0.0,2.43,8.43,0,0,0,0.0,0.0,0.0
1787615338.609567,08:48:58.609,686,19.739,26.71,1011.41,15.33,0.0,0.0,0.0,-0.26,-0.06,0.04,-0.26,1.44,0.42,9.69,0.0,2.43,8.43,0,0,0,0.0,0.0,0.0
1787615338.610050,08:48:58.610,687,19.749,26.71,1011.41,15.33,0.0,0.0,0.0,-0.26,-0.06,0.04,-0.26,1.44,0.42,9.69,0.0,2.43,8.43,0,0,0,0.0,0.0,0.0
1787615338.610464,08:48:58.610,688,19.759,26.71,1011.41,15.33,0.0,0.0,0.0,-0.26,-0.06,0.04,-0.26,1.44,0.42,9.69,0.0,2.43,8.43,0,0,0,0.0,0.0,0.0
1787615338.610866,08:48:58.610,689,19.769,26.69,1011.35,15.829,0.0,0.0,0.0,-0.26,-0.06,0.04,-0.26,1.44,0.42,9.69,0.0,2.43,8.43,0,0,0,0.0,0.0,0.0
1787615338.611253,08:48:58.611,690,19.779,26.69,1011.35,15.829,0.0,0.0,0.0,-0.26,-0.06,0.04,-0.26,1.44,0.42,9.69,0.0,2.43,8.43,0,0,0,0.0,0.0,0.0
1787615338.611649,08:48:58.611,691,19.789,26.69,1011.35,15.829,0.0,0.0,0.0,-0.26,-0.06,0.04,-0.26,1.44,0.42,9.69,0.0,2.43,8.43,0,0,0,0.0,0.0,0.0
1787615338.611995,08:48:58.611,692,19.799,26.69,1011.35,15.829,0.0,0.0,0.0,-0.26,-0.06,0.04,-0.26,1.44,0.42,9.69,0.0,2.43,8.43,0,0,0,0.0,0.0,0.0
1787615338.713611,08:48:58.713,693,19.809,26.69,1011.35,15.829,0.0,0.0,0.0,-0.26,-0.06,0.04,-0.26,1.44,0.42,9.69,0.0,2.43,8.43,0,0,0,0.0,0.0,0.0
1787615338.714512,08:48:58.714,694,19.819,26.69,1011.35,15.829,0.0,0.0,0.0,-0.26,-0.06,0.04,-0.26,1.44,0.42,9.69,0.0,2.43,8.43,0,0,0,0.0,0.0,0.0
1787615338.714881,08:48:58.714,695,19.829,26.69,1011.35,15.829,0.0,0.0,0.0,-0.26,-0.05,0.04,-0.26,1.44,0.42,9.69,0.0,2.43,8.43,0,0,0,0.0,0.0,0.0
1787615338.715235,08:48:58.715,696,19.839,26.69,1011.35,15.829,0.0,0.0,0.0,-0.26,-0.05,0.04,-0.26,1.44,0.42,9.69,0.0,2.43,8.43,0,0,0,0.0,0.0,0.0
1787615338.715583,08:48:58.715,697,19.849,26.69,1011.35,15.829,0.0,0.0,0.0,-0.26,-0.05,0.04,-0.26,1.44,0.42,9.69,0.0,2.43,8.43,0,0,0,0.0,0.0,0.0
1787615338.715939,08:48:58.715,698,19.859,26.69,1011.35,15.829,0.0,0.0,0.0,-0.26,-0.05,0.04,-0.26,1.44,0.42,9.69,0.0,2.43,8.43,0,0,0,0.0,0.0,0.0
1787615338.716282,08:48:58.716,699,19.869,26.69,1011.35,15.829,0.0,0.0,0.0,-0.26,-0.05,0.04,-0.26,1.44,0.42,9.69,0.0,2.43,8.43,0,0,0,0.0,0.0,0.0
1787615338.716643,08:48:58.716,700,19.879,26.69,1011.35,15.829,0.0,0.0,0.0,-0.26,-0.05,0.04,-0.26,1.44,0.42,9.69,0.0,2.43,8.43,0,0,0,0.0,0.0,0.0
1787615338.717034,08:48:58.717,701,19.889,26.69,1011.35,15.829,0.0,0.0,0.0,-0.26,-0.05,0.04,-0.26,1.44,0.42,9.69,0.0,2.43,8.43,0,0,0,0.0,0.0,0.0
1787615338.717426,08:48:58.717,702,19.899,26.69,1011.35,15.829,0.0,0.0,0.0,-0.26,-0.05,0.04,-0.26,1.44,0.42,9.69,0.0,2.43,8.43,0,0,0,0.0,0.0,0.0
1787615338.717794,08:48:58.717,703,19.909,26.69,1011.35,15.829,0.0,0.0,0.0,-0.26,-0.05,0.04,-0.26,1.44,0.42,9.69,0.0,2.43,8.43,0,0,0,0.0,0.0,0.0
1787615338.819440,08:48:58.819,704,19.919,26.69,1011.35,15.829,0.0,0.0,0.0,-0.26,-0.05,0.04,-0.26,1.44,0.42,9.69,0.0,2.43,8.43,0,0,0,0.0,0.0,0.0
1787615338.820861,08:48:58.820,705,19.929,26.69,1011.35,15.829,0.0,0.0,0.0,-0.28,-0.05,0.03,-0.28,1.44,0.42,9.69,0.0,2.43,8.43,0,0,0,0.0,0.0,0.0
1787615338.821544,08:48:58.821,706,19.939,26.69,1011.35,15.829,0.0,0.0,0.0,-0.28,-0.05,0.03,-0.28,1.44,0.42,9.69,0.0,2.43,8.43,0,0,0,0.0,0.0,0.0
1787615338.821955,08:48:58.821,707,19.949,26.69,1011.35,15.829,0.0,0.0,0.0,-0.28,-0.05,0.03,-0.28,1.44,0.42,9.69,0.0,2.43,8.43,0,0,0,0.0,0.0,0.0
1787615338.822369,08:48:58.822,708,19.959,26.69,1011.35,15.829,0.0,0.0,0.0,-0.28,-0.05,0.03,-0.28,1.44,0.42,9.69,0.0,2.43,8.43,0,0,0,0.0,0.0,0.0
1787615338.822769,08:48:58.822,709,19.969,26.71,1011.37,15.663,0.0,0.0,0.0,-0.28,-0.05,0.03,-0.28,1.44,0.42,9.69,0.0,2.43,8.43,0,0,0,0.0,0.0,0.0
1787615338.823189,08:48:58.823,710,19.979,26.71,1011.37,15.663,0.0,0.0,0.0,-0.28,-0.05,0.03,-0.28,1.44,0.42,9.69,0.0,2.43,8.43,0,0,0,0.0,0.0,0.0
1787615338.823560,08:48:58.823,711,19.989,26.71,1011.37,15.663,0.0,0.0,0.0,-0.28,-0.05,0.03,-0.28,1.44,0.42,9.69,0.0,2.43,8.43,0,0,0,0.0,0.0,0.0
1787615338.823917,08:48:58.823,712,19.999,26.71,1011.37,15.663,0.0,0.0,0.0,-0.28,-0.05,0.03,-0.28,1.44,0.42,9.69,0.0,2.43,8.43,0,0,0,0.0,0.0,0.0
1787615338.824245,08:48:58.824,713,20.009,26.71,1011.37,15.663,0.0,0.0,0.0,-0.28,-0.05,0.03,-0.28,1.44,0.42,9.69,0.0,2.43,8.43,0,0,0,0.0,0.0,0.0
1787615338.824578,08:48:58.824,714,20.019,26.71,1011.37,15.663,0.0,0.0,0.0,-0.28,-0.05,0.03,-0.28,1.44,0.42,9.69,0.0,2.43,8.43,0,0,0,0.0,0.0,0.0
1787615338.926067,08:48:58.926,715,20.029,26.71,1011.37,15.663,0.0,0.0,0.0,-0.51,-0.45,-0.03,-0.51,1.45,0.41,9.68,0.0,2.43,8.5,0,0,0,0.0,0.0,0.0
1787615338.926782,08:48:58.926,716,20.039,26.71,1011.37,15.663,0.0,0.0,0.0,-0.51,-0.45,-0.03,-0.51,1.45,0.41,9.68,0.0,2.43,8.5,0,0,0,0.0,0.0,0.0
1787615338.927146,08:48:58.927,717,20.049,26.71,1011.37,15.663,0.0,0.0,0.0,-0.51,-0.45,-0.03,-0.51,1.45,0.41,9.68,0.0,2.43,8.5,0,0,0,0.0,0.0,0.0
1787615338.927552,08:48:58.927,718,20.059,26.71,1011.37,15.663,0.0,0.0,0.0,-0.51,-0.45,-0.03,-0.51,1.45,0.41,9.68,0.0,2.43,8.5,0,0,0,0.0,0.0,0.0
1787615338.927880,08:48:58.927,719,20.069,26.71,1011.37,15.663,0.0,0.0,0.0,-0.51,-0.45,-0.03,-0.51,1.45,0.41,9.68,0.0,2.43,8.5,0,0,0,0.0,0.0,0.0
1787615338.928206,08:48:58.928,720,20.079,26.71,1011.37,15.663,0.0,0.0,0.0,-0.51,-0.45,-0.03,-0.51,1.45,0.41,9.68,0.0,2.43,8.5,0,0,0,0.0,0.0,0.0
1787615338.928655,08:48:58.928,721,20.089,26.71,1011.37,15.663,0.0,0.0,0.0,-0.51,-0.45,-0.03,-0.51,1.45,0.41,9.68,0.0,2.43,8.5,0,0,0,0.0,0.0,0.0
1787615338.929007,08:48:58.929,722,20.099,26.71,1011.37,15.663,0.0,0.0,0.0,-0.51,-0.45,-0.03,-0.51,1.45,0.41,9.68,0.0,2.43,8.5,0,0,0,0.0,0.0,0.0
1787615338.929366,08:48:58.929,723,20.109,26.71,1011.37,15.663,0.0,0.0,0.0,-0.51,-0.45,-0.03,-0.51,1.45,0.41,9.68,0.0,2.43,8.5,0,0,0,0.0,0.0,0.0
1787615338.929696,08:48:58.929,724,20.119,26.71,1011.37,15.663,0.0,0.0,0.0,-0.51,-0.45,-0.03,-0.51,1.45,0.41,9.68,0.0,2.43,8.5,0,0,0,0.0,0.0,0.0
1787615339.031316,08:48:59.031,725,20.129,26.71,1011.37,15.663,0.0,0.0,0.0,-0.13,-0.45,-0.29,-0.13,1.44,0.31,9.69,0.0,1.81,8.43,0,0,0,0.0,0.0,0.0
1787615339.033047,08:48:59.033,726,20.139,26.71,1011.37,15.663,0.0,0.0,0.0,-0.13,-0.45,-0.29,-0.13,1.44,0.31,9.69,0.0,1.81,8.43,0,0,0,0.0,0.0,0.0
1787615339.033643,08:48:59.033,727,20.149,26.71,1011.37,15.663,0.0,0.0,0.0,-0.13,-0.45,-0.29,-0.13,1.44,0.31,9.69,0.0,1.81,8.43,0,0,0,0.0,0.0,0.0
1787615339.034165,08:48:59.034,728,20.159,26.71,1011.37,15.663,0.0,0.0,0.0,-0.13,-0.45,-0.29,-0.13,1.44,0.31,9.69,0.0,1.81,8.43,0,0,0,0.0,0.0,0.0
1787615339.034683,08:48:59.034,729,20.169,26.71,1011.43,15.164,0.0,0.0,0.0,-0.13,-0.45,-0.29,-0.13,1.44,0.31,9.69,0.0,1.81,8.43,0,0,0,0.0,0.0,0.0
1787615339.035095,08:48:59.035,730,20.179,26.71,1011.43,15.164,0.0,0.0,0.0,-0.13,-0.45,-0.29,-0.13,1.44,0.31,9.69,0.0,1.81,8.43,0,0,0,0.0,0.0,0.0
1787615339.035483,08:48:59.035,731,20.189,26.71,1011.43,15.164,0.0,0.0,0.0,-0.13,-0.45,-0.29,-0.13,1.44,0.31,9.69,0.0,1.81,8.43,0,0,0,0.0,0.0,0.0
1787615339.035873,08:48:59.035,732,20.199,26.71,1011.43,15.164,0.0,0.0,0.0,-0.13,-0.45,-0.29,-0.13,1.44,0.31,9.69,0.0,1.81,8.43,0,0,0,0.0,0.0,0.0
1787615339.036241,08:48:59.036,733,20.209,26.71,1011.43,15.164,0.0,0.0,0.0,-0.13,-0.45,-0.29,-0.13,1.44,0.31,9.69,0.0,1.81,8.43,0,0,0,0.0,0.0,0.0
1787615339.036571,08:48:59.036,734,20.219,26.71,1011.43,15.164,0.0,0.0,0.0,-0.13,-0.45,-0.29,-0.13,1.44,0.31,9.69,0.0,1.81,8.43,0,0,0,0.0,0.0,0.0
1787615339.036899,08:48:59.036,735,20.229,26.71,1011.43,15.164,0.0,0.0,0.0,-0.77,0.0,0.16,-0.77,1.46,0.3,9.69,0.0,1.75,8.56,0,0,0,0.0,0.0,0.0
1787615339.138468,08:48:59.138,736,20.239,26.71,1011.43,15.164,0.0,0.0,0.0,-0.77,0.0,0.16,-0.77,1.46,0.3,9.69,0.0,1.75,8.56,0,0,0,0.0,0.0,0.0
1787615339.138874,08:48:59.138,737,20.249,26.71,1011.43,15.164,0.0,0.0,0.0,-0.77,0.0,0.16,-0.77,1.46,0.3,9.69,0.0,1.75,8.56,0,0,0,0.0,0.0,0.0
1787615339.139114,08:48:59.139,738,20.259,26.71,1011.43,15.164,0.0,0.0,0.0,-0.77,0.0,0.16,-0.77,1.46,0.3,9.69,0.0,1.75,8.56,0,0,0,0.0,0.0,0.0
1787615339.139340,08:48:59.139,739,20.269,26.71,1011.43,15.164,0.0,0.0,0.0,-0.77,0.0,0.16,-0.77,1.46,0.3,9.69,0.0,1.75,8.56,0,0,0,0.0,0.0,0.0
1787615339.139561,08:48:59.139,740,20.279,26.71,1011.43,15.164,0.0,0.0,0.0,-0.77,0.0,0.16,-0.77,1.46,0.3,9.69,0.0,1.75,8.56,0,0,0,0.0,0.0,0.0
1787615339.139781,08:48:59.139,741,20.289,26.71,1011.43,15.164,0.0,0.0,0.0,-0.77,0.0,0.16,-0.77,1.46,0.3,9.69,0.0,1.75,8.56,0,0,0,0.0,0.0,0.0
1787615339.140003,08:48:59.140,742,20.299,26.71,1011.43,15.164,0.0,0.0,0.0,-0.77,0.0,0.16,-0.77,1.46,0.3,9.69,0.0,1.75,8.56,0,0,0,0.0,0.0,0.0
1787615339.140219,08:48:59.140,743,20.309,26.71,1011.43,15.164,0.0,0.0,0.0,-0.77,0.0,0.16,-0.77,1.46,0.3,9.69,0.0,1.75,8.56,0,0,0,0.0,0.0,0.0
1787615339.140436,08:48:59.140,744,20.319,26.71,1011.43,15.164,0.0,0.0,0.0,-0.77,0.0,0.16,-0.77,1.46,0.3,9.69,0.0,1.75,8.56,0,0,0,0.0,0.0,0.0
1787615339.140652,08:48:59.140,745,20.329,26.71,1011.43,15.164,0.0,0.0,0.0,2.36,0.65,0.35,2.36,1.43,0.37,9.69,0.12,2.12,8.43,0,0,0,0.0,0.0,0.0
1787615339.241875,08:48:59.241,746,20.339,26.71,1011.43,15.164,0.0,0.0,0.0,2.36,0.65,0.35,2.36,1.43,0.37,9.69,0.12,2.12,8.43,0,0,0,0.0,0.0,0.0
1787615339.242226,08:48:59.242,747,20.349,26.71,1011.43,15.164,0.0,0.0,0.0,2.36,0.65,0.35,2.36,1.43,0.37,9.69,0.12,2.12,8.43,0,0,0,0.0,0.0,0.0
1787615339.242451,08:48:59.242,748,20.359,26.71,1011.43,15.164,0.0,0.0,0.0,2.36,0.65,0.35,2.36,1.43,0.37,9.69,0.12,2.12,8.43,0,0,0,0.0,0.0,0.0
1787615339.242672,08:48:59.242,749,20.369,26.7,1011.41,15.33,0.0,0.0,0.0,2.36,0.65,0.35,2.36,1.43,0.37,9.69,0.12,2.12,8.43,0,0,0,0.0,0.0,0.0
1787615339.242889,08:48:59.242,750,20.379,26.7,1011.41,15.33,0.0,0.0,0.0,2.36,0.65,0.35,2.36,1.43,0.37,9.69,0.12,2.12,8.43,0,0,0,0.0,0.0,0.0
1787615339.243116,08:48:59.243,751,20.389,26.7,1011.41,15.33,0.0,0.0,0.0,2.36,0.65,0.35,2.36,1.43,0.37,9.69,0.12,2.12,8.43,0,0,0,0.0,0.0,0.0
1787615339.243332,08:48:59.243,752,20.399,26.7,1011.41,15.33,0.0,0.0,0.0,2.36,0.65,0.35,2.36,1.43,0.37,9.69,0.12,2.12,8.43,0,0,0,0.0,0.0,0.0
1787615339.243547,08:48:59.243,753,20.409,26.7,1011.41,15.33,0.0,0.0,0.0,2.36,0.65,0.35,2.36,1.43,0.37,9.69,0.12,2.12,8.43,0,0,0,0.0,0.0,0.0
1787615339.243764,08:48:59.243,754,20.419,26.7,1011.41,15.33,0.0,0.0,0.0,2.36,0.65,0.35,2.36,1.43,0.37,9.69,0.12,2.12,8.43,0,0,0,0.0,0.0,0.0
1787615339.345262,08:48:59.345,755,20.429,26.7,1011.41,15.33,0.0,0.0,0.0,1.71,-0.06,-1.34,1.71,1.41,0.43,9.69,0.06,2.37,8.31,0,0,0,0.0,0.0,0.0
1787615339.346528,08:48:59.346,756,20.439,26.7,1011.41,15.33,0.0,0.0,0.0,1.71,-0.06,-1.34,1.71,1.41,0.43,9.69,0.06,2.37,8.31,0,0,0,0.0,0.0,0.0
1787615339.347243,08:48:59.347,757,20.449,26.7,1011.41,15.33,0.0,0.0,0.0,1.71,-0.06,-1.34,1.71,1.41,0.43,9.69,0.06,2.37,8.31,0,0,0,0.0,0.0,0.0
1787615339.347924,08:48:59.347,758,20.459,26.7,1011.41,15.33,0.0,0.0,0.0,1.71,-0.06,-1.34,1.71,1.41,0.43,9.69,0.06,2.37,8.31,0,0,0,0.0,0.0,0.0
1787615339.348596,08:48:59.348,759,20.469,26.7,1011.41,15.33,0.0,0.0,0.0,1.71,-0.06,-1.34,1.71,1.41,0.43,9.69,0.06,2.37,8.31,0,0,0,0.0,0.0,0.0
1787615339.349255,08:48:59.349,760,20.479,26.7,1011.41,15.33,0.0,0.0,0.0,1.71,-0.06,-1.34,1.71,1.41,0.43,9.69,0.06,2.37,8.31,0,0,0,0.0,0.0,0.0
1787615339.349912,08:48:59.349,761,20.489,26.7,1011.41,15.33,0.0,0.0,0.0,1.71,-0.06,-1.34,1.71,1.41,0.43,9.69,0.06,2.37,8.31,0,0,0,0.0,0.0,0.0
1787615339.350277,08:48:59.350,762,20.499,26.7,1011.41,15.33,0.0,0.0,0.0,1.71,-0.06,-1.34,1.71,1.41,0.43,9.69,0.06,2.37,8.31,0,0,0,0.0,0.0,0.0
1787615339.350554,08:48:59.350,763,20.509,26.7,1011.41,15.33,0.0,0.0,0.0,1.71,-0.06,-1.34,1.71,1.41,0.43,9.69,0.06,2.37,8.31,0,0,0,0.0,0.0,0.0
1787615339.350828,08:48:59.350,764,20.519,26.7,1011.41,15.33,0.0,0.0,0.0,1.71,-0.06,-1.34,1.71,1.41,0.43,9.69,0.06,2.37,8.31,0,0,0,0.0,0.0,0.0
1787615339.351099,08:48:59.351,765,20.529,26.7,1011.41,15.33,0.0,0.0,0.0,-0.99,0.68,0.42,-0.99,1.43,0.65,9.67,0.12,3.68,8.31,0,0,0,0.0,0.0,0.0
1787615339.351492,08:48:59.351,766,20.539,26.7,1011.41,15.33,0.0,0.0,0.0,-0.99,0.68,0.42,-0.99,1.43,0.65,9.67,0.12,3.68,8.31,0,0,0,0.0,0.0,0.0
1787615339.452960,08:48:59.452,767,20.549,26.7,1011.41,15.33,0.0,0.0,0.0,-0.99,0.68,0.42,-0.99,1.43,0.65,9.67,0.12,3.68,8.31,0,0,0,0.0,0.0,0.0
1787615339.453196,08:48:59.453,768,20.559,26.7,1011.41,15.33,0.0,0.0,0.0,-0.99,0.68,0.42,-0.99,1.43,0.65,9.67,0.12,3.68,8.31,0,0,0,0.0,0.0,0.0
1787615339.453341,08:48:59.453,769,20.569,26.68,1011.37,15.663,0.0,0.0,0.0,-0.99,0.68,0.42,-0.99,1.43,0.65,9.67,0.12,3.68,8.31,0,0,0,0.0,0.0,0.0
1787615339.453484,08:48:59.453,770,20.579,26.68,1011.37,15.663,0.0,0.0,0.0,-0.99,0.68,0.42,-0.99,1.43,0.65,9.67,0.12,3.68,8.31,0,0,0,0.0,0.0,0.0
1787615339.453625,08:48:59.453,771,20.589,26.68,1011.37,15.663,0.0,0.0,0.0,-0.99,0.68,0.42,-0.99,1.43,0.65,9.67,0.12,3.68,8.31,0,0,0,0.0,0.0,0.0
1787615339.453762,08:48:59.453,772,20.599,26.68,1011.37,15.663,0.0,0.0,0.0,-0.99,0.68,0.42,-0.99,1.43,0.65,9.67,0.12,3.68,8.31,0,0,0,0.0,0.0,0.0
1787615339.453899,08:48:59.453,773,20.609,26.68,1011.37,15.663,0.0,0.0,0.0,-0.99,0.68,0.42,-0.99,1.43,0.65,9.67,0.12,3.68,8.31,0,0,0,0.0,0.0,0.0
1787615339.454036,08:48:59.454,774,20.619,26.68,1011.37,15.663,0.0,0.0,0.0,-0.99,0.68,0.42,-0.99,1.43,0.65,9.67,0.12,3.68,8.31,0,0,0,0.0,0.0,0.0
1787615339.454173,08:48:59.454,775,20.629,26.68,1011.37,15.663,0.0,0.0,0.0,2.39,2.57,-0.88,2.39,1.38,0.66,9.68,0.12,3.81,8.06,0,0,0,0.0,0.0,0.0
1787615339.454310,08:48:59.454,776,20.639,26.68,1011.37,15.663,0.0,0.0,0.0,2.39,2.57,-0.88,2.39,1.38,0.66,9.68,0.12,3.81,8.06,0,0,0,0.0,0.0,0.0
1787615339.454446,08:48:59.454,777,20.649,26.68,1011.37,15.663,0.0,0.0,0.0,2.39,2.57,-0.88,2.39,1.38,0.66,9.68,0.12,3.81,8.06,0,0,0,0.0,0.0,0.0
1787615339.554748,08:48:59.554,778,20.659,26.68,1011.37,15.663,0.0,0.0,0.0,2.39,2.57,-0.88,2.39,1.38,0.66,9.68,0.12,3.81,8.06,0,0,0,0.0,0.0,0.0
1787615339.555006,08:48:59.555,779,20.669,26.68,1011.37,15.663,0.0,0.0,0.0,2.39,2.57,-0.88,2.39,1.38,0.66,9.68,0.12,3.81,8.06,0,0,0,0.0,0.0,0.0
1787615339.555161,08:48:59.555,780,20.679,26.68,1011.37,15.663,0.0,0.0,0.0,2.39,2.57,-0.88,2.39,1.38,0.66,9.68,0.12,3.81,8.06,0,0,0,0.0,0.0,0.0
1787615339.555306,08:48:59.555,781,20.689,26.68,1011.37,15.663,0.0,0.0,0.0,2.39,2.57,-0.88,2.39,1.38,0.66,9.68,0.12,3.81,8.06,0,0,0,0.0,0.0,0.0
1787615339.555448,08:48:59.555,782,20.699,26.68,1011.37,15.663,0.0,0.0,0.0,2.39,2.57,-0.88,2.39,1.38,0.66,9.68,0.12,3.81,8.06,0,0,0,0.0,0.0,0.0
1787615339.555587,08:48:59.555,783,20.709,26.68,1011.37,15.663,0.0,0.0,0.0,2.39,2.57,-0.88,2.39,1.38,0.66,9.68,0.12,3.81,8.06,0,0,0,0.0,0.0,0.0
1787615339.555726,08:48:59.555,784,20.719,26.68,1011.37,15.663,0.0,0.0,0.0,2.39,2.57,-0.88,2.39,1.38,0.66,9.68,0.12,3.81,8.06,0,0,0,0.0,0.0,0.0
1787615339.555865,08:48:59.555,785,20.729,26.68,1011.37,15.663,0.0,0.0,0.0,-1.38,-0.77,1.78,-1.38,1.75,0.7,9.62,1.25,4.5,10.12,0,0,0,0.0,0.0,0.0
1787615339.556007,08:48:59.556,786,20.739,26.68,1011.37,15.663,0.0,0.0,0.0,-1.38,-0.77,1.78,-1.38,1.75,0.7,9.62,1.25,4.5,10.12,0,0,0,0.0,0.0,0.0
1787615339.657103,08:48:59.657,787,20.749,26.68,1011.37,15.663,0.0,0.0,0.0,-1.38,-0.77,1.78,-1.38,1.75,0.7,9.62,1.25,4.5,10.12,0,0,0,0.0,0.0,0.0
1787615339.657407,08:48:59.657,788,20.759,26.68,1011.37,15.663,0.0,0.0,0.0,-1.38,-0.77,1.78,-1.38,1.75,0.7,9.62,1.25,4.5,10.12,0,0,0,0.0,0.0,0.0
1787615339.657565,08:48:59.657,789,20.769,26.71,1011.42,15.245,0.0,0.0,0.0,-1.38,-0.77,1.78,-1.38,1.75,0.7,9.62,1.25,4.5,10.12,0,0,0,0.0,0.0,0.0
1787615339.657712,08:48:59.657,790,20.779,26.71,1011.42,15.245,0.0,0.0,0.0,-1.38,-0.77,1.78,-1.38,1.75,0.7,9.62,1.25,4.5,10.12,0,0,0,0.0,0.0,0.0
1787615339.657858,08:48:59.657,791,20.789,26.71,1011.42,15.245,0.0,0.0,0.0,-1.38,-0.77,1.78,-1.38,1.75,0.7,9.62,1.25,4.5,10.12,0,0,0,0.0,0.0,0.0
1787615339.658000,08:48:59.657,792,20.799,26.71,1011.42,15.245,0.0,0.0,0.0,-1.38,-0.77,1.78,-1.38,1.75,0.7,9.62,1.25,4.5,10.12,0,0,0,0.0,0.0,0.0
1787615339.658142,08:48:59.658,793,20.809,26.71,1011.42,15.245,0.0,0.0,0.0,-1.38,-0.77,1.78,-1.38,1.75,0.7,9.62,1.25,4.5,10.12,0,0,0,0.0,0.0,0.0
1787615339.658284,08:48:59.658,794,20.819,26.71,1011.42,15.245,0.0,0.0,0.0,-1.38,-0.77,1.78,-1.38,1.75,0.7,9.62,1.25,4.5,10.12,0,0,0,0.0,0.0,0.0
1787615339.658426,08:48:59.658,795,20.829,26.71,1011.42,15.245,0.0,0.0,0.0,0.72,1.71,-0.18,0.72,1.5,0.03,9.68,2.43,0.5,9.12,0,0,0,0.0,0.0,0.0
1787615339.658583,08:48:59.658,796,20.839,26.71,1011.42,15.245,0.0,0.0,0.0,0.72,1.71,-0.18,0.72,1.5,0.03,9.68,2.43,0.5,9.12,0,0,0,0.0,0.0,0.0
1787615339.759529,08:48:59.759,797,20.849,26.71,1011.42,15.245,0.0,0.0,0.0,0.72,1.71,-0.18,0.72,1.5,0.03,9.68,2.43,0.5,9.12,0,0,0,0.0,0.0,0.0
1787615339.759779,08:48:59.759,798,20.859,26.71,1011.42,15.245,0.0,0.0,0.0,0.72,1.71,-0.18,0.72,1.5,0.03,9.68,2.43,0.5,9.12,0,0,0,0.0,0.0,0.0
1787615339.759928,08:48:59.759,799,20.869,26.71,1011.42,15.245,0.0,0.0,0.0,0.72,1.71,-0.18,0.72,1.5,0.03,9.68,2.43,0.5,9.12,0,0,0,0.0,0.0,0.0
1787615339.760069,08:48:59.760,800,20.879,26.71,1011.42,15.245,0.0,0.0,0.0,0.72,1.71,-0.18,0.72,1.5,0.03,9.68,2.43,0.5,9.12,0,0,0,0.0,0.0,0.0
1787615339.760215,08:48:59.760,801,20.889,26.71,1011.42,15.245,0.0,0.0,0.0,0.72,1.71,-0.18,0.72,1.5,0.03,9.68,2.43,0.5,9.12,0,0,0,0.0,0.0,0.0
1787615339.760352,08:48:59.760,802,20.899,26.71,1011.42,15.245,0.0,0.0,0.0,0.72,1.71,-0.18,0.72,1.5,0.03,9.68,2.43,0.5,9.12,0,0,0,0.0,0.0,0.0
1787615339.760492,08:48:59.760,803,20.909,26.71,1011.42,15.245,0.0,0.0,0.0,0.72,1.71,-0.18,0.72,1.5,0.03,9.68,2.43,0.5,9.12,0,0,0,0.0,0.0,0.0
1787615339.760628,08:48:59.760,804,20.919,26.71,1011.42,15.245,0.0,0.0,0.0,0.72,1.71,-0.18,0.72,1.5,0.03,9.68,2.43,0.5,9.12,0,0,0,0.0,0.0,0.0
1787615339.760766,08:48:59.760,805,20.929,26.71,1011.42,15.245,0.0,0.0,0.0,0.59,-0.22,-0.65,0.59,1.36,-0.46,9.7,4.0,-2.68,8.0,0,0,0,0.0,0.0,0.0
1787615339.760904,08:48:59.760,806,20.939,26.71,1011.42,15.245,0.0,0.0,0.0,0.59,-0.22,-0.65,0.59,1.36,-0.46,9.7,4.0,-2.68,8.0,0,0,0,0.0,0.0,0.0
1787615339.761042,08:48:59.761,807,20.949,26.71,1011.42,15.245,0.0,0.0,0.0,0.59,-0.22,-0.65,0.59,1.36,-0.46,9.7,4.0,-2.68,8.0,0,0,0,0.0,0.0,0.0
1787615339.761178,08:48:59.761,808,20.959,26.71,1011.42,15.245,0.0,0.0,0.0,0.59,-0.22,-0.65,0.59,1.36,-0.46,9.7,4.0,-2.68,8.0,0,0,0,0.0,0.0,0.0
1787615339.862039,08:48:59.862,809,20.969,26.7,1011.43,15.164,0.0,0.0,0.0,0.59,-0.22,-0.65,0.59,1.36,-0.46,9.7,4.0,-2.68,8.0,0,0,0,0.0,0.0,0.0
1787615339.862299,08:48:59.862,810,20.979,26.7,1011.43,15.164,0.0,0.0,0.0,0.59,-0.22,-0.65,0.59,1.36,-0.46,9.7,4.0,-2.68,8.0,0,0,0,0.0,0.0,0.0
1787615339.862457,08:48:59.862,811,20.989,26.7,1011.43,15.164,0.0,0.0,0.0,0.59,-0.22,-0.65,0.59,1.36,-0.46,9.7,4.0,-2.68,8.0,0,0,0,0.0,0.0,0.0
1787615339.862610,08:48:59.862,812,20.999,26.7,1011.43,15.164,0.0,0.0,0.0,0.59,-0.22,-0.65,0.59,1.36,-0.46,9.7,4.0,-2.68,8.0,0,0,0,0.0,0.0,0.0
1787615339.862761,08:48:59.862,813,21.009,26.7,1011.43,15.164,0.0,0.0,0.0,0.59,-0.22,-0.65,0.59,1.36,-0.46,9.7,4.0,-2.68,8.0,0,0,0,0.0,0.0,0.0
1787615339.862911,08:48:59.862,814,21.019,26.7,1011.43,15.164,0.0,0.0,0.0,0.59,-0.22,-0.65,0.59,1.36,-0.46,9.7,4.0,-2.68,8.0,0,0,0,0.0,0.0,0.0
1787615339.863060,08:48:59.863,815,21.029,26.7,1011.43,15.164,0.0,0.0,0.0,1.91,0.3,0.81,1.91,1.11,-0.54,9.72,6.06,-3.18,6.5,0,0,0,0.0,0.0,0.0
1787615339.863247,08:48:59.863,816,21.039,26.7,1011.43,15.164,0.0,0.0,0.0,1.91,0.3,0.81,1.91,1.11,-0.54,9.72,6.06,-3.18,6.5,0,0,0,0.0,0.0,0.0
1787615339.863544,08:48:59.863,817,21.049,26.7,1011.43,15.164,0.0,0.0,0.0,1.91,0.3,0.81,1.91,1.11,-0.54,9.72,6.06,-3.18,6.5,0,0,0,0.0,0.0,0.0
1787615339.863711,08:48:59.863,818,21.059,26.7,1011.43,15.164,0.0,0.0,0.0,1.91,0.3,0.81,1.91,1.11,-0.54,9.72,6.06,-3.18,6.5,0,0,0,0.0,0.0,0.0
1787615339.863867,08:48:59.863,819,21.069,26.7,1011.43,15.164,0.0,0.0,0.0,1.91,0.3,0.81,1.91,1.11,-0.54,9.72,6.06,-3.18,6.5,0,0,0,0.0,0.0,0.0
1787615339.965195,08:48:59.965,820,21.079,26.7,1011.43,15.164,0.0,0.0,0.0,1.91,0.3,0.81,1.91,1.11,-0.54,9.72,6.06,-3.18,6.5,0,0,0,0.0,0.0,0.0
1787615339.965479,08:48:59.965,821,21.089,26.7,1011.43,15.164,0.0,0.0,0.0,1.91,0.3,0.81,1.91,1.11,-0.54,9.72,6.06,-3.18,6.5,0,0,0,0.0,0.0,0.0
1787615339.965670,08:48:59.965,822,21.099,26.7,1011.43,15.164,0.0,0.0,0.0,1.91,0.3,0.81,1.91,1.11,-0.54,9.72,6.06,-3.18,6.5,0,0,0,0.0,0.0,0.0
1787615339.965857,08:48:59.965,823,21.109,26.7,1011.43,15.164,0.0,0.0,0.0,1.91,0.3,0.81,1.91,1.11,-0.54,9.72,6.06,-3.18,6.5,0,0,0,0.0,0.0,0.0
1787615339.966045,08:48:59.966,824,21.119,26.7,1011.43,15.164,0.0,0.0,0.0,1.91,0.3,0.81,1.91,1.11,-0.54,9.72,6.06,-3.18,6.5,0,0,0,0.0,0.0,0.0
1787615339.966232,08:48:59.966,825,21.129,26.7,1011.43,15.164,0.0,0.0,0.0,1.62,1.07,-1.02,1.62,1.04,-0.12,9.74,8.5,-0.68,6.12,0,0,0,0.0,0.0,0.0
1787615339.966419,08:48:59.966,826,21.139,26.7,1011.43,15.164,0.0,0.0,0.0,1.62,1.07,-1.02,1.62,1.04,-0.12,9.74,8.5,-0.68,6.12,0,0,0,0.0,0.0,0.0
1787615339.966606,08:48:59.966,827,21.149,26.7,1011.43,15.164,0.0,0.0,0.0,1.62,1.07,-1.02,1.62,1.04,-0.12,9.74,8.5,-0.68,6.12,0,0,0,0.0,0.0,0.0
1787615339.966791,08:48:59.966,828,21.159,26.7,1011.43,15.164,0.0,0.0,0.0,1.62,1.07,-1.02,1.62,1.04,-0.12,9.74,8.5,-0.68,6.12,0,0,0,0.0,0.0,0.0
1787615340.067406,08:49:00.067,829,21.169,26.7,1011.37,15.663,0.0,0.0,0.0,1.62,1.07,-1.02,1.62,1.04,-0.12,9.74,8.5,-0.68,6.12,0,0,0,0.0,0.0,0.0
1787615340.067651,08:49:00.067,830,21.179,26.7,1011.37,15.663,0.0,0.0,0.0,1.62,1.07,-1.02,1.62,1.04,-0.12,9.74,8.5,-0.68,6.12,0,0,0,0.0,0.0,0.0
1787615340.067825,08:49:00.067,831,21.189,26.7,1011.37,15.663,0.0,0.0,0.0,1.62,1.07,-1.02,1.62,1.04,-0.12,9.74,8.5,-0.68,6.12,0,0,0,0.0,0.0,0.0
1787615340.067965,08:49:00.067,832,21.199,26.7,1011.37,15.663,0.0,0.0,0.0,1.62,1.07,-1.02,1.62,1.04,-0.12,9.74,8.5,-0.68,6.12,0,0,0,0.0,0.0,0.0
1787615340.068092,08:49:00.068,833,21.209,26.7,1011.37,15.663,0.0,0.0,0.0,1.62,1.07,-1.02,1.62,1.04,-0.12,9.74,8.5,-0.68,6.12,0,0,0,0.0,0.0,0.0
1787615340.068217,08:49:00.068,834,21.219,26.7,1011.37,15.663,0.0,0.0,0.0,1.62,1.07,-1.02,1.62,1.04,-0.12,9.74,8.5,-0.68,6.12,0,0,0,0.0,0.0,0.0
1787615340.068343,08:49:00.068,835,21.229,26.7,1011.37,15.663,0.0,0.0,0.0,0.47,0.91,-0.11,0.47,0.91,0.41,9.75,12.06,2.43,5.31,0,0,0,0.0,0.0,0.0
1787615340.068469,08:49:00.068,836,21.239,26.7,1011.37,15.663,0.0,0.0,0.0,0.47,0.91,-0.11,0.47,0.91,0.41,9.75,12.06,2.43,5.31,0,0,0,0.0,0.0,0.0
1787615340.068597,08:49:00.068,837,21.249,26.7,1011.37,15.663,0.0,0.0,0.0,0.47,0.91,-0.11,0.47,0.91,0.41,9.75,12.06,2.43,5.31,0,0,0,0.0,0.0,0.0
1787615340.068721,08:49:00.068,838,21.259,26.7,1011.37,15.663,0.0,0.0,0.0,0.47,0.91,-0.11,0.47,0.91,0.41,9.75,12.06,2.43,5.31,0,0,0,0.0,0.0,0.0
1787615340.169949,08:49:00.169,839,21.269,26.7,1011.37,15.663,0.0,0.0,0.0,0.47,0.91,-0.11,0.47,0.91,0.41,9.75,12.06,2.43,5.31,0,0,0,0.0,0.0,0.0
1787615340.170161,08:49:00.170,840,21.279,26.7,1011.37,15.663,0.0,0.0,0.0,0.47,0.91,-0.11,0.47,0.91,0.41,9.75,12.06,2.43,5.31,0,0,0,0.0,0.0,0.0
1787615340.170293,08:49:00.170,841,21.289,26.7,1011.37,15.663,0.0,0.0,0.0,0.47,0.91,-0.11,0.47,0.91,0.41,9.75,12.06,2.43,5.31,0,0,0,0.0,0.0,0.0
1787615340.170420,08:49:00.170,842,21.299,26.7,1011.37,15.663,0.0,0.0,0.0,0.47,0.91,-0.11,0.47,0.91,0.41,9.75,12.06,2.43,5.31,0,0,0,0.0,0.0,0.0
1787615340.170546,08:49:00.170,843,21.309,26.7,1011.37,15.663,0.0,0.0,0.0,0.47,0.91,-0.11,0.47,0.91,0.41,9.75,12.06,2.43,5.31,0,0,0,0.0,0.0,0.0
1787615340.170671,08:49:00.170,844,21.319,26.7,1011.37,15.663,0.0,0.0,0.0,0.47,0.91,-0.11,0.47,0.91,0.41,9.75,12.06,2.43,5.31,0,0,0,0.0,0.0,0.0
1787615340.170797,08:49:00.170,845,21.329,26.7,1011.37,15.663,0.0,0.0,0.0,-1.05,0.5,-0.87,-1.05,0.62,0.74,9.75,16.5,4.37,3.62,0,0,0,0.0,0.0,0.0
1787615340.170926,08:49:00.170,846,21.339,26.7,1011.37,15.663,0.0,0.0,0.0,-1.05,0.5,-0.87,-1.05,0.62,0.74,9.75,16.5,4.37,3.62,0,0,0,0.0,0.0,0.0
1787615340.171052,08:49:00.171,847,21.349,26.7,1011.37,15.663,0.0,0.0,0.0,-1.05,0.5,-0.87,-1.05,0.62,0.74,9.75,16.5,4.37,3.62,0,0,0,0.0,0.0,0.0
1787615340.171176,08:49:00.171,848,21.359,26.7,1011.37,15.663,0.0,0.0,0.0,-1.05,0.5,-0.87,-1.05,0.62,0.74,9.75,16.5,4.37,3.62,0,0,0,0.0,0.0,0.0
1787615340.171302,08:49:00.171,849,21.369,26.7,1011.36,15.747,0.0,0.0,0.0,-1.05,0.5,-0.87,-1.05,0.62,0.74,9.75,16.5,4.37,3.62,0,0,0,0.0,0.0,0.0
1787615340.272593,08:49:00.272,850,21.379,26.7,1011.36,15.747,0.0,0.0,0.0,-1.05,0.5,-0.87,-1.05,0.62,0.74,9.75,16.5,4.37,3.62,0,0,0,0.0,0.0,0.0
1787615340.272842,08:49:00.272,851,21.389,26.7,1011.36,15.747,0.0,0.0,0.0,-1.05,0.5,-0.87,-1.05,0.62,0.74,9.75,16.5,4.37,3.62,0,0,0,0.0,0.0,0.0
1787615340.272997,08:49:00.272,852,21.399,26.7,1011.36,15.747,0.0,0.0,0.0,-1.05,0.5,-0.87,-1.05,0.62,0.74,9.75,16.5,4.37,3.62,0,0,0,0.0,0.0,0.0
1787615340.273138,08:49:00.273,853,21.409,26.7,1011.36,15.747,0.0,0.0,0.0,-1.05,0.5,-0.87,-1.05,0.62,0.74,9.75,16.5,4.37,3.62,0,0,0,0.0,0.0,0.0
1787615340.273275,08:49:00.273,854,21.419,26.7,1011.36,15.747,0.0,0.0,0.0,-1.05,0.5,-0.87,-1.05,0.62,0.74,9.75,16.5,4.37,3.62,0,0,0,0.0,0.0,0.0
1787615340.273412,08:49:00.273,855,21.429,26.7,1011.36,15.747,0.0,0.0,0.0,-0.78,0.82,-0.83,-0.78,0.39,0.94,9.75,22.12,5.5,2.31,0,0,0,0.0,0.0,0.0
1787615340.273548,08:49:00.273,856,21.439,26.7,1011.36,15.747,0.0,0.0,0.0,-0.78,0.82,-0.83,-0.78,0.39,0.94,9.75,22.12,5.5,2.31,0,0,0,0.0,0.0,0.0
1787615340.273684,08:49:00.273,857,21.449,26.7,1011.36,15.747,0.0,0.0,0.0,-0.78,0.82,-0.83,-0.78,0.39,0.94,9.75,22.12,5.5,2.31,0,0,0,0.0,0.0,0.0
1787615340.273819,08:49:00.273,858,21.459,26.7,1011.36,15.747,0.0,0.0,0.0,-0.78,0.82,-0.83,-0.78,0.39,0.94,9.75,22.12,5.5,2.31,0,0,0,0.0,0.0,0.0
1787615340.273953,08:49:00.273,859,21.469,26.7,1011.36,15.747,0.0,0.0,0.0,-0.78,0.82,-0.83,-0.78,0.39,0.94,9.75,22.12,5.5,2.31,0,0,0,0.0,0.0,0.0
1787615340.375190,08:49:00.375,860,21.479,26.7,1011.36,15.747,0.0,0.0,0.0,-0.78,0.82,-0.83,-0.78,0.39,0.94,9.75,22.12,5.5,2.31,0,0,0,0.0,0.0,0.0
1787615340.375894,08:49:00.375,861,21.489,26.7,1011.36,15.747,0.0,0.0,0.0,-0.78,0.82,-0.83,-0.78,0.39,0.94,9.75,22.12,5.5,2.31,0,0,0,0.0,0.0,0.0
1787615340.376243,08:49:00.376,862,21.499,26.7,1011.36,15.747,0.0,0.0,0.0,-0.78,0.82,-0.83,-0.78,0.39,0.94,9.75,22.12,5.5,2.31,0,0,0,0.0,0.0,0.0
1787615340.376605,08:49:00.376,863,21.509,26.7,1011.36,15.747,0.0,0.0,0.0,-0.78,0.82,-0.83,-0.78,0.39,0.94,9.75,22.12,5.5,2.31,0,0,0,0.0,0.0,0.0
1787615340.376959,08:49:00.376,864,21.519,26.7,1011.36,15.747,0.0,0.0,0.0,-0.78,0.82,-0.83,-0.78,0.39,0.94,9.75,22.12,5.5,2.31,0,0,0,0.0,0.0,0.0
1787615340.377256,08:49:00.377,865,21.529,26.7,1011.36,15.747,0.0,0.0,0.0,-0.89,0.74,-0.69,-0.89,0.38,0.94,9.75,27.12,5.5,2.18,0,0,0,0.0,0.0,0.0
1787615340.377641,08:49:00.377,866,21.539,26.7,1011.36,15.747,0.0,0.0,0.0,-0.89,0.74,-0.69,-0.89,0.38,0.94,9.75,27.12,5.5,2.18,0,0,0,0.0,0.0,0.0
1787615340.377930,08:49:00.377,867,21.549,26.7,1011.36,15.747,0.0,0.0,0.0,-0.89,0.74,-0.69,-0.89,0.38,0.94,9.75,27.12,5.5,2.18,0,0,0,0.0,0.0,0.0
1787615340.378240,08:49:00.378,868,21.559,26.7,1011.36,15.747,0.0,0.0,0.0,-0.89,0.74,-0.69,-0.89,0.38,0.94,9.75,27.12,5.5,2.18,0,0,0,0.0,0.0,0.0
1787615340.378543,08:49:00.378,869,21.569,26.71,1011.38,15.581,0.0,0.0,0.0,-0.89,0.74,-0.69,-0.89,0.38,0.94,9.75,27.12,5.5,2.18,0,0,0,0.0,0.0,0.0
1787615340.479799,08:49:00.479,870,21.579,26.71,1011.38,15.581,0.0,0.0,0.0,-0.89,0.74,-0.69,-0.89,0.38,0.94,9.75,27.12,5.5,2.18,0,0,0,0.0,0.0,0.0
1787615340.481345,08:49:00.481,871,21.589,26.71,1011.38,15.581,0.0,0.0,0.0,-0.89,0.74,-0.69,-0.89,0.38,0.94,9.75,27.12,5.5,2.18,0,0,0,0.0,0.0,0.0
1787615340.481875,08:49:00.481,872,21.599,26.71,1011.38,15.581,0.0,0.0,0.0,-0.89,0.74,-0.69,-0.89,0.38,0.94,9.75,27.12,5.5,2.18,0,0,0,0.0,0.0,0.0
1787615340.482311,08:49:00.482,873,21.609,26.71,1011.38,15.581,0.0,0.0,0.0,-0.89,0.74,-0.69,-0.89,0.38,0.94,9.75,27.12,5.5,2.18,0,0,0,0.0,0.0,0.0
1787615340.482730,08:49:00.482,874,21.619,26.71,1011.38,15.581,0.0,0.0,0.0,-0.89,0.74,-0.69,-0.89,0.38,0.94,9.75,27.12,5.5,2.18,0,0,0,0.0,0.0,0.0
1787615340.483143,08:49:00.483,875,21.629,26.71,1011.38,15.581,0.0,0.0,0.0,-1.06,0.64,0.16,-1.06,0.52,0.91,9.74,32.18,5.31,3.06,0,0,0,0.0,0.0,0.0
1787615340.483543,08:49:00.483,876,21.639,26.71,1011.38,15.581,0.0,0.0,0.0,-1.06,0.64,0.16,-1.06,0.52,0.91,9.74,32.18,5.31,3.06,0,0,0,0.0,0.0,0.0
1787615340.483900,08:49:00.483,877,21.649,26.71,1011.38,15.581,0.0,0.0,0.0,-1.06,0.64,0.16,-1.06,0.52,0.91,9.74,32.18,5.31,3.06,0,0,0,0.0,0.0,0.0
1787615340.484250,08:49:00.484,878,21.659,26.71,1011.38,15.581,0.0,0.0,0.0,-1.06,0.64,0.16,-1.06,0.52,0.91,9.74,32.18,5.31,3.06,0,0,0,0.0,0.0,0.0
1787615340.585779,08:49:00.585,879,21.669,26.71,1011.38,15.581,0.0,0.0,0.0,-1.06,0.64,0.16,-1.06,0.52,0.91,9.74,32.18,5.31,3.06,0,0,0,0.0,0.0,0.0
1787615340.586141,08:49:00.586,880,21.679,26.71,1011.38,15.581,0.0,0.0,0.0,-1.06,0.64,0.16,-1.06,0.52,0.91,9.74,32.18,5.31,3.06,0,0,0,0.0,0.0,0.0
1787615340.586347,08:49:00.586,881,21.689,26.71,1011.38,15.581,0.0,0.0,0.0,-1.06,0.64,0.16,-1.06,0.52,0.91,9.74,32.18,5.31,3.06,0,0,0,0.0,0.0,0.0
1787615340.586546,08:49:00.586,882,21.699,26.71,1011.38,15.581,0.0,0.0,0.0,-1.06,0.64,0.16,-1.06,0.52,0.91,9.74,32.18,5.31,3.06,0,0,0,0.0,0.0,0.0
1787615340.586742,08:49:00.586,883,21.709,26.71,1011.38,15.581,0.0,0.0,0.0,-1.06,0.64,0.16,-1.06,0.52,0.91,9.74,32.18,5.31,3.06,0,0,0,0.0,0.0,0.0
1787615340.586939,08:49:00.586,884,21.719,26.71,1011.38,15.581,0.0,0.0,0.0,-1.06,0.64,0.16,-1.06,0.52,0.91,9.74,32.18,5.31,3.06,0,0,0,0.0,0.0,0.0
1787615340.587134,08:49:00.587,885,21.729,26.71,1011.38,15.581,0.0,0.0,0.0,0.35,-1.33,-0.25,0.35,0.81,0.87,9.73,36.68,5.12,4.75,0,0,0,0.0,0.0,0.0
1787615340.587327,08:49:00.587,886,21.739,26.71,1011.38,15.581,0.0,0.0,0.0,0.35,-1.33,-0.25,0.35,0.81,0.87,9.73,36.68,5.12,4.75,0,0,0,0.0,0.0,0.0
1787615340.587519,08:49:00.587,887,21.749,26.71,1011.38,15.581,0.0,0.0,0.0,0.35,-1.33,-0.25,0.35,0.81,0.87,9.73,36.68,5.12,4.75,0,0,0,0.0,0.0,0.0
1787615340.587710,08:49:00.587,888,21.759,26.71,1011.38,15.581,0.0,0.0,0.0,0.35,-1.33,-0.25,0.35,0.81,0.87,9.73,36.68,5.12,4.75,0,0,0,0.0,0.0,0.0
1787615340.587915,08:49:00.587,889,21.769,26.67,1011.31,16.162,0.0,0.0,0.0,0.35,-1.33,-0.25,0.35,0.81,0.87,9.73,36.68,5.12,4.75,0,0,0,0.0,0.0,0.0
1787615340.588137,08:49:00.588,890,21.779,26.67,1011.31,16.162,0.0,0.0,0.0,0.35,-1.33,-0.25,0.35,0.81,0.87,9.73,36.68,5.12,4.75,0,0,0,0.0,0.0,0.0
1787615340.689511,08:49:00.689,891,21.789,26.67,1011.31,16.162,0.0,0.0,0.0,0.35,-1.33,-0.25,0.35,0.81,0.87,9.73,36.68,5.12,4.75,0,0,0,0.0,0.0,0.0
1787615340.689919,08:49:00.689,892,21.799,26.67,1011.31,16.162,0.0,0.0,0.0,0.35,-1.33,-0.25,0.35,0.81,0.87,9.73,36.68,5.12,4.75,0,0,0,0.0,0.0,0.0
1787615340.690310,08:49:00.690,893,21.809,26.67,1011.31,16.162,0.0,0.0,0.0,0.35,-1.33,-0.25,0.35,0.81,0.87,9.73,36.68,5.12,4.75,0,0,0,0.0,0.0,0.0
1787615340.690561,08:49:00.690,894,21.819,26.67,1011.31,16.162,0.0,0.0,0.0,0.35,-1.33,-0.25,0.35,0.81,0.87,9.73,36.68,5.12,4.75,0,0,0,0.0,0.0,0.0
1787615340.690790,08:49:00.690,895,21.829,26.67,1011.31,16.162,0.0,0.0,0.0,-0.45,0.63,-0.23,-0.45,1.1,0.91,9.7,41.62,5.31,6.43,0,0,0,0.0,0.0,0.0
1787615340.691014,08:49:00.691,896,21.839,26.67,1011.31,16.162,0.0,0.0,0.0,-0.45,0.63,-0.23,-0.45,1.1,0.91,9.7,41.62,5.31,6.43,0,0,0,0.0,0.0,0.0
1787615340.691243,08:49:00.691,897,21.849,26.67,1011.31,16.162,0.0,0.0,0.0,-0.45,0.63,-0.23,-0.45,1.1,0.91,9.7,41.62,5.31,6.43,0,0,0,0.0,0.0,0.0
1787615340.691474,08:49:00.691,898,21.859,26.67,1011.31,16.162,0.0,0.0,0.0,-0.45,0.63,-0.23,-0.45,1.1,0.91,9.7,41.62,5.31,6.43,0,0,0,0.0,0.0,0.0
1787615340.691672,08:49:00.691,899,21.869,26.67,1011.31,16.162,0.0,0.0,0.0,-0.45,0.63,-0.23,-0.45,1.1,0.91,9.7,41.62,5.31,6.43,0,0,0,0.0,0.0,0.0
1787615340.691859,08:49:00.691,900,21.879,26.67,1011.31,16.162,0.0,0.0,0.0,-0.45,0.63,-0.23,-0.45,1.1,0.91,9.7,41.62,5.31,6.43,0,0,0,0.0,0.0,0.0
1787615340.692048,08:49:00.692,901,21.889,26.67,1011.31,16.162,0.0,0.0,0.0,-0.45,0.63,-0.23,-0.45,1.1,0.91,9.7,41.62,5.31,6.43,0,0,0,0.0,0.0,0.0
1787615340.792907,08:49:00.792,902,21.899,26.67,1011.31,16.162,0.0,0.0,0.0,-0.45,0.63,-0.23,-0.45,1.1,0.91,9.7,41.62,5.31,6.43,0,0,0,0.0,0.0,0.0
1787615340.793249,08:49:00.793,903,21.909,26.67,1011.31,16.162,0.0,0.0,0.0,-0.45,0.63,-0.23,-0.45,1.1,0.91,9.7,41.62,5.31,6.43,0,0,0,0.0,0.0,0.0
1787615340.793496,08:49:00.793,904,21.919,26.67,1011.31,16.162,0.0,0.0,0.0,-0.45,0.63,-0.23,-0.45,1.1,0.91,9.7,41.62,5.31,6.43,0,0,0,0.0,0.0,0.0
1787615340.793725,08:49:00.793,905,21.929,26.67,1011.31,16.162,0.0,0.0,0.0,-1.96,0.53,-0.74,-1.96,1.13,0.87,9.7,45.62,5.18,6.75,0,0,0,0.0,0.0,0.0
1787615340.793949,08:49:00.793,906,21.939,26.67,1011.31,16.162,0.0,0.0,0.0,-1.96,0.53,-0.74,-1.96,1.13,0.87,9.7,45.62,5.18,6.75,0,0,0,0.0,0.0,0.0
1787615340.794173,08:49:00.794,907,21.949,26.67,1011.31,16.162,0.0,0.0,0.0,-1.96,0.53,-0.74,-1.96,1.13,0.87,9.7,45.62,5.18,6.75,0,0,0,0.0,0.0,0.0
1787615340.794392,08:49:00.794,908,21.959,26.67,1011.31,16.162,0.0,0.0,0.0,-1.96,0.53,-0.74,-1.96,1.13,0.87,9.7,45.62,5.18,6.75,0,0,0,0.0,0.0,0.0
1787615340.794611,08:49:00.794,909,21.969,26.68,1011.3,16.247,0.0,0.0,0.0,-1.96,0.53,-0.74,-1.96,1.13,0.87,9.7,45.62,5.18,6.75,0,0,0,0.0,0.0,0.0
1787615340.794830,08:49:00.794,910,21.979,26.68,1011.3,16.247,0.0,0.0,0.0,-1.96,0.53,-0.74,-1.96,1.13,0.87,9.7,45.62,5.18,6.75,0,0,0,0.0,0.0,0.0
1787615340.795253,08:49:00.795,911,21.989,26.68,1011.3,16.247,0.0,0.0,0.0,-1.96,0.53,-0.74,-1.96,1.13,0.87,9.7,45.62,5.18,6.75,0,0,0,0.0,0.0,0.0
1787615340.795478,08:49:00.795,912,21.999,26.68,1011.3,16.247,0.0,0.0,0.0,-1.96,0.53,-0.74,-1.96,1.13,0.87,9.7,45.62,5.18,6.75,0,0,0,0.0,0.0,0.0
1787615340.897011,08:49:00.897,913,22.009,26.68,1011.3,16.247,0.0,0.0,0.0,-1.96,0.53,-0.74,-1.96,1.13,0.87,9.7,45.62,5.18,6.75,0,0,0,0.0,0.0,0.0
1787615340.898018,08:49:00.898,914,22.019,26.68,1011.3,16.247,0.0,0.0,0.0,-1.96,0.53,-0.74,-1.96,1.13,0.87,9.7,45.62,5.18,6.75,0,0,0,0.0,0.0,0.0
1787615340.899387,08:49:00.899,915,22.029,26.68,1011.3,16.247,0.0,0.0,0.0,-1.74,0.15,-0.41,-1.74,1.06,0.81,9.71,49.81,4.81,6.25,0,0,0,0.0,0.0,0.0
1787615340.900126,08:49:00.900,916,22.039,26.68,1011.3,16.247,0.0,0.0,0.0,-1.74,0.15,-0.41,-1.74,1.06,0.81,9.71,49.81,4.81,6.25,0,0,0,0.0,0.0,0.0
1787615340.900543,08:49:00.900,917,22.049,26.68,1011.3,16.247,0.0,0.0,0.0,-1.74,0.15,-0.41,-1.74,1.06,0.81,9.71,49.81,4.81,6.25,0,0,0,0.0,0.0,0.0
1787615340.900952,08:49:00.900,918,22.059,26.68,1011.3,16.247,0.0,0.0,0.0,-1.74,0.15,-0.41,-1.74,1.06,0.81,9.71,49.81,4.81,6.25,0,0,0,0.0,0.0,0.0
1787615340.901370,08:49:00.901,919,22.069,26.68,1011.3,16.247,0.0,0.0,0.0,-1.74,0.15,-0.41,-1.74,1.06,0.81,9.71,49.81,4.81,6.25,0,0,0,0.0,0.0,0.0
1787615340.901784,08:49:00.901,920,22.079,26.68,1011.3,16.247,0.0,0.0,0.0,-1.74,0.15,-0.41,-1.74,1.06,0.81,9.71,49.81,4.81,6.25,0,0,0,0.0,0.0,0.0
1787615340.902168,08:49:00.902,921,22.089,26.68,1011.3,16.247,0.0,0.0,0.0,-1.74,0.15,-0.41,-1.74,1.06,0.81,9.71,49.81,4.81,6.25,0,0,0,0.0,0.0,0.0
1787615340.902528,08:49:00.902,922,22.099,26.68,1011.3,16.247,0.0,0.0,0.0,-1.74,0.15,-0.41,-1.74,1.06,0.81,9.71,49.81,4.81,6.25,0,0,0,0.0,0.0,0.0
1787615341.004257,08:49:01.004,923,22.109,26.68,1011.3,16.247,0.0,0.0,0.0,-1.74,0.15,-0.41,-1.74,1.06,0.81,9.71,49.81,4.81,6.25,0,0,0,0.0,0.0,0.0
1787615341.005659,08:49:01.005,924,22.119,26.68,1011.3,16.247,0.0,0.0,0.0,-1.74,0.15,-0.41,-1.74,1.06,0.81,9.71,49.81,4.81,6.25,0,0,0,0.0,0.0,0.0
1787615341.006188,08:49:01.006,925,22.129,26.68,1011.3,16.247,0.0,0.0,0.0,0.35,-1.14,1.01,0.35,1.0,0.74,9.72,53.0,4.37,5.87,0,0,0,0.0,0.0,0.0
1787615341.006604,08:49:01.006,926,22.139,26.68,1011.3,16.247,0.0,0.0,0.0,0.35,-1.14,1.01,0.35,1.0,0.74,9.72,53.0,4.37,5.87,0,0,0,0.0,0.0,0.0
1787615341.007015,08:49:01.007,927,22.149,26.68,1011.3,16.247,0.0,0.0,0.0,0.35,-1.14,1.01,0.35,1.0,0.74,9.72,53.0,4.37,5.87,0,0,0,0.0,0.0,0.0
1787615341.007421,08:49:01.007,928,22.159,26.68,1011.3,16.247,0.0,0.0,0.0,0.35,-1.14,1.01,0.35,1.0,0.74,9.72,53.0,4.37,5.87,0,0,0,0.0,0.0,0.0
1787615341.007855,08:49:01.007,929,22.169,26.67,1011.3,16.247,0.0,0.0,0.0,0.35,-1.14,1.01,0.35,1.0,0.74,9.72,53.0,4.37,5.87,0,0,0,0.0,0.0,0.0
1787615341.008220,08:49:01.008,930,22.179,26.67,1011.3,16.247,0.0,0.0,0.0,0.35,-1.14,1.01,0.35,1.0,0.74,9.72,53.0,4.37,5.87,0,0,0,0.0,0.0,0.0
1787615341.008571,08:49:01.008,931,22.189,26.67,1011.3,16.247,0.0,0.0,0.0,0.35,-1.14,1.01,0.35,1.0,0.74,9.72,53.0,4.37,5.87,0,0,0,0.0,0.0,0.0
1787615341.109585,08:49:01.109,932,22.199,26.67,1011.3,16.247,0.0,0.0,0.0,0.35,-1.14,1.01,0.35,1.0,0.74,9.72,53.0,4.37,5.87,0,0,0,0.0,0.0,0.0
1787615341.109916,08:49:01.109,933,22.209,26.67,1011.3,16.247,0.0,0.0,0.0,0.35,-1.14,1.01,0.35,1.0,0.74,9.72,53.0,4.37,5.87,0,0,0,0.0,0.0,0.0
1787615341.110079,08:49:01.110,934,22.219,26.67,1011.3,16.247,0.0,0.0,0.0,0.35,-1.14,1.01,0.35,1.0,0.74,9.72,53.0,4.37,5.87,0,0,0,0.0,0.0,0.0
1787615341.110220,08:49:01.110,935,22.229,26.67,1011.3,16.247,0.0,0.0,0.0,2.07,-2.27,1.1,2.07,0.93,0.67,9.73,55.93,3.93,5.5,0,0,0,0.0,0.0,0.0
1787615341.110361,08:49:01.110,936,22.239,26.67,1011.3,16.247,0.0,0.0,0.0,2.07,-2.27,1.1,2.07,0.93,0.67,9.73,55.93,3.93,5.5,0,0,0,0.0,0.0,0.0
1787615341.110500,08:49:01.110,937,22.249,26.67,1011.3,16.247,0.0,0.0,0.0,2.07,-2.27,1.1,2.07,0.93,0.67,9.73,55.93,3.93,5.5,0,0,0,0.0,0.0,0.0
1787615341.110676,08:49:01.110,938,22.259,26.67,1011.3,16.247,0.0,0.0,0.0,2.07,-2.27,1.1,2.07,0.93,0.67,9.73,55.93,3.93,5.5,0,0,0,0.0,0.0,0.0
1787615341.110827,08:49:01.110,939,22.269,26.67,1011.3,16.247,0.0,0.0,0.0,2.07,-2.27,1.1,2.07,0.93,0.67,9.73,55.93,3.93,5.5,0,0,0,0.0,0.0,0.0
1787615341.110964,08:49:01.110,940,22.279,26.67,1011.3,16.247,0.0,0.0,0.0,2.07,-2.27,1.1,2.07,0.93,0.67,9.73,55.93,3.93,5.5,0,0,0,0.0,0.0,0.0
1787615341.111101,08:49:01.111,941,22.289,26.67,1011.3,16.247,0.0,0.0,0.0,2.07,-2.27,1.1,2.07,0.93,0.67,9.73,55.93,3.93,5.5,0,0,0,0.0,0.0,0.0
1787615341.111237,08:49:01.111,942,22.299,26.67,1011.3,16.247,0.0,0.0,0.0,2.07,-2.27,1.1,2.07,0.93,0.67,9.73,55.93,3.93,5.5,0,0,0,0.0,0.0,0.0
1787615341.111375,08:49:01.111,943,22.309,26.67,1011.3,16.247,0.0,0.0,0.0,2.07,-2.27,1.1,2.07,0.93,0.67,9.73,55.93,3.93,5.5,0,0,0,0.0,0.0,0.0
1787615341.212755,08:49:01.212,944,22.319,26.67,1011.3,16.247,0.0,0.0,0.0,2.07,-2.27,1.1,2.07,0.93,0.67,9.73,55.93,3.93,5.5,0,0,0,0.0,0.0,0.0
1787615341.213446,08:49:01.213,945,22.329,26.67,1011.3,16.247,0.0,0.0,0.0,-0.08,0.75,-0.54,-0.08,0.89,0.6,9.74,58.5,3.5,5.18,0,0,0,0.0,0.0,0.0
1787615341.213749,08:49:01.213,946,22.339,26.67,1011.3,16.247,0.0,0.0,0.0,-0.08,0.75,-0.54,-0.08,0.89,0.6,9.74,58.5,3.5,5.18,0,0,0,0.0,0.0,0.0
1787615341.214030,08:49:01.214,947,22.349,26.67,1011.3,16.247,0.0,0.0,0.0,-0.08,0.75,-0.54,-0.08,0.89,0.6,9.74,58.5,3.5,5.18,0,0,0,0.0,0.0,0.0
1787615341.214307,08:49:01.214,948,22.359,26.67,1011.3,16.247,0.0,0.0,0.0,-0.08,0.75,-0.54,-0.08,0.89,0.6,9.74,58.5,3.5,5.18,0,0,0,0.0,0.0,0.0
1787615341.214591,08:49:01.214,949,22.369,26.67,1011.31,16.162,0.0,0.0,0.0,-0.08,0.75,-0.54,-0.08,0.89,0.6,9.74,58.5,3.5,5.18,0,0,0,0.0,0.0,0.0
1787615341.214889,08:49:01.214,950,22.379,26.67,1011.31,16.162,0.0,0.0,0.0,-0.08,0.75,-0.54,-0.08,0.89,0.6,9.74,58.5,3.5,5.18,0,0,0,0.0,0.0,0.0
1787615341.215160,08:49:01.215,951,22.389,26.67,1011.31,16.162,0.0,0.0,0.0,-0.08,0.75,-0.54,-0.08,0.89,0.6,9.74,58.5,3.5,5.18,0,0,0,0.0,0.0,0.0
1787615341.215447,08:49:01.215,952,22.399,26.67,1011.31,16.162,0.0,0.0,0.0,-0.08,0.75,-0.54,-0.08,0.89,0.6,9.74,58.5,3.5,5.18,0,0,0,0.0,0.0,0.0
1787615341.316833,08:49:01.316,953,22.409,26.67,1011.31,16.162,0.0,0.0,0.0,-0.08,0.75,-0.54,-0.08,0.89,0.6,9.74,58.5,3.5,5.18,0,0,0,0.0,0.0,0.0
1787615341.317161,08:49:01.317,954,22.419,26.67,1011.31,16.162,0.0,0.0,0.0,-0.08,0.75,-0.54,-0.08,0.89,0.6,9.74,58.5,3.5,5.18,0,0,0,0.0,0.0,0.0
1787615341.317392,08:49:01.317,955,22.429,26.67,1011.31,16.162,0.0,0.0,0.0,-2.66,1.05,-1.62,-2.66,0.76,0.52,9.76,60.37,3.0,4.43,0,0,0,0.0,0.0,0.0
1787615341.317615,08:49:01.317,956,22.439,26.67,1011.31,16.162,0.0,0.0,0.0,-2.66,1.05,-1.62,-2.66,0.76,0.52,9.76,60.37,3.0,4.43,0,0,0,0.0,0.0,0.0
1787615341.317836,08:49:01.317,957,22.449,26.67,1011.31,16.162,0.0,0.0,0.0,-2.66,1.05,-1.62,-2.66,0.76,0.52,9.76,60.37,3.0,4.43,0,0,0,0.0,0.0,0.0
1787615341.318056,08:49:01.318,958,22.459,26.67,1011.31,16.162,0.0,0.0,0.0,-2.66,1.05,-1.62,-2.66,0.76,0.52,9.76,60.37,3.0,4.43,0,0,0,0.0,0.0,0.0
1787615341.318275,08:49:01.318,959,22.469,26.67,1011.31,16.162,0.0,0.0,0.0,-2.66,1.05,-1.62,-2.66,0.76,0.52,9.76,60.37,3.0,4.43,0,0,0,0.0,0.0,0.0
1787615341.318493,08:49:01.318,960,22.479,26.67,1011.31,16.162,0.0,0.0,0.0,-2.66,1.05,-1.62,-2.66,0.76,0.52,9.76,60.37,3.0,4.43,0,0,0,0.0,0.0,0.0
1787615341.318713,08:49:01.318,961,22.489,26.67,1011.31,16.162,0.0,0.0,0.0,-2.66,1.05,-1.62,-2.66,0.76,0.52,9.76,60.37,3.0,4.43,0,0,0,0.0,0.0,0.0
1787615341.318930,08:49:01.318,962,22.499,26.67,1011.31,16.162,0.0,0.0,0.0,-2.66,1.05,-1.62,-2.66,0.76,0.52,9.76,60.37,3.0,4.43,0,0,0,0.0,0.0,0.0
1787615341.319150,08:49:01.319,963,22.509,26.67,1011.31,16.162,0.0,0.0,0.0,-2.66,1.05,-1.62,-2.66,0.76,0.52,9.76,60.37,3.0,4.43,0,0,0,0.0,0.0,0.0
1787615341.420294,08:49:01.420,964,22.519,26.67,1011.31,16.162,0.0,0.0,0.0,-2.66,1.05,-1.62,-2.66,0.76,0.52,9.76,60.37,3.0,4.43,0,0,0,0.0,0.0,0.0
1787615341.421623,08:49:01.421,965,22.529,26.67,1011.31,16.162,0.0,0.0,0.0,-1.35,0.0,0.15,-1.35,0.7,0.44,9.77,61.5,2.56,4.06,0,0,0,0.0,0.0,0.0
1787615341.422349,08:49:01.422,966,22.539,26.67,1011.31,16.162,0.0,0.0,0.0,-1.35,0.0,0.15,-1.35,0.7,0.44,9.77,61.5,2.56,4.06,0,0,0,0.0,0.0,0.0
1787615341.422765,08:49:01.422,967,22.549,26.67,1011.31,16.162,0.0,0.0,0.0,-1.35,0.0,0.15,-1.35,0.7,0.44,9.77,61.5,2.56,4.06,0,0,0,0.0,0.0,0.0
1787615341.423495,08:49:01.423,968,22.559,26.67,1011.31,16.162,0.0,0.0,0.0,-1.35,0.0,0.15,-1.35,0.7,0.44,9.77,61.5,2.56,4.06,0,0,0,0.0,0.0,0.0
1787615341.423932,08:49:01.423,969,22.569,26.68,1011.3,16.247,0.0,0.0,0.0,-1.35,0.0,0.15,-1.35,0.7,0.44,9.77,61.5,2.56,4.06,0,0,0,0.0,0.0,0.0
1787615341.424297,08:49:01.424,970,22.579,26.68,1011.3,16.247,0.0,0.0,0.0,-1.35,0.0,0.15,-1.35,0.7,0.44,9.77,61.5,2.56,4.06,0,0,0,0.0,0.0,0.0
1787615341.424648,08:49:01.424,971,22.589,26.68,1011.3,16.247,0.0,0.0,0.0,-1.35,0.0,0.15,-1.35,0.7,0.44,9.77,61.5,2.56,4.06,0,0,0,0.0,0.0,0.0
1787615341.425026,08:49:01.425,972,22.599,26.68,1011.3,16.247,0.0,0.0,0.0,-1.35,0.0,0.15,-1.35,0.7,0.44,9.77,61.5,2.56,4.06,0,0,0,0.0,0.0,0.0
1787615341.425386,08:49:01.425,973,22.609,26.68,1011.3,16.247,0.0,0.0,0.0,-1.35,0.0,0.15,-1.35,0.7,0.44,9.77,61.5,2.56,4.06,0,0,0,0.0,0.0,0.0
1787615341.425740,08:49:01.425,974,22.619,26.68,1011.3,16.247,0.0,0.0,0.0,-1.35,0.0,0.15,-1.35,0.7,0.44,9.77,61.5,2.56,4.06,0,0,0,0.0,0.0,0.0
1787615341.426103,08:49:01.426,975,22.629,26.68,1011.3,16.247,0.0,0.0,0.0,0.13,1.76,-0.42,0.13,0.66,0.27,9.78,62.87,1.56,3.87,0,0,0,0.0,0.0,0.0
1787615341.527392,08:49:01.527,976,22.639,26.68,1011.3,16.247,0.0,0.0,0.0,0.13,1.76,-0.42,0.13,0.66,0.27,9.78,62.87,1.56,3.87,0,0,0,0.0,0.0,0.0
1787615341.527811,08:49:01.527,977,22.649,26.68,1011.3,16.247,0.0,0.0,0.0,0.13,1.76,-0.42,0.13,0.66,0.27,9.78,62.87,1.56,3.87,0,0,0,0.0,0.0,0.0
1787615341.528141,08:49:01.528,978,22.659,26.68,1011.3,16.247,0.0,0.0,0.0,0.13,1.76,-0.42,0.13,0.66,0.27,9.78,62.87,1.56,3.87,0,0,0,0.0,0.0,0.0
1787615341.528372,08:49:01.528,979,22.669,26.68,1011.3,16.247,0.0,0.0,0.0,0.13,1.76,-0.42,0.13,0.66,0.27,9.78,62.87,1.56,3.87,0,0,0,0.0,0.0,0.0
1787615341.528596,08:49:01.528,980,22.679,26.68,1011.3,16.247,0.0,0.0,0.0,0.13,1.76,-0.42,0.13,0.66,0.27,9.78,62.87,1.56,3.87,0,0,0,0.0,0.0,0.0
1787615341.528815,08:49:01.528,981,22.689,26.68,1011.3,16.247,0.0,0.0,0.0,0.13,1.76,-0.42,0.13,0.66,0.27,9.78,62.87,1.56,3.87,0,0,0,0.0,0.0,0.0
1787615341.529039,08:49:01.529,982,22.699,26.68,1011.3,16.247,0.0,0.0,0.0,0.13,1.76,-0.42,0.13,0.66,0.27,9.78,62.87,1.56,3.87,0,0,0,0.0,0.0,0.0
1787615341.529258,08:49:01.529,983,22.709,26.68,1011.3,16.247,0.0,0.0,0.0,0.13,1.76,-0.42,0.13,0.66,0.27,9.78,62.87,1.56,3.87,0,0,0,0.0,0.0,0.0
1787615341.529480,08:49:01.529,984,22.719,26.68,1011.3,16.247,0.0,0.0,0.0,0.13,1.76,-0.42,0.13,0.66,0.27,9.78,62.87,1.56,3.87,0,0,0,0.0,0.0,0.0
1787615341.529703,08:49:01.529,985,22.729,26.68,1011.3,16.247,0.0,0.0,0.0,3.18,-1.76,1.26,3.18,0.62,0.22,9.78,64.12,1.25,3.62,0,0,0,0.0,0.0,0.0
1787615341.631112,08:49:01.631,986,22.739,26.68,1011.3,16.247,0.0,0.0,0.0,3.18,-1.76,1.26,3.18,0.62,0.22,9.78,64.12,1.25,3.62,0,0,0,0.0,0.0,0.0
1787615341.631353,08:49:01.631,987,22.749,26.68,1011.3,16.247,0.0,0.0,0.0,3.18,-1.76,1.26,3.18,0.62,0.22,9.78,64.12,1.25,3.62,0,0,0,0.0,0.0,0.0
1787615341.631514,08:49:01.631,988,22.759,26.68,1011.3,16.247,0.0,0.0,0.0,3.18,-1.76,1.26,3.18,0.62,0.22,9.78,64.12,1.25,3.62,0,0,0,0.0,0.0,0.0
1787615341.631669,08:49:01.631,989,22.769,26.66,1011.27,16.498,0.0,0.0,0.0,3.18,-1.76,1.26,3.18,0.62,0.22,9.78,64.12,1.25,3.62,0,0,0,0.0,0.0,0.0
1787615341.631820,08:49:01.631,990,22.779,26.66,1011.27,16.498,0.0,0.0,0.0,3.18,-1.76,1.26,3.18,0.62,0.22,9.78,64.12,1.25,3.62,0,0,0,0.0,0.0,0.0
1787615341.631971,08:49:01.631,991,22.789,26.66,1011.27,16.498,0.0,0.0,0.0,3.18,-1.76,1.26,3.18,0.62,0.22,9.78,64.12,1.25,3.62,0,0,0,0.0,0.0,0.0
1787615341.632122,08:49:01.632,992,22.799,26.66,1011.27,16.498,0.0,0.0,0.0,3.18,-1.76,1.26,3.18,0.62,0.22,9.78,64.12,1.25,3.62,0,0,0,0.0,0.0,0.0
1787615341.632272,08:49:01.632,993,22.809,26.66,1011.27,16.498,0.0,0.0,0.0,3.18,-1.76,1.26,3.18,0.62,0.22,9.78,64.12,1.25,3.62,0,0,0,0.0,0.0,0.0
1787615341.632423,08:49:01.632,994,22.819,26.66,1011.27,16.498,0.0,0.0,0.0,3.18,-1.76,1.26,3.18,0.62,0.22,9.78,64.12,1.25,3.62,0,0,0,0.0,0.0,0.0
1787615341.733588,08:49:01.733,995,22.829,26.66,1011.27,16.498,0.0,0.0,0.0,1.8,-0.34,-0.35,1.8,0.64,0.22,9.78,66.06,1.31,3.75,0,0,0,0.0,0.0,0.0
1787615341.734355,08:49:01.734,996,22.839,26.66,1011.27,16.498,0.0,0.0,0.0,1.8,-0.34,-0.35,1.8,0.64,0.22,9.78,66.06,1.31,3.75,0,0,0,0.0,0.0,0.0
1787615341.734715,08:49:01.734,997,22.849,26.66,1011.27,16.498,0.0,0.0,0.0,1.8,-0.34,-0.35,1.8,0.64,0.22,9.78,66.06,1.31,3.75,0,0,0,0.0,0.0,0.0
1787615341.735077,08:49:01.735,998,22.859,26.66,1011.27,16.498,0.0,0.0,0.0,1.8,-0.34,-0.35,1.8,0.64,0.22,9.78,66.06,1.31,3.75,0,0,0,0.0,0.0,0.0
1787615341.735415,08:49:01.735,999,22.869,26.66,1011.27,16.498,0.0,0.0,0.0,1.8,-0.34,-0.35,1.8,0.64,0.22,9.78,66.06,1.31,3.75,0,0,0,0.0,0.0,0.0
1787615341.735747,08:49:01.735,1000,22.879,26.66,1011.27,16.498,0.0,0.0,0.0,1.8,-0.34,-0.35,1.8,0.64,0.22,9.78,66.06,1.31,3.75,0,0,0,0.0,0.0,0.0
1787615341.736100,08:49:01.736,1001,22.889,26.66,1011.27,16.498,0.0,0.0,0.0,1.8,-0.34,-0.35,1.8,0.64,0.22,9.78,66.06,1.31,3.75,0,0,0,0.0,0.0,0.0
1787615341.736453,08:49:01.736,1002,22.899,26.66,1011.27,16.498,0.0,0.0,0.0,1.8,-0.34,-0.35,1.8,0.64,0.22,9.78,66.06,1.31,3.75,0,0,0,0.0,0.0,0.0
1787615341.736823,08:49:01.736,1003,22.909,26.66,1011.27,16.498,0.0,0.0,0.0,1.8,-0.34,-0.35,1.8,0.64,0.22,9.78,66.06,1.31,3.75,0,0,0,0.0,0.0,0.0
1787615341.737186,08:49:01.737,1004,22.919,26.66,1011.27,16.498,0.0,0.0,0.0,1.8,-0.34,-0.35,1.8,0.64,0.22,9.78,66.06,1.31,3.75,0,0,0,0.0,0.0,0.0
1787615341.737542,08:49:01.737,1005,22.929,26.66,1011.27,16.498,0.0,0.0,0.0,-1.23,1.61,-0.48,-1.23,0.61,0.39,9.77,67.81,2.25,3.56,0,0,0,0.0,0.0,0.0
1787615341.839070,08:49:01.839,1006,22.939,26.66,1011.27,16.498,0.0,0.0,0.0,-1.23,1.61,-0.48,-1.23,0.61,0.39,9.77,67.81,2.25,3.56,0,0,0,0.0,0.0,0.0
1787615341.839309,08:49:01.839,1007,22.949,26.66,1011.27,16.498,0.0,0.0,0.0,-1.23,1.61,-0.48,-1.23,0.61,0.39,9.77,67.81,2.25,3.56,0,0,0,0.0,0.0,0.0
1787615341.839467,08:49:01.839,1008,22.959,26.66,1011.27,16.498,0.0,0.0,0.0,-1.23,1.61,-0.48,-1.23,0.61,0.39,9.77,67.81,2.25,3.56,0,0,0,0.0,0.0,0.0
1787615341.839620,08:49:01.839,1009,22.969,26.66,1011.31,16.162,0.0,0.0,0.0,-1.23,1.61,-0.48,-1.23,0.61,0.39,9.77,67.81,2.25,3.56,0,0,0,0.0,0.0,0.0
1787615341.839772,08:49:01.839,1010,22.979,26.66,1011.31,16.162,0.0,0.0,0.0,-1.23,1.61,-0.48,-1.23,0.61,0.39,9.77,67.81,2.25,3.56,0,0,0,0.0,0.0,0.0
1787615341.839922,08:49:01.839,1011,22.989,26.66,1011.31,16.162,0.0,0.0,0.0,-1.23,1.61,-0.48,-1.23,0.61,0.39,9.77,67.81,2.25,3.56,0,0,0,0.0,0.0,0.0
1787615341.840072,08:49:01.840,1012,22.999,26.66,1011.31,16.162,0.0,0.0,0.0,-1.23,1.61,-0.48,-1.23,0.61,0.39,9.77,67.81,2.25,3.56,0,0,0,0.0,0.0,0.0
1787615341.840223,08:49:01.840,1013,23.009,26.66,1011.31,16.162,0.0,0.0,0.0,-1.23,1.61,-0.48,-1.23,0.61,0.39,9.77,67.81,2.25,3.56,0,0,0,0.0,0.0,0.0
1787615341.840374,08:49:01.840,1014,23.019,26.66,1011.31,16.162,0.0,0.0,0.0,-1.23,1.61,-0.48,-1.23,0.61,0.39,9.77,67.81,2.25,3.56,0,0,0,0.0,0.0,0.0
1787615341.941793,08:49:01.941,1015,23.029,26.66,1011.31,16.162,0.0,0.0,0.0,-1.17,0.1,-0.3,-1.17,0.62,0.62,9.76,69.12,3.62,3.62,0,0,0,0.0,0.0,0.0
1787615341.942788,08:49:01.942,1016,23.039,26.66,1011.31,16.162,0.0,0.0,0.0,-1.17,0.1,-0.3,-1.17,0.62,0.62,9.76,69.12,3.62,3.62,0,0,0,0.0,0.0,0.0
1787615341.943211,08:49:01.943,1017,23.049,26.66,1011.31,16.162,0.0,0.0,0.0,-1.17,0.1,-0.3,-1.17,0.62,0.62,9.76,69.12,3.62,3.62,0,0,0,0.0,0.0,0.0
1787615341.943607,08:49:01.943,1018,23.059,26.66,1011.31,16.162,0.0,0.0,0.0,-1.17,0.1,-0.3,-1.17,0.62,0.62,9.76,69.12,3.62,3.62,0,0,0,0.0,0.0,0.0
1787615341.943962,08:49:01.943,1019,23.069,26.66,1011.31,16.162,0.0,0.0,0.0,-1.17,0.1,-0.3,-1.17,0.62,0.62,9.76,69.12,3.62,3.62,0,0,0,0.0,0.0,0.0
1787615341.944272,08:49:01.944,1020,23.079,26.66,1011.31,16.162,0.0,0.0,0.0,-1.17,0.1,-0.3,-1.17,0.62,0.62,9.76,69.12,3.62,3.62,0,0,0,0.0,0.0,0.0
1787615341.944579,08:49:01.944,1021,23.089,26.66,1011.31,16.162,0.0,0.0,0.0,-1.17,0.1,-0.3,-1.17,0.62,0.62,9.76,69.12,3.62,3.62,0,0,0,0.0,0.0,0.0
1787615341.944893,08:49:01.944,1022,23.099,26.66,1011.31,16.162,0.0,0.0,0.0,-1.17,0.1,-0.3,-1.17,0.62,0.62,9.76,69.12,3.62,3.62,0,0,0,0.0,0.0,0.0
1787615341.945190,08:49:01.945,1023,23.109,26.66,1011.31,16.162,0.0,0.0,0.0,-1.17,0.1,-0.3,-1.17,0.62,0.62,9.76,69.12,3.62,3.62,0,0,0,0.0,0.0,0.0
1787615341.945495,08:49:01.945,1024,23.119,26.66,1011.31,16.162,0.0,0.0,0.0,-1.17,0.1,-0.3,-1.17,0.62,0.62,9.76,69.12,3.62,3.62,0,0,0,0.0,0.0,0.0
1787615341.945791,08:49:01.945,1025,23.129,26.66,1011.31,16.162,0.0,0.0,0.0,-0.15,-1.56,0.65,-0.15,0.85,0.73,9.74,70.43,4.31,5.0,0,0,0,0.0,0.0,0.0
1787615341.946105,08:49:01.946,1026,23.139,26.66,1011.31,16.162,0.0,0.0,0.0,-0.15,-1.56,0.65,-0.15,0.85,0.73,9.74,70.43,4.31,5.0,0,0,0,0.0,0.0,0.0
1787615342.046707,08:49:02.046,1027,23.149,26.66,1011.31,16.162,0.0,0.0,0.0,-0.15,-1.56,0.65,-0.15,0.85,0.73,9.74,70.43,4.31,5.0,0,0,0,0.0,0.0,0.0
1787615342.046943,08:49:02.046,1028,23.159,26.66,1011.31,16.162,0.0,0.0,0.0,-0.15,-1.56,0.65,-0.15,0.85,0.73,9.74,70.43,4.31,5.0,0,0,0,0.0,0.0,0.0
1787615342.047102,08:49:02.047,1029,23.169,26.66,1011.31,16.162,0.0,0.0,0.0,-0.15,-1.56,0.65,-0.15,0.85,0.73,9.74,70.43,4.31,5.0,0,0,0,0.0,0.0,0.0
1787615342.047257,08:49:02.047,1030,23.179,26.66,1011.31,16.162,0.0,0.0,0.0,-0.15,-1.56,0.65,-0.15,0.85,0.73,9.74,70.43,4.31,5.0,0,0,0,0.0,0.0,0.0
1787615342.047409,08:49:02.047,1031,23.189,26.66,1011.31,16.162,0.0,0.0,0.0,-0.15,-1.56,0.65,-0.15,0.85,0.73,9.74,70.43,4.31,5.0,0,0,0,0.0,0.0,0.0
1787615342.047559,08:49:02.047,1032,23.199,26.66,1011.31,16.162,0.0,0.0,0.0,-0.15,-1.56,0.65,-0.15,0.85,0.73,9.74,70.43,4.31,5.0,0,0,0,0.0,0.0,0.0
1787615342.047712,08:49:02.047,1033,23.209,26.66,1011.31,16.162,0.0,0.0,0.0,-0.15,-1.56,0.65,-0.15,0.85,0.73,9.74,70.43,4.31,5.0,0,0,0,0.0,0.0,0.0
1787615342.047862,08:49:02.047,1034,23.219,26.66,1011.31,16.162,0.0,0.0,0.0,-0.15,-1.56,0.65,-0.15,0.85,0.73,9.74,70.43,4.31,5.0,0,0,0,0.0,0.0,0.0
1787615342.048012,08:49:02.048,1035,23.229,26.66,1011.31,16.162,0.0,0.0,0.0,2.52,-2.02,-0.22,2.52,0.98,0.69,9.73,72.75,4.06,5.75,0,0,0,0.0,0.0,0.0
1787615342.149292,08:49:02.149,1036,23.239,26.66,1011.31,16.162,0.0,0.0,0.0,2.52,-2.02,-0.22,2.52,0.98,0.69,9.73,72.75,4.06,5.75,0,0,0,0.0,0.0,0.0
1787615342.149602,08:49:02.149,1037,23.249,26.66,1011.31,16.162,0.0,0.0,0.0,2.52,-2.02,-0.22,2.52,0.98,0.69,9.73,72.75,4.06,5.75,0,0,0,0.0,0.0,0.0
1787615342.149774,08:49:02.149,1038,23.259,26.66,1011.31,16.162,0.0,0.0,0.0,2.52,-2.02,-0.22,2.52,0.98,0.69,9.73,72.75,4.06,5.75,0,0,0,0.0,0.0,0.0
1787615342.149926,08:49:02.149,1039,23.269,26.66,1011.31,16.162,0.0,0.0,0.0,2.52,-2.02,-0.22,2.52,0.98,0.69,9.73,72.75,4.06,5.75,0,0,0,0.0,0.0,0.0
1787615342.150079,08:49:02.150,1040,23.279,26.66,1011.31,16.162,0.0,0.0,0.0,2.52,-2.02,-0.22,2.52,0.98,0.69,9.73,72.75,4.06,5.75,0,0,0,0.0,0.0,0.0
1787615342.150229,08:49:02.150,1041,23.289,26.66,1011.31,16.162,0.0,0.0,0.0,2.52,-2.02,-0.22,2.52,0.98,0.69,9.73,72.75,4.06,5.75,0,0,0,0.0,0.0,0.0
1787615342.150378,08:49:02.150,1042,23.299,26.66,1011.31,16.162,0.0,0.0,0.0,2.52,-2.02,-0.22,2.52,0.98,0.69,9.73,72.75,4.06,5.75,0,0,0,0.0,0.0,0.0
1787615342.150528,08:49:02.150,1043,23.309,26.66,1011.31,16.162,0.0,0.0,0.0,2.52,-2.02,-0.22,2.52,0.98,0.69,9.73,72.75,4.06,5.75,0,0,0,0.0,0.0,0.0
1787615342.150678,08:49:02.150,1044,23.319,26.66,1011.31,16.162,0.0,0.0,0.0,2.52,-2.02,-0.22,2.52,0.98,0.69,9.73,72.75,4.06,5.75,0,0,0,0.0,0.0,0.0
1787615342.150868,08:49:02.150,1045,23.329,26.66,1011.31,16.162,0.0,0.0,0.0,1.49,-0.19,-1.03,1.49,0.95,0.82,9.72,75.31,4.81,5.5,0,0,0,0.0,0.0,0.0
1787615342.151036,08:49:02.151,1046,23.339,26.66,1011.31,16.162,0.0,0.0,0.0,1.49,-0.19,-1.03,1.49,0.95,0.82,9.72,75.31,4.81,5.5,0,0,0,0.0,0.0,0.0
1787615342.151187,08:49:02.151,1047,23.349,26.66,1011.31,16.162,0.0,0.0,0.0,1.49,-0.19,-1.03,1.49,0.95,0.82,9.72,75.31,4.81,5.5,0,0,0,0.0,0.0,0.0
1787615342.252494,08:49:02.252,1048,23.359,26.66,1011.31,16.162,0.0,0.0,0.0,1.49,-0.19,-1.03,1.49,0.95,0.82,9.72,75.31,4.81,5.5,0,0,0,0.0,0.0,0.0
1787615342.252898,08:49:02.252,1049,23.369,26.65,1011.29,16.329,0.0,0.0,0.0,1.49,-0.19,-1.03,1.49,0.95,0.82,9.72,75.31,4.81,5.5,0,0,0,0.0,0.0,0.0
1787615342.253168,08:49:02.253,1050,23.379,26.65,1011.29,16.329,0.0,0.0,0.0,1.49,-0.19,-1.03,1.49,0.95,0.82,9.72,75.31,4.81,5.5,0,0,0,0.0,0.0,0.0
1787615342.253430,08:49:02.253,1051,23.389,26.65,1011.29,16.329,0.0,0.0,0.0,1.49,-0.19,-1.03,1.49,0.95,0.82,9.72,75.31,4.81,5.5,0,0,0,0.0,0.0,0.0
1787615342.253690,08:49:02.253,1052,23.399,26.65,1011.29,16.329,0.0,0.0,0.0,1.49,-0.19,-1.03,1.49,0.95,0.82,9.72,75.31,4.81,5.5,0,0,0,0.0,0.0,0.0
1787615342.253948,08:49:02.253,1053,23.409,26.65,1011.29,16.329,0.0,0.0,0.0,1.49,-0.19,-1.03,1.49,0.95,0.82,9.72,75.31,4.81,5.5,0,0,0,0.0,0.0,0.0
1787615342.254207,08:49:02.254,1054,23.419,26.65,1011.29,16.329,0.0,0.0,0.0,1.49,-0.19,-1.03,1.49,0.95,0.82,9.72,75.31,4.81,5.5,0,0,0,0.0,0.0,0.0
1787615342.254471,08:49:02.254,1055,23.429,26.65,1011.29,16.329,0.0,0.0,0.0,-1.14,1.08,-2.11,-1.14,0.72,1.22,9.7,77.18,7.12,4.18,0,0,0,0.0,0.0,0.0
1787615342.254732,08:49:02.254,1056,23.439,26.65,1011.29,16.329,0.0,0.0,0.0,-1.14,1.08,-2.11,-1.14,0.72,1.22,9.7,77.18,7.12,4.18,0,0,0,0.0,0.0,0.0
1787615342.254993,08:49:02.254,1057,23.449,26.65,1011.29,16.329,0.0,0.0,0.0,-1.14,1.08,-2.11,-1.14,0.72,1.22,9.7,77.18,7.12,4.18,0,0,0,0.0,0.0,0.0
1787615342.356415,08:49:02.356,1058,23.459,26.65,1011.29,16.329,0.0,0.0,0.0,-1.14,1.08,-2.11,-1.14,0.72,1.22,9.7,77.18,7.12,4.18,0,0,0,0.0,0.0,0.0
1787615342.356776,08:49:02.356,1059,23.469,26.65,1011.29,16.329,0.0,0.0,0.0,-1.14,1.08,-2.11,-1.14,0.72,1.22,9.7,77.18,7.12,4.18,0,0,0,0.0,0.0,0.0
1787615342.357040,08:49:02.357,1060,23.479,26.65,1011.29,16.329,0.0,0.0,0.0,-1.14,1.08,-2.11,-1.14,0.72,1.22,9.7,77.18,7.12,4.18,0,0,0,0.0,0.0,0.0
1787615342.357299,08:49:02.357,1061,23.489,26.65,1011.29,16.329,0.0,0.0,0.0,-1.14,1.08,-2.11,-1.14,0.72,1.22,9.7,77.18,7.12,4.18,0,0,0,0.0,0.0,0.0
1787615342.357557,08:49:02.357,1062,23.499,26.65,1011.29,16.329,0.0,0.0,0.0,-1.14,1.08,-2.11,-1.14,0.72,1.22,9.7,77.18,7.12,4.18,0,0,0,0.0,0.0,0.0
1787615342.357816,08:49:02.357,1063,23.509,26.65,1011.29,16.329,0.0,0.0,0.0,-1.14,1.08,-2.11,-1.14,0.72,1.22,9.7,77.18,7.12,4.18,0,0,0,0.0,0.0,0.0
1787615342.358074,08:49:02.358,1064,23.519,26.65,1011.29,16.329,0.0,0.0,0.0,-1.14,1.08,-2.11,-1.14,0.72,1.22,9.7,77.18,7.12,4.18,0,0,0,0.0,0.0,0.0
1787615342.358331,08:49:02.358,1065,23.529,26.65,1011.29,16.329,0.0,0.0,0.0,-1.51,-0.43,-0.53,-1.51,0.65,1.63,9.64,78.18,9.62,3.75,0,0,0,0.0,0.0,0.0
1787615342.358659,08:49:02.358,1066,23.539,26.65,1011.29,16.329,0.0,0.0,0.0,-1.51,-0.43,-0.53,-1.51,0.65,1.63,9.64,78.18,9.62,3.75,0,0,0,0.0,0.0,0.0
1787615342.358918,08:49:02.358,1067,23.549,26.65,1011.29,16.329,0.0,0.0,0.0,-1.51,-0.43,-0.53,-1.51,0.65,1.63,9.64,78.18,9.62,3.75,0,0,0,0.0,0.0,0.0
1787615342.359173,08:49:02.359,1068,23.559,26.65,1011.29,16.329,0.0,0.0,0.0,-1.51,-0.43,-0.53,-1.51,0.65,1.63,9.64,78.18,9.62,3.75,0,0,0,0.0,0.0,0.0
1787615342.460596,08:49:02.460,1069,23.569,26.65,1011.33,15.996,0.0,0.0,0.0,-1.51,-0.43,-0.53,-1.51,0.65,1.63,9.64,78.18,9.62,3.75,0,0,0,0.0,0.0,0.0
1787615342.460843,08:49:02.460,1070,23.579,26.65,1011.33,15.996,0.0,0.0,0.0,-1.51,-0.43,-0.53,-1.51,0.65,1.63,9.64,78.18,9.62,3.75,0,0,0,0.0,0.0,0.0
1787615342.461000,08:49:02.460,1071,23.589,26.65,1011.33,15.996,0.0,0.0,0.0,-1.51,-0.43,-0.53,-1.51,0.65,1.63,9.64,78.18,9.62,3.75,0,0,0,0.0,0.0,0.0
1787615342.461151,08:49:02.461,1072,23.599,26.65,1011.33,15.996,0.0,0.0,0.0,-1.51,-0.43,-0.53,-1.51,0.65,1.63,9.64,78.18,9.62,3.75,0,0,0,0.0,0.0,0.0
1787615342.461306,08:49:02.461,1073,23.609,26.65,1011.33,15.996,0.0,0.0,0.0,-1.51,-0.43,-0.53,-1.51,0.65,1.63,9.64,78.18,9.62,3.75,0,0,0,0.0,0.0,0.0
1787615342.461455,08:49:02.461,1074,23.619,26.65,1011.33,15.996,0.0,0.0,0.0,-1.51,-0.43,-0.53,-1.51,0.65,1.63,9.64,78.18,9.62,3.75,0,0,0,0.0,0.0,0.0
1787615342.461606,08:49:02.461,1075,23.629,26.65,1011.33,15.996,0.0,0.0,0.0,0.35,0.95,-0.57,0.35,0.71,1.62,9.64,79.43,9.68,4.06,0,0,0,0.0,0.0,0.0
1787615342.461775,08:49:02.461,1076,23.639,26.65,1011.33,15.996,0.0,0.0,0.0,0.35,0.95,-0.57,0.35,0.71,1.62,9.64,79.43,9.68,4.06,0,0,0,0.0,0.0,0.0
1787615342.461927,08:49:02.461,1077,23.649,26.65,1011.33,15.996,0.0,0.0,0.0,0.35,0.95,-0.57,0.35,0.71,1.62,9.64,79.43,9.68,4.06,0,0,0,0.0,0.0,0.0
1787615342.462079,08:49:02.462,1078,23.659,26.65,1011.33,15.996,0.0,0.0,0.0,0.35,0.95,-0.57,0.35,0.71,1.62,9.64,79.43,9.68,4.06,0,0,0,0.0,0.0,0.0
1787615342.563430,08:49:02.563,1079,23.669,26.65,1011.33,15.996,0.0,0.0,0.0,0.35,0.95,-0.57,0.35,0.71,1.62,9.64,79.43,9.68,4.06,0,0,0,0.0,0.0,0.0
1787615342.563772,08:49:02.563,1080,23.679,26.65,1011.33,15.996,0.0,0.0,0.0,0.35,0.95,-0.57,0.35,0.71,1.62,9.64,79.43,9.68,4.06,0,0,0,0.0,0.0,0.0
1787615342.564214,08:49:02.564,1081,23.689,26.65,1011.33,15.996,0.0,0.0,0.0,0.35,0.95,-0.57,0.35,0.71,1.62,9.64,79.43,9.68,4.06,0,0,0,0.0,0.0,0.0
1787615342.564409,08:49:02.564,1082,23.699,26.65,1011.33,15.996,0.0,0.0,0.0,0.35,0.95,-0.57,0.35,0.71,1.62,9.64,79.43,9.68,4.06,0,0,0,0.0,0.0,0.0
1787615342.564598,08:49:02.564,1083,23.709,26.65,1011.33,15.996,0.0,0.0,0.0,0.35,0.95,-0.57,0.35,0.71,1.62,9.64,79.43,9.68,4.06,0,0,0,0.0,0.0,0.0
1787615342.564786,08:49:02.564,1084,23.719,26.65,1011.33,15.996,0.0,0.0,0.0,0.35,0.95,-0.57,0.35,0.71,1.62,9.64,79.43,9.68,4.06,0,0,0,0.0,0.0,0.0
1787615342.564993,08:49:02.564,1085,23.729,26.65,1011.33,15.996,0.0,0.0,0.0,-0.09,-1.22,0.92,-0.09,0.81,1.44,9.66,81.0,8.56,4.62,0,0,0,0.0,0.0,0.0
1787615342.565182,08:49:02.565,1086,23.739,26.65,1011.33,15.996,0.0,0.0,0.0,-0.09,-1.22,0.92,-0.09,0.81,1.44,9.66,81.0,8.56,4.62,0,0,0,0.0,0.0,0.0
1787615342.565369,08:49:02.565,1087,23.749,26.65,1011.33,15.996,0.0,0.0,0.0,-0.09,-1.22,0.92,-0.09,0.81,1.44,9.66,81.0,8.56,4.62,0,0,0,0.0,0.0,0.0
1787615342.565555,08:49:02.565,1088,23.759,26.65,1011.33,15.996,0.0,0.0,0.0,-0.09,-1.22,0.92,-0.09,0.81,1.44,9.66,81.0,8.56,4.62,0,0,0,0.0,0.0,0.0
1787615342.565740,08:49:02.565,1089,23.769,26.65,1011.32,16.08,0.0,0.0,0.0,-0.09,-1.22,0.92,-0.09,0.81,1.44,9.66,81.0,8.56,4.62,0,0,0,0.0,0.0,0.0
1787615342.666843,08:49:02.666,1090,23.779,26.65,1011.32,16.08,0.0,0.0,0.0,-0.09,-1.22,0.92,-0.09,0.81,1.44,9.66,81.0,8.56,4.62,0,0,0,0.0,0.0,0.0
1787615342.667082,08:49:02.667,1091,23.789,26.65,1011.32,16.08,0.0,0.0,0.0,-0.09,-1.22,0.92,-0.09,0.81,1.44,9.66,81.0,8.56,4.62,0,0,0,0.0,0.0,0.0
1787615342.667241,08:49:02.667,1092,23.799,26.65,1011.32,16.08,0.0,0.0,0.0,-0.09,-1.22,0.92,-0.09,0.81,1.44,9.66,81.0,8.56,4.62,0,0,0,0.0,0.0,0.0
1787615342.667394,08:49:02.667,1093,23.809,26.65,1011.32,16.08,0.0,0.0,0.0,-0.09,-1.22,0.92,-0.09,0.81,1.44,9.66,81.0,8.56,4.62,0,0,0,0.0,0.0,0.0
1787615342.667547,08:49:02.667,1094,23.819,26.65,1011.32,16.08,0.0,0.0,0.0,-0.09,-1.22,0.92,-0.09,0.81,1.44,9.66,81.0,8.56,4.62,0,0,0,0.0,0.0,0.0
1787615342.667698,08:49:02.667,1095,23.829,26.65,1011.32,16.08,0.0,0.0,0.0,1.75,-1.07,-1.82,1.75,0.75,1.34,9.68,83.31,7.87,4.31,0,0,0,0.0,0.0,0.0
1787615342.667851,08:49:02.667,1096,23.839,26.65,1011.32,16.08,0.0,0.0,0.0,1.75,-1.07,-1.82,1.75,0.75,1.34,9.68,83.31,7.87,4.31,0,0,0,0.0,0.0,0.0
1787615342.668001,08:49:02.668,1097,23.849,26.65,1011.32,16.08,0.0,0.0,0.0,1.75,-1.07,-1.82,1.75,0.75,1.34,9.68,83.31,7.87,4.31,0,0,0,0.0,0.0,0.0
1787615342.668151,08:49:02.668,1098,23.859,26.65,1011.32,16.08,0.0,0.0,0.0,1.75,-1.07,-1.82,1.75,0.75,1.34,9.68,83.31,7.87,4.31,0,0,0,0.0,0.0,0.0
1787615342.769496,08:49:02.769,1099,23.869,26.65,1011.32,16.08,0.0,0.0,0.0,1.75,-1.07,-1.82,1.75,0.75,1.34,9.68,83.31,7.87,4.31,0,0,0,0.0,0.0,0.0
1787615342.769740,08:49:02.769,1100,23.879,26.65,1011.32,16.08,0.0,0.0,0.0,1.75,-1.07,-1.82,1.75,0.75,1.34,9.68,83.31,7.87,4.31,0,0,0,0.0,0.0,0.0
1787615342.769885,08:49:02.769,1101,23.889,26.65,1011.32,16.08,0.0,0.0,0.0,1.75,-1.07,-1.82,1.75,0.75,1.34,9.68,83.31,7.87,4.31,0,0,0,0.0,0.0,0.0
1787615342.770024,08:49:02.770,1102,23.899,26.65,1011.32,16.08,0.0,0.0,0.0,1.75,-1.07,-1.82,1.75,0.75,1.34,9.68,83.31,7.87,4.31,0,0,0,0.0,0.0,0.0
1787615342.770161,08:49:02.770,1103,23.909,26.65,1011.32,16.08,0.0,0.0,0.0,1.75,-1.07,-1.82,1.75,0.75,1.34,9.68,83.31,7.87,4.31,0,0,0,0.0,0.0,0.0
1787615342.770297,08:49:02.770,1104,23.919,26.65,1011.32,16.08,0.0,0.0,0.0,1.75,-1.07,-1.82,1.75,0.75,1.34,9.68,83.31,7.87,4.31,0,0,0,0.0,0.0,0.0
1787615342.770433,08:49:02.770,1105,23.929,26.65,1011.32,16.08,0.0,0.0,0.0,0.24,0.1,-0.43,0.24,0.81,1.47,9.66,84.93,8.68,4.68,0,0,0,0.0,0.0,0.0
1787615342.770570,08:49:02.770,1106,23.939,26.65,1011.32,16.08,0.0,0.0,0.0,0.24,0.1,-0.43,0.24,0.81,1.47,9.66,84.93,8.68,4.68,0,0,0,0.0,0.0,0.0
1787615342.770704,08:49:02.770,1107,23.949,26.65,1011.32,16.08,0.0,0.0,0.0,0.24,0.1,-0.43,0.24,0.81,1.47,9.66,84.93,8.68,4.68,0,0,0,0.0,0.0,0.0
1787615342.770840,08:49:02.770,1108,23.959,26.65,1011.32,16.08,0.0,0.0,0.0,0.24,0.1,-0.43,0.24,0.81,1.47,9.66,84.93,8.68,4.68,0,0,0,0.0,0.0,0.0
1787615342.871686,08:49:02.871,1109,23.969,26.65,1011.32,16.08,0.0,0.0,0.0,0.24,0.1,-0.43,0.24,0.81,1.47,9.66,84.93,8.68,4.68,0,0,0,0.0,0.0,0.0
1787615342.871975,08:49:02.871,1110,23.979,26.65,1011.32,16.08,0.0,0.0,0.0,0.24,0.1,-0.43,0.24,0.81,1.47,9.66,84.93,8.68,4.68,0,0,0,0.0,0.0,0.0
1787615342.872171,08:49:02.872,1111,23.989,26.65,1011.32,16.08,0.0,0.0,0.0,0.24,0.1,-0.43,0.24,0.81,1.47,9.66,84.93,8.68,4.68,0,0,0,0.0,0.0,0.0
1787615342.872361,08:49:02.872,1112,23.999,26.65,1011.32,16.08,0.0,0.0,0.0,0.24,0.1,-0.43,0.24,0.81,1.47,9.66,84.93,8.68,4.68,0,0,0,0.0,0.0,0.0
1787615342.872552,08:49:02.872,1113,24.009,26.65,1011.32,16.08,0.0,0.0,0.0,0.24,0.1,-0.43,0.24,0.81,1.47,9.66,84.93,8.68,4.68,0,0,0,0.0,0.0,0.0
1787615342.872741,08:49:02.872,1114,24.019,26.65,1011.32,16.08,0.0,0.0,0.0,0.24,0.1,-0.43,0.24,0.81,1.47,9.66,84.93,8.68,4.68,0,0,0,0.0,0.0,0.0
1787615342.872929,08:49:02.872,1115,24.029,26.65,1011.32,16.08,0.0,0.0,0.0,-0.62,-0.22,-1.27,-0.62,1.14,1.58,9.6,86.62,9.31,6.68,0,0,0,0.0,0.0,0.0
1787615342.873160,08:49:02.873,1116,24.039,26.65,1011.32,16.08,0.0,0.0,0.0,-0.62,-0.22,-1.27,-0.62,1.14,1.58,9.6,86.62,9.31,6.68,0,0,0,0.0,0.0,0.0
1787615342.873349,08:49:02.873,1117,24.049,26.65,1011.32,16.08,0.0,0.0,0.0,-0.62,-0.22,-1.27,-0.62,1.14,1.58,9.6,86.62,9.31,6.68,0,0,0,0.0,0.0,0.0
1787615342.873536,08:49:02.873,1118,24.059,26.65,1011.32,16.08,0.0,0.0,0.0,-0.62,-0.22,-1.27,-0.62,1.14,1.58,9.6,86.62,9.31,6.68,0,0,0,0.0,0.0,0.0
1787615342.873736,08:49:02.873,1119,24.069,26.65,1011.32,16.08,0.0,0.0,0.0,-0.62,-0.22,-1.27,-0.62,1.14,1.58,9.6,86.62,9.31,6.68,0,0,0,0.0,0.0,0.0
1787615342.975107,08:49:02.975,1120,24.079,26.65,1011.32,16.08,0.0,0.0,0.0,-0.62,-0.22,-1.27,-0.62,1.14,1.58,9.6,86.62,9.31,6.68,0,0,0,0.0,0.0,0.0
1787615342.975362,08:49:02.975,1121,24.089,26.65,1011.32,16.08,0.0,0.0,0.0,-0.62,-0.22,-1.27,-0.62,1.14,1.58,9.6,86.62,9.31,6.68,0,0,0,0.0,0.0,0.0
1787615342.975525,08:49:02.975,1122,24.099,26.65,1011.32,16.08,0.0,0.0,0.0,-0.62,-0.22,-1.27,-0.62,1.14,1.58,9.6,86.62,9.31,6.68,0,0,0,0.0,0.0,0.0
1787615342.975677,08:49:02.975,1123,24.109,26.65,1011.32,16.08,0.0,0.0,0.0,-0.62,-0.22,-1.27,-0.62,1.14,1.58,9.6,86.62,9.31,6.68,0,0,0,0.0,0.0,0.0
1787615342.975827,08:49:02.975,1124,24.119,26.65,1011.32,16.08,0.0,0.0,0.0,-0.62,-0.22,-1.27,-0.62,1.14,1.58,9.6,86.62,9.31,6.68,0,0,0,0.0,0.0,0.0
1787615342.975976,08:49:02.975,1125,24.129,26.65,1011.32,16.08,0.0,0.0,0.0,-1.35,-1.38,-0.47,-1.35,1.46,1.43,9.58,88.18,8.5,8.56,0,0,0,0.0,0.0,0.0
1787615342.976124,08:49:02.976,1126,24.139,26.65,1011.32,16.08,0.0,0.0,0.0,-1.35,-1.38,-0.47,-1.35,1.46,1.43,9.58,88.18,8.5,8.56,0,0,0,0.0,0.0,0.0
1787615342.976272,08:49:02.976,1127,24.149,26.65,1011.32,16.08,0.0,0.0,0.0,-1.35,-1.38,-0.47,-1.35,1.46,1.43,9.58,88.18,8.5,8.56,0,0,0,0.0,0.0,0.0
1787615342.976427,08:49:02.976,1128,24.159,26.65,1011.32,16.08,0.0,0.0,0.0,-1.35,-1.38,-0.47,-1.35,1.46,1.43,9.58,88.18,8.5,8.56,0,0,0,0.0,0.0,0.0
1787615342.976574,08:49:02.976,1129,24.169,26.63,1011.29,16.329,0.0,0.0,0.0,-1.35,-1.38,-0.47,-1.35,1.46,1.43,9.58,88.18,8.5,8.56,0,0,0,0.0,0.0,0.0
1787615343.077967,08:49:03.077,1130,24.179,26.63,1011.29,16.329,0.0,0.0,0.0,-1.35,-1.38,-0.47,-1.35,1.46,1.43,9.58,88.18,8.5,8.56,0,0,0,0.0,0.0,0.0
1787615343.078649,08:49:03.078,1131,24.189,26.63,1011.29,16.329,0.0,0.0,0.0,-1.35,-1.38,-0.47,-1.35,1.46,1.43,9.58,88.18,8.5,8.56,0,0,0,0.0,0.0,0.0
1787615343.078975,08:49:03.078,1132,24.199,26.63,1011.29,16.329,0.0,0.0,0.0,-1.35,-1.38,-0.47,-1.35,1.46,1.43,9.58,88.18,8.5,8.56,0,0,0,0.0,0.0,0.0
1787615343.079290,08:49:03.079,1133,24.209,26.63,1011.29,16.329,0.0,0.0,0.0,-1.35,-1.38,-0.47,-1.35,1.46,1.43,9.58,88.18,8.5,8.56,0,0,0,0.0,0.0,0.0
1787615343.079610,08:49:03.079,1134,24.219,26.63,1011.29,16.329,0.0,0.0,0.0,-1.35,-1.38,-0.47,-1.35,1.46,1.43,9.58,88.18,8.5,8.56,0,0,0,0.0,0.0,0.0
1787615343.079914,08:49:03.079,1135,24.229,26.63,1011.29,16.329,0.0,0.0,0.0,2.01,-2.67,-0.38,2.01,1.58,1.01,9.62,90.87,5.93,9.25,0,0,0,0.0,0.0,0.0
1787615343.080247,08:49:03.080,1136,24.239,26.63,1011.29,16.329,0.0,0.0,0.0,2.01,-2.67,-0.38,2.01,1.58,1.01,9.62,90.87,5.93,9.25,0,0,0,0.0,0.0,0.0
1787615343.080549,08:49:03.080,1137,24.249,26.63,1011.29,16.329,0.0,0.0,0.0,2.01,-2.67,-0.38,2.01,1.58,1.01,9.62,90.87,5.93,9.25,0,0,0,0.0,0.0,0.0
1787615343.080882,08:49:03.080,1138,24.259,26.63,1011.29,16.329,0.0,0.0,0.0,2.01,-2.67,-0.38,2.01,1.58,1.01,9.62,90.87,5.93,9.25,0,0,0,0.0,0.0,0.0
1787615343.081185,08:49:03.081,1139,24.269,26.63,1011.29,16.329,0.0,0.0,0.0,2.01,-2.67,-0.38,2.01,1.58,1.01,9.62,90.87,5.93,9.25,0,0,0,0.0,0.0,0.0
1787615343.081502,08:49:03.081,1140,24.279,26.63,1011.29,16.329,0.0,0.0,0.0,2.01,-2.67,-0.38,2.01,1.58,1.01,9.62,90.87,5.93,9.25,0,0,0,0.0,0.0,0.0
1787615343.182931,08:49:03.182,1141,24.289,26.63,1011.29,16.329,0.0,0.0,0.0,2.01,-2.67,-0.38,2.01,1.58,1.01,9.62,90.87,5.93,9.25,0,0,0,0.0,0.0,0.0
1787615343.183345,08:49:03.183,1142,24.299,26.63,1011.29,16.329,0.0,0.0,0.0,2.01,-2.67,-0.38,2.01,1.58,1.01,9.62,90.87,5.93,9.25,0,0,0,0.0,0.0,0.0
1787615343.183603,08:49:03.183,1143,24.309,26.63,1011.29,16.329,0.0,0.0,0.0,2.01,-2.67,-0.38,2.01,1.58,1.01,9.62,90.87,5.93,9.25,0,0,0,0.0,0.0,0.0
1787615343.183830,08:49:03.183,1144,24.319,26.63,1011.29,16.329,0.0,0.0,0.0,2.01,-2.67,-0.38,2.01,1.58,1.01,9.62,90.87,5.93,9.25,0,0,0,0.0,0.0,0.0
1787615343.184051,08:49:03.184,1145,24.329,26.63,1011.29,16.329,0.0,0.0,0.0,2.11,0.83,-0.43,2.11,1.33,0.51,9.7,93.68,3.0,7.75,0,0,0,0.0,0.0,0.0
1787615343.184273,08:49:03.184,1146,24.339,26.63,1011.29,16.329,0.0,0.0,0.0,2.11,0.83,-0.43,2.11,1.33,0.51,9.7,93.68,3.0,7.75,0,0,0,0.0,0.0,0.0
1787615343.184493,08:49:03.184,1147,24.349,26.63,1011.29,16.329,0.0,0.0,0.0,2.11,0.83,-0.43,2.11,1.33,0.51,9.7,93.68,3.0,7.75,0,0,0,0.0,0.0,0.0
1787615343.184766,08:49:03.184,1148,24.359,26.63,1011.29,16.329,0.0,0.0,0.0,2.11,0.83,-0.43,2.11,1.33,0.51,9.7,93.68,3.0,7.75,0,0,0,0.0,0.0,0.0
1787615343.185007,08:49:03.185,1149,24.369,26.61,1011.27,16.498,0.0,0.0,0.0,2.11,0.83,-0.43,2.11,1.33,0.51,9.7,93.68,3.0,7.75,0,0,0,0.0,0.0,0.0
1787615343.185226,08:49:03.185,1150,24.379,26.61,1011.27,16.498,0.0,0.0,0.0,2.11,0.83,-0.43,2.11,1.33,0.51,9.7,93.68,3.0,7.75,0,0,0,0.0,0.0,0.0
1787615343.286595,08:49:03.286,1151,24.389,26.61,1011.27,16.498,0.0,0.0,0.0,2.11,0.83,-0.43,2.11,1.33,0.51,9.7,93.68,3.0,7.75,0,0,0,0.0,0.0,0.0
1787615343.286924,08:49:03.286,1152,24.399,26.61,1011.27,16.498,0.0,0.0,0.0,2.11,0.83,-0.43,2.11,1.33,0.51,9.7,93.68,3.0,7.75,0,0,0,0.0,0.0,0.0
1787615343.287159,08:49:03.287,1153,24.409,26.61,1011.27,16.498,0.0,0.0,0.0,2.11,0.83,-0.43,2.11,1.33,0.51,9.7,93.68,3.0,7.75,0,0,0,0.0,0.0,0.0
1787615343.287380,08:49:03.287,1154,24.419,26.61,1011.27,16.498,0.0,0.0,0.0,2.11,0.83,-0.43,2.11,1.33,0.51,9.7,93.68,3.0,7.75,0,0,0,0.0,0.0,0.0
1787615343.287597,08:49:03.287,1155,24.429,26.61,1011.27,16.498,0.0,0.0,0.0,-0.2,0.5,-0.25,-0.2,1.13,0.26,9.73,95.81,1.5,6.62,0,0,0,0.0,0.0,0.0
1787615343.287816,08:49:03.287,1156,24.439,26.61,1011.27,16.498,0.0,0.0,0.0,-0.2,0.5,-0.25,-0.2,1.13,0.26,9.73,95.81,1.5,6.62,0,0,0,0.0,0.0,0.0
1787615343.288032,08:49:03.288,1157,24.449,26.61,1011.27,16.498,0.0,0.0,0.0,-0.2,0.5,-0.25,-0.2,1.13,0.26,9.73,95.81,1.5,6.62,0,0,0,0.0,0.0,0.0
1787615343.288247,08:49:03.288,1158,24.459,26.61,1011.27,16.498,0.0,0.0,0.0,-0.2,0.5,-0.25,-0.2,1.13,0.26,9.73,95.81,1.5,6.62,0,0,0,0.0,0.0,0.0
1787615343.288462,08:49:03.288,1159,24.469,26.61,1011.27,16.498,0.0,0.0,0.0,-0.2,0.5,-0.25,-0.2,1.13,0.26,9.73,95.81,1.5,6.62,0,0,0,0.0,0.0,0.0
1787615343.388949,08:49:03.388,1160,24.479,26.61,1011.27,16.498,0.0,0.0,0.0,-0.2,0.5,-0.25,-0.2,1.13,0.26,9.73,95.81,1.5,6.62,0,0,0,0.0,0.0,0.0
1787615343.389185,08:49:03.389,1161,24.489,26.61,1011.27,16.498,0.0,0.0,0.0,-0.2,0.5,-0.25,-0.2,1.13,0.26,9.73,95.81,1.5,6.62,0,0,0,0.0,0.0,0.0
1787615343.389341,08:49:03.389,1162,24.499,26.61,1011.27,16.498,0.0,0.0,0.0,-0.2,0.5,-0.25,-0.2,1.13,0.26,9.73,95.81,1.5,6.62,0,0,0,0.0,0.0,0.0
1787615343.389499,08:49:03.389,1163,24.509,26.61,1011.27,16.498,0.0,0.0,0.0,-0.2,0.5,-0.25,-0.2,1.13,0.26,9.73,95.81,1.5,6.62,0,0,0,0.0,0.0,0.0
1787615343.389650,08:49:03.389,1164,24.519,26.61,1011.27,16.498,0.0,0.0,0.0,-0.2,0.5,-0.25,-0.2,1.13,0.26,9.73,95.81,1.5,6.62,0,0,0,0.0,0.0,0.0
1787615343.389798,08:49:03.389,1165,24.529,26.61,1011.27,16.498,0.0,0.0,0.0,-2.14,-0.39,-1.17,-2.14,1.11,0.18,9.74,98.0,1.06,6.5,0,0,0,0.0,0.0,0.0
1787615343.389986,08:49:03.389,1166,24.539,26.61,1011.27,16.498,0.0,0.0,0.0,-2.14,-0.39,-1.17,-2.14,1.11,0.18,9.74,98.0,1.06,6.5,0,0,0,0.0,0.0,0.0
1787615343.390135,08:49:03.390,1167,24.549,26.61,1011.27,16.498,0.0,0.0,0.0,-2.14,-0.39,-1.17,-2.14,1.11,0.18,9.74,98.0,1.06,6.5,0,0,0,0.0,0.0,0.0
1787615343.390282,08:49:03.390,1168,24.559,26.61,1011.27,16.498,0.0,0.0,0.0,-2.14,-0.39,-1.17,-2.14,1.11,0.18,9.74,98.0,1.06,6.5,0,0,0,0.0,0.0,0.0
1787615343.390430,08:49:03.390,1169,24.569,26.62,1011.32,16.08,0.0,0.0,0.0,-2.14,-0.39,-1.17,-2.14,1.11,0.18,9.74,98.0,1.06,6.5,0,0,0,0.0,0.0,0.0
1787615343.390576,08:49:03.390,1170,24.579,26.62,1011.32,16.08,0.0,0.0,0.0,-2.14,-0.39,-1.17,-2.14,1.11,0.18,9.74,98.0,1.06,6.5,0,0,0,0.0,0.0,0.0
1787615343.390723,08:49:03.390,1171,24.589,26.62,1011.32,16.08,0.0,0.0,0.0,-2.14,-0.39,-1.17,-2.14,1.11,0.18,9.74,98.0,1.06,6.5,0,0,0,0.0,0.0,0.0
1787615343.491856,08:49:03.491,1172,24.599,26.62,1011.32,16.08,0.0,0.0,0.0,-2.14,-0.39,-1.17,-2.14,1.11,0.18,9.74,98.0,1.06,6.5,0,0,0,0.0,0.0,0.0
1787615343.492136,08:49:03.492,1173,24.609,26.62,1011.32,16.08,0.0,0.0,0.0,-2.14,-0.39,-1.17,-2.14,1.11,0.18,9.74,98.0,1.06,6.5,0,0,0,0.0,0.0,0.0
1787615343.492306,08:49:03.492,1174,24.619,26.62,1011.32,16.08,0.0,0.0,0.0,-2.14,-0.39,-1.17,-2.14,1.11,0.18,9.74,98.0,1.06,6.5,0,0,0,0.0,0.0,0.0
1787615343.492467,08:49:03.492,1175,24.629,26.62,1011.32,16.08,0.0,0.0,0.0,0.88,1.16,0.09,0.88,1.05,0.32,9.74,99.93,1.87,6.12,0,0,0,0.0,0.0,0.0
1787615343.492626,08:49:03.492,1176,24.639,26.62,1011.32,16.08,0.0,0.0,0.0,0.88,1.16,0.09,0.88,1.05,0.32,9.74,99.93,1.87,6.12,0,0,0,0.0,0.0,0.0
1787615343.492781,08:49:03.492,1177,24.649,26.62,1011.32,16.08,0.0,0.0,0.0,0.88,1.16,0.09,0.88,1.05,0.32,9.74,99.93,1.87,6.12,0,0,0,0.0,0.0,0.0
1787615343.492935,08:49:03.492,1178,24.659,26.62,1011.32,16.08,0.0,0.0,0.0,0.88,1.16,0.09,0.88,1.05,0.32,9.74,99.93,1.87,6.12,0,0,0,0.0,0.0,0.0
1787615343.493259,08:49:03.493,1179,24.669,26.62,1011.32,16.08,0.0,0.0,0.0,0.88,1.16,0.09,0.88,1.05,0.32,9.74,99.93,1.87,6.12,0,0,0,0.0,0.0,0.0
1787615343.493434,08:49:03.493,1180,24.679,26.62,1011.32,16.08,0.0,0.0,0.0,0.88,1.16,0.09,0.88,1.05,0.32,9.74,99.93,1.87,6.12,0,0,0,0.0,0.0,0.0
1787615343.493594,08:49:03.493,1181,24.689,26.62,1011.32,16.08,0.0,0.0,0.0,0.88,1.16,0.09,0.88,1.05,0.32,9.74,99.93,1.87,6.12,0,0,0,0.0,0.0,0.0
1787615343.493748,08:49:03.493,1182,24.699,26.62,1011.32,16.08,0.0,0.0,0.0,0.88,1.16,0.09,0.88,1.05,0.32,9.74,99.93,1.87,6.12,0,0,0,0.0,0.0,0.0
1787615343.595084,08:49:03.595,1183,24.709,26.62,1011.32,16.08,0.0,0.0,0.0,0.88,1.16,0.09,0.88,1.05,0.32,9.74,99.93,1.87,6.12,0,0,0,0.0,0.0,0.0
1787615343.595390,08:49:03.595,1184,24.719,26.62,1011.32,16.08,0.0,0.0,0.0,0.88,1.16,0.09,0.88,1.05,0.32,9.74,99.93,1.87,6.12,0,0,0,0.0,0.0,0.0
1787615343.595576,08:49:03.595,1185,24.729,26.62,1011.32,16.08,0.0,0.0,0.0,0.4,-0.4,0.52,0.4,1.14,0.55,9.72,102.18,3.25,6.68,0,0,0,0.0,0.0,0.0
1787615343.595753,08:49:03.595,1186,24.739,26.62,1011.32,16.08,0.0,0.0,0.0,0.4,-0.4,0.52,0.4,1.14,0.55,9.72,102.18,3.25,6.68,0,0,0,0.0,0.0,0.0
1787615343.595925,08:49:03.595,1187,24.749,26.62,1011.32,16.08,0.0,0.0,0.0,0.4,-0.4,0.52,0.4,1.14,0.55,9.72,102.18,3.25,6.68,0,0,0,0.0,0.0,0.0
1787615343.596097,08:49:03.596,1188,24.759,26.62,1011.32,16.08,0.0,0.0,0.0,0.4,-0.4,0.52,0.4,1.14,0.55,9.72,102.18,3.25,6.68,0,0,0,0.0,0.0,0.0
1787615343.596269,08:49:03.596,1189,24.769,26.63,1011.33,15.996,0.0,0.0,0.0,0.4,-0.4,0.52,0.4,1.14,0.55,9.72,102.18,3.25,6.68,0,0,0,0.0,0.0,0.0
1787615343.696695,08:49:03.696,1190,24.779,26.63,1011.33,15.996,0.0,0.0,0.0,0.4,-0.4,0.52,0.4,1.14,0.55,9.72,102.18,3.25,6.68,0,0,0,0.0,0.0,0.0
1787615343.696930,08:49:03.696,1191,24.789,26.63,1011.33,15.996,0.0,0.0,0.0,0.4,-0.4,0.52,0.4,1.14,0.55,9.72,102.18,3.25,6.68,0,0,0,0.0,0.0,0.0
1787615343.697091,08:49:03.697,1192,24.799,26.63,1011.33,15.996,0.0,0.0,0.0,0.4,-0.4,0.52,0.4,1.14,0.55,9.72,102.18,3.25,6.68,0,0,0,0.0,0.0,0.0
1787615343.697244,08:49:03.697,1193,24.809,26.63,1011.33,15.996,0.0,0.0,0.0,0.4,-0.4,0.52,0.4,1.14,0.55,9.72,102.18,3.25,6.68,0,0,0,0.0,0.0,0.0
1787615343.697397,08:49:03.697,1194,24.819,26.63,1011.33,15.996,0.0,0.0,0.0,0.4,-0.4,0.52,0.4,1.14,0.55,9.72,102.18,3.25,6.68,0,0,0,0.0,0.0,0.0
1787615343.697549,08:49:03.697,1195,24.829,26.63,1011.33,15.996,0.0,0.0,0.0,-1.24,-1.23,-1.35,-1.24,1.15,0.82,9.7,105.37,4.81,6.75,0,0,0,0.0,0.0,0.0
1787615343.697704,08:49:03.697,1196,24.839,26.63,1011.33,15.996,0.0,0.0,0.0,-1.24,-1.23,-1.35,-1.24,1.15,0.82,9.7,105.37,4.81,6.75,0,0,0,0.0,0.0,0.0
1787615343.697858,08:49:03.697,1197,24.849,26.63,1011.33,15.996,0.0,0.0,0.0,-1.24,-1.23,-1.35,-1.24,1.15,0.82,9.7,105.37,4.81,6.75,0,0,0,0.0,0.0,0.0
1787615343.698008,08:49:03.698,1198,24.859,26.63,1011.33,15.996,0.0,0.0,0.0,-1.24,-1.23,-1.35,-1.24,1.15,0.82,9.7,105.37,4.81,6.75,0,0,0,0.0,0.0,0.0
1787615343.698162,08:49:03.698,1199,24.869,26.63,1011.33,15.996,0.0,0.0,0.0,-1.24,-1.23,-1.35,-1.24,1.15,0.82,9.7,105.37,4.81,6.75,0,0,0,0.0,0.0,0.0
1787615343.698313,08:49:03.698,1200,24.879,26.63,1011.33,15.996,0.0,0.0,0.0,-1.24,-1.23,-1.35,-1.24,1.15,0.82,9.7,105.37,4.81,6.75,0,0,0,0.0,0.0,0.0
1787615343.698466,08:49:03.698,1201,24.889,26.63,1011.33,15.996,0.0,0.0,0.0,-1.24,-1.23,-1.35,-1.24,1.15,0.82,9.7,105.37,4.81,6.75,0,0,0,0.0,0.0,0.0
1787615343.799790,08:49:03.799,1202,24.899,26.63,1011.33,15.996,0.0,0.0,0.0,-1.24,-1.23,-1.35,-1.24,1.15,0.82,9.7,105.37,4.81,6.75,0,0,0,0.0,0.0,0.0
1787615343.800031,08:49:03.800,1203,24.909,26.63,1011.33,15.996,0.0,0.0,0.0,-1.24,-1.23,-1.35,-1.24,1.15,0.82,9.7,105.37,4.81,6.75,0,0,0,0.0,0.0,0.0
1787615343.800175,08:49:03.800,1204,24.919,26.63,1011.33,15.996,0.0,0.0,0.0,-1.24,-1.23,-1.35,-1.24,1.15,0.82,9.7,105.37,4.81,6.75,0,0,0,0.0,0.0,0.0
1787615343.800316,08:49:03.800,1205,24.929,26.63,1011.33,15.996,0.0,0.0,0.0,-0.78,0.71,-0.25,-0.78,1.17,1.32,9.64,108.43,7.75,6.81,0,0,0,0.0,0.0,0.0
1787615343.800456,08:49:03.800,1206,24.939,26.63,1011.33,15.996,0.0,0.0,0.0,-0.78,0.71,-0.25,-0.78,1.17,1.32,9.64,108.43,7.75,6.81,0,0,0,0.0,0.0,0.0
1787615343.800594,08:49:03.800,1207,24.949,26.63,1011.33,15.996,0.0,0.0,0.0,-0.78,0.71,-0.25,-0.78,1.17,1.32,9.64,108.43,7.75,6.81,0,0,0,0.0,0.0,0.0
1787615343.800729,08:49:03.800,1208,24.959,26.63,1011.33,15.996,0.0,0.0,0.0,-0.78,0.71,-0.25,-0.78,1.17,1.32,9.64,108.43,7.75,6.81,0,0,0,0.0,0.0,0.0
1787615343.800865,08:49:03.800,1209,24.969,26.6,1011.28,16.413,0.0,0.0,0.0,-0.78,0.71,-0.25,-0.78,1.17,1.32,9.64,108.43,7.75,6.81,0,0,0,0.0,0.0,0.0
1787615343.801001,08:49:03.801,1210,24.979,26.6,1011.28,16.413,0.0,0.0,0.0,-0.78,0.71,-0.25,-0.78,1.17,1.32,9.64,108.43,7.75,6.81,0,0,0,0.0,0.0,0.0
1787615343.801136,08:49:03.801,1211,24.989,26.6,1011.28,16.413,0.0,0.0,0.0,-0.78,0.71,-0.25,-0.78,1.17,1.32,9.64,108.43,7.75,6.81,0,0,0,0.0,0.0,0.0
1787615343.902473,08:49:03.902,1212,24.999,26.6,1011.28,16.413,0.0,0.0,0.0,-0.78,0.71,-0.25,-0.78,1.17,1.32,9.64,108.43,7.75,6.81,0,0,0,0.0,0.0,0.0
1787615343.902801,08:49:03.902,1213,25.009,26.6,1011.28,16.413,0.0,0.0,0.0,-0.78,0.71,-0.25,-0.78,1.17,1.32,9.64,108.43,7.75,6.81,0,0,0,0.0,0.0,0.0
1787615343.903001,08:49:03.903,1214,25.019,26.6,1011.28,16.413,0.0,0.0,0.0,-0.78,0.71,-0.25,-0.78,1.17,1.32,9.64,108.43,7.75,6.81,0,0,0,0.0,0.0,0.0
1787615343.903195,08:49:03.903,1215,25.029,26.6,1011.28,16.413,0.0,0.0,0.0,-0.5,-0.34,-0.75,-0.5,1.28,1.82,9.55,111.25,10.75,7.5,0,0,0,0.0,0.0,0.0
1787615343.903445,08:49:03.903,1216,25.039,26.6,1011.28,16.413,0.0,0.0,0.0,-0.5,-0.34,-0.75,-0.5,1.28,1.82,9.55,111.25,10.75,7.5,0,0,0,0.0,0.0,0.0
1787615343.903636,08:49:03.903,1217,25.049,26.6,1011.28,16.413,0.0,0.0,0.0,-0.5,-0.34,-0.75,-0.5,1.28,1.82,9.55,111.25,10.75,7.5,0,0,0,0.0,0.0,0.0
1787615343.903826,08:49:03.903,1218,25.059,26.6,1011.28,16.413,0.0,0.0,0.0,-0.5,-0.34,-0.75,-0.5,1.28,1.82,9.55,111.25,10.75,7.5,0,0,0,0.0,0.0,0.0
1787615343.904014,08:49:03.904,1219,25.069,26.6,1011.28,16.413,0.0,0.0,0.0,-0.5,-0.34,-0.75,-0.5,1.28,1.82,9.55,111.25,10.75,7.5,0,0,0,0.0,0.0,0.0
1787615343.904203,08:49:03.904,1220,25.079,26.6,1011.28,16.413,0.0,0.0,0.0,-0.5,-0.34,-0.75,-0.5,1.28,1.82,9.55,111.25,10.75,7.5,0,0,0,0.0,0.0,0.0
1787615343.904390,08:49:03.904,1221,25.089,26.6,1011.28,16.413,0.0,0.0,0.0,-0.5,-0.34,-0.75,-0.5,1.28,1.82,9.55,111.25,10.75,7.5,0,0,0,0.0,0.0,0.0
1787615343.904578,08:49:03.904,1222,25.099,26.6,1011.28,16.413,0.0,0.0,0.0,-0.5,-0.34,-0.75,-0.5,1.28,1.82,9.55,111.25,10.75,7.5,0,0,0,0.0,0.0,0.0
1787615344.005934,08:49:04.005,1223,25.109,26.6,1011.28,16.413,0.0,0.0,0.0,-0.5,-0.34,-0.75,-0.5,1.28,1.82,9.55,111.25,10.75,7.5,0,0,0,0.0,0.0,0.0
1787615344.006182,08:49:04.006,1224,25.119,26.6,1011.28,16.413,0.0,0.0,0.0,-0.5,-0.34,-0.75,-0.5,1.28,1.82,9.55,111.25,10.75,7.5,0,0,0,0.0,0.0,0.0
1787615344.006340,08:49:04.006,1225,25.129,26.6,1011.28,16.413,0.0,0.0,0.0,-0.33,-1.25,-0.1,-0.33,1.55,2.2,9.42,114.12,13.18,9.12,0,0,0,0.0,0.0,0.0
1787615344.006493,08:49:04.006,1226,25.139,26.6,1011.28,16.413,0.0,0.0,0.0,-0.33,-1.25,-0.1,-0.33,1.55,2.2,9.42,114.12,13.18,9.12,0,0,0,0.0,0.0,0.0
1787615344.006644,08:49:04.006,1227,25.149,26.6,1011.28,16.413,0.0,0.0,0.0,-0.33,-1.25,-0.1,-0.33,1.55,2.2,9.42,114.12,13.18,9.12,0,0,0,0.0,0.0,0.0
1787615344.006794,08:49:04.006,1228,25.159,26.6,1011.28,16.413,0.0,0.0,0.0,-0.33,-1.25,-0.1,-0.33,1.55,2.2,9.42,114.12,13.18,9.12,0,0,0,0.0,0.0,0.0
1787615344.006944,08:49:04.006,1229,25.169,26.63,1011.29,16.329,0.0,0.0,0.0,-0.33,-1.25,-0.1,-0.33,1.55,2.2,9.42,114.12,13.18,9.12,0,0,0,0.0,0.0,0.0
1787615344.007093,08:49:04.007,1230,25.179,26.63,1011.29,16.329,0.0,0.0,0.0,-0.33,-1.25,-0.1,-0.33,1.55,2.2,9.42,114.12,13.18,9.12,0,0,0,0.0,0.0,0.0
1787615344.007243,08:49:04.007,1231,25.189,26.63,1011.29,16.329,0.0,0.0,0.0,-0.33,-1.25,-0.1,-0.33,1.55,2.2,9.42,114.12,13.18,9.12,0,0,0,0.0,0.0,0.0
1787615344.007391,08:49:04.007,1232,25.199,26.63,1011.29,16.329,0.0,0.0,0.0,-0.33,-1.25,-0.1,-0.33,1.55,2.2,9.42,114.12,13.18,9.12,0,0,0,0.0,0.0,0.0
1787615344.108628,08:49:04.108,1233,25.209,26.63,1011.29,16.329,0.0,0.0,0.0,-0.33,-1.25,-0.1,-0.33,1.55,2.2,9.42,114.12,13.18,9.12,0,0,0,0.0,0.0,0.0
1787615344.109401,08:49:04.109,1234,25.219,26.63,1011.29,16.329,0.0,0.0,0.0,-0.33,-1.25,-0.1,-0.33,1.55,2.2,9.42,114.12,13.18,9.12,0,0,0,0.0,0.0,0.0
1787615344.109770,08:49:04.109,1235,25.229,26.63,1011.29,16.329,0.0,0.0,0.0,-1.53,-1.05,-0.81,-1.53,1.71,2.29,9.37,117.62,13.68,10.0,0,0,0,0.0,0.0,0.0
1787615344.110158,08:49:04.110,1236,25.239,26.63,1011.29,16.329,0.0,0.0,0.0,-1.53,-1.05,-0.81,-1.53,1.71,2.29,9.37,117.62,13.68,10.0,0,0,0,0.0,0.0,0.0
1787615344.111026,08:49:04.111,1237,25.249,26.63,1011.29,16.329,0.0,0.0,0.0,-1.53,-1.05,-0.81,-1.53,1.71,2.29,9.37,117.62,13.68,10.0,0,0,0,0.0,0.0,0.0
1787615344.111354,08:49:04.111,1238,25.259,26.63,1011.29,16.329,0.0,0.0,0.0,-1.53,-1.05,-0.81,-1.53,1.71,2.29,9.37,117.62,13.68,10.0,0,0,0,0.0,0.0,0.0
1787615344.111675,08:49:04.111,1239,25.269,26.63,1011.29,16.329,0.0,0.0,0.0,-1.53,-1.05,-0.81,-1.53,1.71,2.29,9.37,117.62,13.68,10.0,0,0,0,0.0,0.0,0.0
1787615344.111974,08:49:04.111,1240,25.279,26.63,1011.29,16.329,0.0,0.0,0.0,-1.53,-1.05,-0.81,-1.53,1.71,2.29,9.37,117.62,13.68,10.0,0,0,0,0.0,0.0,0.0
1787615344.112276,08:49:04.112,1241,25.289,26.63,1011.29,16.329,0.0,0.0,0.0,-1.53,-1.05,-0.81,-1.53,1.71,2.29,9.37,117.62,13.68,10.0,0,0,0,0.0,0.0,0.0
1787615344.112666,08:49:04.112,1242,25.299,26.63,1011.29,16.329,0.0,0.0,0.0,-1.53,-1.05,-0.81,-1.53,1.71,2.29,9.37,117.62,13.68,10.0,0,0,0,0.0,0.0,0.0
1787615344.112953,08:49:04.112,1243,25.309,26.63,1011.29,16.329,0.0,0.0,0.0,-1.53,-1.05,-0.81,-1.53,1.71,2.29,9.37,117.62,13.68,10.0,0,0,0,0.0,0.0,0.0
1787615344.214393,08:49:04.214,1244,25.319,26.63,1011.29,16.329,0.0,0.0,0.0,-1.53,-1.05,-0.81,-1.53,1.71,2.29,9.37,117.62,13.68,10.0,0,0,0,0.0,0.0,0.0
1787615344.214801,08:49:04.214,1245,25.329,26.63,1011.29,16.329,0.0,0.0,0.0,-0.79,-0.63,-0.93,-0.79,1.46,2.22,9.43,120.81,13.31,8.68,0,0,0,0.0,0.0,0.0
1787615344.215169,08:49:04.215,1246,25.339,26.63,1011.29,16.329,0.0,0.0,0.0,-0.79,-0.63,-0.93,-0.79,1.46,2.22,9.43,120.81,13.31,8.68,0,0,0,0.0,0.0,0.0
1787615344.215405,08:49:04.215,1247,25.349,26.63,1011.29,16.329,0.0,0.0,0.0,-0.79,-0.63,-0.93,-0.79,1.46,2.22,9.43,120.81,13.31,8.68,0,0,0,0.0,0.0,0.0
1787615344.215629,08:49:04.215,1248,25.359,26.63,1011.29,16.329,0.0,0.0,0.0,-0.79,-0.63,-0.93,-0.79,1.46,2.22,9.43,120.81,13.31,8.68,0,0,0,0.0,0.0,0.0
1787615344.215847,08:49:04.215,1249,25.369,26.62,1011.29,16.329,0.0,0.0,0.0,-0.79,-0.63,-0.93,-0.79,1.46,2.22,9.43,120.81,13.31,8.68,0,0,0,0.0,0.0,0.0
1787615344.216066,08:49:04.216,1250,25.379,26.62,1011.29,16.329,0.0,0.0,0.0,-0.79,-0.63,-0.93,-0.79,1.46,2.22,9.43,120.81,13.31,8.68,0,0,0,0.0,0.0,0.0
1787615344.216282,08:49:04.216,1251,25.389,26.62,1011.29,16.329,0.0,0.0,0.0,-0.79,-0.63,-0.93,-0.79,1.46,2.22,9.43,120.81,13.31,8.68,0,0,0,0.0,0.0,0.0
1787615344.216560,08:49:04.216,1252,25.399,26.62,1011.29,16.329,0.0,0.0,0.0,-0.79,-0.63,-0.93,-0.79,1.46,2.22,9.43,120.81,13.31,8.68,0,0,0,0.0,0.0,0.0
1787615344.216810,08:49:04.216,1253,25.409,26.62,1011.29,16.329,0.0,0.0,0.0,-0.79,-0.63,-0.93,-0.79,1.46,2.22,9.43,120.81,13.31,8.68,0,0,0,0.0,0.0,0.0
1787615344.217025,08:49:04.217,1254,25.419,26.62,1011.29,16.329,0.0,0.0,0.0,-0.79,-0.63,-0.93,-0.79,1.46,2.22,9.43,120.81,13.31,8.68,0,0,0,0.0,0.0,0.0
1787615344.318394,08:49:04.318,1255,25.429,26.62,1011.29,16.329,0.0,0.0,0.0,-0.29,-0.56,0.17,-0.29,1.12,2.08,9.51,123.5,12.43,6.75,0,0,0,0.0,0.0,0.0
1787615344.318723,08:49:04.318,1256,25.439,26.62,1011.29,16.329,0.0,0.0,0.0,-0.29,-0.56,0.17,-0.29,1.12,2.08,9.51,123.5,12.43,6.75,0,0,0,0.0,0.0,0.0
1787615344.318954,08:49:04.318,1257,25.449,26.62,1011.29,16.329,0.0,0.0,0.0,-0.29,-0.56,0.17,-0.29,1.12,2.08,9.51,123.5,12.43,6.75,0,0,0,0.0,0.0,0.0
1787615344.319174,08:49:04.319,1258,25.459,26.62,1011.29,16.329,0.0,0.0,0.0,-0.29,-0.56,0.17,-0.29,1.12,2.08,9.51,123.5,12.43,6.75,0,0,0,0.0,0.0,0.0
1787615344.319393,08:49:04.319,1259,25.469,26.62,1011.29,16.329,0.0,0.0,0.0,-0.29,-0.56,0.17,-0.29,1.12,2.08,9.51,123.5,12.43,6.75,0,0,0,0.0,0.0,0.0
1787615344.319610,08:49:04.319,1260,25.479,26.62,1011.29,16.329,0.0,0.0,0.0,-0.29,-0.56,0.17,-0.29,1.12,2.08,9.51,123.5,12.43,6.75,0,0,0,0.0,0.0,0.0
1787615344.319838,08:49:04.319,1261,25.489,26.62,1011.29,16.329,0.0,0.0,0.0,-0.29,-0.56,0.17,-0.29,1.12,2.08,9.51,123.5,12.43,6.75,0,0,0,0.0,0.0,0.0
1787615344.320177,08:49:04.320,1262,25.499,26.62,1011.29,16.329,0.0,0.0,0.0,-0.29,-0.56,0.17,-0.29,1.12,2.08,9.51,123.5,12.43,6.75,0,0,0,0.0,0.0,0.0
1787615344.320410,08:49:04.320,1263,25.509,26.62,1011.29,16.329,0.0,0.0,0.0,-0.29,-0.56,0.17,-0.29,1.12,2.08,9.51,123.5,12.43,6.75,0,0,0,0.0,0.0,0.0
1787615344.320636,08:49:04.320,1264,25.519,26.62,1011.29,16.329,0.0,0.0,0.0,-0.29,-0.56,0.17,-0.29,1.12,2.08,9.51,123.5,12.43,6.75,0,0,0,0.0,0.0,0.0
1787615344.422024,08:49:04.422,1265,25.529,26.62,1011.29,16.329,0.0,0.0,0.0,-0.11,0.43,-0.41,-0.11,0.97,1.68,9.61,125.81,10.25,5.75,0,0,0,0.0,0.0,0.0
1787615344.422399,08:49:04.422,1266,25.539,26.62,1011.29,16.329,0.0,0.0,0.0,-0.11,0.43,-0.41,-0.11,0.97,1.68,9.61,125.81,10.25,5.75,0,0,0,0.0,0.0,0.0
1787615344.422625,08:49:04.422,1267,25.549,26.62,1011.29,16.329,0.0,0.0,0.0,-0.11,0.43,-0.41,-0.11,0.97,1.68,9.61,125.81,10.25,5.75,0,0,0,0.0,0.0,0.0
1787615344.422847,08:49:04.422,1268,25.559,26.62,1011.29,16.329,0.0,0.0,0.0,-0.11,0.43,-0.41,-0.11,0.97,1.68,9.61,125.81,10.25,5.75,0,0,0,0.0,0.0,0.0
1787615344.423067,08:49:04.423,1269,25.569,26.62,1011.3,16.247,0.0,0.0,0.0,-0.11,0.43,-0.41,-0.11,0.97,1.68,9.61,125.81,10.25,5.75,0,0,0,0.0,0.0,0.0
1787615344.423288,08:49:04.423,1270,25.579,26.62,1011.3,16.247,0.0,0.0,0.0,-0.11,0.43,-0.41,-0.11,0.97,1.68,9.61,125.81,10.25,5.75,0,0,0,0.0,0.0,0.0
1787615344.423505,08:49:04.423,1271,25.589,26.62,1011.3,16.247,0.0,0.0,0.0,-0.11,0.43,-0.41,-0.11,0.97,1.68,9.61,125.81,10.25,5.75,0,0,0,0.0,0.0,0.0
1787615344.423727,08:49:04.423,1272,25.599,26.62,1011.3,16.247,0.0,0.0,0.0,-0.11,0.43,-0.41,-0.11,0.97,1.68,9.61,125.81,10.25,5.75,0,0,0,0.0,0.0,0.0
1787615344.423946,08:49:04.423,1273,25.609,26.62,1011.3,16.247,0.0,0.0,0.0,-0.11,0.43,-0.41,-0.11,0.97,1.68,9.61,125.81,10.25,5.75,0,0,0,0.0,0.0,0.0
1787615344.525150,08:49:04.525,1274,25.619,26.62,1011.3,16.247,0.0,0.0,0.0,-0.11,0.43,-0.41,-0.11,0.97,1.68,9.61,125.81,10.25,5.75,0,0,0,0.0,0.0,0.0
1787615344.525400,08:49:04.525,1275,25.629,26.62,1011.3,16.247,0.0,0.0,0.0,-0.02,-0.53,0.75,-0.02,0.93,1.15,9.69,127.68,7.06,5.5,0,0,0,0.0,0.0,0.0
1787615344.525557,08:49:04.525,1276,25.639,26.62,1011.3,16.247,0.0,0.0,0.0,-0.02,-0.53,0.75,-0.02,0.93,1.15,9.69,127.68,7.06,5.5,0,0,0,0.0,0.0,0.0
1787615344.525709,08:49:04.525,1277,25.649,26.62,1011.3,16.247,0.0,0.0,0.0,-0.02,-0.53,0.75,-0.02,0.93,1.15,9.69,127.68,7.06,5.5,0,0,0,0.0,0.0,0.0
1787615344.525859,08:49:04.525,1278,25.659,26.62,1011.3,16.247,0.0,0.0,0.0,-0.02,-0.53,0.75,-0.02,0.93,1.15,9.69,127.68,7.06,5.5,0,0,0,0.0,0.0,0.0
1787615344.526008,08:49:04.526,1279,25.669,26.62,1011.3,16.247,0.0,0.0,0.0,-0.02,-0.53,0.75,-0.02,0.93,1.15,9.69,127.68,7.06,5.5,0,0,0,0.0,0.0,0.0
1787615344.526156,08:49:04.526,1280,25.679,26.62,1011.3,16.247,0.0,0.0,0.0,-0.02,-0.53,0.75,-0.02,0.93,1.15,9.69,127.68,7.06,5.5,0,0,0,0.0,0.0,0.0
1787615344.526305,08:49:04.526,1281,25.689,26.62,1011.3,16.247,0.0,0.0,0.0,-0.02,-0.53,0.75,-0.02,0.93,1.15,9.69,127.68,7.06,5.5,0,0,0,0.0,0.0,0.0
1787615344.627119,08:49:04.627,1282,25.699,26.62,1011.3,16.247,0.0,0.0,0.0,-0.02,-0.53,0.75,-0.02,0.93,1.15,9.69,127.68,7.06,5.5,0,0,0,0.0,0.0,0.0
1787615344.627407,08:49:04.627,1283,25.709,26.62,1011.3,16.247,0.0,0.0,0.0,-0.02,-0.53,0.75,-0.02,0.93,1.15,9.69,127.68,7.06,5.5,0,0,0,0.0,0.0,0.0
1787615344.627568,08:49:04.627,1284,25.719,26.62,1011.3,16.247,0.0,0.0,0.0,-0.02,-0.53,0.75,-0.02,0.93,1.15,9.69,127.68,7.06,5.5,0,0,0,0.0,0.0,0.0
1787615344.627723,08:49:04.627,1285,25.729,26.62,1011.3,16.247,0.0,0.0,0.0,0.02,-0.76,-0.61,0.02,0.81,0.63,9.75,129.62,3.93,4.75,0,0,0,0.0,0.0,0.0
1787615344.627878,08:49:04.627,1286,25.739,26.62,1011.3,16.247,0.0,0.0,0.0,0.02,-0.76,-0.61,0.02,0.81,0.63,9.75,129.62,3.93,4.75,0,0,0,0.0,0.0,0.0
1787615344.628031,08:49:04.628,1287,25.749,26.62,1011.3,16.247,0.0,0.0,0.0,0.02,-0.76,-0.61,0.02,0.81,0.63,9.75,129.62,3.93,4.75,0,0,0,0.0,0.0,0.0
1787615344.628183,08:49:04.628,1288,25.759,26.62,1011.3,16.247,0.0,0.0,0.0,0.02,-0.76,-0.61,0.02,0.81,0.63,9.75,129.62,3.93,4.75,0,0,0,0.0,0.0,0.0
1787615344.628333,08:49:04.628,1289,25.769,26.62,1011.32,16.08,0.0,0.0,0.0,0.02,-0.76,-0.61,0.02,0.81,0.63,9.75,129.62,3.93,4.75,0,0,0,0.0,0.0,0.0
1787615344.628488,08:49:04.628,1290,25.779,26.62,1011.32,16.08,0.0,0.0,0.0,0.02,-0.76,-0.61,0.02,0.81,0.63,9.75,129.62,3.93,4.75,0,0,0,0.0,0.0,0.0
1787615344.628638,08:49:04.628,1291,25.789,26.62,1011.32,16.08,0.0,0.0,0.0,0.02,-0.76,-0.61,0.02,0.81,0.63,9.75,129.62,3.93,4.75,0,0,0,0.0,0.0,0.0
1787615344.628788,08:49:04.628,1292,25.799,26.62,1011.32,16.08,0.0,0.0,0.0,0.02,-0.76,-0.61,0.02,0.81,0.63,9.75,129.62,3.93,4.75,0,0,0,0.0,0.0,0.0
1787615344.628938,08:49:04.628,1293,25.809,26.62,1011.32,16.08,0.0,0.0,0.0,0.02,-0.76,-0.61,0.02,0.81,0.63,9.75,129.62,3.93,4.75,0,0,0,0.0,0.0,0.0
1787615344.629081,08:49:04.629,1294,25.819,26.62,1011.32,16.08,0.0,0.0,0.0,0.02,-0.76,-0.61,0.02,0.81,0.63,9.75,129.62,3.93,4.75,0,0,0,0.0,0.0,0.0
1787615344.730399,08:49:04.730,1295,25.829,26.62,1011.32,16.08,0.0,0.0,0.0,0.02,-0.76,-0.61,0.02,0.81,0.63,9.75,129.62,3.93,4.75,0,0,0,0.0,0.0,0.0
1787615344.730663,08:49:04.730,1296,25.839,26.62,1011.32,16.08,0.0,0.0,0.0,0.63,-0.44,0.21,0.63,0.73,0.37,9.77,131.31,2.25,4.25,0,0,0,0.0,0.0,0.0
1787615344.730829,08:49:04.730,1297,25.849,26.62,1011.32,16.08,0.0,0.0,0.0,0.63,-0.44,0.21,0.63,0.73,0.37,9.77,131.31,2.25,4.25,0,0,0,0.0,0.0,0.0
1787615344.730986,08:49:04.730,1298,25.859,26.62,1011.32,16.08,0.0,0.0,0.0,0.63,-0.44,0.21,0.63,0.73,0.37,9.77,131.31,2.25,4.25,0,0,0,0.0,0.0,0.0
1787615344.731140,08:49:04.731,1299,25.869,26.62,1011.32,16.08,0.0,0.0,0.0,0.63,-0.44,0.21,0.63,0.73,0.37,9.77,131.31,2.25,4.25,0,0,0,0.0,0.0,0.0
1787615344.731293,08:49:04.731,1300,25.879,26.62,1011.32,16.08,0.0,0.0,0.0,0.63,-0.44,0.21,0.63,0.73,0.37,9.77,131.31,2.25,4.25,0,0,0,0.0,0.0,0.0
1787615344.731444,08:49:04.731,1301,25.889,26.62,1011.32,16.08,0.0,0.0,0.0,0.63,-0.44,0.21,0.63,0.73,0.37,9.77,131.31,2.25,4.25,0,0,0,0.0,0.0,0.0
1787615344.731597,08:49:04.731,1302,25.899,26.62,1011.32,16.08,0.0,0.0,0.0,0.63,-0.44,0.21,0.63,0.73,0.37,9.77,131.31,2.25,4.25,0,0,0,0.0,0.0,0.0
1787615344.731747,08:49:04.731,1303,25.909,26.62,1011.32,16.08,0.0,0.0,0.0,0.63,-0.44,0.21,0.63,0.73,0.37,9.77,131.31,2.25,4.25,0,0,0,0.0,0.0,0.0
1787615344.731900,08:49:04.731,1304,25.919,26.62,1011.32,16.08,0.0,0.0,0.0,0.63,-0.44,0.21,0.63,0.73,0.37,9.77,131.31,2.25,4.25,0,0,0,0.0,0.0,0.0
1787615344.732052,08:49:04.732,1305,25.929,26.62,1011.32,16.08,0.0,0.0,0.0,0.63,-0.44,0.21,0.63,0.73,0.37,9.77,131.31,2.25,4.25,0,0,0,0.0,0.0,0.0
1787615344.833369,08:49:04.833,1306,25.939,26.62,1011.32,16.08,0.0,0.0,0.0,-0.77,0.22,-1.8,-0.77,0.86,0.24,9.76,132.56,1.43,4.81,0,0,0,0.0,0.0,0.0
1787615344.833669,08:49:04.833,1307,25.949,26.62,1011.32,16.08,0.0,0.0,0.0,-0.77,0.22,-1.8,-0.77,0.86,0.24,9.76,132.56,1.43,4.81,0,0,0,0.0,0.0,0.0
1787615344.833865,08:49:04.833,1308,25.959,26.62,1011.32,16.08,0.0,0.0,0.0,-0.77,0.22,-1.8,-0.77,0.86,0.24,9.76,132.56,1.43,4.81,0,0,0,0.0,0.0,0.0
1787615344.834056,08:49:04.834,1309,25.969,26.63,1011.32,16.08,0.0,0.0,0.0,-0.77,0.22,-1.8,-0.77,0.86,0.24,9.76,132.56,1.43,4.81,0,0,0,0.0,0.0,0.0
1787615344.834245,08:49:04.834,1310,25.979,26.63,1011.32,16.08,0.0,0.0,0.0,-0.77,0.22,-1.8,-0.77,0.86,0.24,9.76,132.56,1.43,4.81,0,0,0,0.0,0.0,0.0
1787615344.834431,08:49:04.834,1311,25.989,26.63,1011.32,16.08,0.0,0.0,0.0,-0.77,0.22,-1.8,-0.77,0.86,0.24,9.76,132.56,1.43,4.81,0,0,0,0.0,0.0,0.0
1787615344.834617,08:49:04.834,1312,25.999,26.63,1011.32,16.08,0.0,0.0,0.0,-0.77,0.22,-1.8,-0.77,0.86,0.24,9.76,132.56,1.43,4.81,0,0,0,0.0,0.0,0.0
1787615344.834804,08:49:04.834,1313,26.009,26.63,1011.32,16.08,0.0,0.0,0.0,-0.77,0.22,-1.8,-0.77,0.86,0.24,9.76,132.56,1.43,4.81,0,0,0,0.0,0.0,0.0
1787615344.834991,08:49:04.834,1314,26.019,26.63,1011.32,16.08,0.0,0.0,0.0,-0.77,0.22,-1.8,-0.77,0.86,0.24,9.76,132.56,1.43,4.81,0,0,0,0.0,0.0,0.0
1787615344.835178,08:49:04.835,1315,26.029,26.63,1011.32,16.08,0.0,0.0,0.0,-0.77,0.22,-1.8,-0.77,0.86,0.24,9.76,132.56,1.43,4.81,0,0,0,0.0,0.0,0.0
1787615344.935992,08:49:04.935,1316,26.039,26.63,1011.32,16.08,0.0,0.0,0.0,-1.46,-0.03,0.11,-1.46,1.14,0.15,9.73,133.37,0.87,6.68,0,0,0,0.0,0.0,0.0
1787615344.936330,08:49:04.936,1317,26.049,26.63,1011.32,16.08,0.0,0.0,0.0,-1.46,-0.03,0.11,-1.46,1.14,0.15,9.73,133.37,0.87,6.68,0,0,0,0.0,0.0,0.0
1787615344.936574,08:49:04.936,1318,26.059,26.63,1011.32,16.08,0.0,0.0,0.0,-1.46,-0.03,0.11,-1.46,1.14,0.15,9.73,133.37,0.87,6.68,0,0,0,0.0,0.0,0.0
1787615344.936810,08:49:04.936,1319,26.069,26.63,1011.32,16.08,0.0,0.0,0.0,-1.46,-0.03,0.11,-1.46,1.14,0.15,9.73,133.37,0.87,6.68,0,0,0,0.0,0.0,0.0
1787615344.937031,08:49:04.937,1320,26.079,26.63,1011.32,16.08,0.0,0.0,0.0,-1.46,-0.03,0.11,-1.46,1.14,0.15,9.73,133.37,0.87,6.68,0,0,0,0.0,0.0,0.0
1787615344.937262,08:49:04.937,1321,26.089,26.63,1011.32,16.08,0.0,0.0,0.0,-1.46,-0.03,0.11,-1.46,1.14,0.15,9.73,133.37,0.87,6.68,0,0,0,0.0,0.0,0.0
1787615344.937481,08:49:04.937,1322,26.099,26.63,1011.32,16.08,0.0,0.0,0.0,-1.46,-0.03,0.11,-1.46,1.14,0.15,9.73,133.37,0.87,6.68,0,0,0,0.0,0.0,0.0
1787615344.937703,08:49:04.937,1323,26.109,26.63,1011.32,16.08,0.0,0.0,0.0,-1.46,-0.03,0.11,-1.46,1.14,0.15,9.73,133.37,0.87,6.68,0,0,0,0.0,0.0,0.0
1787615344.937920,08:49:04.937,1324,26.119,26.63,1011.32,16.08,0.0,0.0,0.0,-1.46,-0.03,0.11,-1.46,1.14,0.15,9.73,133.37,0.87,6.68,0,0,0,0.0,0.0,0.0
1787615344.938152,08:49:04.938,1325,26.129,26.63,1011.32,16.08,0.0,0.0,0.0,-1.76,-1.29,-0.43,-1.76,1.3,-0.13,9.71,135.06,-0.81,7.62,0,0,0,0.0,0.0,0.0
1787615344.938374,08:49:04.938,1326,26.139,26.63,1011.32,16.08,0.0,0.0,0.0,-1.76,-1.29,-0.43,-1.76,1.3,-0.13,9.71,135.06,-0.81,7.62,0,0,0,0.0,0.0,0.0
1787615345.039719,08:49:05.039,1327,26.149,26.63,1011.32,16.08,0.0,0.0,0.0,-1.76,-1.29,-0.43,-1.76,1.3,-0.13,9.71,135.06,-0.81,7.62,0,0,0,0.0,0.0,0.0
1787615345.039991,08:49:05.039,1328,26.159,26.63,1011.32,16.08,0.0,0.0,0.0,-1.76,-1.29,-0.43,-1.76,1.3,-0.13,9.71,135.06,-0.81,7.62,0,0,0,0.0,0.0,0.0
1787615345.040148,08:49:05.040,1329,26.169,26.62,1011.29,16.329,0.0,0.0,0.0,-1.76,-1.29,-0.43,-1.76,1.3,-0.13,9.71,135.06,-0.81,7.62,0,0,0,0.0,0.0,0.0
1787615345.040302,08:49:05.040,1330,26.179,26.62,1011.29,16.329,0.0,0.0,0.0,-1.76,-1.29,-0.43,-1.76,1.3,-0.13,9.71,135.06,-0.81,7.62,0,0,0,0.0,0.0,0.0
1787615345.040454,08:49:05.040,1331,26.189,26.62,1011.29,16.329,0.0,0.0,0.0,-1.76,-1.29,-0.43,-1.76,1.3,-0.13,9.71,135.06,-0.81,7.62,0,0,0,0.0,0.0,0.0
1787615345.040605,08:49:05.040,1332,26.199,26.62,1011.29,16.329,0.0,0.0,0.0,-1.76,-1.29,-0.43,-1.76,1.3,-0.13,9.71,135.06,-0.81,7.62,0,0,0,0.0,0.0,0.0
1787615345.040755,08:49:05.040,1333,26.209,26.62,1011.29,16.329,0.0,0.0,0.0,-1.76,-1.29,-0.43,-1.76,1.3,-0.13,9.71,135.06,-0.81,7.62,0,0,0,0.0,0.0,0.0
1787615345.040905,08:49:05.040,1334,26.219,26.62,1011.29,16.329,0.0,0.0,0.0,-1.76,-1.29,-0.43,-1.76,1.3,-0.13,9.71,135.06,-0.81,7.62,0,0,0,0.0,0.0,0.0
1787615345.041058,08:49:05.041,1335,26.229,26.62,1011.29,16.329,0.0,0.0,0.0,-4.53,-0.35,-0.68,-4.53,1.19,-0.39,9.72,137.75,-2.25,7.0,0,0,0,0.0,0.0,0.0
1787615345.041209,08:49:05.041,1336,26.239,26.62,1011.29,16.329,0.0,0.0,0.0,-4.53,-0.35,-0.68,-4.53,1.19,-0.39,9.72,137.75,-2.25,7.0,0,0,0,0.0,0.0,0.0
1787615345.142508,08:49:05.142,1337,26.249,26.62,1011.29,16.329,0.0,0.0,0.0,-4.53,-0.35,-0.68,-4.53,1.19,-0.39,9.72,137.75,-2.25,7.0,0,0,0,0.0,0.0,0.0
1787615345.143394,08:49:05.143,1338,26.259,26.62,1011.29,16.329,0.0,0.0,0.0,-4.53,-0.35,-0.68,-4.53,1.19,-0.39,9.72,137.75,-2.25,7.0,0,0,0,0.0,0.0,0.0
1787615345.143797,08:49:05.143,1339,26.269,26.62,1011.29,16.329,0.0,0.0,0.0,-4.53,-0.35,-0.68,-4.53,1.19,-0.39,9.72,137.75,-2.25,7.0,0,0,0,0.0,0.0,0.0
1787615345.144156,08:49:05.144,1340,26.279,26.62,1011.29,16.329,0.0,0.0,0.0,-4.53,-0.35,-0.68,-4.53,1.19,-0.39,9.72,137.75,-2.25,7.0,0,0,0,0.0,0.0,0.0
1787615345.144502,08:49:05.144,1341,26.289,26.62,1011.29,16.329,0.0,0.0,0.0,-4.53,-0.35,-0.68,-4.53,1.19,-0.39,9.72,137.75,-2.25,7.0,0,0,0,0.0,0.0,0.0
1787615345.144850,08:49:05.144,1342,26.299,26.62,1011.29,16.329,0.0,0.0,0.0,-4.53,-0.35,-0.68,-4.53,1.19,-0.39,9.72,137.75,-2.25,7.0,0,0,0,0.0,0.0,0.0
1787615345.145557,08:49:05.145,1343,26.309,26.62,1011.29,16.329,0.0,0.0,0.0,-4.53,-0.35,-0.68,-4.53,1.19,-0.39,9.72,137.75,-2.25,7.0,0,0,0,0.0,0.0,0.0
1787615345.145914,08:49:05.145,1344,26.319,26.62,1011.29,16.329,0.0,0.0,0.0,-4.53,-0.35,-0.68,-4.53,1.19,-0.39,9.72,137.75,-2.25,7.0,0,0,0,0.0,0.0,0.0
1787615345.146273,08:49:05.146,1345,26.329,26.62,1011.29,16.329,0.0,0.0,0.0,-1.43,0.23,-1.66,-1.43,0.83,-0.32,9.76,140.75,-1.87,4.87,0,0,0,0.0,0.0,0.0
1787615345.146640,08:49:05.146,1346,26.339,26.62,1011.29,16.329,0.0,0.0,0.0,-1.43,0.23,-1.66,-1.43,0.83,-0.32,9.76,140.75,-1.87,4.87,0,0,0,0.0,0.0,0.0
1787615345.147005,08:49:05.147,1347,26.349,26.62,1011.29,16.329,0.0,0.0,0.0,-1.43,0.23,-1.66,-1.43,0.83,-0.32,9.76,140.75,-1.87,4.87,0,0,0,0.0,0.0,0.0
1787615345.248481,08:49:05.248,1348,26.359,26.62,1011.29,16.329,0.0,0.0,0.0,-1.43,0.23,-1.66,-1.43,0.83,-0.32,9.76,140.75,-1.87,4.87,0,0,0,0.0,0.0,0.0
1787615345.248952,08:49:05.248,1349,26.369,26.6,1011.28,16.413,0.0,0.0,0.0,-1.43,0.23,-1.66,-1.43,0.83,-0.32,9.76,140.75,-1.87,4.87,0,0,0,0.0,0.0,0.0
1787615345.249214,08:49:05.249,1350,26.379,26.6,1011.28,16.413,0.0,0.0,0.0,-1.43,0.23,-1.66,-1.43,0.83,-0.32,9.76,140.75,-1.87,4.87,0,0,0,0.0,0.0,0.0
1787615345.249439,08:49:05.249,1351,26.389,26.6,1011.28,16.413,0.0,0.0,0.0,-1.43,0.23,-1.66,-1.43,0.83,-0.32,9.76,140.75,-1.87,4.87,0,0,0,0.0,0.0,0.0
1787615345.249663,08:49:05.249,1352,26.399,26.6,1011.28,16.413,0.0,0.0,0.0,-1.43,0.23,-1.66,-1.43,0.83,-0.32,9.76,140.75,-1.87,4.87,0,0,0,0.0,0.0,0.0
1787615345.249880,08:49:05.249,1353,26.409,26.6,1011.28,16.413,0.0,0.0,0.0,-1.43,0.23,-1.66,-1.43,0.83,-0.32,9.76,140.75,-1.87,4.87,0,0,0,0.0,0.0,0.0
1787615345.250108,08:49:05.250,1354,26.419,26.6,1011.28,16.413,0.0,0.0,0.0,-1.43,0.23,-1.66,-1.43,0.83,-0.32,9.76,140.75,-1.87,4.87,0,0,0,0.0,0.0,0.0
1787615345.250325,08:49:05.250,1355,26.429,26.6,1011.28,16.413,0.0,0.0,0.0,-0.28,1.21,0.26,-0.28,0.46,0.08,9.79,143.0,0.5,2.68,0,0,0,0.0,0.0,0.0
1787615345.250543,08:49:05.250,1356,26.439,26.6,1011.28,16.413,0.0,0.0,0.0,-0.28,1.21,0.26,-0.28,0.46,0.08,9.79,143.0,0.5,2.68,0,0,0,0.0,0.0,0.0
1787615345.250760,08:49:05.250,1357,26.449,26.6,1011.28,16.413,0.0,0.0,0.0,-0.28,1.21,0.26,-0.28,0.46,0.08,9.79,143.0,0.5,2.68,0,0,0,0.0,0.0,0.0
1787615345.351927,08:49:05.351,1358,26.459,26.6,1011.28,16.413,0.0,0.0,0.0,-0.28,1.21,0.26,-0.28,0.46,0.08,9.79,143.0,0.5,2.68,0,0,0,0.0,0.0,0.0
1787615345.352222,08:49:05.352,1359,26.469,26.6,1011.28,16.413,0.0,0.0,0.0,-0.28,1.21,0.26,-0.28,0.46,0.08,9.79,143.0,0.5,2.68,0,0,0,0.0,0.0,0.0
1787615345.352444,08:49:05.352,1360,26.479,26.6,1011.28,16.413,0.0,0.0,0.0,-0.28,1.21,0.26,-0.28,0.46,0.08,9.79,143.0,0.5,2.68,0,0,0,0.0,0.0,0.0
1787615345.352662,08:49:05.352,1361,26.489,26.6,1011.28,16.413,0.0,0.0,0.0,-0.28,1.21,0.26,-0.28,0.46,0.08,9.79,143.0,0.5,2.68,0,0,0,0.0,0.0,0.0
1787615345.352895,08:49:05.352,1362,26.499,26.6,1011.28,16.413,0.0,0.0,0.0,-0.28,1.21,0.26,-0.28,0.46,0.08,9.79,143.0,0.5,2.68,0,0,0,0.0,0.0,0.0
1787615345.353312,08:49:05.353,1363,26.509,26.6,1011.28,16.413,0.0,0.0,0.0,-0.28,1.21,0.26,-0.28,0.46,0.08,9.79,143.0,0.5,2.68,0,0,0,0.0,0.0,0.0
1787615345.353585,08:49:05.353,1364,26.519,26.6,1011.28,16.413,0.0,0.0,0.0,-0.28,1.21,0.26,-0.28,0.46,0.08,9.79,143.0,0.5,2.68,0,0,0,0.0,0.0,0.0
1787615345.353818,08:49:05.353,1365,26.529,26.6,1011.28,16.413,0.0,0.0,0.0,-1.18,1.27,-1.64,-1.18,0.1,0.48,9.79,145.25,2.81,0.62,0,0,0,0.0,0.0,0.0
1787615345.354092,08:49:05.354,1366,26.539,26.6,1011.28,16.413,0.0,0.0,0.0,-1.18,1.27,-1.64,-1.18,0.1,0.48,9.79,145.25,2.81,0.62,0,0,0,0.0,0.0,0.0
1787615345.354316,08:49:05.354,1367,26.549,26.6,1011.28,16.413,0.0,0.0,0.0,-1.18,1.27,-1.64,-1.18,0.1,0.48,9.79,145.25,2.81,0.62,0,0,0,0.0,0.0,0.0
1787615345.354538,08:49:05.354,1368,26.559,26.6,1011.28,16.413,0.0,0.0,0.0,-1.18,1.27,-1.64,-1.18,0.1,0.48,9.79,145.25,2.81,0.62,0,0,0,0.0,0.0,0.0
1787615345.455949,08:49:05.455,1369,26.569,26.63,1011.34,15.914,0.0,0.0,0.0,-1.18,1.27,-1.64,-1.18,0.1,0.48,9.79,145.25,2.81,0.62,0,0,0,0.0,0.0,0.0
1787615345.456331,08:49:05.456,1370,26.579,26.63,1011.34,15.914,0.0,0.0,0.0,-1.18,1.27,-1.64,-1.18,0.1,0.48,9.79,145.25,2.81,0.62,0,0,0,0.0,0.0,0.0
1787615345.456622,08:49:05.456,1371,26.589,26.63,1011.34,15.914,0.0,0.0,0.0,-1.18,1.27,-1.64,-1.18,0.1,0.48,9.79,145.25,2.81,0.62,0,0,0,0.0,0.0,0.0
1787615345.456854,08:49:05.456,1372,26.599,26.63,1011.34,15.914,0.0,0.0,0.0,-1.18,1.27,-1.64,-1.18,0.1,0.48,9.79,145.25,2.81,0.62,0,0,0,0.0,0.0,0.0
1787615345.457081,08:49:05.457,1373,26.609,26.63,1011.34,15.914,0.0,0.0,0.0,-1.18,1.27,-1.64,-1.18,0.1,0.48,9.79,145.25,2.81,0.62,0,0,0,0.0,0.0,0.0
1787615345.457303,08:49:05.457,1374,26.619,26.63,1011.34,15.914,0.0,0.0,0.0,-1.18,1.27,-1.64,-1.18,0.1,0.48,9.79,145.25,2.81,0.62,0,0,0,0.0,0.0,0.0
1787615345.457528,08:49:05.457,1375,26.629,26.63,1011.34,15.914,0.0,0.0,0.0,-0.84,0.36,0.19,-0.84,-0.07,0.75,9.77,147.43,4.37,-0.43,0,0,0,0.0,0.0,0.0
1787615345.457760,08:49:05.457,1376,26.639,26.63,1011.34,15.914,0.0,0.0,0.0,-0.84,0.36,0.19,-0.84,-0.07,0.75,9.77,147.43,4.37,-0.43,0,0,0,0.0,0.0,0.0
1787615345.458090,08:49:05.458,1377,26.649,26.63,1011.34,15.914,0.0,0.0,0.0,-0.84,0.36,0.19,-0.84,-0.07,0.75,9.77,147.43,4.37,-0.43,0,0,0,0.0,0.0,0.0
1787615345.559066,08:49:05.559,1378,26.659,26.63,1011.34,15.914,0.0,0.0,0.0,-0.84,0.36,0.19,-0.84,-0.07,0.75,9.77,147.43,4.37,-0.43,0,0,0,0.0,0.0,0.0
1787615345.559373,08:49:05.559,1379,26.669,26.63,1011.34,15.914,0.0,0.0,0.0,-0.84,0.36,0.19,-0.84,-0.07,0.75,9.77,147.43,4.37,-0.43,0,0,0,0.0,0.0,0.0
1787615345.559598,08:49:05.559,1380,26.679,26.63,1011.34,15.914,0.0,0.0,0.0,-0.84,0.36,0.19,-0.84,-0.07,0.75,9.77,147.43,4.37,-0.43,0,0,0,0.0,0.0,0.0
1787615345.559819,08:49:05.559,1381,26.689,26.63,1011.34,15.914,0.0,0.0,0.0,-0.84,0.36,0.19,-0.84,-0.07,0.75,9.77,147.43,4.37,-0.43,0,0,0,0.0,0.0,0.0
1787615345.560039,08:49:05.560,1382,26.699,26.63,1011.34,15.914,0.0,0.0,0.0,-0.84,0.36,0.19,-0.84,-0.07,0.75,9.77,147.43,4.37,-0.43,0,0,0,0.0,0.0,0.0
1787615345.560259,08:49:05.560,1383,26.709,26.63,1011.34,15.914,0.0,0.0,0.0,-0.84,0.36,0.19,-0.84,-0.07,0.75,9.77,147.43,4.37,-0.43,0,0,0,0.0,0.0,0.0
1787615345.560477,08:49:05.560,1384,26.719,26.63,1011.34,15.914,0.0,0.0,0.0,-0.84,0.36,0.19,-0.84,-0.07,0.75,9.77,147.43,4.37,-0.43,0,0,0,0.0,0.0,0.0
1787615345.560697,08:49:05.560,1385,26.729,26.63,1011.34,15.914,0.0,0.0,0.0,0.05,-0.07,-0.74,0.05,0.0,0.64,9.78,150.37,3.75,0.0,0,0,0,0.0,0.0,0.0
1787615345.560922,08:49:05.560,1386,26.739,26.63,1011.34,15.914,0.0,0.0,0.0,0.05,-0.07,-0.74,0.05,0.0,0.64,9.78,150.37,3.75,0.0,0,0,0,0.0,0.0,0.0
1787615345.561142,08:49:05.561,1387,26.749,26.63,1011.34,15.914,0.0,0.0,0.0,0.05,-0.07,-0.74,0.05,0.0,0.64,9.78,150.37,3.75,0.0,0,0,0,0.0,0.0,0.0
1787615345.661670,08:49:05.661,1388,26.759,26.63,1011.34,15.914,0.0,0.0,0.0,0.05,-0.07,-0.74,0.05,0.0,0.64,9.78,150.37,3.75,0.0,0,0,0,0.0,0.0,0.0
1787615345.662001,08:49:05.662,1389,26.769,26.62,1011.32,16.08,0.0,0.0,0.0,0.05,-0.07,-0.74,0.05,0.0,0.64,9.78,150.37,3.75,0.0,0,0,0,0.0,0.0,0.0
1787615345.662236,08:49:05.662,1390,26.779,26.62,1011.32,16.08,0.0,0.0,0.0,0.05,-0.07,-0.74,0.05,0.0,0.64,9.78,150.37,3.75,0.0,0,0,0,0.0,0.0,0.0
1787615345.662460,08:49:05.662,1391,26.789,26.62,1011.32,16.08,0.0,0.0,0.0,0.05,-0.07,-0.74,0.05,0.0,0.64,9.78,150.37,3.75,0.0,0,0,0,0.0,0.0,0.0
1787615345.662679,08:49:05.662,1392,26.799,26.62,1011.32,16.08,0.0,0.0,0.0,0.05,-0.07,-0.74,0.05,0.0,0.64,9.78,150.37,3.75,0.0,0,0,0,0.0,0.0,0.0
1787615345.662896,08:49:05.662,1393,26.809,26.62,1011.32,16.08,0.0,0.0,0.0,0.05,-0.07,-0.74,0.05,0.0,0.64,9.78,150.37,3.75,0.0,0,0,0,0.0,0.0,0.0
1787615345.663114,08:49:05.663,1394,26.819,26.62,1011.32,16.08,0.0,0.0,0.0,0.05,-0.07,-0.74,0.05,0.0,0.64,9.78,150.37,3.75,0.0,0,0,0,0.0,0.0,0.0
1787615345.663332,08:49:05.663,1395,26.829,26.62,1011.32,16.08,0.0,0.0,0.0,-1.39,-2.12,0.06,-1.39,0.32,0.44,9.79,154.0,2.56,1.87,0,0,0,0.0,0.0,0.0
1787615345.663551,08:49:05.663,1396,26.839,26.62,1011.32,16.08,0.0,0.0,0.0,-1.39,-2.12,0.06,-1.39,0.32,0.44,9.79,154.0,2.56,1.87,0,0,0,0.0,0.0,0.0
1787615345.764929,08:49:05.764,1397,26.849,26.62,1011.32,16.08,0.0,0.0,0.0,-1.39,-2.12,0.06,-1.39,0.32,0.44,9.79,154.0,2.56,1.87,0,0,0,0.0,0.0,0.0
1787615345.765159,08:49:05.765,1398,26.859,26.62,1011.32,16.08,0.0,0.0,0.0,-1.39,-2.12,0.06,-1.39,0.32,0.44,9.79,154.0,2.56,1.87,0,0,0,0.0,0.0,0.0
1787615345.765313,08:49:05.765,1399,26.869,26.62,1011.32,16.08,0.0,0.0,0.0,-1.39,-2.12,0.06,-1.39,0.32,0.44,9.79,154.0,2.56,1.87,0,0,0,0.0,0.0,0.0
1787615345.765464,08:49:05.765,1400,26.879,26.62,1011.32,16.08,0.0,0.0,0.0,-1.39,-2.12,0.06,-1.39,0.32,0.44,9.79,154.0,2.56,1.87,0,0,0,0.0,0.0,0.0
1787615345.765613,08:49:05.765,1401,26.889,26.62,1011.32,16.08,0.0,0.0,0.0,-1.39,-2.12,0.06,-1.39,0.32,0.44,9.79,154.0,2.56,1.87,0,0,0,0.0,0.0,0.0
1787615345.765761,08:49:05.765,1402,26.899,26.62,1011.32,16.08,0.0,0.0,0.0,-1.39,-2.12,0.06,-1.39,0.32,0.44,9.79,154.0,2.56,1.87,0,0,0,0.0,0.0,0.0
1787615345.765909,08:49:05.765,1403,26.909,26.62,1011.32,16.08,0.0,0.0,0.0,-1.39,-2.12,0.06,-1.39,0.32,0.44,9.79,154.0,2.56,1.87,0,0,0,0.0,0.0,0.0
1787615345.766058,08:49:05.766,1404,26.919,26.62,1011.32,16.08,0.0,0.0,0.0,-1.39,-2.12,0.06,-1.39,0.32,0.44,9.79,154.0,2.56,1.87,0,0,0,0.0,0.0,0.0
1787615345.766206,08:49:05.766,1405,26.929,26.62,1011.32,16.08,0.0,0.0,0.0,0.65,-2.67,-0.67,0.65,0.71,0.52,9.76,158.06,2.81,3.87,0,0,0,0.0,0.0,0.0
1787615345.766355,08:49:05.766,1406,26.939,26.62,1011.32,16.08,0.0,0.0,0.0,0.65,-2.67,-0.67,0.65,0.71,0.52,9.76,158.06,2.81,3.87,0,0,0,0.0,0.0,0.0
1787615345.766502,08:49:05.766,1407,26.949,26.62,1011.32,16.08,0.0,0.0,0.0,0.65,-2.67,-0.67,0.65,0.71,0.52,9.76,158.06,2.81,3.87,0,0,0,0.0,0.0,0.0
1787615345.867801,08:49:05.867,1408,26.959,26.62,1011.32,16.08,0.0,0.0,0.0,0.65,-2.67,-0.67,0.65,0.71,0.52,9.76,158.06,2.81,3.87,0,0,0,0.0,0.0,0.0
1787615345.868031,08:49:05.868,1409,26.969,26.61,1011.32,16.08,0.0,0.0,0.0,0.65,-2.67,-0.67,0.65,0.71,0.52,9.76,158.06,2.81,3.87,0,0,0,0.0,0.0,0.0
1787615345.868172,08:49:05.868,1410,26.979,26.61,1011.32,16.08,0.0,0.0,0.0,0.65,-2.67,-0.67,0.65,0.71,0.52,9.76,158.06,2.81,3.87,0,0,0,0.0,0.0,0.0
1787615345.868309,08:49:05.868,1411,26.989,26.61,1011.32,16.08,0.0,0.0,0.0,0.65,-2.67,-0.67,0.65,0.71,0.52,9.76,158.06,2.81,3.87,0,0,0,0.0,0.0,0.0
1787615345.868445,08:49:05.868,1412,26.999,26.61,1011.32,16.08,0.0,0.0,0.0,0.65,-2.67,-0.67,0.65,0.71,0.52,9.76,158.06,2.81,3.87,0,0,0,0.0,0.0,0.0
1787615345.868581,08:49:05.868,1413,27.009,26.61,1011.32,16.08,0.0,0.0,0.0,0.65,-2.67,-0.67,0.65,0.71,0.52,9.76,158.06,2.81,3.87,0,0,0,0.0,0.0,0.0
1787615345.868716,08:49:05.868,1414,27.019,26.61,1011.32,16.08,0.0,0.0,0.0,0.65,-2.67,-0.67,0.65,0.71,0.52,9.76,158.06,2.81,3.87,0,0,0,0.0,0.0,0.0
1787615345.868860,08:49:05.868,1415,27.029,26.61,1011.32,16.08,0.0,0.0,0.0,1.03,-0.35,-0.6,1.03,1.1,1.09,9.68,163.06,6.0,6.37,0,0,0,0.0,0.0,0.0
1787615345.869034,08:49:05.869,1416,27.039,26.61,1011.32,16.08,0.0,0.0,0.0,1.03,-0.35,-0.6,1.03,1.1,1.09,9.68,163.06,6.0,6.37,0,0,0,0.0,0.0,0.0
1787615345.869175,08:49:05.869,1417,27.049,26.61,1011.32,16.08,0.0,0.0,0.0,1.03,-0.35,-0.6,1.03,1.1,1.09,9.68,163.06,6.0,6.37,0,0,0,0.0,0.0,0.0
1787615345.869324,08:49:05.869,1418,27.059,26.61,1011.32,16.08,0.0,0.0,0.0,1.03,-0.35,-0.6,1.03,1.1,1.09,9.68,163.06,6.0,6.37,0,0,0,0.0,0.0,0.0
1787615345.869472,08:49:05.869,1419,27.069,26.61,1011.32,16.08,0.0,0.0,0.0,1.03,-0.35,-0.6,1.03,1.1,1.09,9.68,163.06,6.0,6.37,0,0,0,0.0,0.0,0.0
1787615345.970844,08:49:05.970,1420,27.079,26.61,1011.32,16.08,0.0,0.0,0.0,1.03,-0.35,-0.6,1.03,1.1,1.09,9.68,163.06,6.0,6.37,0,0,0,0.0,0.0,0.0
1787615345.971753,08:49:05.971,1421,27.089,26.61,1011.32,16.08,0.0,0.0,0.0,1.03,-0.35,-0.6,1.03,1.1,1.09,9.68,163.06,6.0,6.37,0,0,0,0.0,0.0,0.0
1787615345.972110,08:49:05.972,1422,27.099,26.61,1011.32,16.08,0.0,0.0,0.0,1.03,-0.35,-0.6,1.03,1.1,1.09,9.68,163.06,6.0,6.37,0,0,0,0.0,0.0,0.0
1787615345.972427,08:49:05.972,1423,27.109,26.61,1011.32,16.08,0.0,0.0,0.0,1.03,-0.35,-0.6,1.03,1.1,1.09,9.68,163.06,6.0,6.37,0,0,0,0.0,0.0,0.0
1787615345.972717,08:49:05.972,1424,27.119,26.61,1011.32,16.08,0.0,0.0,0.0,1.03,-0.35,-0.6,1.03,1.1,1.09,9.68,163.06,6.0,6.37,0,0,0,0.0,0.0,0.0
1787615345.973011,08:49:05.973,1425,27.129,26.61,1011.32,16.08,0.0,0.0,0.0,-0.3,-2.34,-2.04,-0.3,1.14,1.74,9.58,168.5,9.87,6.81,0,0,0,0.0,0.0,0.0
1787615345.973310,08:49:05.973,1426,27.139,26.61,1011.32,16.08,0.0,0.0,0.0,-0.3,-2.34,-2.04,-0.3,1.14,1.74,9.58,168.5,9.87,6.81,0,0,0,0.0,0.0,0.0
1787615345.973601,08:49:05.973,1427,27.149,26.61,1011.32,16.08,0.0,0.0,0.0,-0.3,-2.34,-2.04,-0.3,1.14,1.74,9.58,168.5,9.87,6.81,0,0,0,0.0,0.0,0.0
1787615345.973890,08:49:05.973,1428,27.159,26.61,1011.32,16.08,0.0,0.0,0.0,-0.3,-2.34,-2.04,-0.3,1.14,1.74,9.58,168.5,9.87,6.81,0,0,0,0.0,0.0,0.0
1787615345.974182,08:49:05.974,1429,27.169,26.63,1011.4,15.412,0.0,0.0,0.0,-0.3,-2.34,-2.04,-0.3,1.14,1.74,9.58,168.5,9.87,6.81,0,0,0,0.0,0.0,0.0
1787615346.075165,08:49:06.075,1430,27.179,26.63,1011.4,15.412,0.0,0.0,0.0,-0.3,-2.34,-2.04,-0.3,1.14,1.74,9.58,168.5,9.87,6.81,0,0,0,0.0,0.0,0.0
1787615346.075434,08:49:06.075,1431,27.189,26.63,1011.4,15.412,0.0,0.0,0.0,-0.3,-2.34,-2.04,-0.3,1.14,1.74,9.58,168.5,9.87,6.81,0,0,0,0.0,0.0,0.0
1787615346.075598,08:49:06.075,1432,27.199,26.63,1011.4,15.412,0.0,0.0,0.0,-0.3,-2.34,-2.04,-0.3,1.14,1.74,9.58,168.5,9.87,6.81,0,0,0,0.0,0.0,0.0
1787615346.075755,08:49:06.075,1433,27.209,26.63,1011.4,15.412,0.0,0.0,0.0,-0.3,-2.34,-2.04,-0.3,1.14,1.74,9.58,168.5,9.87,6.81,0,0,0,0.0,0.0,0.0
1787615346.075909,08:49:06.075,1434,27.219,26.63,1011.4,15.412,0.0,0.0,0.0,-0.3,-2.34,-2.04,-0.3,1.14,1.74,9.58,168.5,9.87,6.81,0,0,0,0.0,0.0,0.0
1787615346.076067,08:49:06.076,1435,27.229,26.63,1011.4,15.412,0.0,0.0,0.0,1.02,-1.43,-1.62,1.02,0.85,2.35,9.48,174.37,13.62,5.12,0,0,0,0.0,0.0,0.0
1787615346.076254,08:49:06.076,1436,27.239,26.63,1011.4,15.412,0.0,0.0,0.0,1.02,-1.43,-1.62,1.02,0.85,2.35,9.48,174.37,13.62,5.12,0,0,0,0.0,0.0,0.0
1787615346.076411,08:49:06.076,1437,27.249,26.63,1011.4,15.412,0.0,0.0,0.0,1.02,-1.43,-1.62,1.02,0.85,2.35,9.48,174.37,13.62,5.12,0,0,0,0.0,0.0,0.0
1787615346.076576,08:49:06.076,1438,27.259,26.63,1011.4,15.412,0.0,0.0,0.0,1.02,-1.43,-1.62,1.02,0.85,2.35,9.48,174.37,13.62,5.12,0,0,0,0.0,0.0,0.0
1787615346.076730,08:49:06.076,1439,27.269,26.63,1011.4,15.412,0.0,0.0,0.0,1.02,-1.43,-1.62,1.02,0.85,2.35,9.48,174.37,13.62,5.12,0,0,0,0.0,0.0,0.0
1787615346.076882,08:49:06.076,1440,27.279,26.63,1011.4,15.412,0.0,0.0,0.0,1.02,-1.43,-1.62,1.02,0.85,2.35,9.48,174.37,13.62,5.12,0,0,0,0.0,0.0,0.0
1787615346.177599,08:49:06.177,1441,27.289,26.63,1011.4,15.412,0.0,0.0,0.0,1.02,-1.43,-1.62,1.02,0.85,2.35,9.48,174.37,13.62,5.12,0,0,0,0.0,0.0,0.0
1787615346.177785,08:49:06.177,1442,27.299,26.63,1011.4,15.412,0.0,0.0,0.0,1.02,-1.43,-1.62,1.02,0.85,2.35,9.48,174.37,13.62,5.12,0,0,0,0.0,0.0,0.0
1787615346.177900,08:49:06.177,1443,27.309,26.63,1011.4,15.412,0.0,0.0,0.0,1.02,-1.43,-1.62,1.02,0.85,2.35,9.48,174.37,13.62,5.12,0,0,0,0.0,0.0,0.0
1787615346.178011,08:49:06.178,1444,27.319,26.63,1011.4,15.412,0.0,0.0,0.0,1.02,-1.43,-1.62,1.02,0.85,2.35,9.48,174.37,13.62,5.12,0,0,0,0.0,0.0,0.0
1787615346.178213,08:49:06.178,1445,27.329,26.63,1011.4,15.412,0.0,0.0,0.0,1.84,-5.94,-2.36,1.84,0.22,2.72,9.41,180.25,16.0,1.68,0,0,0,0.0,0.0,0.0
1787615346.178337,08:49:06.178,1446,27.339,26.63,1011.4,15.412,0.0,0.0,0.0,1.84,-5.94,-2.36,1.84,0.22,2.72,9.41,180.25,16.0,1.68,0,0,0,0.0,0.0,0.0
1787615346.178453,08:49:06.178,1447,27.349,26.63,1011.4,15.412,0.0,0.0,0.0,1.84,-5.94,-2.36,1.84,0.22,2.72,9.41,180.25,16.0,1.68,0,0,0,0.0,0.0,0.0
1787615346.178565,08:49:06.178,1448,27.359,26.63,1011.4,15.412,0.0,0.0,0.0,1.84,-5.94,-2.36,1.84,0.22,2.72,9.41,180.25,16.0,1.68,0,0,0,0.0,0.0,0.0
1787615346.178676,08:49:06.178,1449,27.369,26.61,1011.39,15.496,0.0,0.0,0.0,1.84,-5.94,-2.36,1.84,0.22,2.72,9.41,180.25,16.0,1.68,0,0,0,0.0,0.0,0.0
1787615346.178787,08:49:06.178,1450,27.379,26.61,1011.39,15.496,0.0,0.0,0.0,1.84,-5.94,-2.36,1.84,0.22,2.72,9.41,180.25,16.0,1.68,0,0,0,0.0,0.0,0.0
1787615346.280061,08:49:06.280,1451,27.389,26.61,1011.39,15.496,0.0,0.0,0.0,1.84,-5.94,-2.36,1.84,0.22,2.72,9.41,180.25,16.0,1.68,0,0,0,0.0,0.0,0.0
1787615346.280491,08:49:06.280,1452,27.399,26.61,1011.39,15.496,0.0,0.0,0.0,1.84,-5.94,-2.36,1.84,0.22,2.72,9.41,180.25,16.0,1.68,0,0,0,0.0,0.0,0.0
1787615346.280739,08:49:06.280,1453,27.409,26.61,1011.39,15.496,0.0,0.0,0.0,1.84,-5.94,-2.36,1.84,0.22,2.72,9.41,180.25,16.0,1.68,0,0,0,0.0,0.0,0.0
1787615346.280963,08:49:06.280,1454,27.419,26.61,1011.39,15.496,0.0,0.0,0.0,1.84,-5.94,-2.36,1.84,0.22,2.72,9.41,180.25,16.0,1.68,0,0,0,0.0,0.0,0.0
1787615346.281182,08:49:06.281,1455,27.429,26.61,1011.39,15.496,0.0,0.0,0.0,0.45,1.73,1.46,0.45,0.7,2.91,9.33,184.25,17.31,3.68,0,0,0,0.0,0.0,0.0
1787615346.281402,08:49:06.281,1456,27.439,26.61,1011.39,15.496,0.0,0.0,0.0,0.45,1.73,1.46,0.45,0.7,2.91,9.33,184.25,17.31,3.68,0,0,0,0.0,0.0,0.0
1787615346.281620,08:49:06.281,1457,27.449,26.61,1011.39,15.496,0.0,0.0,0.0,0.45,1.73,1.46,0.45,0.7,2.91,9.33,184.25,17.31,3.68,0,0,0,0.0,0.0,0.0
1787615346.281838,08:49:06.281,1458,27.459,26.61,1011.39,15.496,0.0,0.0,0.0,0.45,1.73,1.46,0.45,0.7,2.91,9.33,184.25,17.31,3.68,0,0,0,0.0,0.0,0.0
1787615346.282056,08:49:06.282,1459,27.469,26.61,1011.39,15.496,0.0,0.0,0.0,0.45,1.73,1.46,0.45,0.7,2.91,9.33,184.25,17.31,3.68,0,0,0,0.0,0.0,0.0
1787615346.382772,08:49:06.382,1460,27.479,26.61,1011.39,15.496,0.0,0.0,0.0,0.45,1.73,1.46,0.45,0.7,2.91,9.33,184.25,17.31,3.68,0,0,0,0.0,0.0,0.0
1787615346.383111,08:49:06.383,1461,27.489,26.61,1011.39,15.496,0.0,0.0,0.0,0.45,1.73,1.46,0.45,0.7,2.91,9.33,184.25,17.31,3.68,0,0,0,0.0,0.0,0.0
1787615346.383346,08:49:06.383,1462,27.499,26.61,1011.39,15.496,0.0,0.0,0.0,0.45,1.73,1.46,0.45,0.7,2.91,9.33,184.25,17.31,3.68,0,0,0,0.0,0.0,0.0
1787615346.383649,08:49:06.383,1463,27.509,26.61,1011.39,15.496,0.0,0.0,0.0,0.45,1.73,1.46,0.45,0.7,2.91,9.33,184.25,17.31,3.68,0,0,0,0.0,0.0,0.0
1787615346.383897,08:49:06.383,1464,27.519,26.61,1011.39,15.496,0.0,0.0,0.0,0.45,1.73,1.46,0.45,0.7,2.91,9.33,184.25,17.31,3.68,0,0,0,0.0,0.0,0.0
1787615346.384120,08:49:06.384,1465,27.529,26.61,1011.39,15.496,0.0,0.0,0.0,0.45,1.73,1.46,0.45,0.7,2.91,9.33,184.25,17.31,3.68,0,0,0,0.0,0.0,0.0
1787615346.384384,08:49:06.384,1466,27.539,26.61,1011.39,15.496,0.0,0.0,0.0,2.21,-0.52,-0.11,2.21,1.03,2.72,9.36,185.56,16.37,5.93,0,0,0,0.0,0.0,0.0
1787615346.384609,08:49:06.384,1467,27.549,26.61,1011.39,15.496,0.0,0.0,0.0,2.21,-0.52,-0.11,2.21,1.03,2.72,9.36,185.56,16.37,5.93,0,0,0,0.0,0.0,0.0
1787615346.384840,08:49:06.384,1468,27.559,26.61,1011.39,15.496,0.0,0.0,0.0,2.21,-0.52,-0.11,2.21,1.03,2.72,9.36,185.56,16.37,5.93,0,0,0,0.0,0.0,0.0
1787615346.385062,08:49:06.385,1469,27.569,26.59,1011.45,14.997,0.0,0.0,0.0,2.21,-0.52,-0.11,2.21,1.03,2.72,9.36,185.56,16.37,5.93,0,0,0,0.0,0.0,0.0
1787615346.385283,08:49:06.385,1470,27.579,26.59,1011.45,14.997,0.0,0.0,0.0,2.21,-0.52,-0.11,2.21,1.03,2.72,9.36,185.56,16.37,5.93,0,0,0,0.0,0.0,0.0
1787615346.486673,08:49:06.486,1471,27.589,26.59,1011.45,14.997,0.0,0.0,0.0,2.21,-0.52,-0.11,2.21,1.03,2.72,9.36,185.56,16.37,5.93,0,0,0,0.0,0.0,0.0
1787615346.486895,08:49:06.486,1472,27.599,26.59,1011.45,14.997,0.0,0.0,0.0,2.21,-0.52,-0.11,2.21,1.03,2.72,9.36,185.56,16.37,5.93,0,0,0,0.0,0.0,0.0
1787615346.487051,08:49:06.487,1473,27.609,26.59,1011.45,14.997,0.0,0.0,0.0,2.21,-0.52,-0.11,2.21,1.03,2.72,9.36,185.56,16.37,5.93,0,0,0,0.0,0.0,0.0
1787615346.487206,08:49:06.487,1474,27.619,26.59,1011.45,14.997,0.0,0.0,0.0,2.21,-0.52,-0.11,2.21,1.03,2.72,9.36,185.56,16.37,5.93,0,0,0,0.0,0.0,0.0
1787615346.487358,08:49:06.487,1475,27.629,26.59,1011.45,14.997,0.0,0.0,0.0,2.21,-0.52,-0.11,2.21,1.03,2.72,9.36,185.56,16.37,5.93,0,0,0,0.0,0.0,0.0
1787615346.487510,08:49:06.487,1476,27.639,26.59,1011.45,14.997,0.0,0.0,0.0,0.92,1.14,-0.84,0.92,1.22,2.32,9.44,186.62,13.81,7.12,0,0,0,0.0,0.0,0.0
1787615346.487662,08:49:06.487,1477,27.649,26.59,1011.45,14.997,0.0,0.0,0.0,0.92,1.14,-0.84,0.92,1.22,2.32,9.44,186.62,13.81,7.12,0,0,0,0.0,0.0,0.0
1787615346.487814,08:49:06.487,1478,27.659,26.59,1011.45,14.997,0.0,0.0,0.0,0.92,1.14,-0.84,0.92,1.22,2.32,9.44,186.62,13.81,7.12,0,0,0,0.0,0.0,0.0
1787615346.487964,08:49:06.487,1479,27.669,26.59,1011.45,14.997,0.0,0.0,0.0,0.92,1.14,-0.84,0.92,1.22,2.32,9.44,186.62,13.81,7.12,0,0,0,0.0,0.0,0.0
1787615346.488114,08:49:06.488,1480,27.679,26.59,1011.45,14.997,0.0,0.0,0.0,0.92,1.14,-0.84,0.92,1.22,2.32,9.44,186.62,13.81,7.12,0,0,0,0.0,0.0,0.0
1787615346.589443,08:49:06.589,1481,27.689,26.59,1011.45,14.997,0.0,0.0,0.0,0.92,1.14,-0.84,0.92,1.22,2.32,9.44,186.62,13.81,7.12,0,0,0,0.0,0.0,0.0
1787615346.589750,08:49:06.589,1482,27.699,26.59,1011.45,14.997,0.0,0.0,0.0,0.92,1.14,-0.84,0.92,1.22,2.32,9.44,186.62,13.81,7.12,0,0,0,0.0,0.0,0.0
1787615346.589954,08:49:06.589,1483,27.709,26.59,1011.45,14.997,0.0,0.0,0.0,0.92,1.14,-0.84,0.92,1.22,2.32,9.44,186.62,13.81,7.12,0,0,0,0.0,0.0,0.0
1787615346.590145,08:49:06.590,1484,27.719,26.59,1011.45,14.997,0.0,0.0,0.0,0.92,1.14,-0.84,0.92,1.22,2.32,9.44,186.62,13.81,7.12,0,0,0,0.0,0.0,0.0
1787615346.590334,08:49:06.590,1485,27.729,26.59,1011.45,14.997,0.0,0.0,0.0,0.92,1.14,-0.84,0.92,1.22,2.32,9.44,186.62,13.81,7.12,0,0,0,0.0,0.0,0.0
1787615346.590522,08:49:06.590,1486,27.739,26.59,1011.45,14.997,0.0,0.0,0.0,1.19,-0.45,-1.73,1.19,1.43,1.74,9.54,186.06,10.37,8.43,0,0,0,0.0,0.0,0.0
1787615346.590711,08:49:06.590,1487,27.749,26.59,1011.45,14.997,0.0,0.0,0.0,1.19,-0.45,-1.73,1.19,1.43,1.74,9.54,186.06,10.37,8.43,0,0,0,0.0,0.0,0.0
1787615346.590902,08:49:06.590,1488,27.759,26.59,1011.45,14.997,0.0,0.0,0.0,1.19,-0.45,-1.73,1.19,1.43,1.74,9.54,186.06,10.37,8.43,0,0,0,0.0,0.0,0.0
1787615346.591087,08:49:06.591,1489,27.769,26.58,1011.45,14.997,0.0,0.0,0.0,1.19,-0.45,-1.73,1.19,1.43,1.74,9.54,186.06,10.37,8.43,0,0,0,0.0,0.0,0.0
1787615346.591276,08:49:06.591,1490,27.779,26.58,1011.45,14.997,0.0,0.0,0.0,1.19,-0.45,-1.73,1.19,1.43,1.74,9.54,186.06,10.37,8.43,0,0,0,0.0,0.0,0.0
1787615346.591465,08:49:06.591,1491,27.789,26.58,1011.45,14.997,0.0,0.0,0.0,1.19,-0.45,-1.73,1.19,1.43,1.74,9.54,186.06,10.37,8.43,0,0,0,0.0,0.0,0.0
1787615346.692371,08:49:06.692,1492,27.799,26.58,1011.45,14.997,0.0,0.0,0.0,1.19,-0.45,-1.73,1.19,1.43,1.74,9.54,186.06,10.37,8.43,0,0,0,0.0,0.0,0.0
1787615346.692592,08:49:06.692,1493,27.809,26.58,1011.45,14.997,0.0,0.0,0.0,1.19,-0.45,-1.73,1.19,1.43,1.74,9.54,186.06,10.37,8.43,0,0,0,0.0,0.0,0.0
1787615346.692765,08:49:06.692,1494,27.819,26.58,1011.45,14.997,0.0,0.0,0.0,1.19,-0.45,-1.73,1.19,1.43,1.74,9.54,186.06,10.37,8.43,0,0,0,0.0,0.0,0.0
1787615346.692937,08:49:06.692,1495,27.829,26.58,1011.45,14.997,0.0,0.0,0.0,0.24,-0.73,-0.91,0.24,1.48,1.51,9.57,185.75,8.93,8.68,0,0,0,0.0,0.0,0.0
1787615346.693100,08:49:06.693,1496,27.839,26.58,1011.45,14.997,0.0,0.0,0.0,0.24,-0.73,-0.91,0.24,1.48,1.51,9.57,185.75,8.93,8.68,0,0,0,0.0,0.0,0.0
1787615346.693253,08:49:06.693,1497,27.849,26.58,1011.45,14.997,0.0,0.0,0.0,0.24,-0.73,-0.91,0.24,1.48,1.51,9.57,185.75,8.93,8.68,0,0,0,0.0,0.0,0.0
1787615346.693401,08:49:06.693,1498,27.859,26.58,1011.45,14.997,0.0,0.0,0.0,0.24,-0.73,-0.91,0.24,1.48,1.51,9.57,185.75,8.93,8.68,0,0,0,0.0,0.0,0.0
1787615346.693559,08:49:06.693,1499,27.869,26.58,1011.45,14.997,0.0,0.0,0.0,0.24,-0.73,-0.91,0.24,1.48,1.51,9.57,185.75,8.93,8.68,0,0,0,0.0,0.0,0.0
1787615346.693710,08:49:06.693,1500,27.879,26.58,1011.45,14.997,0.0,0.0,0.0,0.24,-0.73,-0.91,0.24,1.48,1.51,9.57,185.75,8.93,8.68,0,0,0,0.0,0.0,0.0
1787615346.693857,08:49:06.693,1501,27.889,26.58,1011.45,14.997,0.0,0.0,0.0,0.24,-0.73,-0.91,0.24,1.48,1.51,9.57,185.75,8.93,8.68,0,0,0,0.0,0.0,0.0
1787615346.794274,08:49:06.794,1502,27.899,26.58,1011.45,14.997,0.0,0.0,0.0,0.24,-0.73,-0.91,0.24,1.48,1.51,9.57,185.75,8.93,8.68,0,0,0,0.0,0.0,0.0
1787615346.794575,08:49:06.794,1503,27.909,26.58,1011.45,14.997,0.0,0.0,0.0,0.24,-0.73,-0.91,0.24,1.48,1.51,9.57,185.75,8.93,8.68,0,0,0,0.0,0.0,0.0
1787615346.794780,08:49:06.794,1504,27.919,26.58,1011.45,14.997,0.0,0.0,0.0,0.24,-0.73,-0.91,0.24,1.48,1.51,9.57,185.75,8.93,8.68,0,0,0,0.0,0.0,0.0
1787615346.794973,08:49:06.794,1505,27.929,26.58,1011.45,14.997,0.0,0.0,0.0,0.54,-0.35,1.29,0.54,1.67,1.47,9.54,186.0,8.75,9.81,0,0,0,0.0,0.0,0.0
1787615346.795165,08:49:06.795,1506,27.939,26.58,1011.45,14.997,0.0,0.0,0.0,0.54,-0.35,1.29,0.54,1.67,1.47,9.54,186.0,8.75,9.81,0,0,0,0.0,0.0,0.0
1787615346.795352,08:49:06.795,1507,27.949,26.58,1011.45,14.997,0.0,0.0,0.0,0.54,-0.35,1.29,0.54,1.67,1.47,9.54,186.0,8.75,9.81,0,0,0,0.0,0.0,0.0
1787615346.795537,08:49:06.795,1508,27.959,26.58,1011.45,14.997,0.0,0.0,0.0,0.54,-0.35,1.29,0.54,1.67,1.47,9.54,186.0,8.75,9.81,0,0,0,0.0,0.0,0.0
1787615346.795733,08:49:06.795,1509,27.969,26.6,1011.48,14.746,0.0,0.0,0.0,0.54,-0.35,1.29,0.54,1.67,1.47,9.54,186.0,8.75,9.81,0,0,0,0.0,0.0,0.0
1787615346.795950,08:49:06.795,1510,27.979,26.6,1011.48,14.746,0.0,0.0,0.0,0.54,-0.35,1.29,0.54,1.67,1.47,9.54,186.0,8.75,9.81,0,0,0,0.0,0.0,0.0
1787615346.796163,08:49:06.796,1511,27.989,26.6,1011.48,14.746,0.0,0.0,0.0,0.54,-0.35,1.29,0.54,1.67,1.47,9.54,186.0,8.75,9.81,0,0,0,0.0,0.0,0.0
1787615346.796375,08:49:06.796,1512,27.999,26.6,1011.48,14.746,0.0,0.0,0.0,0.54,-0.35,1.29,0.54,1.67,1.47,9.54,186.0,8.75,9.81,0,0,0,0.0,0.0,0.0
1787615346.897154,08:49:06.897,1513,28.009,26.6,1011.48,14.746,0.0,0.0,0.0,0.54,-0.35,1.29,0.54,1.67,1.47,9.54,186.0,8.75,9.81,0,0,0,0.0,0.0,0.0
1787615346.897499,08:49:06.897,1514,28.019,26.6,1011.48,14.746,0.0,0.0,0.0,0.54,-0.35,1.29,0.54,1.67,1.47,9.54,186.0,8.75,9.81,0,0,0,0.0,0.0,0.0
1787615346.897728,08:49:06.897,1515,28.029,26.6,1011.48,14.746,0.0,0.0,0.0,-0.56,-0.2,-0.87,-0.56,1.57,1.41,9.57,186.0,8.37,9.25,0,0,0,0.0,0.0,0.0
1787615346.898007,08:49:06.898,1516,28.039,26.6,1011.48,14.746,0.0,0.0,0.0,-0.56,-0.2,-0.87,-0.56,1.57,1.41,9.57,186.0,8.37,9.25,0,0,0,0.0,0.0,0.0
1787615346.898317,08:49:06.898,1517,28.049,26.6,1011.48,14.746,0.0,0.0,0.0,-0.56,-0.2,-0.87,-0.56,1.57,1.41,9.57,186.0,8.37,9.25,0,0,0,0.0,0.0,0.0
1787615346.898535,08:49:06.898,1518,28.059,26.6,1011.48,14.746,0.0,0.0,0.0,-0.56,-0.2,-0.87,-0.56,1.57,1.41,9.57,186.0,8.37,9.25,0,0,0,0.0,0.0,0.0
1787615346.898755,08:49:06.898,1519,28.069,26.6,1011.48,14.746,0.0,0.0,0.0,-0.56,-0.2,-0.87,-0.56,1.57,1.41,9.57,186.0,8.37,9.25,0,0,0,0.0,0.0,0.0
1787615346.898970,08:49:06.898,1520,28.079,26.6,1011.48,14.746,0.0,0.0,0.0,-0.56,-0.2,-0.87,-0.56,1.57,1.41,9.57,186.0,8.37,9.25,0,0,0,0.0,0.0,0.0
1787615346.899186,08:49:06.899,1521,28.089,26.6,1011.48,14.746,0.0,0.0,0.0,-0.56,-0.2,-0.87,-0.56,1.57,1.41,9.57,186.0,8.37,9.25,0,0,0,0.0,0.0,0.0
1787615346.899411,08:49:06.899,1522,28.099,26.6,1011.48,14.746,0.0,0.0,0.0,-0.56,-0.2,-0.87,-0.56,1.57,1.41,9.57,186.0,8.37,9.25,0,0,0,0.0,0.0,0.0
1787615347.000151,08:49:07.000,1523,28.109,26.6,1011.48,14.746,0.0,0.0,0.0,-0.56,-0.2,-0.87,-0.56,1.57,1.41,9.57,186.0,8.37,9.25,0,0,0,0.0,0.0,0.0
1787615347.000418,08:49:07.000,1524,28.119,26.6,1011.48,14.746,0.0,0.0,0.0,-0.56,-0.2,-0.87,-0.56,1.57,1.41,9.57,186.0,8.37,9.25,0,0,0,0.0,0.0,0.0
1787615347.000581,08:49:07.000,1525,28.129,26.6,1011.48,14.746,0.0,0.0,0.0,0.37,-0.37,-0.43,0.37,1.59,1.39,9.57,185.93,8.31,9.31,0,0,0,0.0,0.0,0.0
1787615347.000742,08:49:07.000,1526,28.139,26.6,1011.48,14.746,0.0,0.0,0.0,0.37,-0.37,-0.43,0.37,1.59,1.39,9.57,185.93,8.31,9.31,0,0,0,0.0,0.0,0.0
1787615347.000899,08:49:07.000,1527,28.149,26.6,1011.48,14.746,0.0,0.0,0.0,0.37,-0.37,-0.43,0.37,1.59,1.39,9.57,185.93,8.31,9.31,0,0,0,0.0,0.0,0.0
1787615347.001054,08:49:07.001,1528,28.159,26.6,1011.48,14.746,0.0,0.0,0.0,0.37,-0.37,-0.43,0.37,1.59,1.39,9.57,185.93,8.31,9.31,0,0,0,0.0,0.0,0.0
1787615347.001208,08:49:07.001,1529,28.169,26.6,1011.49,14.661,0.0,0.0,0.0,0.37,-0.37,-0.43,0.37,1.59,1.39,9.57,185.93,8.31,9.31,0,0,0,0.0,0.0,0.0
1787615347.001362,08:49:07.001,1530,28.179,26.6,1011.49,14.661,0.0,0.0,0.0,0.37,-0.37,-0.43,0.37,1.59,1.39,9.57,185.93,8.31,9.31,0,0,0,0.0,0.0,0.0
1787615347.001515,08:49:07.001,1531,28.189,26.6,1011.49,14.661,0.0,0.0,0.0,0.37,-0.37,-0.43,0.37,1.59,1.39,9.57,185.93,8.31,9.31,0,0,0,0.0,0.0,0.0
1787615347.102863,08:49:07.102,1532,28.199,26.6,1011.49,14.661,0.0,0.0,0.0,0.37,-0.37,-0.43,0.37,1.59,1.39,9.57,185.93,8.31,9.31,0,0,0,0.0,0.0,0.0
1787615347.103214,08:49:07.103,1533,28.209,26.6,1011.49,14.661,0.0,0.0,0.0,0.37,-0.37,-0.43,0.37,1.59,1.39,9.57,185.93,8.31,9.31,0,0,0,0.0,0.0,0.0
1787615347.103425,08:49:07.103,1534,28.219,26.6,1011.49,14.661,0.0,0.0,0.0,0.37,-0.37,-0.43,0.37,1.59,1.39,9.57,185.93,8.31,9.31,0,0,0,0.0,0.0,0.0
1787615347.103631,08:49:07.103,1535,28.229,26.6,1011.49,14.661,0.0,0.0,0.0,-1.56,-0.19,-0.63,-1.56,1.62,1.46,9.55,185.93,8.68,9.5,0,0,0,0.0,0.0,0.0
1787615347.103829,08:49:07.103,1536,28.239,26.6,1011.49,14.661,0.0,0.0,0.0,-1.56,-0.19,-0.63,-1.56,1.62,1.46,9.55,185.93,8.68,9.5,0,0,0,0.0,0.0,0.0
1787615347.104026,08:49:07.104,1537,28.249,26.6,1011.49,14.661,0.0,0.0,0.0,-1.56,-0.19,-0.63,-1.56,1.62,1.46,9.55,185.93,8.68,9.5,0,0,0,0.0,0.0,0.0
1787615347.104218,08:49:07.104,1538,28.259,26.6,1011.49,14.661,0.0,0.0,0.0,-1.56,-0.19,-0.63,-1.56,1.62,1.46,9.55,185.93,8.68,9.5,0,0,0,0.0,0.0,0.0
1787615347.104411,08:49:07.104,1539,28.269,26.6,1011.49,14.661,0.0,0.0,0.0,-1.56,-0.19,-0.63,-1.56,1.62,1.46,9.55,185.93,8.68,9.5,0,0,0,0.0,0.0,0.0
1787615347.104603,08:49:07.104,1540,28.279,26.6,1011.49,14.661,0.0,0.0,0.0,-1.56,-0.19,-0.63,-1.56,1.62,1.46,9.55,185.93,8.68,9.5,0,0,0,0.0,0.0,0.0
1787615347.104793,08:49:07.104,1541,28.289,26.6,1011.49,14.661,0.0,0.0,0.0,-1.56,-0.19,-0.63,-1.56,1.62,1.46,9.55,185.93,8.68,9.5,0,0,0,0.0,0.0,0.0
1787615347.104984,08:49:07.104,1542,28.299,26.6,1011.49,14.661,0.0,0.0,0.0,-1.56,-0.19,-0.63,-1.56,1.62,1.46,9.55,185.93,8.68,9.5,0,0,0,0.0,0.0,0.0
1787615347.206316,08:49:07.206,1543,28.309,26.6,1011.49,14.661,0.0,0.0,0.0,-1.56,-0.19,-0.63,-1.56,1.62,1.46,9.55,185.93,8.68,9.5,0,0,0,0.0,0.0,0.0
1787615347.206510,08:49:07.206,1544,28.319,26.6,1011.49,14.661,0.0,0.0,0.0,-1.56,-0.19,-0.63,-1.56,1.62,1.46,9.55,185.93,8.68,9.5,0,0,0,0.0,0.0,0.0
1787615347.206622,08:49:07.206,1545,28.329,26.6,1011.49,14.661,0.0,0.0,0.0,1.73,-0.56,0.24,1.73,1.61,1.48,9.55,186.12,8.81,9.43,0,0,0,0.0,0.0,0.0
1787615347.206731,08:49:07.206,1546,28.339,26.6,1011.49,14.661,0.0,0.0,0.0,1.73,-0.56,0.24,1.73,1.61,1.48,9.55,186.12,8.81,9.43,0,0,0,0.0,0.0,0.0
1787615347.206839,08:49:07.206,1547,28.349,26.6,1011.49,14.661,0.0,0.0,0.0,1.73,-0.56,0.24,1.73,1.61,1.48,9.55,186.12,8.81,9.43,0,0,0,0.0,0.0,0.0
1787615347.206946,08:49:07.206,1548,28.359,26.6,1011.49,14.661,0.0,0.0,0.0,1.73,-0.56,0.24,1.73,1.61,1.48,9.55,186.12,8.81,9.43,0,0,0,0.0,0.0,0.0
1787615347.207053,08:49:07.207,1549,28.369,26.57,1011.42,15.245,0.0,0.0,0.0,1.73,-0.56,0.24,1.73,1.61,1.48,9.55,186.12,8.81,9.43,0,0,0,0.0,0.0,0.0
1787615347.207160,08:49:07.207,1550,28.379,26.57,1011.42,15.245,0.0,0.0,0.0,1.73,-0.56,0.24,1.73,1.61,1.48,9.55,186.12,8.81,9.43,0,0,0,0.0,0.0,0.0
1787615347.207267,08:49:07.207,1551,28.389,26.57,1011.42,15.245,0.0,0.0,0.0,1.73,-0.56,0.24,1.73,1.61,1.48,9.55,186.12,8.81,9.43,0,0,0,0.0,0.0,0.0
1787615347.207374,08:49:07.207,1552,28.399,26.57,1011.42,15.245,0.0,0.0,0.0,1.73,-0.56,0.24,1.73,1.61,1.48,9.55,186.12,8.81,9.43,0,0,0,0.0,0.0,0.0
1787615347.308470,08:49:07.308,1553,28.409,26.57,1011.42,15.245,0.0,0.0,0.0,1.73,-0.56,0.24,1.73,1.61,1.48,9.55,186.12,8.81,9.43,0,0,0,0.0,0.0,0.0
1787615347.308790,08:49:07.308,1554,28.419,26.57,1011.42,15.245,0.0,0.0,0.0,1.73,-0.56,0.24,1.73,1.61,1.48,9.55,186.12,8.81,9.43,0,0,0,0.0,0.0,0.0
1787615347.308982,08:49:07.308,1555,28.429,26.57,1011.42,15.245,0.0,0.0,0.0,-1.89,-0.84,-0.56,-1.89,1.61,1.0,9.61,185.75,5.93,9.5,0,0,0,0.0,0.0,0.0
1787615347.309153,08:49:07.309,1556,28.439,26.57,1011.42,15.245,0.0,0.0,0.0,-1.89,-0.84,-0.56,-1.89,1.61,1.0,9.61,185.75,5.93,9.5,0,0,0,0.0,0.0,0.0
1787615347.309346,08:49:07.309,1557,28.449,26.57,1011.42,15.245,0.0,0.0,0.0,-1.89,-0.84,-0.56,-1.89,1.61,1.0,9.61,185.75,5.93,9.5,0,0,0,0.0,0.0,0.0
1787615347.309524,08:49:07.309,1558,28.459,26.57,1011.42,15.245,0.0,0.0,0.0,-1.89,-0.84,-0.56,-1.89,1.61,1.0,9.61,185.75,5.93,9.5,0,0,0,0.0,0.0,0.0
1787615347.309703,08:49:07.309,1559,28.469,26.57,1011.42,15.245,0.0,0.0,0.0,-1.89,-0.84,-0.56,-1.89,1.61,1.0,9.61,185.75,5.93,9.5,0,0,0,0.0,0.0,0.0
1787615347.309873,08:49:07.309,1560,28.479,26.57,1011.42,15.245,0.0,0.0,0.0,-1.89,-0.84,-0.56,-1.89,1.61,1.0,9.61,185.75,5.93,9.5,0,0,0,0.0,0.0,0.0
1787615347.310049,08:49:07.310,1561,28.489,26.57,1011.42,15.245,0.0,0.0,0.0,-1.89,-0.84,-0.56,-1.89,1.61,1.0,9.61,185.75,5.93,9.5,0,0,0,0.0,0.0,0.0
1787615347.310214,08:49:07.310,1562,28.499,26.57,1011.42,15.245,0.0,0.0,0.0,-1.89,-0.84,-0.56,-1.89,1.61,1.0,9.61,185.75,5.93,9.5,0,0,0,0.0,0.0,0.0
1787615347.310379,08:49:07.310,1563,28.509,26.57,1011.42,15.245,0.0,0.0,0.0,-1.89,-0.84,-0.56,-1.89,1.61,1.0,9.61,185.75,5.93,9.5,0,0,0,0.0,0.0,0.0
1787615347.411216,08:49:07.411,1564,28.519,26.57,1011.42,15.245,0.0,0.0,0.0,-1.89,-0.84,-0.56,-1.89,1.61,1.0,9.61,185.75,5.93,9.5,0,0,0,0.0,0.0,0.0
1787615347.411459,08:49:07.411,1565,28.529,26.57,1011.42,15.245,0.0,0.0,0.0,-0.9,-0.29,0.69,-0.9,1.63,0.64,9.64,185.87,3.81,9.56,0,0,0,0.0,0.0,0.0
1787615347.411650,08:49:07.411,1566,28.539,26.57,1011.42,15.245,0.0,0.0,0.0,-0.9,-0.29,0.69,-0.9,1.63,0.64,9.64,185.87,3.81,9.56,0,0,0,0.0,0.0,0.0
1787615347.411800,08:49:07.411,1567,28.549,26.57,1011.42,15.245,0.0,0.0,0.0,-0.9,-0.29,0.69,-0.9,1.63,0.64,9.64,185.87,3.81,9.56,0,0,0,0.0,0.0,0.0
1787615347.411950,08:49:07.411,1568,28.559,26.57,1011.42,15.245,0.0,0.0,0.0,-0.9,-0.29,0.69,-0.9,1.63,0.64,9.64,185.87,3.81,9.56,0,0,0,0.0,0.0,0.0
1787615347.412099,08:49:07.412,1569,28.569,26.6,1011.5,14.58,0.0,0.0,0.0,-0.9,-0.29,0.69,-0.9,1.63,0.64,9.64,185.87,3.81,9.56,0,0,0,0.0,0.0,0.0
1787615347.412306,08:49:07.412,1570,28.579,26.6,1011.5,14.58,0.0,0.0,0.0,-0.9,-0.29,0.69,-0.9,1.63,0.64,9.64,185.87,3.81,9.56,0,0,0,0.0,0.0,0.0
1787615347.412471,08:49:07.412,1571,28.589,26.6,1011.5,14.58,0.0,0.0,0.0,-0.9,-0.29,0.69,-0.9,1.63,0.64,9.64,185.87,3.81,9.56,0,0,0,0.0,0.0,0.0
1787615347.412622,08:49:07.412,1572,28.599,26.6,1011.5,14.58,0.0,0.0,0.0,-0.9,-0.29,0.69,-0.9,1.63,0.64,9.64,185.87,3.81,9.56,0,0,0,0.0,0.0,0.0
1787615347.412772,08:49:07.412,1573,28.609,26.6,1011.5,14.58,0.0,0.0,0.0,-0.9,-0.29,0.69,-0.9,1.63,0.64,9.64,185.87,3.81,9.56,0,0,0,0.0,0.0,0.0
1787615347.514073,08:49:07.514,1574,28.619,26.6,1011.5,14.58,0.0,0.0,0.0,-0.9,-0.29,0.69,-0.9,1.63,0.64,9.64,185.87,3.81,9.56,0,0,0,0.0,0.0,0.0
1787615347.514419,08:49:07.514,1575,28.629,26.6,1011.5,14.58,0.0,0.0,0.0,-0.51,-0.1,-1.04,-0.51,1.62,0.58,9.65,185.81,3.5,9.5,0,0,0,0.0,0.0,0.0
1787615347.514658,08:49:07.514,1576,28.639,26.6,1011.5,14.58,0.0,0.0,0.0,-0.51,-0.1,-1.04,-0.51,1.62,0.58,9.65,185.81,3.5,9.5,0,0,0,0.0,0.0,0.0
1787615347.514898,08:49:07.514,1577,28.649,26.6,1011.5,14.58,0.0,0.0,0.0,-0.51,-0.1,-1.04,-0.51,1.62,0.58,9.65,185.81,3.5,9.5,0,0,0,0.0,0.0,0.0
1787615347.515348,08:49:07.515,1578,28.659,26.6,1011.5,14.58,0.0,0.0,0.0,-0.51,-0.1,-1.04,-0.51,1.62,0.58,9.65,185.81,3.5,9.5,0,0,0,0.0,0.0,0.0
1787615347.515588,08:49:07.515,1579,28.669,26.6,1011.5,14.58,0.0,0.0,0.0,-0.51,-0.1,-1.04,-0.51,1.62,0.58,9.65,185.81,3.5,9.5,0,0,0,0.0,0.0,0.0
1787615347.515818,08:49:07.515,1580,28.679,26.6,1011.5,14.58,0.0,0.0,0.0,-0.51,-0.1,-1.04,-0.51,1.62,0.58,9.65,185.81,3.5,9.5,0,0,0,0.0,0.0,0.0
1787615347.516047,08:49:07.516,1581,28.689,26.6,1011.5,14.58,0.0,0.0,0.0,-0.51,-0.1,-1.04,-0.51,1.62,0.58,9.65,185.81,3.5,9.5,0,0,0,0.0,0.0,0.0
1787615347.516271,08:49:07.516,1582,28.699,26.6,1011.5,14.58,0.0,0.0,0.0,-0.51,-0.1,-1.04,-0.51,1.62,0.58,9.65,185.81,3.5,9.5,0,0,0,0.0,0.0,0.0
1787615347.516495,08:49:07.516,1583,28.709,26.6,1011.5,14.58,0.0,0.0,0.0,-0.51,-0.1,-1.04,-0.51,1.62,0.58,9.65,185.81,3.5,9.5,0,0,0,0.0,0.0,0.0
1787615347.516697,08:49:07.516,1584,28.719,26.6,1011.5,14.58,0.0,0.0,0.0,-0.51,-0.1,-1.04,-0.51,1.62,0.58,9.65,185.81,3.5,9.5,0,0,0,0.0,0.0,0.0
1787615347.617745,08:49:07.617,1585,28.729,26.6,1011.5,14.58,0.0,0.0,0.0,-1.62,-0.45,-0.31,-1.62,1.63,0.63,9.64,185.81,3.81,9.5,0,0,0,0.0,0.0,0.0
1787615347.618108,08:49:07.618,1586,28.739,26.6,1011.5,14.58,0.0,0.0,0.0,-1.62,-0.45,-0.31,-1.62,1.63,0.63,9.64,185.81,3.81,9.5,0,0,0,0.0,0.0,0.0
1787615347.618342,08:49:07.618,1587,28.749,26.6,1011.5,14.58,0.0,0.0,0.0,-1.62,-0.45,-0.31,-1.62,1.63,0.63,9.64,185.81,3.81,9.5,0,0,0,0.0,0.0,0.0
1787615347.618580,08:49:07.618,1588,28.759,26.6,1011.5,14.58,0.0,0.0,0.0,-1.62,-0.45,-0.31,-1.62,1.63,0.63,9.64,185.81,3.81,9.5,0,0,0,0.0,0.0,0.0
1787615347.618800,08:49:07.618,1589,28.769,26.6,1011.43,15.164,0.0,0.0,0.0,-1.62,-0.45,-0.31,-1.62,1.63,0.63,9.64,185.81,3.81,9.5,0,0,0,0.0,0.0,0.0
1787615347.619019,08:49:07.619,1590,28.779,26.6,1011.43,15.164,0.0,0.0,0.0,-1.62,-0.45,-0.31,-1.62,1.63,0.63,9.64,185.81,3.81,9.5,0,0,0,0.0,0.0,0.0
1787615347.619238,08:49:07.619,1591,28.789,26.6,1011.43,15.164,0.0,0.0,0.0,-1.62,-0.45,-0.31,-1.62,1.63,0.63,9.64,185.81,3.81,9.5,0,0,0,0.0,0.0,0.0
1787615347.619460,08:49:07.619,1592,28.799,26.6,1011.43,15.164,0.0,0.0,0.0,-1.62,-0.45,-0.31,-1.62,1.63,0.63,9.64,185.81,3.81,9.5,0,0,0,0.0,0.0,0.0
1787615347.619671,08:49:07.619,1593,28.809,26.6,1011.43,15.164,0.0,0.0,0.0,-1.62,-0.45,-0.31,-1.62,1.63,0.63,9.64,185.81,3.81,9.5,0,0,0,0.0,0.0,0.0
1787615347.720405,08:49:07.720,1594,28.819,26.6,1011.43,15.164,0.0,0.0,0.0,-1.62,-0.45,-0.31,-1.62,1.63,0.63,9.64,185.81,3.81,9.5,0,0,0,0.0,0.0,0.0
1787615347.720820,08:49:07.720,1595,28.829,26.6,1011.43,15.164,0.0,0.0,0.0,-1.02,-0.08,-0.41,-1.02,1.61,0.65,9.65,185.81,3.87,9.43,0,0,0,0.0,0.0,0.0
1787615347.721021,08:49:07.721,1596,28.839,26.6,1011.43,15.164,0.0,0.0,0.0,-1.02,-0.08,-0.41,-1.02,1.61,0.65,9.65,185.81,3.87,9.43,0,0,0,0.0,0.0,0.0
1787615347.721219,08:49:07.721,1597,28.849,26.6,1011.43,15.164,0.0,0.0,0.0,-1.02,-0.08,-0.41,-1.02,1.61,0.65,9.65,185.81,3.87,9.43,0,0,0,0.0,0.0,0.0
1787615347.721414,08:49:07.721,1598,28.859,26.6,1011.43,15.164,0.0,0.0,0.0,-1.02,-0.08,-0.41,-1.02,1.61,0.65,9.65,185.81,3.87,9.43,0,0,0,0.0,0.0,0.0
1787615347.721605,08:49:07.721,1599,28.869,26.6,1011.43,15.164,0.0,0.0,0.0,-1.02,-0.08,-0.41,-1.02,1.61,0.65,9.65,185.81,3.87,9.43,0,0,0,0.0,0.0,0.0
1787615347.721792,08:49:07.721,1600,28.879,26.6,1011.43,15.164,0.0,0.0,0.0,-1.02,-0.08,-0.41,-1.02,1.61,0.65,9.65,185.81,3.87,9.43,0,0,0,0.0,0.0,0.0
1787615347.721982,08:49:07.721,1601,28.889,26.6,1011.43,15.164,0.0,0.0,0.0,-1.02,-0.08,-0.41,-1.02,1.61,0.65,9.65,185.81,3.87,9.43,0,0,0,0.0,0.0,0.0
1787615347.722171,08:49:07.722,1602,28.899,26.6,1011.43,15.164,0.0,0.0,0.0,-1.02,-0.08,-0.41,-1.02,1.61,0.65,9.65,185.81,3.87,9.43,0,0,0,0.0,0.0,0.0
1787615347.722359,08:49:07.722,1603,28.909,26.6,1011.43,15.164,0.0,0.0,0.0,-1.02,-0.08,-0.41,-1.02,1.61,0.65,9.65,185.81,3.87,9.43,0,0,0,0.0,0.0,0.0
1787615347.823063,08:49:07.823,1604,28.919,26.6,1011.43,15.164,0.0,0.0,0.0,-1.02,-0.08,-0.41,-1.02,1.61,0.65,9.65,185.81,3.87,9.43,0,0,0,0.0,0.0,0.0
1787615347.823941,08:49:07.823,1605,28.929,26.6,1011.43,15.164,0.0,0.0,0.0,-1.18,-0.21,-0.21,-1.18,1.6,0.72,9.64,185.81,4.25,9.37,0,0,0,0.0,0.0,0.0
1787615347.824249,08:49:07.824,1606,28.939,26.6,1011.43,15.164,0.0,0.0,0.0,-1.18,-0.21,-0.21,-1.18,1.6,0.72,9.64,185.81,4.25,9.37,0,0,0,0.0,0.0,0.0
1787615347.824550,08:49:07.824,1607,28.949,26.6,1011.43,15.164,0.0,0.0,0.0,-1.18,-0.21,-0.21,-1.18,1.6,0.72,9.64,185.81,4.25,9.37,0,0,0,0.0,0.0,0.0
1787615347.824852,08:49:07.824,1608,28.959,26.6,1011.43,15.164,0.0,0.0,0.0,-1.18,-0.21,-0.21,-1.18,1.6,0.72,9.64,185.81,4.25,9.37,0,0,0,0.0,0.0,0.0
1787615347.825154,08:49:07.825,1609,28.969,26.59,1011.46,14.912,0.0,0.0,0.0,-1.18,-0.21,-0.21,-1.18,1.6,0.72,9.64,185.81,4.25,9.37,0,0,0,0.0,0.0,0.0
1787615347.825478,08:49:07.825,1610,28.979,26.59,1011.46,14.912,0.0,0.0,0.0,-1.18,-0.21,-0.21,-1.18,1.6,0.72,9.64,185.81,4.25,9.37,0,0,0,0.0,0.0,0.0
1787615347.825806,08:49:07.825,1611,28.989,26.59,1011.46,14.912,0.0,0.0,0.0,-1.18,-0.21,-0.21,-1.18,1.6,0.72,9.64,185.81,4.25,9.37,0,0,0,0.0,0.0,0.0
1787615347.826130,08:49:07.826,1612,28.999,26.59,1011.46,14.912,0.0,0.0,0.0,-1.18,-0.21,-0.21,-1.18,1.6,0.72,9.64,185.81,4.25,9.37,0,0,0,0.0,0.0,0.0
1787615347.826440,08:49:07.826,1613,29.009,26.59,1011.46,14.912,0.0,0.0,0.0,-1.18,-0.21,-0.21,-1.18,1.6,0.72,9.64,185.81,4.25,9.37,0,0,0,0.0,0.0,0.0
1787615347.826747,08:49:07.826,1614,29.019,26.59,1011.46,14.912,0.0,0.0,0.0,-1.18,-0.21,-0.21,-1.18,1.6,0.72,9.64,185.81,4.25,9.37,0,0,0,0.0,0.0,0.0
1787615347.928091,08:49:07.928,1615,29.029,26.59,1011.46,14.912,0.0,0.0,0.0,-0.56,-0.17,-0.14,-0.56,1.6,0.74,9.64,185.81,4.37,9.43,0,0,0,0.0,0.0,0.0
1787615347.928709,08:49:07.928,1616,29.039,26.59,1011.46,14.912,0.0,0.0,0.0,-0.56,-0.17,-0.14,-0.56,1.6,0.74,9.64,185.81,4.37,9.43,0,0,0,0.0,0.0,0.0
1787615347.928949,08:49:07.928,1617,29.049,26.59,1011.46,14.912,0.0,0.0,0.0,-0.56,-0.17,-0.14,-0.56,1.6,0.74,9.64,185.81,4.37,9.43,0,0,0,0.0,0.0,0.0
1787615347.929189,08:49:07.929,1618,29.059,26.59,1011.46,14.912,0.0,0.0,0.0,-0.56,-0.17,-0.14,-0.56,1.6,0.74,9.64,185.81,4.37,9.43,0,0,0,0.0,0.0,0.0
1787615347.929417,08:49:07.929,1619,29.069,26.59,1011.46,14.912,0.0,0.0,0.0,-0.56,-0.17,-0.14,-0.56,1.6,0.74,9.64,185.81,4.37,9.43,0,0,0,0.0,0.0,0.0
1787615347.929641,08:49:07.929,1620,29.079,26.59,1011.46,14.912,0.0,0.0,0.0,-0.56,-0.17,-0.14,-0.56,1.6,0.74,9.64,185.81,4.37,9.43,0,0,0,0.0,0.0,0.0
1787615347.929883,08:49:07.929,1621,29.089,26.59,1011.46,14.912,0.0,0.0,0.0,-0.56,-0.17,-0.14,-0.56,1.6,0.74,9.64,185.81,4.37,9.43,0,0,0,0.0,0.0,0.0
1787615347.930105,08:49:07.930,1622,29.099,26.59,1011.46,14.912,0.0,0.0,0.0,-0.56,-0.17,-0.14,-0.56,1.6,0.74,9.64,185.81,4.37,9.43,0,0,0,0.0,0.0,0.0
1787615347.930347,08:49:07.930,1623,29.109,26.59,1011.46,14.912,0.0,0.0,0.0,-0.56,-0.17,-0.14,-0.56,1.6,0.74,9.64,185.81,4.37,9.43,0,0,0,0.0,0.0,0.0
1787615347.930573,08:49:07.930,1624,29.119,26.59,1011.46,14.912,0.0,0.0,0.0,-0.56,-0.17,-0.14,-0.56,1.6,0.74,9.64,185.81,4.37,9.43,0,0,0,0.0,0.0,0.0
1787615348.031644,08:49:08.031,1625,29.129,26.59,1011.46,14.912,0.0,0.0,0.0,-0.16,-0.18,-0.55,-0.16,1.59,0.65,9.65,185.75,3.87,9.31,0,0,0,0.0,0.0,0.0
1787615348.032150,08:49:08.032,1626,29.139,26.59,1011.46,14.912,0.0,0.0,0.0,-0.16,-0.18,-0.55,-0.16,1.59,0.65,9.65,185.75,3.87,9.31,0,0,0,0.0,0.0,0.0
1787615348.032334,08:49:08.032,1627,29.149,26.59,1011.46,14.912,0.0,0.0,0.0,-0.16,-0.18,-0.55,-0.16,1.59,0.65,9.65,185.75,3.87,9.31,0,0,0,0.0,0.0,0.0
1787615348.032495,08:49:08.032,1628,29.159,26.59,1011.46,14.912,0.0,0.0,0.0,-0.16,-0.18,-0.55,-0.16,1.59,0.65,9.65,185.75,3.87,9.31,0,0,0,0.0,0.0,0.0
1787615348.032655,08:49:08.032,1629,29.169,26.6,1011.4,15.412,0.0,0.0,0.0,-0.16,-0.18,-0.55,-0.16,1.59,0.65,9.65,185.75,3.87,9.31,0,0,0,0.0,0.0,0.0
1787615348.032813,08:49:08.032,1630,29.179,26.6,1011.4,15.412,0.0,0.0,0.0,-0.16,-0.18,-0.55,-0.16,1.59,0.65,9.65,185.75,3.87,9.31,0,0,0,0.0,0.0,0.0
1787615348.032969,08:49:08.032,1631,29.189,26.6,1011.4,15.412,0.0,0.0,0.0,-0.16,-0.18,-0.55,-0.16,1.59,0.65,9.65,185.75,3.87,9.31,0,0,0,0.0,0.0,0.0
1787615348.033122,08:49:08.033,1632,29.199,26.6,1011.4,15.412,0.0,0.0,0.0,-0.16,-0.18,-0.55,-0.16,1.59,0.65,9.65,185.75,3.87,9.31,0,0,0,0.0,0.0,0.0
1787615348.033299,08:49:08.033,1633,29.209,26.6,1011.4,15.412,0.0,0.0,0.0,-0.16,-0.18,-0.55,-0.16,1.59,0.65,9.65,185.75,3.87,9.31,0,0,0,0.0,0.0,0.0
1787615348.033453,08:49:08.033,1634,29.219,26.6,1011.4,15.412,0.0,0.0,0.0,-0.16,-0.18,-0.55,-0.16,1.59,0.65,9.65,185.75,3.87,9.31,0,0,0,0.0,0.0,0.0
1787615348.033628,08:49:08.033,1635,29.229,26.6,1011.4,15.412,0.0,0.0,0.0,-0.16,-0.18,-0.55,-0.16,1.59,0.65,9.65,185.75,3.87,9.31,0,0,0,0.0,0.0,0.0
1787615348.135096,08:49:08.135,1636,29.239,26.6,1011.4,15.412,0.0,0.0,0.0,-0.05,-0.19,-0.33,-0.05,1.59,0.65,9.65,185.75,3.87,9.37,0,0,0,0.0,0.0,0.0
1787615348.136510,08:49:08.136,1637,29.249,26.6,1011.4,15.412,0.0,0.0,0.0,-0.05,-0.19,-0.33,-0.05,1.59,0.65,9.65,185.75,3.87,9.37,0,0,0,0.0,0.0,0.0
1787615348.137051,08:49:08.137,1638,29.259,26.6,1011.4,15.412,0.0,0.0,0.0,-0.05,-0.19,-0.33,-0.05,1.59,0.65,9.65,185.75,3.87,9.37,0,0,0,0.0,0.0,0.0
1787615348.137441,08:49:08.137,1639,29.269,26.6,1011.4,15.412,0.0,0.0,0.0,-0.05,-0.19,-0.33,-0.05,1.59,0.65,9.65,185.75,3.87,9.37,0,0,0,0.0,0.0,0.0
1787615348.137828,08:49:08.137,1640,29.279,26.6,1011.4,15.412,0.0,0.0,0.0,-0.05,-0.19,-0.33,-0.05,1.59,0.65,9.65,185.75,3.87,9.37,0,0,0,0.0,0.0,0.0
1787615348.138211,08:49:08.138,1641,29.289,26.6,1011.4,15.412,0.0,0.0,0.0,-0.05,-0.19,-0.33,-0.05,1.59,0.65,9.65,185.75,3.87,9.37,0,0,0,0.0,0.0,0.0
1787615348.138595,08:49:08.138,1642,29.299,26.6,1011.4,15.412,0.0,0.0,0.0,-0.05,-0.19,-0.33,-0.05,1.59,0.65,9.65,185.75,3.87,9.37,0,0,0,0.0,0.0,0.0
1787615348.138982,08:49:08.138,1643,29.309,26.6,1011.4,15.412,0.0,0.0,0.0,-0.05,-0.19,-0.33,-0.05,1.59,0.65,9.65,185.75,3.87,9.37,0,0,0,0.0,0.0,0.0
1787615348.139314,08:49:08.139,1644,29.319,26.6,1011.4,15.412,0.0,0.0,0.0,-0.05,-0.19,-0.33,-0.05,1.59,0.65,9.65,185.75,3.87,9.37,0,0,0,0.0,0.0,0.0
1787615348.139646,08:49:08.139,1645,29.329,26.6,1011.4,15.412,0.0,0.0,0.0,-0.05,-0.19,-0.33,-0.05,1.59,0.65,9.65,185.75,3.87,9.37,0,0,0,0.0,0.0,0.0
1787615348.240599,08:49:08.240,1646,29.339,26.6,1011.4,15.412,0.0,0.0,0.0,-0.18,-0.19,-0.24,-0.18,1.58,0.62,9.65,185.68,3.68,9.25,0,0,0,0.0,0.0,0.0
1787615348.241837,08:49:08.241,1647,29.349,26.6,1011.4,15.412,0.0,0.0,0.0,-0.18,-0.19,-0.24,-0.18,1.58,0.62,9.65,185.68,3.68,9.25,0,0,0,0.0,0.0,0.0
1787615348.242201,08:49:08.242,1648,29.359,26.6,1011.4,15.412,0.0,0.0,0.0,-0.18,-0.19,-0.24,-0.18,1.58,0.62,9.65,185.68,3.68,9.25,0,0,0,0.0,0.0,0.0
1787615348.242567,08:49:08.242,1649,29.369,26.6,1011.49,14.661,0.0,0.0,0.0,-0.18,-0.19,-0.24,-0.18,1.58,0.62,9.65,185.68,3.68,9.25,0,0,0,0.0,0.0,0.0
1787615348.242915,08:49:08.242,1650,29.379,26.6,1011.49,14.661,0.0,0.0,0.0,-0.18,-0.19,-0.24,-0.18,1.58,0.62,9.65,185.68,3.68,9.25,0,0,0,0.0,0.0,0.0
1787615348.243259,08:49:08.243,1651,29.389,26.6,1011.49,14.661,0.0,0.0,0.0,-0.18,-0.19,-0.24,-0.18,1.58,0.62,9.65,185.68,3.68,9.25,0,0,0,0.0,0.0,0.0
1787615348.243599,08:49:08.243,1652,29.399,26.6,1011.49,14.661,0.0,0.0,0.0,-0.18,-0.19,-0.24,-0.18,1.58,0.62,9.65,185.68,3.68,9.25,0,0,0,0.0,0.0,0.0
1787615348.243935,08:49:08.243,1653,29.409,26.6,1011.49,14.661,0.0,0.0,0.0,-0.18,-0.19,-0.24,-0.18,1.58,0.62,9.65,185.68,3.68,9.25,0,0,0,0.0,0.0,0.0
1787615348.244268,08:49:08.244,1654,29.419,26.6,1011.49,14.661,0.0,0.0,0.0,-0.18,-0.19,-0.24,-0.18,1.58,0.62,9.65,185.68,3.68,9.25,0,0,0,0.0,0.0,0.0
1787615348.244609,08:49:08.244,1655,29.429,26.6,1011.49,14.661,0.0,0.0,0.0,-0.15,-0.21,-0.46,-0.15,1.55,0.58,9.66,185.68,3.43,9.06,0,0,0,0.0,0.0,0.0
1787615348.244959,08:49:08.244,1656,29.439,26.6,1011.49,14.661,0.0,0.0,0.0,-0.15,-0.21,-0.46,-0.15,1.55,0.58,9.66,185.68,3.43,9.06,0,0,0,0.0,0.0,0.0
1787615348.345570,08:49:08.345,1657,29.449,26.6,1011.49,14.661,0.0,0.0,0.0,-0.15,-0.21,-0.46,-0.15,1.55,0.58,9.66,185.68,3.43,9.06,0,0,0,0.0,0.0,0.0
1787615348.346946,08:49:08.346,1658,29.459,26.6,1011.49,14.661,0.0,0.0,0.0,-0.15,-0.21,-0.46,-0.15,1.55,0.58,9.66,185.68,3.43,9.06,0,0,0,0.0,0.0,0.0
1787615348.347450,08:49:08.347,1659,29.469,26.6,1011.49,14.661,0.0,0.0,0.0,-0.15,-0.21,-0.46,-0.15,1.55,0.58,9.66,185.68,3.43,9.06,0,0,0,0.0,0.0,0.0
1787615348.347835,08:49:08.347,1660,29.479,26.6,1011.49,14.661,0.0,0.0,0.0,-0.15,-0.21,-0.46,-0.15,1.55,0.58,9.66,185.68,3.43,9.06,0,0,0,0.0,0.0,0.0
1787615348.348185,08:49:08.348,1661,29.489,26.6,1011.49,14.661,0.0,0.0,0.0,-0.15,-0.21,-0.46,-0.15,1.55,0.58,9.66,185.68,3.43,9.06,0,0,0,0.0,0.0,0.0
1787615348.348535,08:49:08.348,1662,29.499,26.6,1011.49,14.661,0.0,0.0,0.0,-0.15,-0.21,-0.46,-0.15,1.55,0.58,9.66,185.68,3.43,9.06,0,0,0,0.0,0.0,0.0
1787615348.348878,08:49:08.348,1663,29.509,26.6,1011.49,14.661,0.0,0.0,0.0,-0.15,-0.21,-0.46,-0.15,1.55,0.58,9.66,185.68,3.43,9.06,0,0,0,0.0,0.0,0.0
1787615348.349226,08:49:08.349,1664,29.519,26.6,1011.49,14.661,0.0,0.0,0.0,-0.15,-0.21,-0.46,-0.15,1.55,0.58,9.66,185.68,3.43,9.06,0,0,0,0.0,0.0,0.0
1787615348.349589,08:49:08.349,1665,29.529,26.6,1011.49,14.661,0.0,0.0,0.0,-0.19,0.05,-0.88,-0.19,1.59,0.68,9.65,185.87,4.0,9.31,0,0,0,0.0,0.0,0.0
1787615348.350072,08:49:08.350,1666,29.539,26.6,1011.49,14.661,0.0,0.0,0.0,-0.19,0.05,-0.88,-0.19,1.59,0.68,9.65,185.87,4.0,9.31,0,0,0,0.0,0.0,0.0
1787615348.451622,08:49:08.451,1667,29.549,26.6,1011.49,14.661,0.0,0.0,0.0,-0.19,0.05,-0.88,-0.19,1.59,0.68,9.65,185.87,4.0,9.31,0,0,0,0.0,0.0,0.0
1787615348.452007,08:49:08.452,1668,29.559,26.6,1011.49,14.661,0.0,0.0,0.0,-0.19,0.05,-0.88,-0.19,1.59,0.68,9.65,185.87,4.0,9.31,0,0,0,0.0,0.0,0.0
1787615348.452215,08:49:08.452,1669,29.569,26.6,1011.43,15.164,0.0,0.0,0.0,-0.19,0.05,-0.88,-0.19,1.59,0.68,9.65,185.87,4.0,9.31,0,0,0,0.0,0.0,0.0
1787615348.452411,08:49:08.452,1670,29.579,26.6,1011.43,15.164,0.0,0.0,0.0,-0.19,0.05,-0.88,-0.19,1.59,0.68,9.65,185.87,4.0,9.31,0,0,0,0.0,0.0,0.0
1787615348.452600,08:49:08.452,1671,29.589,26.6,1011.43,15.164,0.0,0.0,0.0,-0.19,0.05,-0.88,-0.19,1.59,0.68,9.65,185.87,4.0,9.31,0,0,0,0.0,0.0,0.0
1787615348.452789,08:49:08.452,1672,29.599,26.6,1011.43,15.164,0.0,0.0,0.0,-0.19,0.05,-0.88,-0.19,1.59,0.68,9.65,185.87,4.0,9.31,0,0,0,0.0,0.0,0.0
1787615348.452975,08:49:08.452,1673,29.609,26.6,1011.43,15.164,0.0,0.0,0.0,-0.19,0.05,-0.88,-0.19,1.59,0.68,9.65,185.87,4.0,9.31,0,0,0,0.0,0.0,0.0
1787615348.453162,08:49:08.453,1674,29.619,26.6,1011.43,15.164,0.0,0.0,0.0,-0.19,0.05,-0.88,-0.19,1.59,0.68,9.65,185.87,4.0,9.31,0,0,0,0.0,0.0,0.0
1787615348.453438,08:49:08.453,1675,29.629,26.6,1011.43,15.164,0.0,0.0,0.0,-2.09,-1.27,-0.77,-2.09,1.59,0.92,9.63,185.87,5.43,9.31,0,0,0,0.0,0.0,0.0
1787615348.453652,08:49:08.453,1676,29.639,26.6,1011.43,15.164,0.0,0.0,0.0,-2.09,-1.27,-0.77,-2.09,1.59,0.92,9.63,185.87,5.43,9.31,0,0,0,0.0,0.0,0.0
1787615348.453839,08:49:08.453,1677,29.649,26.6,1011.43,15.164,0.0,0.0,0.0,-2.09,-1.27,-0.77,-2.09,1.59,0.92,9.63,185.87,5.43,9.31,0,0,0,0.0,0.0,0.0
1787615348.555204,08:49:08.555,1678,29.659,26.6,1011.43,15.164,0.0,0.0,0.0,-2.09,-1.27,-0.77,-2.09,1.59,0.92,9.63,185.87,5.43,9.31,0,0,0,0.0,0.0,0.0
1787615348.555472,08:49:08.555,1679,29.669,26.6,1011.43,15.164,0.0,0.0,0.0,-2.09,-1.27,-0.77,-2.09,1.59,0.92,9.63,185.87,5.43,9.31,0,0,0,0.0,0.0,0.0
1787615348.555634,08:49:08.555,1680,29.679,26.6,1011.43,15.164,0.0,0.0,0.0,-2.09,-1.27,-0.77,-2.09,1.59,0.92,9.63,185.87,5.43,9.31,0,0,0,0.0,0.0,0.0
1787615348.555790,08:49:08.555,1681,29.689,26.6,1011.43,15.164,0.0,0.0,0.0,-2.09,-1.27,-0.77,-2.09,1.59,0.92,9.63,185.87,5.43,9.31,0,0,0,0.0,0.0,0.0
1787615348.555944,08:49:08.555,1682,29.699,26.6,1011.43,15.164,0.0,0.0,0.0,-2.09,-1.27,-0.77,-2.09,1.59,0.92,9.63,185.87,5.43,9.31,0,0,0,0.0,0.0,0.0
1787615348.556096,08:49:08.556,1683,29.709,26.6,1011.43,15.164,0.0,0.0,0.0,-2.09,-1.27,-0.77,-2.09,1.59,0.92,9.63,185.87,5.43,9.31,0,0,0,0.0,0.0,0.0
1787615348.556247,08:49:08.556,1684,29.719,26.6,1011.43,15.164,0.0,0.0,0.0,-2.09,-1.27,-0.77,-2.09,1.59,0.92,9.63,185.87,5.43,9.31,0,0,0,0.0,0.0,0.0
1787615348.556398,08:49:08.556,1685,29.729,26.6,1011.43,15.164,0.0,0.0,0.0,-0.66,-0.36,-0.87,-0.66,1.54,1.21,9.6,185.87,7.18,9.06,0,0,0,0.0,0.0,0.0
1787615348.556551,08:49:08.556,1686,29.739,26.6,1011.43,15.164,0.0,0.0,0.0,-0.66,-0.36,-0.87,-0.66,1.54,1.21,9.6,185.87,7.18,9.06,0,0,0,0.0,0.0,0.0
1787615348.556701,08:49:08.556,1687,29.749,26.6,1011.43,15.164,0.0,0.0,0.0,-0.66,-0.36,-0.87,-0.66,1.54,1.21,9.6,185.87,7.18,9.06,0,0,0,0.0,0.0,0.0
1787615348.657286,08:49:08.657,1688,29.759,26.6,1011.43,15.164,0.0,0.0,0.0,-0.66,-0.36,-0.87,-0.66,1.54,1.21,9.6,185.87,7.18,9.06,0,0,0,0.0,0.0,0.0
1787615348.658184,08:49:08.658,1689,29.769,26.61,1011.44,15.079,0.0,0.0,0.0,-0.66,-0.36,-0.87,-0.66,1.54,1.21,9.6,185.87,7.18,9.06,0,0,0,0.0,0.0,0.0
1787615348.658523,08:49:08.658,1690,29.779,26.61,1011.44,15.079,0.0,0.0,0.0,-0.66,-0.36,-0.87,-0.66,1.54,1.21,9.6,185.87,7.18,9.06,0,0,0,0.0,0.0,0.0
1787615348.658835,08:49:08.658,1691,29.789,26.61,1011.44,15.079,0.0,0.0,0.0,-0.66,-0.36,-0.87,-0.66,1.54,1.21,9.6,185.87,7.18,9.06,0,0,0,0.0,0.0,0.0
1787615348.659146,08:49:08.659,1692,29.799,26.61,1011.44,15.079,0.0,0.0,0.0,-0.66,-0.36,-0.87,-0.66,1.54,1.21,9.6,185.87,7.18,9.06,0,0,0,0.0,0.0,0.0
1787615348.659446,08:49:08.659,1693,29.809,26.61,1011.44,15.079,0.0,0.0,0.0,-0.66,-0.36,-0.87,-0.66,1.54,1.21,9.6,185.87,7.18,9.06,0,0,0,0.0,0.0,0.0
1787615348.659739,08:49:08.659,1694,29.819,26.61,1011.44,15.079,0.0,0.0,0.0,-0.66,-0.36,-0.87,-0.66,1.54,1.21,9.6,185.87,7.18,9.06,0,0,0,0.0,0.0,0.0
1787615348.660029,08:49:08.660,1695,29.829,26.61,1011.44,15.079,0.0,0.0,0.0,0.63,-0.15,0.02,0.63,1.53,1.39,9.58,185.93,8.25,9.0,0,0,0,0.0,0.0,0.0
1787615348.660327,08:49:08.660,1696,29.839,26.61,1011.44,15.079,0.0,0.0,0.0,0.63,-0.15,0.02,0.63,1.53,1.39,9.58,185.93,8.25,9.0,0,0,0,0.0,0.0,0.0
1787615348.761241,08:49:08.761,1697,29.849,26.61,1011.44,15.079,0.0,0.0,0.0,0.63,-0.15,0.02,0.63,1.53,1.39,9.58,185.93,8.25,9.0,0,0,0,0.0,0.0,0.0
1787615348.761635,08:49:08.761,1698,29.859,26.61,1011.44,15.079,0.0,0.0,0.0,0.63,-0.15,0.02,0.63,1.53,1.39,9.58,185.93,8.25,9.0,0,0,0,0.0,0.0,0.0
1787615348.761845,08:49:08.761,1699,29.869,26.61,1011.44,15.079,0.0,0.0,0.0,0.63,-0.15,0.02,0.63,1.53,1.39,9.58,185.93,8.25,9.0,0,0,0,0.0,0.0,0.0
1787615348.762044,08:49:08.762,1700,29.879,26.61,1011.44,15.079,0.0,0.0,0.0,0.63,-0.15,0.02,0.63,1.53,1.39,9.58,185.93,8.25,9.0,0,0,0,0.0,0.0,0.0
1787615348.762239,08:49:08.762,1701,29.889,26.61,1011.44,15.079,0.0,0.0,0.0,0.63,-0.15,0.02,0.63,1.53,1.39,9.58,185.93,8.25,9.0,0,0,0,0.0,0.0,0.0
1787615348.762431,08:49:08.762,1702,29.899,26.61,1011.44,15.079,0.0,0.0,0.0,0.63,-0.15,0.02,0.63,1.53,1.39,9.58,185.93,8.25,9.0,0,0,0,0.0,0.0,0.0
1787615348.762623,08:49:08.762,1703,29.909,26.61,1011.44,15.079,0.0,0.0,0.0,0.63,-0.15,0.02,0.63,1.53,1.39,9.58,185.93,8.25,9.0,0,0,0,0.0,0.0,0.0
1787615348.762814,08:49:08.762,1704,29.919,26.61,1011.44,15.079,0.0,0.0,0.0,0.63,-0.15,0.02,0.63,1.53,1.39,9.58,185.93,8.25,9.0,0,0,0,0.0,0.0,0.0
1787615348.763008,08:49:08.763,1705,29.929,26.61,1011.44,15.079,0.0,0.0,0.0,-1.29,-0.12,-0.37,-1.29,1.56,1.5,9.56,185.93,8.87,9.18,0,0,0,0.0,0.0,0.0
1787615348.763202,08:49:08.763,1706,29.939,26.61,1011.44,15.079,0.0,0.0,0.0,-1.29,-0.12,-0.37,-1.29,1.56,1.5,9.56,185.93,8.87,9.18,0,0,0,0.0,0.0,0.0
1787615348.763397,08:49:08.763,1707,29.949,26.61,1011.44,15.079,0.0,0.0,0.0,-1.29,-0.12,-0.37,-1.29,1.56,1.5,9.56,185.93,8.87,9.18,0,0,0,0.0,0.0,0.0
1787615348.763590,08:49:08.763,1708,29.959,26.61,1011.44,15.079,0.0,0.0,0.0,-1.29,-0.12,-0.37,-1.29,1.56,1.5,9.56,185.93,8.87,9.18,0,0,0,0.0,0.0,0.0
1787615348.864951,08:49:08.864,1709,29.969,26.61,1011.43,15.164,0.0,0.0,0.0,-1.29,-0.12,-0.37,-1.29,1.56,1.5,9.56,185.93,8.87,9.18,0,0,0,0.0,0.0,0.0
1787615348.865228,08:49:08.865,1710,29.979,26.61,1011.43,15.164,0.0,0.0,0.0,-1.29,-0.12,-0.37,-1.29,1.56,1.5,9.56,185.93,8.87,9.18,0,0,0,0.0,0.0,0.0
1787615348.865387,08:49:08.865,1711,29.989,26.61,1011.43,15.164,0.0,0.0,0.0,-1.29,-0.12,-0.37,-1.29,1.56,1.5,9.56,185.93,8.87,9.18,0,0,0,0.0,0.0,0.0
1787615348.865542,08:49:08.865,1712,29.999,26.61,1011.43,15.164,0.0,0.0,0.0,-1.29,-0.12,-0.37,-1.29,1.56,1.5,9.56,185.93,8.87,9.18,0,0,0,0.0,0.0,0.0
1787615348.865694,08:49:08.865,1713,30.009,26.61,1011.43,15.164,0.0,0.0,0.0,-1.29,-0.12,-0.37,-1.29,1.56,1.5,9.56,185.93,8.87,9.18,0,0,0,0.0,0.0,0.0
1787615350.418817,08:49:10.418,1826,31.139,26.62,1011.39,15.496,0.0,0.0,0.0,-0.22,-0.1,-0.16,-0.22,1.48,1.23,9.61,186.0,7.25,8.68,0,0,0,0.0,0.0,0.0
1787615350.419886,08:49:10.419,1828,31.159,26.62,1011.39,15.496,0.0,0.0,0.0,-0.22,-0.1,-0.16,-0.22,1.48,1.23,9.61,186.0,7.25,8.68,0,0,0,0.0,0.0,0.0
1787615350.420337,08:49:10.420,1829,31.169,26.61,1011.43,15.164,0.0,0.0,0.0,-0.22,-0.1,-0.16,-0.22,1.48,1.23,9.61,186.0,7.25,8.68,0,0,0,0.0,0.0,0.0
1787615350.420649,08:49:10.420,1831,31.189,26.61,1011.43,15.164,0.0,0.0,0.0,-0.22,-0.1,-0.16,-0.22,1.48,1.23,9.61,186.0,7.25,8.68,0,0,0,0.0,0.0,0.0
1787615350.420958,08:49:10.420,1832,31.199,26.61,1011.43,15.164,0.0,0.0,0.0,-0.22,-0.1,-0.16,-0.22,1.48,1.23,9.61,186.0,7.25,8.68,0,0,0,0.0,0.0,0.0
1787615350.421260,08:49:10.421,1834,31.219,26.61,1011.43,15.164,0.0,0.0,0.0,-0.22,-0.1,-0.16,-0.22,1.48,1.23,9.61,186.0,7.25,8.68,0,0,0,0.0,0.0,0.0
1787615350.521744,08:49:10.521,1835,31.229,26.61,1011.43,15.164,0.0,0.0,0.0,-0.27,-0.11,-0.16,-0.27,1.47,1.23,9.61,185.93,7.31,8.62,0,0,0,0.0,0.0,0.0
1787615350.526490,08:49:10.526,1837,31.249,26.61,1011.43,15.164,0.0,0.0,0.0,-0.27,-0.11,-0.16,-0.27,1.47,1.23,9.61,185.93,7.31,8.62,0,0,0,0.0,0.0,0.0
1787615350.627825,08:49:10.627,1839,31.269,26.61,1011.43,15.164,0.0,0.0,0.0,-0.27,-0.11,-0.16,-0.27,1.47,1.23,9.61,185.93,7.31,8.62,0,0,0,0.0,0.0,0.0
1787615350.628774,08:49:10.628,1840,31.279,26.61,1011.43,15.164,0.0,0.0,0.0,-0.27,-0.11,-0.16,-0.27,1.47,1.23,9.61,185.93,7.31,8.62,0,0,0,0.0,0.0,0.0
1787615350.629173,08:49:10.629,1842,31.299,26.61,1011.43,15.164,0.0,0.0,0.0,-0.27,-0.11,-0.16,-0.27,1.47,1.23,9.61,185.93,7.31,8.62,0,0,0,0.0,0.0,0.0
1787615350.629542,08:49:10.629,1843,31.309,26.61,1011.43,15.164,0.0,0.0,0.0,-0.27,-0.11,-0.16,-0.27,1.47,1.23,9.61,185.93,7.31,8.62,0,0,0,0.0,0.0,0.0
1787615350.629910,08:49:10.629,1845,31.329,26.61,1011.43,15.164,0.0,0.0,0.0,-0.25,-0.09,-0.15,-0.25,1.47,1.23,9.61,185.93,7.31,8.62,0,0,0,0.0,0.0,0.0
1787615350.630288,08:49:10.630,1846,31.339,26.61,1011.43,15.164,0.0,0.0,0.0,-0.25,-0.09,-0.15,-0.25,1.47,1.23,9.61,185.93,7.31,8.62,0,0,0,0.0,0.0,0.0
1787615350.731542,08:49:10.731,1848,31.359,26.61,1011.43,15.164,0.0,0.0,0.0,-0.25,-0.09,-0.15,-0.25,1.47,1.23,9.61,185.93,7.31,8.62,0,0,0,0.0,0.0,0.0
1787615350.731978,08:49:10.731,1849,31.369,26.62,1011.44,15.079,0.0,0.0,0.0,-0.25,-0.09,-0.15,-0.25,1.47,1.23,9.61,185.93,7.31,8.62,0,0,0,0.0,0.0,0.0
1787615350.732171,08:49:10.732,1851,31.389,26.62,1011.44,15.079,0.0,0.0,0.0,-0.25,-0.09,-0.15,-0.25,1.47,1.23,9.61,185.93,7.31,8.62,0,0,0,0.0,0.0,0.0
1787615350.732365,08:49:10.732,1852,31.399,26.62,1011.44,15.079,0.0,0.0,0.0,-0.25,-0.09,-0.15,-0.25,1.47,1.23,9.61,185.93,7.31,8.62,0,0,0,0.0,0.0,0.0
1787615350.732540,08:49:10.732,1854,31.419,26.62,1011.44,15.079,0.0,0.0,0.0,-0.25,-0.09,-0.15,-0.25,1.47,1.23,9.61,185.93,7.31,8.62,0,0,0,0.0,0.0,0.0
1787615350.732714,08:49:10.732,1855,31.429,26.62,1011.44,15.079,0.0,0.0,0.0,-0.26,-0.08,-0.14,-0.26,1.47,1.22,9.61,185.93,7.25,8.62,0,0,0,0.0,0.0,0.0
1787615350.732885,08:49:10.732,1857,31.449,26.62,1011.44,15.079,0.0,0.0,0.0,-0.26,-0.08,-0.14,-0.26,1.47,1.22,9.61,185.93,7.25,8.62,0,0,0,0.0,0.0,0.0
1787615350.733057,08:49:10.733,1858,31.459,26.62,1011.44,15.079,0.0,0.0,0.0,-0.26,-0.08,-0.14,-0.26,1.47,1.22,9.61,185.93,7.25,8.62,0,0,0,0.0,0.0,0.0
1787615350.833455,08:49:10.833,1860,31.479,26.62,1011.44,15.079,0.0,0.0,0.0,-0.26,-0.08,-0.14,-0.26,1.47,1.22,9.61,185.93,7.25,8.62,0,0,0,0.0,0.0,0.0
1787615350.833870,08:49:10.833,1861,31.489,26.62,1011.44,15.079,0.0,0.0,0.0,-0.26,-0.08,-0.14,-0.26,1.47,1.22,9.61,185.93,7.25,8.62,0,0,0,0.0,0.0,0.0
1787615350.834046,08:49:10.834,1863,31.509,26.62,1011.44,15.079,0.0,0.0,0.0,-0.26,-0.08,-0.14,-0.26,1.47,1.22,9.61,185.93,7.25,8.62,0,0,0,0.0,0.0,0.0
1787615350.834220,08:49:10.834,1864,31.519,26.62,1011.44,15.079,0.0,0.0,0.0,-0.26,-0.08,-0.14,-0.26,1.47,1.22,9.61,185.93,7.25,8.62,0,0,0,0.0,0.0,0.0
1787615350.834393,08:49:10.834,1866,31.539,26.62,1011.44,15.079,0.0,0.0,0.0,-0.28,-0.09,-0.14,-0.28,1.47,1.22,9.61,185.93,7.18,8.56,0,0,0,0.0,0.0,0.0
1787615350.834564,08:49:10.834,1867,31.549,26.62,1011.44,15.079,0.0,0.0,0.0,-0.28,-0.09,-0.14,-0.28,1.47,1.22,9.61,185.93,7.18,8.56,0,0,0,0.0,0.0,0.0
1787615350.834741,08:49:10.834,1869,31.569,26.62,1011.44,15.079,0.0,0.0,0.0,-0.28,-0.09,-0.14,-0.28,1.47,1.22,9.61,185.93,7.18,8.56,0,0,0,0.0,0.0,0.0
1787615350.834914,08:49:10.834,1870,31.579,26.62,1011.44,15.079,0.0,0.0,0.0,-0.28,-0.09,-0.14,-0.28,1.47,1.22,9.61,185.93,7.18,8.56,0,0,0,0.0,0.0,0.0
1787615350.835084,08:49:10.835,1872,31.599,26.62,1011.44,15.079,0.0,0.0,0.0,-0.28,-0.09,-0.14,-0.28,1.47,1.22,9.61,185.93,7.18,8.56,0,0,0,0.0,0.0,0.0
1787615350.835254,08:49:10.835,1873,31.609,26.62,1011.44,15.079,0.0,0.0,0.0,-0.28,-0.09,-0.14,-0.28,1.47,1.22,9.61,185.93,7.18,8.56,0,0,0,0.0,0.0,0.0
1787615350.835429,08:49:10.835,1875,31.629,26.62,1011.44,15.079,0.0,0.0,0.0,-0.23,-0.08,-0.13,-0.23,1.46,1.21,9.61,185.93,7.18,8.56,0,0,0,0.0,0.0,0.0
1787615350.835602,08:49:10.835,1876,31.639,26.62,1011.44,15.079,0.0,0.0,0.0,-0.23,-0.08,-0.13,-0.23,1.46,1.21,9.61,185.93,7.18,8.56,0,0,0,0.0,0.0,0.0
1787615350.935967,08:49:10.935,1878,31.659,26.62,1011.44,15.079,0.0,0.0,0.0,-0.23,-0.08,-0.13,-0.23,1.46,1.21,9.61,185.93,7.18,8.56,0,0,0,0.0,0.0,0.0
1787615350.936549,08:49:10.936,1879,31.669,26.62,1011.44,15.079,0.0,0.0,0.0,-0.23,-0.08,-0.13,-0.23,1.46,1.21,9.61,185.93,7.18,8.56,0,0,0,0.0,0.0,0.0
1787615350.936748,08:49:10.936,1881,31.689,26.62,1011.44,15.079,0.0,0.0,0.0,-0.23,-0.08,-0.13,-0.23,1.46,1.21,9.61,185.93,7.18,8.56,0,0,0,0.0,0.0,0.0
1787615350.936938,08:49:10.936,1882,31.699,26.62,1011.44,15.079,0.0,0.0,0.0,-0.23,-0.08,-0.13,-0.23,1.46,1.21,9.61,185.93,7.18,8.56,0,0,0,0.0,0.0,0.0
1787615350.937115,08:49:10.937,1884,31.719,26.62,1011.44,15.079,0.0,0.0,0.0,-0.23,-0.08,-0.13,-0.23,1.46,1.21,9.61,185.93,7.18,8.56,0,0,0,0.0,0.0,0.0
1787615350.937307,08:49:10.937,1885,31.729,26.62,1011.44,15.079,0.0,0.0,0.0,-0.24,-0.08,-0.16,-0.24,1.46,1.21,9.62,185.93,7.12,8.56,0,0,0,0.0,0.0,0.0
1787615350.937486,08:49:10.937,1887,31.749,26.62,1011.44,15.079,0.0,0.0,0.0,-0.24,-0.08,-0.16,-0.24,1.46,1.21,9.62,185.93,7.12,8.56,0,0,0,0.0,0.0,0.0
1787615350.937676,08:49:10.937,1888,31.759,26.62,1011.44,15.079,0.0,0.0,0.0,-0.24,-0.08,-0.16,-0.24,1.46,1.21,9.62,185.93,7.12,8.56,0,0,0,0.0,0.0,0.0
1787615350.937854,08:49:10.937,1890,31.779,26.62,1011.43,15.164,0.0,0.0,0.0,-0.24,-0.08,-0.16,-0.24,1.46,1.21,9.62,185.93,7.12,8.56,0,0,0,0.0,0.0,0.0
1787615350.938040,08:49:10.938,1891,31.789,26.62,1011.43,15.164,0.0,0.0,0.0,-0.24,-0.08,-0.16,-0.24,1.46,1.21,9.62,185.93,7.12,8.56,0,0,0,0.0,0.0,0.0
1787615350.938220,08:49:10.938,1893,31.809,26.62,1011.43,15.164,0.0,0.0,0.0,-0.24,-0.08,-0.16,-0.24,1.46,1.21,9.62,185.93,7.12,8.56,0,0,0,0.0,0.0,0.0
1787615350.938409,08:49:10.938,1894,31.819,26.62,1011.43,15.164,0.0,0.0,0.0,-0.24,-0.08,-0.16,-0.24,1.46,1.21,9.62,185.93,7.12,8.56,0,0,0,0.0,0.0,0.0
1787615350.938591,08:49:10.938,1896,31.839,26.62,1011.43,15.164,0.0,0.0,0.0,-0.25,-0.07,-0.16,-0.25,1.46,1.2,9.62,185.93,7.12,8.56,0,0,0,0.0,0.0,0.0
1787615350.938786,08:49:10.938,1897,31.849,26.62,1011.43,15.164,0.0,0.0,0.0,-0.25,-0.07,-0.16,-0.25,1.46,1.2,9.62,185.93,7.12,8.56,0,0,0,0.0,0.0,0.0
1787615350.938966,08:49:10.938,1899,31.869,26.62,1011.43,15.164,0.0,0.0,0.0,-0.25,-0.07,-0.16,-0.25,1.46,1.2,9.62,185.93,7.12,8.56,0,0,0,0.0,0.0,0.0
1787615350.939155,08:49:10.939,1900,31.879,26.62,1011.43,15.164,0.0,0.0,0.0,-0.25,-0.07,-0.16,-0.25,1.46,1.2,9.62,185.93,7.12,8.56,0,0,0,0.0,0.0,0.0
1787615350.939335,08:49:10.939,1902,31.899,26.62,1011.43,15.164,0.0,0.0,0.0,-0.25,-0.07,-0.16,-0.25,1.46,1.2,9.62,185.93,7.12,8.56,0,0,0,0.0,0.0,0.0
1787615350.939526,08:49:10.939,1903,31.909,26.62,1011.43,15.164,0.0,0.0,0.0,-0.25,-0.07,-0.16,-0.25,1.46,1.2,9.62,185.93,7.12,8.56,0,0,0,0.0,0.0,0.0
1787615350.939779,08:49:10.939,1905,31.929,26.62,1011.43,15.164,0.0,0.0,0.0,-0.22,-0.09,-0.14,-0.22,1.46,1.19,9.62,185.93,7.06,8.56,0,0,0,0.0,0.0,0.0
1787615350.939953,08:49:10.939,1906,31.939,26.62,1011.43,15.164,0.0,0.0,0.0,-0.22,-0.09,-0.14,-0.22,1.46,1.19,9.62,185.93,7.06,8.56,0,0,0,0.0,0.0,0.0
1787615351.041427,08:49:11.041,1908,31.959,26.62,1011.43,15.164,0.0,0.0,0.0,-0.22,-0.09,-0.14,-0.22,1.46,1.19,9.62,185.93,7.06,8.56,0,0,0,0.0,0.0,0.0
1787615351.042744,08:49:11.042,1909,31.969,26.61,1011.44,15.079,0.0,0.0,0.0,-0.22,-0.09,-0.14,-0.22,1.46,1.19,9.62,185.93,7.06,8.56,0,0,0,0.0,0.0,0.0
1787615351.043463,08:49:11.043,1911,31.989,26.61,1011.44,15.079,0.0,0.0,0.0,-0.22,-0.09,-0.14,-0.22,1.46,1.19,9.62,185.93,7.06,8.56,0,0,0,0.0,0.0,0.0
1787615351.044136,08:49:11.044,1912,31.999,26.61,1011.44,15.079,0.0,0.0,0.0,-0.22,-0.09,-0.14,-0.22,1.46,1.19,9.62,185.93,7.06,8.56,0,0,0,0.0,0.0,0.0
1787615351.044765,08:49:11.044,1914,32.019,26.61,1011.44,15.079,0.0,0.0,0.0,-0.22,-0.09,-0.14,-0.22,1.46,1.19,9.62,185.93,7.06,8.56,0,0,0,0.0,0.0,0.0
1787615351.044970,08:49:11.044,1915,32.029,26.61,1011.44,15.079,0.0,0.0,0.0,-0.28,-0.08,-0.14,-0.28,1.46,1.19,9.62,185.93,7.06,8.56,0,0,0,0.0,0.0,0.0
1787615351.045130,08:49:11.045,1917,32.049,26.61,1011.44,15.079,0.0,0.0,0.0,-0.28,-0.08,-0.14,-0.28,1.46,1.19,9.62,185.93,7.06,8.56,0,0,0,0.0,0.0,0.0
1787615351.045285,08:49:11.045,1918,32.059,26.61,1011.44,15.079,0.0,0.0,0.0,-0.28,-0.08,-0.14,-0.28,1.46,1.19,9.62,185.93,7.06,8.56,0,0,0,0.0,0.0,0.0
1787615351.045441,08:49:11.045,1920,32.079,26.61,1011.44,15.079,0.0,0.0,0.0,-0.28,-0.08,-0.14,-0.28,1.46,1.19,9.62,185.93,7.06,8.56,0,0,0,0.0,0.0,0.0
1787615351.045599,08:49:11.045,1921,32.089,26.61,1011.44,15.079,0.0,0.0,0.0,-0.28,-0.08,-0.14,-0.28,1.46,1.19,9.62,185.93,7.06,8.56,0,0,0,0.0,0.0,0.0
1787615351.045750,08:49:11.045,1923,32.109,26.61,1011.44,15.079,0.0,0.0,0.0,-0.28,-0.08,-0.14,-0.28,1.46,1.19,9.62,185.93,7.06,8.56,0,0,0,0.0,0.0,0.0
1787615351.045908,08:49:11.045,1924,32.119,26.61,1011.44,15.079,0.0,0.0,0.0,-0.28,-0.08,-0.14,-0.28,1.46,1.19,9.62,185.93,7.06,8.56,0,0,0,0.0,0.0,0.0
1787615351.046066,08:49:11.046,1926,32.139,26.61,1011.44,15.079,0.0,0.0,0.0,-0.24,-0.08,-0.13,-0.24,1.46,1.19,9.62,185.93,7.06,8.56,0,0,0,0.0,0.0,0.0
1787615351.046218,08:49:11.046,1927,32.149,26.61,1011.44,15.079,0.0,0.0,0.0,-0.24,-0.08,-0.13,-0.24,1.46,1.19,9.62,185.93,7.06,8.56,0,0,0,0.0,0.0,0.0
1787615351.046372,08:49:11.046,1929,32.169,26.62,1011.41,15.33,0.0,0.0,0.0,-0.24,-0.08,-0.13,-0.24,1.46,1.19,9.62,185.93,7.06,8.56,0,0,0,0.0,0.0,0.0
1787615351.046526,08:49:11.046,1930,32.179,26.62,1011.41,15.33,0.0,0.0,0.0,-0.24,-0.08,-0.13,-0.24,1.46,1.19,9.62,185.93,7.06,8.56,0,0,0,0.0,0.0,0.0
1787615351.046678,08:49:11.046,1932,32.199,26.62,1011.41,15.33,0.0,0.0,0.0,-0.24,-0.08,-0.13,-0.24,1.46,1.19,9.62,185.93,7.06,8.56,0,0,0,0.0,0.0,0.0
1787615351.046830,08:49:11.046,1933,32.209,26.62,1011.41,15.33,0.0,0.0,0.0,-0.24,-0.08,-0.13,-0.24,1.46,1.19,9.62,185.93,7.06,8.56,0,0,0,0.0,0.0,0.0
1787615351.046988,08:49:11.046,1934,32.219,26.62,1011.41,15.33,0.0,0.0,0.0,-0.24,-0.08,-0.13,-0.24,1.46,1.19,9.62,185.93,7.06,8.56,0,0,0,0.0,0.0,0.0
1787615351.047144,08:49:11.047,1935,32.229,26.62,1011.41,15.33,0.0,0.0,0.0,-0.25,-0.08,-0.13,-0.25,1.46,1.19,9.62,185.93,7.06,8.56,0,0,0,0.0,0.0,0.0
1787615351.148118,08:49:11.148,1936,32.239,26.62,1011.41,15.33,0.0,0.0,0.0,-0.25,-0.08,-0.13,-0.25,1.46,1.19,9.62,185.93,7.06,8.56,0,0,0,0.0,0.0,0.0
1787615351.149570,08:49:11.149,1937,32.249,26.62,1011.41,15.33,0.0,0.0,0.0,-0.25,-0.08,-0.13,-0.25,1.46,1.19,9.62,185.93,7.06,8.56,0,0,0,0.0,0.0,0.0
1787615351.150280,08:49:11.150,1938,32.259,26.62,1011.41,15.33,0.0,0.0,0.0,-0.25,-0.08,-0.13,-0.25,1.46,1.19,9.62,185.93,7.06,8.56,0,0,0,0.0,0.0,0.0
1787615351.150967,08:49:11.150,1939,32.269,26.62,1011.41,15.33,0.0,0.0,0.0,-0.25,-0.08,-0.13,-0.25,1.46,1.19,9.62,185.93,7.06,8.56,0,0,0,0.0,0.0,0.0
1787615351.151660,08:49:11.151,1940,32.279,26.62,1011.41,15.33,0.0,0.0,0.0,-0.25,-0.08,-0.13,-0.25,1.46,1.19,9.62,185.93,7.06,8.56,0,0,0,0.0,0.0,0.0
1787615351.152322,08:49:11.152,1941,32.289,26.62,1011.41,15.33,0.0,0.0,0.0,-0.25,-0.08,-0.13,-0.25,1.46,1.19,9.62,185.93,7.06,8.56,0,0,0,0.0,0.0,0.0
1787615351.152976,08:49:11.152,1942,32.299,26.62,1011.41,15.33,0.0,0.0,0.0,-0.25,-0.08,-0.13,-0.25,1.46,1.19,9.62,185.93,7.06,8.56,0,0,0,0.0,0.0,0.0
1787615351.153468,08:49:11.153,1943,32.309,26.62,1011.41,15.33,0.0,0.0,0.0,-0.25,-0.08,-0.13,-0.25,1.46,1.19,9.62,185.93,7.06,8.56,0,0,0,0.0,0.0,0.0
1787615351.153753,08:49:11.153,1944,32.319,26.62,1011.41,15.33,0.0,0.0,0.0,-0.25,-0.08,-0.13,-0.25,1.46,1.19,9.62,185.93,7.06,8.56,0,0,0,0.0,0.0,0.0
1787615351.154056,08:49:11.154,1945,32.329,26.62,1011.41,15.33,0.0,0.0,0.0,-0.23,-0.08,-0.12,-0.23,1.46,1.19,9.62,185.93,7.06,8.56,0,0,0,0.0,0.0,0.0
1787615351.154343,08:49:11.154,1946,32.339,26.62,1011.41,15.33,0.0,0.0,0.0,-0.23,-0.08,-0.12,-0.23,1.46,1.19,9.62,185.93,7.06,8.56,0,0,0,0.0,0.0,0.0
1787615351.154640,08:49:11.154,1947,32.349,26.62,1011.41,15.33,0.0,0.0,0.0,-0.23,-0.08,-0.12,-0.23,1.46,1.19,9.62,185.93,7.06,8.56,0,0,0,0.0,0.0,0.0
1787615351.255358,08:49:11.255,1948,32.359,26.62,1011.41,15.33,0.0,0.0,0.0,-0.23,-0.08,-0.12,-0.23,1.46,1.19,9.62,185.93,7.06,8.56,0,0,0,0.0,0.0,0.0
1787615351.255644,08:49:11.255,1949,32.369,26.62,1011.43,15.164,0.0,0.0,0.0,-0.23,-0.08,-0.12,-0.23,1.46,1.19,9.62,185.93,7.06,8.56,0,0,0,0.0,0.0,0.0
1787615351.255805,08:49:11.255,1950,32.379,26.62,1011.43,15.164,0.0,0.0,0.0,-0.23,-0.08,-0.12,-0.23,1.46,1.19,9.62,185.93,7.06,8.56,0,0,0,0.0,0.0,0.0
1787615351.255959,08:49:11.255,1951,32.389,26.62,1011.43,15.164,0.0,0.0,0.0,-0.23,-0.08,-0.12,-0.23,1.46,1.19,9.62,185.93,7.06,8.56,0,0,0,0.0,0.0,0.0
1787615351.256112,08:49:11.256,1952,32.399,26.62,1011.43,15.164,0.0,0.0,0.0,-0.23,-0.08,-0.12,-0.23,1.46,1.19,9.62,185.93,7.06,8.56,0,0,0,0.0,0.0,0.0
1787615351.256265,08:49:11.256,1953,32.409,26.62,1011.43,15.164,0.0,0.0,0.0,-0.23,-0.08,-0.12,-0.23,1.46,1.19,9.62,185.93,7.06,8.56,0,0,0,0.0,0.0,0.0
1787615351.256417,08:49:11.256,1954,32.419,26.62,1011.43,15.164,0.0,0.0,0.0,-0.23,-0.08,-0.12,-0.23,1.46,1.19,9.62,185.93,7.06,8.56,0,0,0,0.0,0.0,0.0
1787615351.256574,08:49:11.256,1955,32.429,26.62,1011.43,15.164,0.0,0.0,0.0,-0.24,-0.08,-0.11,-0.24,1.46,1.19,9.62,185.93,7.06,8.56,0,0,0,0.0,0.0,0.0
1787615351.256729,08:49:11.256,1956,32.439,26.62,1011.43,15.164,0.0,0.0,0.0,-0.24,-0.08,-0.11,-0.24,1.46,1.19,9.62,185.93,7.06,8.56,0,0,0,0.0,0.0,0.0
1787615351.256879,08:49:11.256,1957,32.449,26.62,1011.43,15.164,0.0,0.0,0.0,-0.24,-0.08,-0.11,-0.24,1.46,1.19,9.62,185.93,7.06,8.56,0,0,0,0.0,0.0,0.0
1787615351.357829,08:49:11.357,1958,32.459,26.62,1011.43,15.164,0.0,0.0,0.0,-0.24,-0.08,-0.11,-0.24,1.46,1.19,9.62,185.93,7.06,8.56,0,0,0,0.0,0.0,0.0
1787615351.358128,08:49:11.358,1959,32.469,26.62,1011.43,15.164,0.0,0.0,0.0,-0.24,-0.08,-0.11,-0.24,1.46,1.19,9.62,185.93,7.06,8.56,0,0,0,0.0,0.0,0.0
1787615351.358304,08:49:11.358,1960,32.479,26.62,1011.43,15.164,0.0,0.0,0.0,-0.24,-0.08,-0.11,-0.24,1.46,1.19,9.62,185.93,7.06,8.56,0,0,0,0.0,0.0,0.0
1787615351.358546,08:49:11.358,1961,32.489,26.62,1011.43,15.164,0.0,0.0,0.0,-0.24,-0.08,-0.11,-0.24,1.46,1.19,9.62,185.93,7.06,8.56,0,0,0,0.0,0.0,0.0
1787615351.358735,08:49:11.358,1962,32.499,26.62,1011.43,15.164,0.0,0.0,0.0,-0.24,-0.08,-0.11,-0.24,1.46,1.19,9.62,185.93,7.06,8.56,0,0,0,0.0,0.0,0.0
1787615351.358905,08:49:11.358,1963,32.509,26.62,1011.43,15.164,0.0,0.0,0.0,-0.24,-0.08,-0.11,-0.24,1.46,1.19,9.62,185.93,7.06,8.56,0,0,0,0.0,0.0,0.0
1787615351.359320,08:49:11.359,1964,32.519,26.62,1011.43,15.164,0.0,0.0,0.0,-0.24,-0.08,-0.11,-0.24,1.46,1.19,9.62,185.93,7.06,8.56,0,0,0,0.0,0.0,0.0
1787615351.359666,08:49:11.359,1965,32.529,26.62,1011.43,15.164,0.0,0.0,0.0,-0.28,-0.1,-0.12,-0.28,1.46,1.19,9.62,185.93,7.06,8.56,0,0,0,0.0,0.0,0.0
1787615351.359976,08:49:11.359,1966,32.539,26.62,1011.43,15.164,0.0,0.0,0.0,-0.28,-0.1,-0.12,-0.28,1.46,1.19,9.62,185.93,7.06,8.56,0,0,0,0.0,0.0,0.0
1787615351.360311,08:49:11.360,1967,32.549,26.62,1011.43,15.164,0.0,0.0,0.0,-0.28,-0.1,-0.12,-0.28,1.46,1.19,9.62,185.93,7.06,8.56,0,0,0,0.0,0.0,0.0
1787615351.360640,08:49:11.360,1968,32.559,26.62,1011.43,15.164,0.0,0.0,0.0,-0.28,-0.1,-0.12,-0.28,1.46,1.19,9.62,185.93,7.06,8.56,0,0,0,0.0,0.0,0.0
1787615351.462262,08:49:11.462,1969,32.569,26.62,1011.41,15.33,0.0,0.0,0.0,-0.28,-0.1,-0.12,-0.28,1.46,1.19,9.62,185.93,7.06,8.56,0,0,0,0.0,0.0,0.0
1787615351.464119,08:49:11.464,1970,32.579,26.62,1011.41,15.33,0.0,0.0,0.0,-0.28,-0.1,-0.12,-0.28,1.46,1.19,9.62,185.93,7.06,8.56,0,0,0,0.0,0.0,0.0
1787615351.464585,08:49:11.464,1971,32.589,26.62,1011.41,15.33,0.0,0.0,0.0,-0.28,-0.1,-0.12,-0.28,1.46,1.19,9.62,185.93,7.06,8.56,0,0,0,0.0,0.0,0.0
1787615351.464981,08:49:11.464,1972,32.599,26.62,1011.41,15.33,0.0,0.0,0.0,-0.28,-0.1,-0.12,-0.28,1.46,1.19,9.62,185.93,7.06,8.56,0,0,0,0.0,0.0,0.0
1787615351.465376,08:49:11.465,1973,32.609,26.62,1011.41,15.33,0.0,0.0,0.0,-0.28,-0.1,-0.12,-0.28,1.46,1.19,9.62,185.93,7.06,8.56,0,0,0,0.0,0.0,0.0
1787615351.465759,08:49:11.465,1974,32.619,26.62,1011.41,15.33,0.0,0.0,0.0,-0.28,-0.1,-0.12,-0.28,1.46,1.19,9.62,185.93,7.06,8.56,0,0,0,0.0,0.0,0.0
1787615351.466133,08:49:11.466,1975,32.629,26.62,1011.41,15.33,0.0,0.0,0.0,-0.27,-0.07,-0.14,-0.27,1.46,1.19,9.62,185.93,7.06,8.56,0,0,0,0.0,0.0,0.0
1787615351.466496,08:49:11.466,1976,32.639,26.62,1011.41,15.33,0.0,0.0,0.0,-0.27,-0.07,-0.14,-0.27,1.46,1.19,9.62,185.93,7.06,8.56,0,0,0,0.0,0.0,0.0
1787615351.466830,08:49:11.466,1977,32.649,26.62,1011.41,15.33,0.0,0.0,0.0,-0.27,-0.07,-0.14,-0.27,1.46,1.19,9.62,185.93,7.06,8.56,0,0,0,0.0,0.0,0.0
1787615351.467155,08:49:11.467,1978,32.659,26.62,1011.41,15.33,0.0,0.0,0.0,-0.27,-0.07,-0.14,-0.27,1.46,1.19,9.62,185.93,7.06,8.56,0,0,0,0.0,0.0,0.0
1787615351.568792,08:49:11.568,1979,32.669,26.62,1011.41,15.33,0.0,0.0,0.0,-0.27,-0.07,-0.14,-0.27,1.46,1.19,9.62,185.93,7.06,8.56,0,0,0,0.0,0.0,0.0
1787615351.569728,08:49:11.569,1980,32.679,26.62,1011.41,15.33,0.0,0.0,0.0,-0.27,-0.07,-0.14,-0.27,1.46,1.19,9.62,185.93,7.06,8.56,0,0,0,0.0,0.0,0.0
1787615351.570165,08:49:11.570,1981,32.689,26.62,1011.41,15.33,0.0,0.0,0.0,-0.27,-0.07,-0.14,-0.27,1.46,1.19,9.62,185.93,7.06,8.56,0,0,0,0.0,0.0,0.0
1787615351.570567,08:49:11.570,1982,32.699,26.62,1011.41,15.33,0.0,0.0,0.0,-0.27,-0.07,-0.14,-0.27,1.46,1.19,9.62,185.93,7.06,8.56,0,0,0,0.0,0.0,0.0
1787615351.570955,08:49:11.570,1983,32.709,26.62,1011.41,15.33,0.0,0.0,0.0,-0.27,-0.07,-0.14,-0.27,1.46,1.19,9.62,185.93,7.06,8.56,0,0,0,0.0,0.0,0.0
1787615351.571282,08:49:11.571,1984,32.719,26.62,1011.41,15.33,0.0,0.0,0.0,-0.27,-0.07,-0.14,-0.27,1.46,1.19,9.62,185.93,7.06,8.56,0,0,0,0.0,0.0,0.0
1787615351.571615,08:49:11.571,1985,32.729,26.62,1011.41,15.33,0.0,0.0,0.0,-0.26,-0.09,-0.13,-0.26,1.46,1.19,9.62,185.93,7.06,8.56,0,0,0,0.0,0.0,0.0
1787615351.571948,08:49:11.571,1986,32.739,26.62,1011.41,15.33,0.0,0.0,0.0,-0.26,-0.09,-0.13,-0.26,1.46,1.19,9.62,185.93,7.06,8.56,0,0,0,0.0,0.0,0.0
1787615351.572292,08:49:11.572,1987,32.749,26.62,1011.41,15.33,0.0,0.0,0.0,-0.26,-0.09,-0.13,-0.26,1.46,1.19,9.62,185.93,7.06,8.56,0,0,0,0.0,0.0,0.0
1787615351.572630,08:49:11.572,1988,32.759,26.62,1011.41,15.33,0.0,0.0,0.0,-0.26,-0.09,-0.13,-0.26,1.46,1.19,9.62,185.93,7.06,8.56,0,0,0,0.0,0.0,0.0
1787615351.572965,08:49:11.572,1989,32.769,26.63,1011.4,15.412,0.0,0.0,0.0,-0.26,-0.09,-0.13,-0.26,1.46,1.19,9.62,185.93,7.06,8.56,0,0,0,0.0,0.0,0.0
1787615351.673629,08:49:11.673,1990,32.779,26.63,1011.4,15.412,0.0,0.0,0.0,-0.26,-0.09,-0.13,-0.26,1.46,1.19,9.62,185.93,7.06,8.56,0,0,0,0.0,0.0,0.0
1787615351.674776,08:49:11.674,1991,32.789,26.63,1011.4,15.412,0.0,0.0,0.0,-0.26,-0.09,-0.13,-0.26,1.46,1.19,9.62,185.93,7.06,8.56,0,0,0,0.0,0.0,0.0
1787615351.675462,08:49:11.675,1992,32.799,26.63,1011.4,15.412,0.0,0.0,0.0,-0.26,-0.09,-0.13,-0.26,1.46,1.19,9.62,185.93,7.06,8.56,0,0,0,0.0,0.0,0.0
1787615351.676143,08:49:11.676,1993,32.809,26.63,1011.4,15.412,0.0,0.0,0.0,-0.26,-0.09,-0.13,-0.26,1.46,1.19,9.62,185.93,7.06,8.56,0,0,0,0.0,0.0,0.0
1787615351.676705,08:49:11.676,1994,32.819,26.63,1011.4,15.412,0.0,0.0,0.0,-0.26,-0.09,-0.13,-0.26,1.46,1.19,9.62,185.93,7.06,8.56,0,0,0,0.0,0.0,0.0
1787615351.677043,08:49:11.677,1995,32.829,26.63,1011.4,15.412,0.0,0.0,0.0,-0.23,-0.09,-0.14,-0.23,1.46,1.19,9.62,185.93,7.06,8.56,0,0,0,0.0,0.0,0.0
1787615351.677393,08:49:11.677,1996,32.839,26.63,1011.4,15.412,0.0,0.0,0.0,-0.23,-0.09,-0.14,-0.23,1.46,1.19,9.62,185.93,7.06,8.56,0,0,0,0.0,0.0,0.0
1787615351.677740,08:49:11.677,1997,32.849,26.63,1011.4,15.412,0.0,0.0,0.0,-0.23,-0.09,-0.14,-0.23,1.46,1.19,9.62,185.93,7.06,8.56,0,0,0,0.0,0.0,0.0
1787615351.678082,08:49:11.678,1998,32.859,26.63,1011.4,15.412,0.0,0.0,0.0,-0.23,-0.09,-0.14,-0.23,1.46,1.19,9.62,185.93,7.06,8.56,0,0,0,0.0,0.0,0.0
1787615351.678424,08:49:11.678,1999,32.869,26.63,1011.4,15.412,0.0,0.0,0.0,-0.23,-0.09,-0.14,-0.23,1.46,1.19,9.62,185.93,7.06,8.56,0,0,0,0.0,0.0,0.0
1787615351.779507,08:49:11.779,2000,32.879,26.63,1011.4,15.412,0.0,0.0,0.0,-0.23,-0.09,-0.14,-0.23,1.46,1.19,9.62,185.93,7.06,8.56,0,0,0,0.0,0.0,0.0
1787615351.780979,08:49:11.780,2001,32.889,26.63,1011.4,15.412,0.0,0.0,0.0,-0.23,-0.09,-0.14,-0.23,1.46,1.19,9.62,185.93,7.06,8.56,0,0,0,0.0,0.0,0.0
1787615351.781642,08:49:11.781,2002,32.899,26.63,1011.4,15.412,0.0,0.0,0.0,-0.23,-0.09,-0.14,-0.23,1.46,1.19,9.62,185.93,7.06,8.56,0,0,0,0.0,0.0,0.0
1787615351.782052,08:49:11.782,2003,32.909,26.63,1011.4,15.412,0.0,0.0,0.0,-0.23,-0.09,-0.14,-0.23,1.46,1.19,9.62,185.93,7.06,8.56,0,0,0,0.0,0.0,0.0
1787615351.782474,08:49:11.782,2004,32.919,26.63,1011.4,15.412,0.0,0.0,0.0,-0.23,-0.09,-0.14,-0.23,1.46,1.19,9.62,185.93,7.06,8.56,0,0,0,0.0,0.0,0.0
1787615351.782898,08:49:11.782,2005,32.929,26.63,1011.4,15.412,0.0,0.0,0.0,-0.26,-0.09,-0.15,-0.26,1.46,1.19,9.62,185.93,7.06,8.56,0,0,0,0.0,0.0,0.0
1787615351.783339,08:49:11.783,2006,32.939,26.63,1011.4,15.412,0.0,0.0,0.0,-0.26,-0.09,-0.15,-0.26,1.46,1.19,9.62,185.93,7.06,8.56,0,0,0,0.0,0.0,0.0
1787615351.783710,08:49:11.783,2007,32.949,26.63,1011.4,15.412,0.0,0.0,0.0,-0.26,-0.09,-0.15,-0.26,1.46,1.19,9.62,185.93,7.06,8.56,0,0,0,0.0,0.0,0.0
1787615351.784068,08:49:11.784,2008,32.959,26.63,1011.4,15.412,0.0,0.0,0.0,-0.26,-0.09,-0.15,-0.26,1.46,1.19,9.62,185.93,7.06,8.56,0,0,0,0.0,0.0,0.0
1787615351.784415,08:49:11.784,2009,32.969,26.63,1011.39,15.496,0.0,0.0,0.0,-0.26,-0.09,-0.15,-0.26,1.46,1.19,9.62,185.93,7.06,8.56,0,0,0,0.0,0.0,0.0
1787615351.784781,08:49:11.784,2010,32.979,26.63,1011.39,15.496,0.0,0.0,0.0,-0.26,-0.09,-0.15,-0.26,1.46,1.19,9.62,185.93,7.06,8.56,0,0,0,0.0,0.0,0.0
1787615351.886501,08:49:11.886,2011,32.989,26.63,1011.39,15.496,0.0,0.0,0.0,-0.26,-0.09,-0.15,-0.26,1.46,1.19,9.62,185.93,7.06,8.56,0,0,0,0.0,0.0,0.0
1787615351.887911,08:49:11.887,2012,32.999,26.63,1011.39,15.496,0.0,0.0,0.0,-0.26,-0.09,-0.15,-0.26,1.46,1.19,9.62,185.93,7.06,8.56,0,0,0,0.0,0.0,0.0
1787615351.888615,08:49:11.888,2013,33.009,26.63,1011.39,15.496,0.0,0.0,0.0,-0.26,-0.09,-0.15,-0.26,1.46,1.19,9.62,185.93,7.06,8.56,0,0,0,0.0,0.0,0.0
1787615351.889416,08:49:11.889,2014,33.019,26.63,1011.39,15.496,0.0,0.0,0.0,-0.26,-0.09,-0.15,-0.26,1.46,1.19,9.62,185.93,7.06,8.56,0,0,0,0.0,0.0,0.0
1787615351.890093,08:49:11.890,2015,33.029,26.63,1011.39,15.496,0.0,0.0,0.0,-0.24,-0.08,-0.12,-0.24,1.46,1.19,9.62,185.93,7.06,8.56,0,0,0,0.0,0.0,0.0
1787615351.890746,08:49:11.890,2016,33.039,26.63,1011.39,15.496,0.0,0.0,0.0,-0.24,-0.08,-0.12,-0.24,1.46,1.19,9.62,185.93,7.06,8.56,0,0,0,0.0,0.0,0.0
1787615351.891417,08:49:11.891,2017,33.049,26.63,1011.39,15.496,0.0,0.0,0.0,-0.24,-0.08,-0.12,-0.24,1.46,1.19,9.62,185.93,7.06,8.56,0,0,0,0.0,0.0,0.0
1787615351.891927,08:49:11.891,2018,33.059,26.63,1011.39,15.496,0.0,0.0,0.0,-0.24,-0.08,-0.12,-0.24,1.46,1.19,9.62,185.93,7.06,8.56,0,0,0,0.0,0.0,0.0
1787615351.892111,08:49:11.892,2019,33.069,26.63,1011.39,15.496,0.0,0.0,0.0,-0.24,-0.08,-0.12,-0.24,1.46,1.19,9.62,185.93,7.06,8.56,0,0,0,0.0,0.0,0.0
1787615351.892278,08:49:11.892,2020,33.079,26.63,1011.39,15.496,0.0,0.0,0.0,-0.24,-0.08,-0.12,-0.24,1.46,1.19,9.62,185.93,7.06,8.56,0,0,0,0.0,0.0,0.0
1787615351.993699,08:49:11.993,2021,33.089,26.63,1011.39,15.496,0.0,0.0,0.0,-0.24,-0.08,-0.12,-0.24,1.46,1.19,9.62,185.93,7.06,8.56,0,0,0,0.0,0.0,0.0
1787615351.995018,08:49:11.995,2022,33.099,26.63,1011.39,15.496,0.0,0.0,0.0,-0.24,-0.08,-0.12,-0.24,1.46,1.19,9.62,185.93,7.06,8.56,0,0,0,0.0,0.0,0.0
1787615351.995729,08:49:11.995,2023,33.109,26.63,1011.39,15.496,0.0,0.0,0.0,-0.24,-0.08,-0.12,-0.24,1.46,1.19,9.62,185.93,7.06,8.56,0,0,0,0.0,0.0,0.0
1787615351.996124,08:49:11.996,2024,33.119,26.63,1011.39,15.496,0.0,0.0,0.0,-0.24,-0.08,-0.12,-0.24,1.46,1.19,9.62,185.93,7.06,8.56,0,0,0,0.0,0.0,0.0
1787615351.996513,08:49:11.996,2025,33.129,26.63,1011.39,15.496,0.0,0.0,0.0,-0.22,-0.09,-0.15,-0.22,1.46,1.19,9.62,185.93,7.06,8.56,0,0,0,0.0,0.0,0.0
1787615351.996903,08:49:11.996,2026,33.139,26.63,1011.39,15.496,0.0,0.0,0.0,-0.22,-0.09,-0.15,-0.22,1.46,1.19,9.62,185.93,7.06,8.56,0,0,0,0.0,0.0,0.0
1787615351.997300,08:49:11.997,2027,33.149,26.63,1011.39,15.496,0.0,0.0,0.0,-0.22,-0.09,-0.15,-0.22,1.46,1.19,9.62,185.93,7.06,8.56,0,0,0,0.0,0.0,0.0
1787615351.997708,08:49:11.997,2028,33.159,26.63,1011.39,15.496,0.0,0.0,0.0,-0.22,-0.09,-0.15,-0.22,1.46,1.19,9.62,185.93,7.06,8.56,0,0,0,0.0,0.0,0.0
1787615351.998056,08:49:11.998,2029,33.169,26.62,1011.42,15.245,0.0,0.0,0.0,-0.22,-0.09,-0.15,-0.22,1.46,1.19,9.62,185.93,7.06,8.56,0,0,0,0.0,0.0,0.0
1787615351.998525,08:49:11.998,2030,33.179,26.62,1011.42,15.245,0.0,0.0,0.0,-0.22,-0.09,-0.15,-0.22,1.46,1.19,9.62,185.93,7.06,8.56,0,0,0,0.0,0.0,0.0
1787615351.998881,08:49:11.998,2031,33.189,26.62,1011.42,15.245,0.0,0.0,0.0,-0.22,-0.09,-0.15,-0.22,1.46,1.19,9.62,185.93,7.06,8.56,0,0,0,0.0,0.0,0.0
1787615351.999239,08:49:11.999,2032,33.199,26.62,1011.42,15.245,0.0,0.0,0.0,-0.22,-0.09,-0.15,-0.22,1.46,1.19,9.62,185.93,7.06,8.56,0,0,0,0.0,0.0,0.0
1787615352.100171,08:49:12.100,2033,33.209,26.62,1011.42,15.245,0.0,0.0,0.0,-0.22,-0.09,-0.15,-0.22,1.46,1.19,9.62,185.93,7.06,8.56,0,0,0,0.0,0.0,0.0
1787615352.100640,08:49:12.100,2034,33.219,26.62,1011.42,15.245,0.0,0.0,0.0,-0.22,-0.09,-0.15,-0.22,1.46,1.19,9.62,185.93,7.06,8.56,0,0,0,0.0,0.0,0.0
1787615352.104616,08:49:12.104,2035,33.229,26.62,1011.42,15.245,0.0,0.0,0.0,-0.25,-0.09,-0.14,-0.25,1.46,1.19,9.62,185.93,7.06,8.56,0,0,0,0.0,0.0,0.0
1787615352.104863,08:49:12.104,2036,33.239,26.62,1011.42,15.245,0.0,0.0,0.0,-0.25,-0.09,-0.14,-0.25,1.46,1.19,9.62,185.93,7.06,8.56,0,0,0,0.0,0.0,0.0
1787615352.105279,08:49:12.105,2037,33.249,26.62,1011.42,15.245,0.0,0.0,0.0,-0.25,-0.09,-0.14,-0.25,1.46,1.19,9.62,185.93,7.06,8.56,0,0,0,0.0,0.0,0.0
1787615352.113097,08:49:12.113,2038,33.259,26.62,1011.42,15.245,0.0,0.0,0.0,-0.25,-0.09,-0.14,-0.25,1.46,1.19,9.62,185.93,7.06,8.56,0,0,0,0.0,0.0,0.0
1787615352.113294,08:49:12.113,2039,33.269,26.62,1011.42,15.245,0.0,0.0,0.0,-0.25,-0.09,-0.14,-0.25,1.46,1.19,9.62,185.93,7.06,8.56,0,0,0,0.0,0.0,0.0
1787615352.113472,08:49:12.113,2040,33.279,26.62,1011.42,15.245,0.0,0.0,0.0,-0.25,-0.09,-0.14,-0.25,1.46,1.19,9.62,185.93,7.06,8.56,0,0,0,0.0,0.0,0.0
1787615352.113644,08:49:12.113,2041,33.289,26.62,1011.42,15.245,0.0,0.0,0.0,-0.25,-0.09,-0.14,-0.25,1.46,1.19,9.62,185.93,7.06,8.56,0,0,0,0.0,0.0,0.0
1787615352.113816,08:49:12.113,2042,33.299,26.62,1011.42,15.245,0.0,0.0,0.0,-0.25,-0.09,-0.14,-0.25,1.46,1.19,9.62,185.93,7.06,8.56,0,0,0,0.0,0.0,0.0
1787615352.113979,08:49:12.113,2043,33.309,26.62,1011.42,15.245,0.0,0.0,0.0,-0.25,-0.09,-0.14,-0.25,1.46,1.19,9.62,185.93,7.06,8.56,0,0,0,0.0,0.0,0.0
1787615352.215280,08:49:12.215,2044,33.319,26.62,1011.42,15.245,0.0,0.0,0.0,-0.25,-0.09,-0.14,-0.25,1.46,1.19,9.62,185.93,7.06,8.56,0,0,0,0.0,0.0,0.0
1787615352.215639,08:49:12.215,2045,33.329,26.62,1011.42,15.245,0.0,0.0,0.0,-0.26,-0.07,-0.16,-0.26,1.46,1.19,9.62,185.93,7.06,8.56,0,0,0,0.0,0.0,0.0
1787615352.215866,08:49:12.215,2046,33.339,26.62,1011.42,15.245,0.0,0.0,0.0,-0.26,-0.07,-0.16,-0.26,1.46,1.19,9.62,185.93,7.06,8.56,0,0,0,0.0,0.0,0.0
1787615352.216091,08:49:12.216,2047,33.349,26.62,1011.42,15.245,0.0,0.0,0.0,-0.26,-0.07,-0.16,-0.26,1.46,1.19,9.62,185.93,7.06,8.56,0,0,0,0.0,0.0,0.0
1787615352.216311,08:49:12.216,2048,33.359,26.62,1011.42,15.245,0.0,0.0,0.0,-0.26,-0.07,-0.16,-0.26,1.46,1.19,9.62,185.93,7.06,8.56,0,0,0,0.0,0.0,0.0
1787615352.216528,08:49:12.216,2049,33.369,26.62,1011.38,15.581,0.0,0.0,0.0,-0.26,-0.07,-0.16,-0.26,1.46,1.19,9.62,185.93,7.06,8.56,0,0,0,0.0,0.0,0.0
1787615352.216731,08:49:12.216,2050,33.379,26.62,1011.38,15.581,0.0,0.0,0.0,-0.26,-0.07,-0.16,-0.26,1.46,1.19,9.62,185.93,7.06,8.56,0,0,0,0.0,0.0,0.0
1787615352.216897,08:49:12.216,2051,33.389,26.62,1011.38,15.581,0.0,0.0,0.0,-0.26,-0.07,-0.16,-0.26,1.46,1.19,9.62,185.93,7.06,8.56,0,0,0,0.0,0.0,0.0
1787615352.217064,08:49:12.217,2052,33.399,26.62,1011.38,15.581,0.0,0.0,0.0,-0.26,-0.07,-0.16,-0.26,1.46,1.19,9.62,185.93,7.06,8.56,0,0,0,0.0,0.0,0.0
1787615352.217268,08:49:12.217,2053,33.409,26.62,1011.38,15.581,0.0,0.0,0.0,-0.26,-0.07,-0.16,-0.26,1.46,1.19,9.62,185.93,7.06,8.56,0,0,0,0.0,0.0,0.0
1787615352.318765,08:49:12.318,2054,33.419,26.62,1011.38,15.581,0.0,0.0,0.0,-0.26,-0.07,-0.16,-0.26,1.46,1.19,9.62,185.93,7.06,8.56,0,0,0,0.0,0.0,0.0
1787615352.320218,08:49:12.320,2055,33.429,26.62,1011.38,15.581,0.0,0.0,0.0,-0.25,-0.08,-0.12,-0.25,1.46,1.19,9.62,185.93,7.06,8.56,0,0,0,0.0,0.0,0.0
1787615352.320775,08:49:12.320,2056,33.439,26.62,1011.38,15.581,0.0,0.0,0.0,-0.25,-0.08,-0.12,-0.25,1.46,1.19,9.62,185.93,7.06,8.56,0,0,0,0.0,0.0,0.0
1787615352.321182,08:49:12.321,2057,33.449,26.62,1011.38,15.581,0.0,0.0,0.0,-0.25,-0.08,-0.12,-0.25,1.46,1.19,9.62,185.93,7.06,8.56,0,0,0,0.0,0.0,0.0
1787615352.321582,08:49:12.321,2058,33.459,26.62,1011.38,15.581,0.0,0.0,0.0,-0.25,-0.08,-0.12,-0.25,1.46,1.19,9.62,185.93,7.06,8.56,0,0,0,0.0,0.0,0.0
1787615352.321995,08:49:12.321,2059,33.469,26.62,1011.38,15.581,0.0,0.0,0.0,-0.25,-0.08,-0.12,-0.25,1.46,1.19,9.62,185.93,7.06,8.56,0,0,0,0.0,0.0,0.0
1787615352.322393,08:49:12.322,2060,33.479,26.62,1011.38,15.581,0.0,0.0,0.0,-0.25,-0.08,-0.12,-0.25,1.46,1.19,9.62,185.93,7.06,8.56,0,0,0,0.0,0.0,0.0
1787615352.322734,08:49:12.322,2061,33.489,26.62,1011.38,15.581,0.0,0.0,0.0,-0.25,-0.08,-0.12,-0.25,1.46,1.19,9.62,185.93,7.06,8.56,0,0,0,0.0,0.0,0.0
1787615352.323067,08:49:12.323,2062,33.499,26.62,1011.38,15.581,0.0,0.0,0.0,-0.25,-0.08,-0.12,-0.25,1.46,1.19,9.62,185.93,7.06,8.56,0,0,0,0.0,0.0,0.0
1787615352.424743,08:49:12.424,2063,33.509,26.62,1011.38,15.581,0.0,0.0,0.0,-0.25,-0.08,-0.12,-0.25,1.46,1.19,9.62,185.93,7.06,8.56,0,0,0,0.0,0.0,0.0
1787615352.426141,08:49:12.426,2064,33.519,26.62,1011.38,15.581,0.0,0.0,0.0,-0.25,-0.08,-0.12,-0.25,1.46,1.19,9.62,185.93,7.06,8.56,0,0,0,0.0,0.0,0.0
1787615352.426742,08:49:12.426,2065,33.529,26.62,1011.38,15.581,0.0,0.0,0.0,-0.26,-0.08,-0.14,-0.26,1.46,1.19,9.62,185.93,7.06,8.56,0,0,0,0.0,0.0,0.0
1787615352.427139,08:49:12.427,2066,33.539,26.62,1011.38,15.581,0.0,0.0,0.0,-0.26,-0.08,-0.14,-0.26,1.46,1.19,9.62,185.93,7.06,8.56,0,0,0,0.0,0.0,0.0
1787615352.427898,08:49:12.427,2067,33.549,26.62,1011.38,15.581,0.0,0.0,0.0,-0.26,-0.08,-0.14,-0.26,1.46,1.19,9.62,185.93,7.06,8.56,0,0,0,0.0,0.0,0.0
1787615352.428342,08:49:12.428,2068,33.559,26.62,1011.38,15.581,0.0,0.0,0.0,-0.26,-0.08,-0.14,-0.26,1.46,1.19,9.62,185.93,7.06,8.56,0,0,0,0.0,0.0,0.0
1787615352.428694,08:49:12.428,2069,33.569,26.64,1011.42,15.245,0.0,0.0,0.0,-0.26,-0.08,-0.14,-0.26,1.46,1.19,9.62,185.93,7.06,8.56,0,0,0,0.0,0.0,0.0
1787615352.429041,08:49:12.429,2070,33.579,26.64,1011.42,15.245,0.0,0.0,0.0,-0.26,-0.08,-0.14,-0.26,1.46,1.19,9.62,185.93,7.06,8.56,0,0,0,0.0,0.0,0.0
1787615352.429387,08:49:12.429,2071,33.589,26.64,1011.42,15.245,0.0,0.0,0.0,-0.26,-0.08,-0.14,-0.26,1.46,1.19,9.62,185.93,7.06,8.56,0,0,0,0.0,0.0,0.0
1787615352.429724,08:49:12.429,2072,33.599,26.64,1011.42,15.245,0.0,0.0,0.0,-0.26,-0.08,-0.14,-0.26,1.46,1.19,9.62,185.93,7.06,8.56,0,0,0,0.0,0.0,0.0
1787615352.430067,08:49:12.430,2073,33.609,26.64,1011.42,15.245,0.0,0.0,0.0,-0.26,-0.08,-0.14,-0.26,1.46,1.19,9.62,185.93,7.06,8.56,0,0,0,0.0,0.0,0.0
1787615352.531722,08:49:12.531,2074,33.619,26.64,1011.42,15.245,0.0,0.0,0.0,-0.26,-0.08,-0.14,-0.26,1.46,1.19,9.62,185.93,7.06,8.56,0,0,0,0.0,0.0,0.0
1787615352.533529,08:49:12.533,2075,33.629,26.64,1011.42,15.245,0.0,0.0,0.0,-0.25,-0.07,-0.15,-0.25,1.46,1.19,9.62,185.93,7.06,8.56,0,0,0,0.0,0.0,0.0
1787615352.534301,08:49:12.534,2076,33.639,26.64,1011.42,15.245,0.0,0.0,0.0,-0.25,-0.07,-0.15,-0.25,1.46,1.19,9.62,185.93,7.06,8.56,0,0,0,0.0,0.0,0.0
1787615352.534971,08:49:12.534,2077,33.649,26.64,1011.42,15.245,0.0,0.0,0.0,-0.25,-0.07,-0.15,-0.25,1.46,1.19,9.62,185.93,7.06,8.56,0,0,0,0.0,0.0,0.0
1787615352.535463,08:49:12.535,2078,33.659,26.64,1011.42,15.245,0.0,0.0,0.0,-0.25,-0.07,-0.15,-0.25,1.46,1.19,9.62,185.93,7.06,8.56,0,0,0,0.0,0.0,0.0
1787615352.535717,08:49:12.535,2079,33.669,26.64,1011.42,15.245,0.0,0.0,0.0,-0.25,-0.07,-0.15,-0.25,1.46,1.19,9.62,185.93,7.06,8.56,0,0,0,0.0,0.0,0.0
1787615352.535971,08:49:12.535,2080,33.679,26.64,1011.42,15.245,0.0,0.0,0.0,-0.25,-0.07,-0.15,-0.25,1.46,1.19,9.62,185.93,7.06,8.56,0,0,0,0.0,0.0,0.0
1787615352.536231,08:49:12.536,2081,33.689,26.64,1011.42,15.245,0.0,0.0,0.0,-0.25,-0.07,-0.15,-0.25,1.46,1.19,9.62,185.93,7.06,8.56,0,0,0,0.0,0.0,0.0
1787615352.536483,08:49:12.536,2082,33.699,26.64,1011.42,15.245,0.0,0.0,0.0,-0.25,-0.07,-0.15,-0.25,1.46,1.19,9.62,185.93,7.06,8.56,0,0,0,0.0,0.0,0.0
1787615352.536751,08:49:12.536,2083,33.709,26.64,1011.42,15.245,0.0,0.0,0.0,-0.25,-0.07,-0.15,-0.25,1.46,1.19,9.62,185.93,7.06,8.56,0,0,0,0.0,0.0,0.0
1787615352.537005,08:49:12.537,2084,33.719,26.64,1011.42,15.245,0.0,0.0,0.0,-0.25,-0.07,-0.15,-0.25,1.46,1.19,9.62,185.93,7.06,8.56,0,0,0,0.0,0.0,0.0
1787615352.537350,08:49:12.537,2085,33.729,26.64,1011.42,15.245,0.0,0.0,0.0,-0.25,-0.08,-0.13,-0.25,1.46,1.19,9.62,185.93,7.06,8.56,0,0,0,0.0,0.0,0.0
1787615352.639013,08:49:12.639,2086,33.739,26.64,1011.42,15.245,0.0,0.0,0.0,-0.25,-0.08,-0.13,-0.25,1.46,1.19,9.62,185.93,7.06,8.56,0,0,0,0.0,0.0,0.0
1787615352.640474,08:49:12.640,2087,33.749,26.64,1011.42,15.245,0.0,0.0,0.0,-0.25,-0.08,-0.13,-0.25,1.46,1.19,9.62,185.93,7.06,8.56,0,0,0,0.0,0.0,0.0
1787615352.641203,08:49:12.641,2088,33.759,26.64,1011.42,15.245,0.0,0.0,0.0,-0.25,-0.08,-0.13,-0.25,1.46,1.19,9.62,185.93,7.06,8.56,0,0,0,0.0,0.0,0.0
1787615352.641928,08:49:12.641,2089,33.769,26.63,1011.39,15.496,0.0,0.0,0.0,-0.25,-0.08,-0.13,-0.25,1.46,1.19,9.62,185.93,7.06,8.56,0,0,0,0.0,0.0,0.0
1787615352.642644,08:49:12.642,2090,33.779,26.63,1011.39,15.496,0.0,0.0,0.0,-0.25,-0.08,-0.13,-0.25,1.46,1.19,9.62,185.93,7.06,8.56,0,0,0,0.0,0.0,0.0
1787615352.643054,08:49:12.643,2091,33.789,26.63,1011.39,15.496,0.0,0.0,0.0,-0.25,-0.08,-0.13,-0.25,1.46,1.19,9.62,185.93,7.06,8.56,0,0,0,0.0,0.0,0.0
1787615352.643338,08:49:12.643,2092,33.799,26.63,1011.39,15.496,0.0,0.0,0.0,-0.25,-0.08,-0.13,-0.25,1.46,1.19,9.62,185.93,7.06,8.56,0,0,0,0.0,0.0,0.0
1787615352.643632,08:49:12.643,2093,33.809,26.63,1011.39,15.496,0.0,0.0,0.0,-0.25,-0.08,-0.13,-0.25,1.46,1.19,9.62,185.93,7.06,8.56,0,0,0,0.0,0.0,0.0
1787615352.643916,08:49:12.643,2094,33.819,26.63,1011.39,15.496,0.0,0.0,0.0,-0.25,-0.08,-0.13,-0.25,1.46,1.19,9.62,185.93,7.06,8.56,0,0,0,0.0,0.0,0.0
1787615352.644203,08:49:12.644,2095,33.829,26.63,1011.39,15.496,0.0,0.0,0.0,-0.27,-0.09,-0.13,-0.27,1.46,1.19,9.62,185.93,7.06,8.56,0,0,0,0.0,0.0,0.0
1787615352.744865,08:49:12.744,2096,33.839,26.63,1011.39,15.496,0.0,0.0,0.0,-0.27,-0.09,-0.13,-0.27,1.46,1.19,9.62,185.93,7.06,8.56,0,0,0,0.0,0.0,0.0
1787615352.746286,08:49:12.746,2097,33.849,26.63,1011.39,15.496,0.0,0.0,0.0,-0.27,-0.09,-0.13,-0.27,1.46,1.19,9.62,185.93,7.06,8.56,0,0,0,0.0,0.0,0.0
1787615352.746975,08:49:12.746,2098,33.859,26.63,1011.39,15.496,0.0,0.0,0.0,-0.27,-0.09,-0.13,-0.27,1.46,1.19,9.62,185.93,7.06,8.56,0,0,0,0.0,0.0,0.0
1787615352.747645,08:49:12.747,2099,33.869,26.63,1011.39,15.496,0.0,0.0,0.0,-0.27,-0.09,-0.13,-0.27,1.46,1.19,9.62,185.93,7.06,8.56,0,0,0,0.0,0.0,0.0
1787615352.748307,08:49:12.748,2100,33.879,26.63,1011.39,15.496,0.0,0.0,0.0,-0.27,-0.09,-0.13,-0.27,1.46,1.19,9.62,185.93,7.06,8.56,0,0,0,0.0,0.0,0.0
1787615352.748985,08:49:12.748,2101,33.889,26.63,1011.39,15.496,0.0,0.0,0.0,-0.27,-0.09,-0.13,-0.27,1.46,1.19,9.62,185.93,7.06,8.56,0,0,0,0.0,0.0,0.0
1787615352.749630,08:49:12.749,2102,33.899,26.63,1011.39,15.496,0.0,0.0,0.0,-0.27,-0.09,-0.13,-0.27,1.46,1.19,9.62,185.93,7.06,8.56,0,0,0,0.0,0.0,0.0
1787615352.749931,08:49:12.749,2103,33.909,26.63,1011.39,15.496,0.0,0.0,0.0,-0.27,-0.09,-0.13,-0.27,1.46,1.19,9.62,185.93,7.06,8.56,0,0,0,0.0,0.0,0.0
1787615352.750357,08:49:12.750,2104,33.919,26.63,1011.39,15.496,0.0,0.0,0.0,-0.27,-0.09,-0.13,-0.27,1.46,1.19,9.62,185.93,7.06,8.56,0,0,0,0.0,0.0,0.0
1787615352.750668,08:49:12.750,2105,33.929,26.63,1011.39,15.496,0.0,0.0,0.0,-0.27,-0.09,-0.14,-0.27,1.46,1.19,9.62,185.93,7.06,8.56,0,0,0,0.0,0.0,0.0
1787615352.750967,08:49:12.750,2106,33.939,26.63,1011.39,15.496,0.0,0.0,0.0,-0.27,-0.09,-0.14,-0.27,1.46,1.19,9.62,185.93,7.06,8.56,0,0,0,0.0,0.0,0.0
1787615352.751282,08:49:12.751,2107,33.949,26.63,1011.39,15.496,0.0,0.0,0.0,-0.27,-0.09,-0.14,-0.27,1.46,1.19,9.62,185.93,7.06,8.56,0,0,0,0.0,0.0,0.0
1787615352.852588,08:49:12.852,2108,33.959,26.63,1011.39,15.496,0.0,0.0,0.0,-0.27,-0.09,-0.14,-0.27,1.46,1.19,9.62,185.93,7.06,8.56,0,0,0,0.0,0.0,0.0
1787615352.854570,08:49:12.854,2109,33.969,26.65,1011.44,15.079,0.0,0.0,0.0,-0.27,-0.09,-0.14,-0.27,1.46,1.19,9.62,185.93,7.06,8.56,0,0,0,0.0,0.0,0.0
1787615352.855079,08:49:12.855,2110,33.979,26.65,1011.44,15.079,0.0,0.0,0.0,-0.27,-0.09,-0.14,-0.27,1.46,1.19,9.62,185.93,7.06,8.56,0,0,0,0.0,0.0,0.0
1787615352.855516,08:49:12.855,2111,33.989,26.65,1011.44,15.079,0.0,0.0,0.0,-0.27,-0.09,-0.14,-0.27,1.46,1.19,9.62,185.93,7.06,8.56,0,0,0,0.0,0.0,0.0
1787615352.855926,08:49:12.855,2112,33.999,26.65,1011.44,15.079,0.0,0.0,0.0,-0.27,-0.09,-0.14,-0.27,1.46,1.19,9.62,185.93,7.06,8.56,0,0,0,0.0,0.0,0.0
1787615352.856326,08:49:12.856,2113,34.009,26.65,1011.44,15.079,0.0,0.0,0.0,-0.27,-0.09,-0.14,-0.27,1.46,1.19,9.62,185.93,7.06,8.56,0,0,0,0.0,0.0,0.0
1787615352.856765,08:49:12.856,2114,34.019,26.65,1011.44,15.079,0.0,0.0,0.0,-0.27,-0.09,-0.14,-0.27,1.46,1.19,9.62,185.93,7.06,8.56,0,0,0,0.0,0.0,0.0
1787615352.857138,08:49:12.857,2115,34.029,26.65,1011.44,15.079,0.0,0.0,0.0,-0.25,-0.09,-0.14,-0.25,1.46,1.19,9.62,185.93,7.06,8.56,0,0,0,0.0,0.0,0.0
1787615352.857506,08:49:12.857,2116,34.039,26.65,1011.44,15.079,0.0,0.0,0.0,-0.25,-0.09,-0.14,-0.25,1.46,1.19,9.62,185.93,7.06,8.56,0,0,0,0.0,0.0,0.0
1787615352.857872,08:49:12.857,2117,34.049,26.65,1011.44,15.079,0.0,0.0,0.0,-0.25,-0.09,-0.14,-0.25,1.46,1.19,9.62,185.93,7.06,8.56,0,0,0,0.0,0.0,0.0
1787615352.858231,08:49:12.858,2118,34.059,26.65,1011.44,15.079,0.0,0.0,0.0,-0.25,-0.09,-0.14,-0.25,1.46,1.19,9.62,185.93,7.06,8.56,0,0,0,0.0,0.0,0.0
1787615352.959195,08:49:12.959,2119,34.069,26.65,1011.44,15.079,0.0,0.0,0.0,-0.25,-0.09,-0.14,-0.25,1.46,1.19,9.62,185.93,7.06,8.56,0,0,0,0.0,0.0,0.0
1787615352.960636,08:49:12.960,2120,34.079,26.65,1011.44,15.079,0.0,0.0,0.0,-0.25,-0.09,-0.14,-0.25,1.46,1.19,9.62,185.93,7.06,8.56,0,0,0,0.0,0.0,0.0
1787615352.961346,08:49:12.961,2121,34.089,26.65,1011.44,15.079,0.0,0.0,0.0,-0.25,-0.09,-0.14,-0.25,1.46,1.19,9.62,185.93,7.06,8.56,0,0,0,0.0,0.0,0.0
1787615352.962029,08:49:12.962,2122,34.099,26.65,1011.44,15.079,0.0,0.0,0.0,-0.25,-0.09,-0.14,-0.25,1.46,1.19,9.62,185.93,7.06,8.56,0,0,0,0.0,0.0,0.0
1787615352.962700,08:49:12.962,2123,34.109,26.65,1011.44,15.079,0.0,0.0,0.0,-0.25,-0.09,-0.14,-0.25,1.46,1.19,9.62,185.93,7.06,8.56,0,0,0,0.0,0.0,0.0
1787615352.963382,08:49:12.963,2124,34.119,26.65,1011.44,15.079,0.0,0.0,0.0,-0.25,-0.09,-0.14,-0.25,1.46,1.19,9.62,185.93,7.06,8.56,0,0,0,0.0,0.0,0.0
1787615352.964049,08:49:12.964,2125,34.129,26.65,1011.44,15.079,0.0,0.0,0.0,-0.27,-0.09,-0.15,-0.27,1.46,1.19,9.62,185.93,7.06,8.56,0,0,0,0.0,0.0,0.0
1787615352.964723,08:49:12.964,2126,34.139,26.65,1011.44,15.079,0.0,0.0,0.0,-0.27,-0.09,-0.15,-0.27,1.46,1.19,9.62,185.93,7.06,8.56,0,0,0,0.0,0.0,0.0
1787615352.965290,08:49:12.965,2127,34.149,26.65,1011.44,15.079,0.0,0.0,0.0,-0.27,-0.09,-0.15,-0.27,1.46,1.19,9.62,185.93,7.06,8.56,0,0,0,0.0,0.0,0.0
1787615352.965684,08:49:12.965,2128,34.159,26.65,1011.44,15.079,0.0,0.0,0.0,-0.27,-0.09,-0.15,-0.27,1.46,1.19,9.62,185.93,7.06,8.56,0,0,0,0.0,0.0,0.0
1787615353.067371,08:49:13.067,2129,34.169,26.62,1011.4,15.412,0.0,0.0,0.0,-0.27,-0.09,-0.15,-0.27,1.46,1.19,9.62,185.93,7.06,8.56,0,0,0,0.0,0.0,0.0
1787615353.068748,08:49:13.068,2130,34.179,26.62,1011.4,15.412,0.0,0.0,0.0,-0.27,-0.09,-0.15,-0.27,1.46,1.19,9.62,185.93,7.06,8.56,0,0,0,0.0,0.0,0.0
1787615353.069450,08:49:13.069,2131,34.189,26.62,1011.4,15.412,0.0,0.0,0.0,-0.27,-0.09,-0.15,-0.27,1.46,1.19,9.62,185.93,7.06,8.56,0,0,0,0.0,0.0,0.0
1787615353.070120,08:49:13.070,2132,34.199,26.62,1011.4,15.412,0.0,0.0,0.0,-0.27,-0.09,-0.15,-0.27,1.46,1.19,9.62,185.93,7.06,8.56,0,0,0,0.0,0.0,0.0
1787615353.070791,08:49:13.070,2133,34.209,26.62,1011.4,15.412,0.0,0.0,0.0,-0.27,-0.09,-0.15,-0.27,1.46,1.19,9.62,185.93,7.06,8.56,0,0,0,0.0,0.0,0.0
1787615353.071390,08:49:13.071,2134,34.219,26.62,1011.4,15.412,0.0,0.0,0.0,-0.27,-0.09,-0.15,-0.27,1.46,1.19,9.62,185.93,7.06,8.56,0,0,0,0.0,0.0,0.0
1787615353.071729,08:49:13.071,2135,34.229,26.62,1011.4,15.412,0.0,0.0,0.0,-0.27,-0.09,-0.15,-0.27,1.46,1.19,9.62,185.93,7.06,8.56,0,0,0,0.0,0.0,0.0
1787615353.072067,08:49:13.072,2136,34.239,26.62,1011.4,15.412,0.0,0.0,0.0,-0.29,-0.09,-0.12,-0.29,1.46,1.19,9.62,185.93,7.06,8.56,0,0,0,0.0,0.0,0.0
1787615353.072399,08:49:13.072,2137,34.249,26.62,1011.4,15.412,0.0,0.0,0.0,-0.29,-0.09,-0.12,-0.29,1.46,1.19,9.62,185.93,7.06,8.56,0,0,0,0.0,0.0,0.0
1787615353.072727,08:49:13.072,2138,34.259,26.62,1011.4,15.412,0.0,0.0,0.0,-0.29,-0.09,-0.12,-0.29,1.46,1.19,9.62,185.93,7.06,8.56,0,0,0,0.0,0.0,0.0
1787615353.073059,08:49:13.073,2139,34.269,26.62,1011.4,15.412,0.0,0.0,0.0,-0.29,-0.09,-0.12,-0.29,1.46,1.19,9.62,185.93,7.06,8.56,0,0,0,0.0,0.0,0.0
1787615353.174731,08:49:13.174,2140,34.279,26.62,1011.4,15.412,0.0,0.0,0.0,-0.29,-0.09,-0.12,-0.29,1.46,1.19,9.62,185.93,7.06,8.56,0,0,0,0.0,0.0,0.0
1787615353.175948,08:49:13.175,2141,34.289,26.62,1011.4,15.412,0.0,0.0,0.0,-0.29,-0.09,-0.12,-0.29,1.46,1.19,9.62,185.93,7.06,8.56,0,0,0,0.0,0.0,0.0
1787615353.176648,08:49:13.176,2142,34.299,26.62,1011.4,15.412,0.0,0.0,0.0,-0.29,-0.09,-0.12,-0.29,1.46,1.19,9.62,185.93,7.06,8.56,0,0,0,0.0,0.0,0.0
1787615353.177050,08:49:13.177,2143,34.309,26.62,1011.4,15.412,0.0,0.0,0.0,-0.29,-0.09,-0.12,-0.29,1.46,1.19,9.62,185.93,7.06,8.56,0,0,0,0.0,0.0,0.0
1787615353.177445,08:49:13.177,2144,34.319,26.62,1011.4,15.412,0.0,0.0,0.0,-0.29,-0.09,-0.12,-0.29,1.46,1.19,9.62,185.93,7.06,8.56,0,0,0,0.0,0.0,0.0
1787615353.177840,08:49:13.177,2145,34.329,26.62,1011.4,15.412,0.0,0.0,0.0,-0.29,-0.09,-0.12,-0.29,1.46,1.19,9.62,185.93,7.06,8.56,0,0,0,0.0,0.0,0.0
1787615353.178236,08:49:13.178,2146,34.339,26.62,1011.4,15.412,0.0,0.0,0.0,-0.27,-0.07,-0.14,-0.27,1.46,1.19,9.62,185.93,7.06,8.56,0,0,0,0.0,0.0,0.0
1787615353.178623,08:49:13.178,2147,34.349,26.62,1011.4,15.412,0.0,0.0,0.0,-0.27,-0.07,-0.14,-0.27,1.46,1.19,9.62,185.93,7.06,8.56,0,0,0,0.0,0.0,0.0
1787615353.178967,08:49:13.178,2148,34.359,26.62,1011.4,15.412,0.0,0.0,0.0,-0.27,-0.07,-0.14,-0.27,1.46,1.19,9.62,185.93,7.06,8.56,0,0,0,0.0,0.0,0.0
1787615353.179303,08:49:13.179,2149,34.369,26.63,1011.41,15.33,0.0,0.0,0.0,-0.27,-0.07,-0.14,-0.27,1.46,1.19,9.62,185.93,7.06,8.56,0,0,0,0.0,0.0,0.0
1787615353.280868,08:49:13.280,2150,34.379,26.63,1011.41,15.33,0.0,0.0,0.0,-0.27,-0.07,-0.14,-0.27,1.46,1.19,9.62,185.93,7.06,8.56,0,0,0,0.0,0.0,0.0
1787615353.281266,08:49:13.281,2151,34.389,26.63,1011.41,15.33,0.0,0.0,0.0,-0.27,-0.07,-0.14,-0.27,1.46,1.19,9.62,185.93,7.06,8.56,0,0,0,0.0,0.0,0.0
1787615353.281507,08:49:13.281,2152,34.399,26.63,1011.41,15.33,0.0,0.0,0.0,-0.27,-0.07,-0.14,-0.27,1.46,1.19,9.62,185.93,7.06,8.56,0,0,0,0.0,0.0,0.0
1787615353.281734,08:49:13.281,2153,34.409,26.63,1011.41,15.33,0.0,0.0,0.0,-0.27,-0.07,-0.14,-0.27,1.46,1.19,9.62,185.93,7.06,8.56,0,0,0,0.0,0.0,0.0
1787615353.281958,08:49:13.281,2154,34.419,26.63,1011.41,15.33,0.0,0.0,0.0,-0.27,-0.07,-0.14,-0.27,1.46,1.19,9.62,185.93,7.06,8.56,0,0,0,0.0,0.0,0.0
1787615353.282180,08:49:13.282,2155,34.429,26.63,1011.41,15.33,0.0,0.0,0.0,-0.27,-0.07,-0.14,-0.27,1.46,1.19,9.62,185.93,7.06,8.56,0,0,0,0.0,0.0,0.0
1787615353.282400,08:49:13.282,2156,34.439,26.63,1011.41,15.33,0.0,0.0,0.0,-0.24,-0.08,-0.15,-0.24,1.46,1.19,9.62,185.93,7.06,8.56,0,0,0,0.0,0.0,0.0
1787615353.282623,08:49:13.282,2157,34.449,26.63,1011.41,15.33,0.0,0.0,0.0,-0.24,-0.08,-0.15,-0.24,1.46,1.19,9.62,185.93,7.06,8.56,0,0,0,0.0,0.0,0.0
1787615353.282844,08:49:13.282,2158,34.459,26.63,1011.41,15.33,0.0,0.0,0.0,-0.24,-0.08,-0.15,-0.24,1.46,1.19,9.62,185.93,7.06,8.56,0,0,0,0.0,0.0,0.0
1787615353.283064,08:49:13.283,2159,34.469,26.63,1011.41,15.33,0.0,0.0,0.0,-0.24,-0.08,-0.15,-0.24,1.46,1.19,9.62,185.93,7.06,8.56,0,0,0,0.0,0.0,0.0
1787615353.283284,08:49:13.283,2160,34.479,26.63,1011.41,15.33,0.0,0.0,0.0,-0.24,-0.08,-0.15,-0.24,1.46,1.19,9.62,185.93,7.06,8.56,0,0,0,0.0,0.0,0.0
1787615353.383954,08:49:13.383,2161,34.489,26.63,1011.41,15.33,0.0,0.0,0.0,-0.24,-0.08,-0.15,-0.24,1.46,1.19,9.62,185.93,7.06,8.56,0,0,0,0.0,0.0,0.0
1787615353.385338,08:49:13.385,2162,34.499,26.63,1011.41,15.33,0.0,0.0,0.0,-0.24,-0.08,-0.15,-0.24,1.46,1.19,9.62,185.93,7.06,8.56,0,0,0,0.0,0.0,0.0
1787615353.386057,08:49:13.386,2163,34.509,26.63,1011.41,15.33,0.0,0.0,0.0,-0.24,-0.08,-0.15,-0.24,1.46,1.19,9.62,185.93,7.06,8.56,0,0,0,0.0,0.0,0.0
1787615353.386637,08:49:13.386,2164,34.519,26.63,1011.41,15.33,0.0,0.0,0.0,-0.24,-0.08,-0.15,-0.24,1.46,1.19,9.62,185.93,7.06,8.56,0,0,0,0.0,0.0,0.0
1787615353.386984,08:49:13.386,2165,34.529,26.63,1011.41,15.33,0.0,0.0,0.0,-0.26,-0.08,-0.17,-0.26,1.46,1.19,9.62,185.93,7.06,8.56,0,0,0,0.0,0.0,0.0
1787615353.387315,08:49:13.387,2166,34.539,26.63,1011.41,15.33,0.0,0.0,0.0,-0.26,-0.08,-0.17,-0.26,1.46,1.19,9.62,185.93,7.06,8.56,0,0,0,0.0,0.0,0.0
1787615353.387651,08:49:13.387,2167,34.549,26.63,1011.41,15.33,0.0,0.0,0.0,-0.26,-0.08,-0.17,-0.26,1.46,1.19,9.62,185.93,7.06,8.56,0,0,0,0.0,0.0,0.0
1787615353.387993,08:49:13.387,2168,34.559,26.63,1011.41,15.33,0.0,0.0,0.0,-0.26,-0.08,-0.17,-0.26,1.46,1.19,9.62,185.93,7.06,8.56,0,0,0,0.0,0.0,0.0
1787615353.388331,08:49:13.388,2169,34.569,26.63,1011.41,15.33,0.0,0.0,0.0,-0.26,-0.08,-0.17,-0.26,1.46,1.19,9.62,185.93,7.06,8.56,0,0,0,0.0,0.0,0.0
1787615353.388667,08:49:13.388,2170,34.579,26.63,1011.41,15.33,0.0,0.0,0.0,-0.26,-0.08,-0.17,-0.26,1.46,1.19,9.62,185.93,7.06,8.56,0,0,0,0.0,0.0,0.0
1787615353.490559,08:49:13.490,2171,34.589,26.63,1011.41,15.33,0.0,0.0,0.0,-0.26,-0.08,-0.17,-0.26,1.46,1.19,9.62,185.93,7.06,8.56,0,0,0,0.0,0.0,0.0
1787615353.491793,08:49:13.491,2172,34.599,26.63,1011.41,15.33,0.0,0.0,0.0,-0.26,-0.08,-0.17,-0.26,1.46,1.19,9.62,185.93,7.06,8.56,0,0,0,0.0,0.0,0.0
1787615353.492486,08:49:13.492,2173,34.609,26.63,1011.41,15.33,0.0,0.0,0.0,-0.26,-0.08,-0.17,-0.26,1.46,1.19,9.62,185.93,7.06,8.56,0,0,0,0.0,0.0,0.0
1787615353.493153,08:49:13.493,2174,34.619,26.63,1011.41,15.33,0.0,0.0,0.0,-0.26,-0.08,-0.17,-0.26,1.46,1.19,9.62,185.93,7.06,8.56,0,0,0,0.0,0.0,0.0
1787615353.493823,08:49:13.493,2175,34.629,26.63,1011.41,15.33,0.0,0.0,0.0,-0.26,-0.08,-0.17,-0.26,1.46,1.18,9.62,185.93,7.0,8.56,0,0,0,0.0,0.0,0.0
1787615353.494477,08:49:13.494,2176,34.639,26.63,1011.41,15.33,0.0,0.0,0.0,-0.26,-0.08,-0.17,-0.26,1.46,1.18,9.62,185.93,7.0,8.56,0,0,0,0.0,0.0,0.0
1787615353.495146,08:49:13.495,2177,34.649,26.63,1011.41,15.33,0.0,0.0,0.0,-0.26,-0.08,-0.17,-0.26,1.46,1.18,9.62,185.93,7.0,8.56,0,0,0,0.0,0.0,0.0
1787615353.495807,08:49:13.495,2178,34.659,26.63,1011.41,15.33,0.0,0.0,0.0,-0.26,-0.08,-0.17,-0.26,1.46,1.18,9.62,185.93,7.0,8.56,0,0,0,0.0,0.0,0.0
1787615353.496467,08:49:13.496,2179,34.669,26.63,1011.41,15.33,0.0,0.0,0.0,-0.26,-0.08,-0.17,-0.26,1.46,1.18,9.62,185.93,7.0,8.56,0,0,0,0.0,0.0,0.0
1787615353.496920,08:49:13.496,2180,34.679,26.63,1011.41,15.33,0.0,0.0,0.0,-0.26,-0.08,-0.17,-0.26,1.46,1.18,9.62,185.93,7.0,8.56,0,0,0,0.0,0.0,0.0
1787615353.497164,08:49:13.497,2181,34.689,26.63,1011.41,15.33,0.0,0.0,0.0,-0.26,-0.08,-0.17,-0.26,1.46,1.18,9.62,185.93,7.0,8.56,0,0,0,0.0,0.0,0.0
1787615353.598647,08:49:13.598,2182,34.699,26.63,1011.41,15.33,0.0,0.0,0.0,-0.26,-0.08,-0.17,-0.26,1.46,1.18,9.62,185.93,7.0,8.56,0,0,0,0.0,0.0,0.0
1787615353.600496,08:49:13.600,2183,34.709,26.63,1011.41,15.33,0.0,0.0,0.0,-0.26,-0.08,-0.17,-0.26,1.46,1.18,9.62,185.93,7.0,8.56,0,0,0,0.0,0.0,0.0
1787615353.601293,08:49:13.601,2184,34.719,26.63,1011.41,15.33,0.0,0.0,0.0,-0.26,-0.08,-0.17,-0.26,1.46,1.18,9.62,185.93,7.0,8.56,0,0,0,0.0,0.0,0.0
1787615353.601971,08:49:13.601,2185,34.729,26.63,1011.41,15.33,0.0,0.0,0.0,-0.25,-0.08,-0.17,-0.25,1.46,1.18,9.62,185.93,7.0,8.56,0,0,0,0.0,0.0,0.0
1787615353.602381,08:49:13.602,2186,34.739,26.63,1011.41,15.33,0.0,0.0,0.0,-0.25,-0.08,-0.17,-0.25,1.46,1.18,9.62,185.93,7.0,8.56,0,0,0,0.0,0.0,0.0
1787615353.602669,08:49:13.602,2187,34.749,26.63,1011.41,15.33,0.0,0.0,0.0,-0.25,-0.08,-0.17,-0.25,1.46,1.18,9.62,185.93,7.0,8.56,0,0,0,0.0,0.0,0.0
1787615353.602963,08:49:13.602,2188,34.759,26.63,1011.41,15.33,0.0,0.0,0.0,-0.25,-0.08,-0.17,-0.25,1.46,1.18,9.62,185.93,7.0,8.56,0,0,0,0.0,0.0,0.0
1787615353.603269,08:49:13.603,2189,34.769,26.64,1011.42,15.245,0.0,0.0,0.0,-0.25,-0.08,-0.17,-0.25,1.46,1.18,9.62,185.93,7.0,8.56,0,0,0,0.0,0.0,0.0
1787615353.603557,08:49:13.603,2190,34.779,26.64,1011.42,15.245,0.0,0.0,0.0,-0.25,-0.08,-0.17,-0.25,1.46,1.18,9.62,185.93,7.0,8.56,0,0,0,0.0,0.0,0.0
1787615353.603845,08:49:13.603,2191,34.789,26.64,1011.42,15.245,0.0,0.0,0.0,-0.25,-0.08,-0.17,-0.25,1.46,1.18,9.62,185.93,7.0,8.56,0,0,0,0.0,0.0,0.0
1787615353.705448,08:49:13.705,2192,34.799,26.64,1011.42,15.245,0.0,0.0,0.0,-0.25,-0.08,-0.17,-0.25,1.46,1.18,9.62,185.93,7.0,8.56,0,0,0,0.0,0.0,0.0
1787615353.706817,08:49:13.706,2193,34.809,26.64,1011.42,15.245,0.0,0.0,0.0,-0.25,-0.08,-0.17,-0.25,1.46,1.18,9.62,185.93,7.0,8.56,0,0,0,0.0,0.0,0.0
1787615353.707504,08:49:13.707,2194,34.819,26.64,1011.42,15.245,0.0,0.0,0.0,-0.25,-0.08,-0.17,-0.25,1.46,1.18,9.62,185.93,7.0,8.56,0,0,0,0.0,0.0,0.0
1787615353.708142,08:49:13.708,2195,34.829,26.64,1011.42,15.245,0.0,0.0,0.0,-0.26,-0.09,-0.15,-0.26,1.46,1.18,9.62,185.93,7.0,8.56,0,0,0,0.0,0.0,0.0
1787615353.708531,08:49:13.708,2196,34.839,26.64,1011.42,15.245,0.0,0.0,0.0,-0.26,-0.09,-0.15,-0.26,1.46,1.18,9.62,185.93,7.0,8.56,0,0,0,0.0,0.0,0.0
1787615353.708916,08:49:13.708,2197,34.849,26.64,1011.42,15.245,0.0,0.0,0.0,-0.26,-0.09,-0.15,-0.26,1.46,1.18,9.62,185.93,7.0,8.56,0,0,0,0.0,0.0,0.0
1787615353.709325,08:49:13.709,2198,34.859,26.64,1011.42,15.245,0.0,0.0,0.0,-0.26,-0.09,-0.15,-0.26,1.46,1.18,9.62,185.93,7.0,8.56,0,0,0,0.0,0.0,0.0
1787615353.709701,08:49:13.709,2199,34.869,26.64,1011.42,15.245,0.0,0.0,0.0,-0.26,-0.09,-0.15,-0.26,1.46,1.18,9.62,185.93,7.0,8.56,0,0,0,0.0,0.0,0.0
1787615353.710270,08:49:13.710,2200,34.879,26.64,1011.42,15.245,0.0,0.0,0.0,-0.26,-0.09,-0.15,-0.26,1.46,1.18,9.62,185.93,7.0,8.56,0,0,0,0.0,0.0,0.0
1787615353.710673,08:49:13.710,2201,34.889,26.64,1011.42,15.245,0.0,0.0,0.0,-0.26,-0.09,-0.15,-0.26,1.46,1.18,9.62,185.93,7.0,8.56,0,0,0,0.0,0.0,0.0
1787615353.711057,08:49:13.711,2202,34.899,26.64,1011.42,15.245,0.0,0.0,0.0,-0.26,-0.09,-0.15,-0.26,1.46,1.18,9.62,185.93,7.0,8.56,0,0,0,0.0,0.0,0.0
1787615353.711415,08:49:13.711,2203,34.909,26.64,1011.42,15.245,0.0,0.0,0.0,-0.26,-0.09,-0.15,-0.26,1.46,1.18,9.62,185.93,7.0,8.56,0,0,0,0.0,0.0,0.0
1787615353.813066,08:49:13.813,2204,34.919,26.64,1011.42,15.245,0.0,0.0,0.0,-0.26,-0.09,-0.15,-0.26,1.46,1.18,9.62,185.93,7.0,8.56,0,0,0,0.0,0.0,0.0
1787615353.814436,08:49:13.814,2205,34.929,26.64,1011.42,15.245,0.0,0.0,0.0,-0.27,-0.08,-0.15,-0.27,1.46,1.18,9.62,185.93,7.0,8.56,0,0,0,0.0,0.0,0.0
1787615353.815117,08:49:13.815,2206,34.939,26.64,1011.42,15.245,0.0,0.0,0.0,-0.27,-0.08,-0.15,-0.27,1.46,1.18,9.62,185.93,7.0,8.56,0,0,0,0.0,0.0,0.0
1787615353.815690,08:49:13.815,2207,34.949,26.64,1011.42,15.245,0.0,0.0,0.0,-0.27,-0.08,-0.15,-0.27,1.46,1.18,9.62,185.93,7.0,8.56,0,0,0,0.0,0.0,0.0
1787615353.816102,08:49:13.816,2208,34.959,26.64,1011.42,15.245,0.0,0.0,0.0,-0.27,-0.08,-0.15,-0.27,1.46,1.18,9.62,185.93,7.0,8.56,0,0,0,0.0,0.0,0.0
1787615353.816529,08:49:13.816,2209,34.969,26.65,1011.41,15.33,0.0,0.0,0.0,-0.27,-0.08,-0.15,-0.27,1.46,1.18,9.62,185.93,7.0,8.56,0,0,0,0.0,0.0,0.0
1787615353.816933,08:49:13.816,2210,34.979,26.65,1011.41,15.33,0.0,0.0,0.0,-0.27,-0.08,-0.15,-0.27,1.46,1.18,9.62,185.93,7.0,8.56,0,0,0,0.0,0.0,0.0
1787615353.817296,08:49:13.817,2211,34.989,26.65,1011.41,15.33,0.0,0.0,0.0,-0.27,-0.08,-0.15,-0.27,1.46,1.18,9.62,185.93,7.0,8.56,0,0,0,0.0,0.0,0.0
1787615353.817660,08:49:13.817,2212,34.999,26.65,1011.41,15.33,0.0,0.0,0.0,-0.27,-0.08,-0.15,-0.27,1.46,1.18,9.62,185.93,7.0,8.56,0,0,0,0.0,0.0,0.0
1787615353.818008,08:49:13.818,2213,35.009,26.65,1011.41,15.33,0.0,0.0,0.0,-0.27,-0.08,-0.15,-0.27,1.46,1.18,9.62,185.93,7.0,8.56,0,0,0,0.0,0.0,0.0
1787615353.818458,08:49:13.818,2214,35.019,26.65,1011.41,15.33,0.0,0.0,0.0,-0.27,-0.08,-0.15,-0.27,1.46,1.18,9.62,185.93,7.0,8.56,0,0,0,0.0,0.0,0.0
1787615353.920075,08:49:13.920,2215,35.029,26.65,1011.41,15.33,0.0,0.0,0.0,-0.28,-0.09,-0.15,-0.28,1.46,1.19,9.62,185.93,7.06,8.56,0,0,0,0.0,0.0,0.0
1787615353.920941,08:49:13.920,2216,35.039,26.65,1011.41,15.33,0.0,0.0,0.0,-0.28,-0.09,-0.15,-0.28,1.46,1.19,9.62,185.93,7.06,8.56,0,0,0,0.0,0.0,0.0
1787615353.921224,08:49:13.921,2217,35.049,26.65,1011.41,15.33,0.0,0.0,0.0,-0.28,-0.09,-0.15,-0.28,1.46,1.19,9.62,185.93,7.06,8.56,0,0,0,0.0,0.0,0.0
1787615353.921478,08:49:13.921,2218,35.059,26.65,1011.41,15.33,0.0,0.0,0.0,-0.28,-0.09,-0.15,-0.28,1.46,1.19,9.62,185.93,7.06,8.56,0,0,0,0.0,0.0,0.0
1787615353.921849,08:49:13.921,2219,35.069,26.65,1011.41,15.33,0.0,0.0,0.0,-0.28,-0.09,-0.15,-0.28,1.46,1.19,9.62,185.93,7.06,8.56,0,0,0,0.0,0.0,0.0
1787615353.922112,08:49:13.922,2220,35.079,26.65,1011.41,15.33,0.0,0.0,0.0,-0.28,-0.09,-0.15,-0.28,1.46,1.19,9.62,185.93,7.06,8.56,0,0,0,0.0,0.0,0.0
1787615353.922382,08:49:13.922,2221,35.089,26.65,1011.41,15.33,0.0,0.0,0.0,-0.28,-0.09,-0.15,-0.28,1.46,1.19,9.62,185.93,7.06,8.56,0,0,0,0.0,0.0,0.0
1787615353.922643,08:49:13.922,2222,35.099,26.65,1011.41,15.33,0.0,0.0,0.0,-0.28,-0.09,-0.15,-0.28,1.46,1.19,9.62,185.93,7.06,8.56,0,0,0,0.0,0.0,0.0
1787615353.922910,08:49:13.922,2223,35.109,26.65,1011.41,15.33,0.0,0.0,0.0,-0.28,-0.09,-0.15,-0.28,1.46,1.19,9.62,185.93,7.06,8.56,0,0,0,0.0,0.0,0.0
1787615353.923168,08:49:13.923,2224,35.119,26.65,1011.41,15.33,0.0,0.0,0.0,-0.28,-0.09,-0.15,-0.28,1.46,1.19,9.62,185.93,7.06,8.56,0,0,0,0.0,0.0,0.0
1787615354.024722,08:49:14.024,2225,35.129,26.65,1011.41,15.33,0.0,0.0,0.0,-0.25,-0.1,-0.13,-0.25,1.46,1.2,9.62,185.93,7.06,8.56,0,0,0,0.0,0.0,0.0
1787615354.026140,08:49:14.026,2226,35.139,26.65,1011.41,15.33,0.0,0.0,0.0,-0.25,-0.1,-0.13,-0.25,1.46,1.2,9.62,185.93,7.06,8.56,0,0,0,0.0,0.0,0.0
1787615354.026847,08:49:14.026,2227,35.149,26.65,1011.41,15.33,0.0,0.0,0.0,-0.25,-0.1,-0.13,-0.25,1.46,1.2,9.62,185.93,7.06,8.56,0,0,0,0.0,0.0,0.0
1787615354.027540,08:49:14.027,2228,35.159,26.65,1011.41,15.33,0.0,0.0,0.0,-0.25,-0.1,-0.13,-0.25,1.46,1.2,9.62,185.93,7.06,8.56,0,0,0,0.0,0.0,0.0
1787615354.028221,08:49:14.028,2229,35.169,26.65,1011.4,15.412,0.0,0.0,0.0,-0.25,-0.1,-0.13,-0.25,1.46,1.2,9.62,185.93,7.06,8.56,0,0,0,0.0,0.0,0.0
1787615354.028900,08:49:14.028,2230,35.179,26.65,1011.4,15.412,0.0,0.0,0.0,-0.25,-0.1,-0.13,-0.25,1.46,1.2,9.62,185.93,7.06,8.56,0,0,0,0.0,0.0,0.0
1787615354.029507,08:49:14.029,2231,35.189,26.65,1011.4,15.412,0.0,0.0,0.0,-0.25,-0.1,-0.13,-0.25,1.46,1.2,9.62,185.93,7.06,8.56,0,0,0,0.0,0.0,0.0
1787615354.029902,08:49:14.029,2232,35.199,26.65,1011.4,15.412,0.0,0.0,0.0,-0.25,-0.1,-0.13,-0.25,1.46,1.2,9.62,185.93,7.06,8.56,0,0,0,0.0,0.0,0.0
1787615354.030311,08:49:14.030,2233,35.209,26.65,1011.4,15.412,0.0,0.0,0.0,-0.25,-0.1,-0.13,-0.25,1.46,1.2,9.62,185.93,7.06,8.56,0,0,0,0.0,0.0,0.0
1787615354.030712,08:49:14.030,2234,35.219,26.65,1011.4,15.412,0.0,0.0,0.0,-0.25,-0.1,-0.13,-0.25,1.46,1.2,9.62,185.93,7.06,8.56,0,0,0,0.0,0.0,0.0
1787615354.031107,08:49:14.031,2235,35.229,26.65,1011.4,15.412,0.0,0.0,0.0,-0.28,-0.08,-0.17,-0.28,1.46,1.2,9.62,185.93,7.06,8.56,0,0,0,0.0,0.0,0.0
1787615354.132827,08:49:14.132,2236,35.239,26.65,1011.4,15.412,0.0,0.0,0.0,-0.28,-0.08,-0.17,-0.28,1.46,1.2,9.62,185.93,7.06,8.56,0,0,0,0.0,0.0,0.0
1787615354.134234,08:49:14.134,2237,35.249,26.65,1011.4,15.412,0.0,0.0,0.0,-0.28,-0.08,-0.17,-0.28,1.46,1.2,9.62,185.93,7.06,8.56,0,0,0,0.0,0.0,0.0
1787615354.134932,08:49:14.134,2238,35.259,26.65,1011.4,15.412,0.0,0.0,0.0,-0.28,-0.08,-0.17,-0.28,1.46,1.2,9.62,185.93,7.06,8.56,0,0,0,0.0,0.0,0.0
1787615354.135604,08:49:14.135,2239,35.269,26.65,1011.4,15.412,0.0,0.0,0.0,-0.28,-0.08,-0.17,-0.28,1.46,1.2,9.62,185.93,7.06,8.56,0,0,0,0.0,0.0,0.0
1787615354.136079,08:49:14.136,2240,35.279,26.65,1011.4,15.412,0.0,0.0,0.0,-0.28,-0.08,-0.17,-0.28,1.46,1.2,9.62,185.93,7.06,8.56,0,0,0,0.0,0.0,0.0
1787615354.136374,08:49:14.136,2241,35.289,26.65,1011.4,15.412,0.0,0.0,0.0,-0.28,-0.08,-0.17,-0.28,1.46,1.2,9.62,185.93,7.06,8.56,0,0,0,0.0,0.0,0.0
1787615354.136660,08:49:14.136,2242,35.299,26.65,1011.4,15.412,0.0,0.0,0.0,-0.28,-0.08,-0.17,-0.28,1.46,1.2,9.62,185.93,7.06,8.56,0,0,0,0.0,0.0,0.0
1787615354.136942,08:49:14.136,2243,35.309,26.65,1011.4,15.412,0.0,0.0,0.0,-0.28,-0.08,-0.17,-0.28,1.46,1.2,9.62,185.93,7.06,8.56,0,0,0,0.0,0.0,0.0
1787615354.137230,08:49:14.137,2244,35.319,26.65,1011.4,15.412,0.0,0.0,0.0,-0.28,-0.08,-0.17,-0.28,1.46,1.2,9.62,185.93,7.06,8.56,0,0,0,0.0,0.0,0.0
1787615354.137536,08:49:14.137,2245,35.329,26.65,1011.4,15.412,0.0,0.0,0.0,-0.24,-0.06,-0.13,-0.24,1.46,1.2,9.62,185.93,7.06,8.56,0,0,0,0.0,0.0,0.0
1787615354.239013,08:49:14.239,2246,35.339,26.65,1011.4,15.412,0.0,0.0,0.0,-0.24,-0.06,-0.13,-0.24,1.46,1.2,9.62,185.93,7.06,8.56,0,0,0,0.0,0.0,0.0
1787615354.239382,08:49:14.239,2247,35.349,26.65,1011.4,15.412,0.0,0.0,0.0,-0.24,-0.06,-0.13,-0.24,1.46,1.2,9.62,185.93,7.06,8.56,0,0,0,0.0,0.0,0.0
1787615354.239568,08:49:14.239,2248,35.359,26.65,1011.4,15.412,0.0,0.0,0.0,-0.24,-0.06,-0.13,-0.24,1.46,1.2,9.62,185.93,7.06,8.56,0,0,0,0.0,0.0,0.0
1787615354.239744,08:49:14.239,2249,35.369,26.65,1011.39,15.496,0.0,0.0,0.0,-0.24,-0.06,-0.13,-0.24,1.46,1.2,9.62,185.93,7.06,8.56,0,0,0,0.0,0.0,0.0
1787615354.239917,08:49:14.239,2250,35.379,26.65,1011.39,15.496,0.0,0.0,0.0,-0.24,-0.06,-0.13,-0.24,1.46,1.2,9.62,185.93,7.06,8.56,0,0,0,0.0,0.0,0.0
1787615354.240089,08:49:14.240,2251,35.389,26.65,1011.39,15.496,0.0,0.0,0.0,-0.24,-0.06,-0.13,-0.24,1.46,1.2,9.62,185.93,7.06,8.56,0,0,0,0.0,0.0,0.0
1787615354.240257,08:49:14.240,2252,35.399,26.65,1011.39,15.496,0.0,0.0,0.0,-0.24,-0.06,-0.13,-0.24,1.46,1.2,9.62,185.93,7.06,8.56,0,0,0,0.0,0.0,0.0
1787615354.240423,08:49:14.240,2253,35.409,26.65,1011.39,15.496,0.0,0.0,0.0,-0.24,-0.06,-0.13,-0.24,1.46,1.2,9.62,185.93,7.06,8.56,0,0,0,0.0,0.0,0.0
1787615354.240591,08:49:14.240,2254,35.419,26.65,1011.39,15.496,0.0,0.0,0.0,-0.24,-0.06,-0.13,-0.24,1.46,1.2,9.62,185.93,7.06,8.56,0,0,0,0.0,0.0,0.0
1787615354.240762,08:49:14.240,2255,35.429,26.65,1011.39,15.496,0.0,0.0,0.0,-0.27,-0.08,-0.13,-0.27,1.46,1.2,9.62,185.93,7.06,8.56,0,0,0,0.0,0.0,0.0
1787615354.240930,08:49:14.240,2256,35.439,26.65,1011.39,15.496,0.0,0.0,0.0,-0.27,-0.08,-0.13,-0.27,1.46,1.2,9.62,185.93,7.06,8.56,0,0,0,0.0,0.0,0.0
1787615354.342348,08:49:14.342,2257,35.449,26.65,1011.39,15.496,0.0,0.0,0.0,-0.27,-0.08,-0.13,-0.27,1.46,1.2,9.62,185.93,7.06,8.56,0,0,0,0.0,0.0,0.0
1787615354.343186,08:49:14.343,2258,35.459,26.65,1011.39,15.496,0.0,0.0,0.0,-0.27,-0.08,-0.13,-0.27,1.46,1.2,9.62,185.93,7.06,8.56,0,0,0,0.0,0.0,0.0
1787615354.343561,08:49:14.343,2259,35.469,26.65,1011.39,15.496,0.0,0.0,0.0,-0.27,-0.08,-0.13,-0.27,1.46,1.2,9.62,185.93,7.06,8.56,0,0,0,0.0,0.0,0.0
1787615354.343914,08:49:14.343,2260,35.479,26.65,1011.39,15.496,0.0,0.0,0.0,-0.27,-0.08,-0.13,-0.27,1.46,1.2,9.62,185.93,7.06,8.56,0,0,0,0.0,0.0,0.0
1787615354.344257,08:49:14.344,2261,35.489,26.65,1011.39,15.496,0.0,0.0,0.0,-0.27,-0.08,-0.13,-0.27,1.46,1.2,9.62,185.93,7.06,8.56,0,0,0,0.0,0.0,0.0
1787615354.344610,08:49:14.344,2262,35.499,26.65,1011.39,15.496,0.0,0.0,0.0,-0.27,-0.08,-0.13,-0.27,1.46,1.2,9.62,185.93,7.06,8.56,0,0,0,0.0,0.0,0.0
1787615354.344967,08:49:14.344,2263,35.509,26.65,1011.39,15.496,0.0,0.0,0.0,-0.27,-0.08,-0.13,-0.27,1.46,1.2,9.62,185.93,7.06,8.56,0,0,0,0.0,0.0,0.0
1787615354.345422,08:49:14.345,2264,35.519,26.65,1011.39,15.496,0.0,0.0,0.0,-0.27,-0.08,-0.13,-0.27,1.46,1.2,9.62,185.93,7.06,8.56,0,0,0,0.0,0.0,0.0
1787615354.345764,08:49:14.345,2265,35.529,26.65,1011.39,15.496,0.0,0.0,0.0,-0.25,-0.1,-0.14,-0.25,1.46,1.2,9.62,185.93,7.06,8.56,0,0,0,0.0,0.0,0.0
1787615354.346118,08:49:14.346,2266,35.539,26.65,1011.39,15.496,0.0,0.0,0.0,-0.25,-0.1,-0.14,-0.25,1.46,1.2,9.62,185.93,7.06,8.56,0,0,0,0.0,0.0,0.0
1787615354.447818,08:49:14.447,2267,35.549,26.65,1011.39,15.496,0.0,0.0,0.0,-0.25,-0.1,-0.14,-0.25,1.46,1.2,9.62,185.93,7.06,8.56,0,0,0,0.0,0.0,0.0
1787615354.449248,08:49:14.449,2268,35.559,26.65,1011.39,15.496,0.0,0.0,0.0,-0.25,-0.1,-0.14,-0.25,1.46,1.2,9.62,185.93,7.06,8.56,0,0,0,0.0,0.0,0.0
1787615354.449944,08:49:14.449,2269,35.569,26.65,1011.39,15.496,0.0,0.0,0.0,-0.25,-0.1,-0.14,-0.25,1.46,1.2,9.62,185.93,7.06,8.56,0,0,0,0.0,0.0,0.0
1787615354.450621,08:49:14.450,2270,35.579,26.65,1011.39,15.496,0.0,0.0,0.0,-0.25,-0.1,-0.14,-0.25,1.46,1.2,9.62,185.93,7.06,8.56,0,0,0,0.0,0.0,0.0
1787615354.451301,08:49:14.451,2271,35.589,26.65,1011.39,15.496,0.0,0.0,0.0,-0.25,-0.1,-0.14,-0.25,1.46,1.2,9.62,185.93,7.06,8.56,0,0,0,0.0,0.0,0.0
1787615354.451976,08:49:14.451,2272,35.599,26.65,1011.39,15.496,0.0,0.0,0.0,-0.25,-0.1,-0.14,-0.25,1.46,1.2,9.62,185.93,7.06,8.56,0,0,0,0.0,0.0,0.0
1787615354.452633,08:49:14.452,2273,35.609,26.65,1011.39,15.496,0.0,0.0,0.0,-0.25,-0.1,-0.14,-0.25,1.46,1.2,9.62,185.93,7.06,8.56,0,0,0,0.0,0.0,0.0
1787615354.453294,08:49:14.453,2274,35.619,26.65,1011.39,15.496,0.0,0.0,0.0,-0.25,-0.1,-0.14,-0.25,1.46,1.2,9.62,185.93,7.06,8.56,0,0,0,0.0,0.0,0.0
1787615354.453956,08:49:14.453,2275,35.629,26.65,1011.39,15.496,0.0,0.0,0.0,-0.28,-0.1,-0.12,-0.28,1.46,1.2,9.62,185.93,7.06,8.56,0,0,0,0.0,0.0,0.0
1787615354.454996,08:49:14.454,2276,35.639,26.65,1011.39,15.496,0.0,0.0,0.0,-0.28,-0.1,-0.12,-0.28,1.46,1.2,9.62,185.93,7.06,8.56,0,0,0,0.0,0.0,0.0
1787615354.455428,08:49:14.455,2277,35.649,26.65,1011.39,15.496,0.0,0.0,0.0,-0.28,-0.1,-0.12,-0.28,1.46,1.2,9.62,185.93,7.06,8.56,0,0,0,0.0,0.0,0.0
1787615354.559212,08:49:14.559,2278,35.659,26.65,1011.39,15.496,0.0,0.0,0.0,-0.28,-0.1,-0.12,-0.28,1.46,1.2,9.62,185.93,7.06,8.56,0,0,0,0.0,0.0,0.0
1787615354.559528,08:49:14.559,2279,35.669,26.65,1011.39,15.496,0.0,0.0,0.0,-0.28,-0.1,-0.12,-0.28,1.46,1.2,9.62,185.93,7.06,8.56,0,0,0,0.0,0.0,0.0
1787615354.559687,08:49:14.559,2280,35.679,26.65,1011.39,15.496,0.0,0.0,0.0,-0.28,-0.1,-0.12,-0.28,1.46,1.2,9.62,185.93,7.06,8.56,0,0,0,0.0,0.0,0.0
1787615354.559842,08:49:14.559,2281,35.689,26.65,1011.39,15.496,0.0,0.0,0.0,-0.28,-0.1,-0.12,-0.28,1.46,1.2,9.62,185.93,7.06,8.56,0,0,0,0.0,0.0,0.0
1787615354.559994,08:49:14.559,2282,35.699,26.65,1011.39,15.496,0.0,0.0,0.0,-0.28,-0.1,-0.12,-0.28,1.46,1.2,9.62,185.93,7.06,8.56,0,0,0,0.0,0.0,0.0
1787615354.560144,08:49:14.560,2283,35.709,26.65,1011.39,15.496,0.0,0.0,0.0,-0.28,-0.1,-0.12,-0.28,1.46,1.2,9.62,185.93,7.06,8.56,0,0,0,0.0,0.0,0.0
1787615354.560295,08:49:14.560,2284,35.719,26.65,1011.39,15.496,0.0,0.0,0.0,-0.28,-0.1,-0.12,-0.28,1.46,1.2,9.62,185.93,7.06,8.56,0,0,0,0.0,0.0,0.0
1787615354.563621,08:49:14.563,2285,35.729,26.65,1011.39,15.496,0.0,0.0,0.0,-0.28,-0.08,-0.12,-0.28,1.46,1.2,9.62,185.93,7.06,8.56,0,0,0,0.0,0.0,0.0
1787615354.563808,08:49:14.563,2286,35.739,26.65,1011.39,15.496,0.0,0.0,0.0,-0.28,-0.08,-0.12,-0.28,1.46,1.2,9.62,185.93,7.06,8.56,0,0,0,0.0,0.0,0.0
1787615354.563961,08:49:14.563,2287,35.749,26.65,1011.39,15.496,0.0,0.0,0.0,-0.28,-0.08,-0.12,-0.28,1.46,1.2,9.62,185.93,7.06,8.56,0,0,0,0.0,0.0,0.0
1787615354.564113,08:49:14.564,2288,35.759,26.65,1011.39,15.496,0.0,0.0,0.0,-0.28,-0.08,-0.12,-0.28,1.46,1.2,9.62,185.93,7.06,8.56,0,0,0,0.0,0.0,0.0
1787615354.570640,08:49:14.570,2289,35.769,26.65,1011.41,15.33,0.0,0.0,0.0,-0.28,-0.08,-0.12,-0.28,1.46,1.2,9.62,185.93,7.06,8.56,0,0,0,0.0,0.0,0.0
1787615354.671954,08:49:14.671,2290,35.779,26.65,1011.41,15.33,0.0,0.0,0.0,-0.28,-0.08,-0.12,-0.28,1.46,1.2,9.62,185.93,7.06,8.56,0,0,0,0.0,0.0,0.0
1787615354.672440,08:49:14.672,2291,35.789,26.65,1011.41,15.33,0.0,0.0,0.0,-0.28,-0.08,-0.12,-0.28,1.46,1.2,9.62,185.93,7.06,8.56,0,0,0,0.0,0.0,0.0
1787615354.672692,08:49:14.672,2292,35.799,26.65,1011.41,15.33,0.0,0.0,0.0,-0.28,-0.08,-0.12,-0.28,1.46,1.2,9.62,185.93,7.06,8.56,0,0,0,0.0,0.0,0.0
1787615354.672913,08:49:14.672,2293,35.809,26.65,1011.41,15.33,0.0,0.0,0.0,-0.28,-0.08,-0.12,-0.28,1.46,1.2,9.62,185.93,7.06,8.56,0,0,0,0.0,0.0,0.0
1787615354.673132,08:49:14.673,2294,35.819,26.65,1011.41,15.33,0.0,0.0,0.0,-0.28,-0.08,-0.12,-0.28,1.46,1.2,9.62,185.93,7.06,8.56,0,0,0,0.0,0.0,0.0
1787615354.673349,08:49:14.673,2295,35.829,26.65,1011.41,15.33,0.0,0.0,0.0,-0.29,-0.07,-0.11,-0.29,1.46,1.2,9.62,185.93,7.06,8.56,0,0,0,0.0,0.0,0.0
1787615354.673567,08:49:14.673,2296,35.839,26.65,1011.41,15.33,0.0,0.0,0.0,-0.29,-0.07,-0.11,-0.29,1.46,1.2,9.62,185.93,7.06,8.56,0,0,0,0.0,0.0,0.0
1787615354.673774,08:49:14.673,2297,35.849,26.65,1011.41,15.33,0.0,0.0,0.0,-0.29,-0.07,-0.11,-0.29,1.46,1.2,9.62,185.93,7.06,8.56,0,0,0,0.0,0.0,0.0
1787615354.673988,08:49:14.673,2298,35.859,26.65,1011.41,15.33,0.0,0.0,0.0,-0.29,-0.07,-0.11,-0.29,1.46,1.2,9.62,185.93,7.06,8.56,0,0,0,0.0,0.0,0.0
1787615354.674173,08:49:14.674,2299,35.869,26.65,1011.41,15.33,0.0,0.0,0.0,-0.29,-0.07,-0.11,-0.29,1.46,1.2,9.62,185.93,7.06,8.56,0,0,0,0.0,0.0,0.0
1787615354.775651,08:49:14.775,2300,35.879,26.65,1011.41,15.33,0.0,0.0,0.0,-0.29,-0.07,-0.11,-0.29,1.46,1.2,9.62,185.93,7.06,8.56,0,0,0,0.0,0.0,0.0
1787615354.776991,08:49:14.776,2301,35.889,26.65,1011.41,15.33,0.0,0.0,0.0,-0.29,-0.07,-0.11,-0.29,1.46,1.2,9.62,185.93,7.06,8.56,0,0,0,0.0,0.0,0.0
1787615354.777687,08:49:14.777,2302,35.899,26.65,1011.41,15.33,0.0,0.0,0.0,-0.29,-0.07,-0.11,-0.29,1.46,1.2,9.62,185.93,7.06,8.56,0,0,0,0.0,0.0,0.0
1787615354.778350,08:49:14.778,2303,35.909,26.65,1011.41,15.33,0.0,0.0,0.0,-0.29,-0.07,-0.11,-0.29,1.46,1.2,9.62,185.93,7.06,8.56,0,0,0,0.0,0.0,0.0
1787615354.779015,08:49:14.779,2304,35.919,26.65,1011.41,15.33,0.0,0.0,0.0,-0.29,-0.07,-0.11,-0.29,1.46,1.2,9.62,185.93,7.06,8.56,0,0,0,0.0,0.0,0.0
1787615354.779677,08:49:14.779,2305,35.929,26.65,1011.41,15.33,0.0,0.0,0.0,-0.29,-0.07,-0.11,-0.29,1.46,1.2,9.62,185.93,7.06,8.56,0,0,0,0.0,0.0,0.0
1787615354.780337,08:49:14.780,2306,35.939,26.65,1011.41,15.33,0.0,0.0,0.0,-0.29,-0.08,-0.11,-0.29,1.46,1.2,9.62,185.93,7.06,8.56,0,0,0,0.0,0.0,0.0
1787615354.781007,08:49:14.781,2307,35.949,26.65,1011.41,15.33,0.0,0.0,0.0,-0.29,-0.08,-0.11,-0.29,1.46,1.2,9.62,185.93,7.06,8.56,0,0,0,0.0,0.0,0.0
1787615354.781719,08:49:14.781,2308,35.959,26.65,1011.41,15.33,0.0,0.0,0.0,-0.29,-0.08,-0.11,-0.29,1.46,1.2,9.62,185.93,7.06,8.56,0,0,0,0.0,0.0,0.0
1787615354.781988,08:49:14.781,2309,35.969,26.65,1011.39,15.496,0.0,0.0,0.0,-0.29,-0.08,-0.11,-0.29,1.46,1.2,9.62,185.93,7.06,8.56,0,0,0,0.0,0.0,0.0
1787615354.782221,08:49:14.782,2310,35.979,26.65,1011.39,15.496,0.0,0.0,0.0,-0.29,-0.08,-0.11,-0.29,1.46,1.2,9.62,185.93,7.06,8.56,0,0,0,0.0,0.0,0.0
1787615354.883595,08:49:14.883,2311,35.989,26.65,1011.39,15.496,0.0,0.0,0.0,-0.29,-0.08,-0.11,-0.29,1.46,1.2,9.62,185.93,7.06,8.56,0,0,0,0.0,0.0,0.0
1787615354.885007,08:49:14.885,2312,35.999,26.65,1011.39,15.496,0.0,0.0,0.0,-0.29,-0.08,-0.11,-0.29,1.46,1.2,9.62,185.93,7.06,8.56,0,0,0,0.0,0.0,0.0
1787615354.885720,08:49:14.885,2313,36.009,26.65,1011.39,15.496,0.0,0.0,0.0,-0.29,-0.08,-0.11,-0.29,1.46,1.2,9.62,185.93,7.06,8.56,0,0,0,0.0,0.0,0.0
1787615354.886519,08:49:14.886,2314,36.019,26.65,1011.39,15.496,0.0,0.0,0.0,-0.29,-0.08,-0.11,-0.29,1.46,1.2,9.62,185.93,7.06,8.56,0,0,0,0.0,0.0,0.0
1787615354.887200,08:49:14.887,2315,36.029,26.65,1011.39,15.496,0.0,0.0,0.0,-0.29,-0.08,-0.11,-0.29,1.46,1.2,9.62,185.93,7.06,8.56,0,0,0,0.0,0.0,0.0
1787615354.887892,08:49:14.887,2316,36.039,26.65,1011.39,15.496,0.0,0.0,0.0,-0.27,-0.12,-0.15,-0.27,1.46,1.2,9.62,185.93,7.06,8.56,0,0,0,0.0,0.0,0.0
1787615354.888569,08:49:14.888,2317,36.049,26.65,1011.39,15.496,0.0,0.0,0.0,-0.27,-0.12,-0.15,-0.27,1.46,1.2,9.62,185.93,7.06,8.56,0,0,0,0.0,0.0,0.0
1787615354.889246,08:49:14.889,2318,36.059,26.65,1011.39,15.496,0.0,0.0,0.0,-0.27,-0.12,-0.15,-0.27,1.46,1.2,9.62,185.93,7.06,8.56,0,0,0,0.0,0.0,0.0
1787615354.889810,08:49:14.889,2319,36.069,26.65,1011.39,15.496,0.0,0.0,0.0,-0.27,-0.12,-0.15,-0.27,1.46,1.2,9.62,185.93,7.06,8.56,0,0,0,0.0,0.0,0.0
1787615354.890153,08:49:14.890,2320,36.079,26.65,1011.39,15.496,0.0,0.0,0.0,-0.27,-0.12,-0.15,-0.27,1.46,1.2,9.62,185.93,7.06,8.56,0,0,0,0.0,0.0,0.0
1787615354.991063,08:49:14.991,2321,36.089,26.65,1011.39,15.496,0.0,0.0,0.0,-0.27,-0.12,-0.15,-0.27,1.46,1.2,9.62,185.93,7.06,8.56,0,0,0,0.0,0.0,0.0
1787615354.992459,08:49:14.992,2322,36.099,26.65,1011.39,15.496,0.0,0.0,0.0,-0.27,-0.12,-0.15,-0.27,1.46,1.2,9.62,185.93,7.06,8.56,0,0,0,0.0,0.0,0.0
1787615354.993151,08:49:14.993,2323,36.109,26.65,1011.39,15.496,0.0,0.0,0.0,-0.27,-0.12,-0.15,-0.27,1.46,1.2,9.62,185.93,7.06,8.56,0,0,0,0.0,0.0,0.0
1787615354.993848,08:49:14.993,2324,36.119,26.65,1011.39,15.496,0.0,0.0,0.0,-0.27,-0.12,-0.15,-0.27,1.46,1.2,9.62,185.93,7.06,8.56,0,0,0,0.0,0.0,0.0
1787615354.994215,08:49:14.994,2325,36.129,26.65,1011.39,15.496,0.0,0.0,0.0,-0.27,-0.12,-0.15,-0.27,1.46,1.2,9.62,185.93,7.06,8.56,0,0,0,0.0,0.0,0.0
1787615354.994559,08:49:14.994,2326,36.139,26.65,1011.39,15.496,0.0,0.0,0.0,-0.28,-0.07,-0.14,-0.28,1.46,1.2,9.62,185.93,7.06,8.56,0,0,0,0.0,0.0,0.0
1787615354.994890,08:49:14.994,2327,36.149,26.65,1011.39,15.496,0.0,0.0,0.0,-0.28,-0.07,-0.14,-0.28,1.46,1.2,9.62,185.93,7.06,8.56,0,0,0,0.0,0.0,0.0
1787615354.995236,08:49:14.995,2328,36.159,26.65,1011.39,15.496,0.0,0.0,0.0,-0.28,-0.07,-0.14,-0.28,1.46,1.2,9.62,185.93,7.06,8.56,0,0,0,0.0,0.0,0.0
1787615354.995560,08:49:14.995,2329,36.169,26.63,1011.36,15.747,0.0,0.0,0.0,-0.28,-0.07,-0.14,-0.28,1.46,1.2,9.62,185.93,7.06,8.56,0,0,0,0.0,0.0,0.0
1787615354.995887,08:49:14.995,2330,36.179,26.63,1011.36,15.747,0.0,0.0,0.0,-0.28,-0.07,-0.14,-0.28,1.46,1.2,9.62,185.93,7.06,8.56,0,0,0,0.0,0.0,0.0
1787615354.996177,08:49:14.996,2331,36.189,26.63,1011.36,15.747,0.0,0.0,0.0,-0.28,-0.07,-0.14,-0.28,1.46,1.2,9.62,185.93,7.06,8.56,0,0,0,0.0,0.0,0.0
1787615355.096788,08:49:15.096,2332,36.199,26.63,1011.36,15.747,0.0,0.0,0.0,-0.28,-0.07,-0.14,-0.28,1.46,1.2,9.62,185.93,7.06,8.56,0,0,0,0.0,0.0,0.0
1787615355.097650,08:49:15.097,2333,36.209,26.63,1011.36,15.747,0.0,0.0,0.0,-0.28,-0.07,-0.14,-0.28,1.46,1.2,9.62,185.93,7.06,8.56,0,0,0,0.0,0.0,0.0
1787615355.098031,08:49:15.098,2334,36.219,26.63,1011.36,15.747,0.0,0.0,0.0,-0.28,-0.07,-0.14,-0.28,1.46,1.2,9.62,185.93,7.06,8.56,0,0,0,0.0,0.0,0.0
1787615355.098378,08:49:15.098,2335,36.229,26.63,1011.36,15.747,0.0,0.0,0.0,-0.28,-0.09,-0.16,-0.28,1.46,1.2,9.62,185.93,7.06,8.56,0,0,0,0.0,0.0,0.0
1787615355.098734,08:49:15.098,2336,36.239,26.63,1011.36,15.747,0.0,0.0,0.0,-0.28,-0.09,-0.16,-0.28,1.46,1.2,9.62,185.93,7.06,8.56,0,0,0,0.0,0.0,0.0
1787615355.099086,08:49:15.099,2337,36.249,26.63,1011.36,15.747,0.0,0.0,0.0,-0.28,-0.09,-0.16,-0.28,1.46,1.2,9.62,185.93,7.06,8.56,0,0,0,0.0,0.0,0.0
1787615355.099426,08:49:15.099,2338,36.259,26.63,1011.36,15.747,0.0,0.0,0.0,-0.28,-0.09,-0.16,-0.28,1.46,1.2,9.62,185.93,7.06,8.56,0,0,0,0.0,0.0,0.0
1787615355.099780,08:49:15.099,2339,36.269,26.63,1011.36,15.747,0.0,0.0,0.0,-0.28,-0.09,-0.16,-0.28,1.46,1.2,9.62,185.93,7.06,8.56,0,0,0,0.0,0.0,0.0
1787615355.100139,08:49:15.100,2340,36.279,26.63,1011.36,15.747,0.0,0.0,0.0,-0.28,-0.09,-0.16,-0.28,1.46,1.2,9.62,185.93,7.06,8.56,0,0,0,0.0,0.0,0.0
1787615355.100481,08:49:15.100,2341,36.289,26.63,1011.36,15.747,0.0,0.0,0.0,-0.28,-0.09,-0.16,-0.28,1.46,1.2,9.62,185.93,7.06,8.56,0,0,0,0.0,0.0,0.0
1787615355.201929,08:49:15.201,2342,36.299,26.63,1011.36,15.747,0.0,0.0,0.0,-0.28,-0.09,-0.16,-0.28,1.46,1.2,9.62,185.93,7.06,8.56,0,0,0,0.0,0.0,0.0
1787615355.202694,08:49:15.202,2343,36.309,26.63,1011.36,15.747,0.0,0.0,0.0,-0.28,-0.09,-0.16,-0.28,1.46,1.2,9.62,185.93,7.06,8.56,0,0,0,0.0,0.0,0.0
1787615355.203065,08:49:15.203,2344,36.319,26.63,1011.36,15.747,0.0,0.0,0.0,-0.28,-0.09,-0.16,-0.28,1.46,1.2,9.62,185.93,7.06,8.56,0,0,0,0.0,0.0,0.0
1787615355.203409,08:49:15.203,2345,36.329,26.63,1011.36,15.747,0.0,0.0,0.0,-0.28,-0.09,-0.15,-0.28,1.46,1.2,9.62,185.93,7.06,8.56,0,0,0,0.0,0.0,0.0
1787615355.203757,08:49:15.203,2346,36.339,26.63,1011.36,15.747,0.0,0.0,0.0,-0.28,-0.09,-0.15,-0.28,1.46,1.2,9.62,185.93,7.06,8.56,0,0,0,0.0,0.0,0.0
1787615355.204099,08:49:15.204,2347,36.349,26.63,1011.36,15.747,0.0,0.0,0.0,-0.28,-0.09,-0.15,-0.28,1.46,1.2,9.62,185.93,7.06,8.56,0,0,0,0.0,0.0,0.0
1787615355.204433,08:49:15.204,2348,36.359,26.63,1011.36,15.747,0.0,0.0,0.0,-0.28,-0.09,-0.15,-0.28,1.46,1.2,9.62,185.93,7.06,8.56,0,0,0,0.0,0.0,0.0
1787615355.204776,08:49:15.204,2349,36.369,26.64,1011.37,15.663,0.0,0.0,0.0,-0.28,-0.09,-0.15,-0.28,1.46,1.2,9.62,185.93,7.06,8.56,0,0,0,0.0,0.0,0.0
1787615355.205120,08:49:15.205,2350,36.379,26.64,1011.37,15.663,0.0,0.0,0.0,-0.28,-0.09,-0.15,-0.28,1.46,1.2,9.62,185.93,7.06,8.56,0,0,0,0.0,0.0,0.0
1787615355.205470,08:49:15.205,2351,36.389,26.64,1011.37,15.663,0.0,0.0,0.0,-0.28,-0.09,-0.15,-0.28,1.46,1.2,9.62,185.93,7.06,8.56,0,0,0,0.0,0.0,0.0
1787615355.205805,08:49:15.205,2352,36.399,26.64,1011.37,15.663,0.0,0.0,0.0,-0.28,-0.09,-0.15,-0.28,1.46,1.2,9.62,185.93,7.06,8.56,0,0,0,0.0,0.0,0.0
1787615355.306764,08:49:15.306,2353,36.409,26.64,1011.37,15.663,0.0,0.0,0.0,-0.28,-0.09,-0.15,-0.28,1.46,1.2,9.62,185.93,7.06,8.56,0,0,0,0.0,0.0,0.0
1787615355.308228,08:49:15.308,2354,36.419,26.64,1011.37,15.663,0.0,0.0,0.0,-0.28,-0.09,-0.15,-0.28,1.46,1.2,9.62,185.93,7.06,8.56,0,0,0,0.0,0.0,0.0
1787615355.308957,08:49:15.308,2355,36.429,26.64,1011.37,15.663,0.0,0.0,0.0,-0.29,-0.08,-0.13,-0.29,1.46,1.2,9.62,185.93,7.06,8.56,0,0,0,0.0,0.0,0.0
1787615355.309654,08:49:15.309,2356,36.439,26.64,1011.37,15.663,0.0,0.0,0.0,-0.29,-0.08,-0.13,-0.29,1.46,1.2,9.62,185.93,7.06,8.56,0,0,0,0.0,0.0,0.0
1787615355.310333,08:49:15.310,2357,36.449,26.64,1011.37,15.663,0.0,0.0,0.0,-0.29,-0.08,-0.13,-0.29,1.46,1.2,9.62,185.93,7.06,8.56,0,0,0,0.0,0.0,0.0
1787615355.311011,08:49:15.311,2358,36.459,26.64,1011.37,15.663,0.0,0.0,0.0,-0.29,-0.08,-0.13,-0.29,1.46,1.2,9.62,185.93,7.06,8.56,0,0,0,0.0,0.0,0.0
1787615355.311688,08:49:15.311,2359,36.469,26.64,1011.37,15.663,0.0,0.0,0.0,-0.29,-0.08,-0.13,-0.29,1.46,1.2,9.62,185.93,7.06,8.56,0,0,0,0.0,0.0,0.0
1787615355.312350,08:49:15.312,2360,36.479,26.64,1011.37,15.663,0.0,0.0,0.0,-0.29,-0.08,-0.13,-0.29,1.46,1.2,9.62,185.93,7.06,8.56,0,0,0,0.0,0.0,0.0
1787615355.313023,08:49:15.313,2361,36.489,26.64,1011.37,15.663,0.0,0.0,0.0,-0.29,-0.08,-0.13,-0.29,1.46,1.2,9.62,185.93,7.06,8.56,0,0,0,0.0,0.0,0.0
1787615355.313548,08:49:15.313,2362,36.499,26.64,1011.37,15.663,0.0,0.0,0.0,-0.29,-0.08,-0.13,-0.29,1.46,1.2,9.62,185.93,7.06,8.56,0,0,0,0.0,0.0,0.0
1787615355.313880,08:49:15.313,2363,36.509,26.64,1011.37,15.663,0.0,0.0,0.0,-0.29,-0.08,-0.13,-0.29,1.46,1.2,9.62,185.93,7.06,8.56,0,0,0,0.0,0.0,0.0
1787615355.314272,08:49:15.314,2364,36.519,26.64,1011.37,15.663,0.0,0.0,0.0,-0.29,-0.08,-0.13,-0.29,1.46,1.2,9.62,185.93,7.06,8.56,0,0,0,0.0,0.0,0.0
1787615355.415816,08:49:15.415,2365,36.529,26.64,1011.37,15.663,0.0,0.0,0.0,-0.27,-0.07,-0.11,-0.27,1.46,1.21,9.62,185.93,7.18,8.56,0,0,0,0.0,0.0,0.0
1787615355.416734,08:49:15.416,2366,36.539,26.64,1011.37,15.663,0.0,0.0,0.0,-0.27,-0.07,-0.11,-0.27,1.46,1.21,9.62,185.93,7.18,8.56,0,0,0,0.0,0.0,0.0
1787615355.417093,08:49:15.417,2367,36.549,26.64,1011.37,15.663,0.0,0.0,0.0,-0.27,-0.07,-0.11,-0.27,1.46,1.21,9.62,185.93,7.18,8.56,0,0,0,0.0,0.0,0.0
1787615355.417427,08:49:15.417,2368,36.559,26.64,1011.37,15.663,0.0,0.0,0.0,-0.27,-0.07,-0.11,-0.27,1.46,1.21,9.62,185.93,7.18,8.56,0,0,0,0.0,0.0,0.0
1787615355.417755,08:49:15.417,2369,36.569,26.66,1011.39,15.496,0.0,0.0,0.0,-0.27,-0.07,-0.11,-0.27,1.46,1.21,9.62,185.93,7.18,8.56,0,0,0,0.0,0.0,0.0
1787615355.418100,08:49:15.418,2370,36.579,26.66,1011.39,15.496,0.0,0.0,0.0,-0.27,-0.07,-0.11,-0.27,1.46,1.21,9.62,185.93,7.18,8.56,0,0,0,0.0,0.0,0.0
1787615355.418611,08:49:15.418,2371,36.589,26.66,1011.39,15.496,0.0,0.0,0.0,-0.27,-0.07,-0.11,-0.27,1.46,1.21,9.62,185.93,7.18,8.56,0,0,0,0.0,0.0,0.0
1787615355.418966,08:49:15.418,2372,36.599,26.66,1011.39,15.496,0.0,0.0,0.0,-0.27,-0.07,-0.11,-0.27,1.46,1.21,9.62,185.93,7.18,8.56,0,0,0,0.0,0.0,0.0
1787615355.419319,08:49:15.419,2373,36.609,26.66,1011.39,15.496,0.0,0.0,0.0,-0.27,-0.07,-0.11,-0.27,1.46,1.21,9.62,185.93,7.18,8.56,0,0,0,0.0,0.0,0.0
1787615355.419669,08:49:15.419,2374,36.619,26.66,1011.39,15.496,0.0,0.0,0.0,-0.27,-0.07,-0.11,-0.27,1.46,1.21,9.62,185.93,7.18,8.56,0,0,0,0.0,0.0,0.0
1787615355.521358,08:49:15.521,2375,36.629,26.66,1011.39,15.496,0.0,0.0,0.0,-0.24,-0.08,-0.11,-0.24,1.46,1.23,9.61,185.93,7.25,8.56,0,0,0,0.0,0.0,0.0
1787615355.522749,08:49:15.522,2376,36.639,26.66,1011.39,15.496,0.0,0.0,0.0,-0.24,-0.08,-0.11,-0.24,1.46,1.23,9.61,185.93,7.25,8.56,0,0,0,0.0,0.0,0.0
1787615355.523460,08:49:15.523,2377,36.649,26.66,1011.39,15.496,0.0,0.0,0.0,-0.24,-0.08,-0.11,-0.24,1.46,1.23,9.61,185.93,7.25,8.56,0,0,0,0.0,0.0,0.0
1787615355.524147,08:49:15.524,2378,36.659,26.66,1011.39,15.496,0.0,0.0,0.0,-0.24,-0.08,-0.11,-0.24,1.46,1.23,9.61,185.93,7.25,8.56,0,0,0,0.0,0.0,0.0
1787615355.524859,08:49:15.524,2379,36.669,26.66,1011.39,15.496,0.0,0.0,0.0,-0.24,-0.08,-0.11,-0.24,1.46,1.23,9.61,185.93,7.25,8.56,0,0,0,0.0,0.0,0.0
1787615355.526006,08:49:15.526,2380,36.679,26.66,1011.39,15.496,0.0,0.0,0.0,-0.24,-0.08,-0.11,-0.24,1.46,1.23,9.61,185.93,7.25,8.56,0,0,0,0.0,0.0,0.0
1787615355.527064,08:49:15.527,2381,36.689,26.66,1011.39,15.496,0.0,0.0,0.0,-0.24,-0.08,-0.11,-0.24,1.46,1.23,9.61,185.93,7.25,8.56,0,0,0,0.0,0.0,0.0
1787615355.527547,08:49:15.527,2382,36.699,26.66,1011.39,15.496,0.0,0.0,0.0,-0.24,-0.08,-0.11,-0.24,1.46,1.23,9.61,185.93,7.25,8.56,0,0,0,0.0,0.0,0.0
1787615355.527936,08:49:15.527,2383,36.709,26.66,1011.39,15.496,0.0,0.0,0.0,-0.24,-0.08,-0.11,-0.24,1.46,1.23,9.61,185.93,7.25,8.56,0,0,0,0.0,0.0,0.0
1787615355.528343,08:49:15.528,2384,36.719,26.66,1011.39,15.496,0.0,0.0,0.0,-0.24,-0.08,-0.11,-0.24,1.46,1.23,9.61,185.93,7.25,8.56,0,0,0,0.0,0.0,0.0
1787615355.528690,08:49:15.528,2385,36.729,26.66,1011.39,15.496,0.0,0.0,0.0,-0.27,-0.08,-0.13,-0.27,1.46,1.24,9.61,185.93,7.37,8.56,0,0,0,0.0,0.0,0.0
1787615355.630355,08:49:15.630,2386,36.739,26.66,1011.39,15.496,0.0,0.0,0.0,-0.27,-0.08,-0.13,-0.27,1.46,1.24,9.61,185.93,7.37,8.56,0,0,0,0.0,0.0,0.0
1787615355.631746,08:49:15.631,2387,36.749,26.66,1011.39,15.496,0.0,0.0,0.0,-0.27,-0.08,-0.13,-0.27,1.46,1.24,9.61,185.93,7.37,8.56,0,0,0,0.0,0.0,0.0
1787615355.632442,08:49:15.632,2388,36.759,26.66,1011.39,15.496,0.0,0.0,0.0,-0.27,-0.08,-0.13,-0.27,1.46,1.24,9.61,185.93,7.37,8.56,0,0,0,0.0,0.0,0.0
1787615355.633116,08:49:15.633,2389,36.769,26.66,1011.39,15.496,0.0,0.0,0.0,-0.27,-0.08,-0.13,-0.27,1.46,1.24,9.61,185.93,7.37,8.56,0,0,0,0.0,0.0,0.0
1787615355.633777,08:49:15.633,2390,36.779,26.66,1011.39,15.496,0.0,0.0,0.0,-0.27,-0.08,-0.13,-0.27,1.46,1.24,9.61,185.93,7.37,8.56,0,0,0,0.0,0.0,0.0
1787615355.634433,08:49:15.634,2391,36.789,26.66,1011.39,15.496,0.0,0.0,0.0,-0.27,-0.08,-0.13,-0.27,1.46,1.24,9.61,185.93,7.37,8.56,0,0,0,0.0,0.0,0.0
1787615355.635109,08:49:15.635,2392,36.799,26.66,1011.39,15.496,0.0,0.0,0.0,-0.27,-0.08,-0.13,-0.27,1.46,1.24,9.61,185.93,7.37,8.56,0,0,0,0.0,0.0,0.0
1787615355.635722,08:49:15.635,2393,36.809,26.66,1011.39,15.496,0.0,0.0,0.0,-0.27,-0.08,-0.13,-0.27,1.46,1.24,9.61,185.93,7.37,8.56,0,0,0,0.0,0.0,0.0
1787615355.636107,08:49:15.636,2394,36.819,26.66,1011.39,15.496,0.0,0.0,0.0,-0.27,-0.08,-0.13,-0.27,1.46,1.24,9.61,185.93,7.37,8.56,0,0,0,0.0,0.0,0.0
1787615355.636493,08:49:15.636,2395,36.829,26.66,1011.39,15.496,0.0,0.0,0.0,-0.29,-0.1,-0.13,-0.29,1.46,1.24,9.61,185.93,7.37,8.56,0,0,0,0.0,0.0,0.0
1787615355.738216,08:49:15.738,2396,36.839,26.66,1011.39,15.496,0.0,0.0,0.0,-0.29,-0.1,-0.13,-0.29,1.46,1.24,9.61,185.93,7.37,8.56,0,0,0,0.0,0.0,0.0
1787615355.740087,08:49:15.740,2397,36.849,26.66,1011.39,15.496,0.0,0.0,0.0,-0.29,-0.1,-0.13,-0.29,1.46,1.24,9.61,185.93,7.37,8.56,0,0,0,0.0,0.0,0.0
1787615355.740543,08:49:15.740,2398,36.859,26.66,1011.39,15.496,0.0,0.0,0.0,-0.29,-0.1,-0.13,-0.29,1.46,1.24,9.61,185.93,7.37,8.56,0,0,0,0.0,0.0,0.0
1787615355.740803,08:49:15.740,2399,36.869,26.66,1011.39,15.496,0.0,0.0,0.0,-0.29,-0.1,-0.13,-0.29,1.46,1.24,9.61,185.93,7.37,8.56,0,0,0,0.0,0.0,0.0
1787615355.741053,08:49:15.741,2400,36.879,26.66,1011.39,15.496,0.0,0.0,0.0,-0.29,-0.1,-0.13,-0.29,1.46,1.24,9.61,185.93,7.37,8.56,0,0,0,0.0,0.0,0.0
1787615355.741301,08:49:15.741,2401,36.889,26.66,1011.39,15.496,0.0,0.0,0.0,-0.29,-0.1,-0.13,-0.29,1.46,1.24,9.61,185.93,7.37,8.56,0,0,0,0.0,0.0,0.0
1787615355.741569,08:49:15.741,2402,36.899,26.66,1011.39,15.496,0.0,0.0,0.0,-0.29,-0.1,-0.13,-0.29,1.46,1.24,9.61,185.93,7.37,8.56,0,0,0,0.0,0.0,0.0
1787615355.741968,08:49:15.741,2403,36.909,26.66,1011.39,15.496,0.0,0.0,0.0,-0.29,-0.1,-0.13,-0.29,1.46,1.24,9.61,185.93,7.37,8.56,0,0,0,0.0,0.0,0.0
1787615355.742297,08:49:15.742,2404,36.919,26.66,1011.39,15.496,0.0,0.0,0.0,-0.29,-0.1,-0.13,-0.29,1.46,1.24,9.61,185.93,7.37,8.56,0,0,0,0.0,0.0,0.0
1787615355.742625,08:49:15.742,2405,36.929,26.66,1011.39,15.496,0.0,0.0,0.0,-0.28,-0.1,-0.1,-0.28,1.46,1.24,9.61,185.93,7.37,8.56,0,0,0,0.0,0.0,0.0
1787615355.742947,08:49:15.742,2406,36.939,26.66,1011.39,15.496,0.0,0.0,0.0,-0.28,-0.1,-0.1,-0.28,1.46,1.24,9.61,185.93,7.37,8.56,0,0,0,0.0,0.0,0.0
1787615355.844466,08:49:15.844,2407,36.949,26.66,1011.39,15.496,0.0,0.0,0.0,-0.28,-0.1,-0.1,-0.28,1.46,1.24,9.61,185.93,7.37,8.56,0,0,0,0.0,0.0,0.0
1787615355.845643,08:49:15.845,2408,36.959,26.66,1011.39,15.496,0.0,0.0,0.0,-0.28,-0.1,-0.1,-0.28,1.46,1.24,9.61,185.93,7.37,8.56,0,0,0,0.0,0.0,0.0
1787615355.846325,08:49:15.846,2409,36.969,26.64,1011.36,15.747,0.0,0.0,0.0,-0.28,-0.1,-0.1,-0.28,1.46,1.24,9.61,185.93,7.37,8.56,0,0,0,0.0,0.0,0.0
1787615355.846723,08:49:15.846,2410,36.979,26.64,1011.36,15.747,0.0,0.0,0.0,-0.28,-0.1,-0.1,-0.28,1.46,1.24,9.61,185.93,7.37,8.56,0,0,0,0.0,0.0,0.0
1787615355.847129,08:49:15.847,2411,36.989,26.64,1011.36,15.747,0.0,0.0,0.0,-0.28,-0.1,-0.1,-0.28,1.46,1.24,9.61,185.93,7.37,8.56,0,0,0,0.0,0.0,0.0
1787615355.847523,08:49:15.847,2412,36.999,26.64,1011.36,15.747,0.0,0.0,0.0,-0.28,-0.1,-0.1,-0.28,1.46,1.24,9.61,185.93,7.37,8.56,0,0,0,0.0,0.0,0.0
1787615355.847909,08:49:15.847,2413,37.009,26.64,1011.36,15.747,0.0,0.0,0.0,-0.28,-0.1,-0.1,-0.28,1.46,1.24,9.61,185.93,7.37,8.56,0,0,0,0.0,0.0,0.0
1787615355.848376,08:49:15.848,2414,37.019,26.64,1011.36,15.747,0.0,0.0,0.0,-0.28,-0.1,-0.1,-0.28,1.46,1.24,9.61,185.93,7.37,8.56,0,0,0,0.0,0.0,0.0
1787615355.848715,08:49:15.848,2415,37.029,26.64,1011.36,15.747,0.0,0.0,0.0,-0.28,-0.1,-0.12,-0.28,1.46,1.24,9.61,185.93,7.31,8.56,0,0,0,0.0,0.0,0.0
1787615355.849052,08:49:15.849,2416,37.039,26.64,1011.36,15.747,0.0,0.0,0.0,-0.28,-0.1,-0.12,-0.28,1.46,1.24,9.61,185.93,7.31,8.56,0,0,0,0.0,0.0,0.0
1787615355.950252,08:49:15.950,2417,37.049,26.64,1011.36,15.747,0.0,0.0,0.0,-0.28,-0.1,-0.12,-0.28,1.46,1.24,9.61,185.93,7.31,8.56,0,0,0,0.0,0.0,0.0
1787615355.951649,08:49:15.951,2418,37.059,26.64,1011.36,15.747,0.0,0.0,0.0,-0.28,-0.1,-0.12,-0.28,1.46,1.24,9.61,185.93,7.31,8.56,0,0,0,0.0,0.0,0.0
1787615355.952206,08:49:15.952,2419,37.069,26.64,1011.36,15.747,0.0,0.0,0.0,-0.28,-0.1,-0.12,-0.28,1.46,1.24,9.61,185.93,7.31,8.56,0,0,0,0.0,0.0,0.0
1787615355.952598,08:49:15.952,2420,37.079,26.64,1011.36,15.747,0.0,0.0,0.0,-0.28,-0.1,-0.12,-0.28,1.46,1.24,9.61,185.93,7.31,8.56,0,0,0,0.0,0.0,0.0
1787615355.952982,08:49:15.952,2421,37.089,26.64,1011.36,15.747,0.0,0.0,0.0,-0.28,-0.1,-0.12,-0.28,1.46,1.24,9.61,185.93,7.31,8.56,0,0,0,0.0,0.0,0.0
1787615355.953383,08:49:15.953,2422,37.099,26.64,1011.36,15.747,0.0,0.0,0.0,-0.28,-0.1,-0.12,-0.28,1.46,1.24,9.61,185.93,7.31,8.56,0,0,0,0.0,0.0,0.0
1787615355.953770,08:49:15.953,2423,37.109,26.64,1011.36,15.747,0.0,0.0,0.0,-0.28,-0.1,-0.12,-0.28,1.46,1.24,9.61,185.93,7.31,8.56,0,0,0,0.0,0.0,0.0
1787615355.954124,08:49:15.954,2424,37.119,26.64,1011.36,15.747,0.0,0.0,0.0,-0.28,-0.1,-0.12,-0.28,1.46,1.24,9.61,185.93,7.31,8.56,0,0,0,0.0,0.0,0.0
1787615355.954458,08:49:15.954,2425,37.129,26.64,1011.36,15.747,0.0,0.0,0.0,-0.25,-0.09,-0.11,-0.25,1.46,1.22,9.61,185.93,7.25,8.56,0,0,0,0.0,0.0,0.0
1787615355.954789,08:49:15.954,2426,37.139,26.64,1011.36,15.747,0.0,0.0,0.0,-0.25,-0.09,-0.11,-0.25,1.46,1.22,9.61,185.93,7.25,8.56,0,0,0,0.0,0.0,0.0
1787615355.955128,08:49:15.955,2427,37.149,26.64,1011.36,15.747,0.0,0.0,0.0,-0.25,-0.09,-0.11,-0.25,1.46,1.22,9.61,185.93,7.25,8.56,0,0,0,0.0,0.0,0.0
1787615356.056771,08:49:16.056,2428,37.159,26.64,1011.36,15.747,0.0,0.0,0.0,-0.25,-0.09,-0.11,-0.25,1.46,1.22,9.61,185.93,7.25,8.56,0,0,0,0.0,0.0,0.0
1787615356.058145,08:49:16.058,2429,37.169,26.66,1011.37,15.663,0.0,0.0,0.0,-0.25,-0.09,-0.11,-0.25,1.46,1.22,9.61,185.93,7.25,8.56,0,0,0,0.0,0.0,0.0
1787615356.058841,08:49:16.058,2430,37.179,26.66,1011.37,15.663,0.0,0.0,0.0,-0.25,-0.09,-0.11,-0.25,1.46,1.22,9.61,185.93,7.25,8.56,0,0,0,0.0,0.0,0.0
1787615356.059520,08:49:16.059,2431,37.189,26.66,1011.37,15.663,0.0,0.0,0.0,-0.25,-0.09,-0.11,-0.25,1.46,1.22,9.61,185.93,7.25,8.56,0,0,0,0.0,0.0,0.0
1787615356.060173,08:49:16.060,2432,37.199,26.66,1011.37,15.663,0.0,0.0,0.0,-0.25,-0.09,-0.11,-0.25,1.46,1.22,9.61,185.93,7.25,8.56,0,0,0,0.0,0.0,0.0
1787615356.060824,08:49:16.060,2433,37.209,26.66,1011.37,15.663,0.0,0.0,0.0,-0.25,-0.09,-0.11,-0.25,1.46,1.22,9.61,185.93,7.25,8.56,0,0,0,0.0,0.0,0.0
1787615356.061488,08:49:16.061,2434,37.219,26.66,1011.37,15.663,0.0,0.0,0.0,-0.25,-0.09,-0.11,-0.25,1.46,1.22,9.61,185.93,7.25,8.56,0,0,0,0.0,0.0,0.0
1787615356.062166,08:49:16.062,2435,37.229,26.66,1011.37,15.663,0.0,0.0,0.0,-0.29,-0.09,-0.1,-0.29,1.46,1.19,9.62,185.93,7.06,8.56,0,0,0,0.0,0.0,0.0
1787615356.062667,08:49:16.062,2436,37.239,26.66,1011.37,15.663,0.0,0.0,0.0,-0.29,-0.09,-0.1,-0.29,1.46,1.19,9.62,185.93,7.06,8.56,0,0,0,0.0,0.0,0.0
1787615356.062930,08:49:16.062,2437,37.249,26.66,1011.37,15.663,0.0,0.0,0.0,-0.29,-0.09,-0.1,-0.29,1.46,1.19,9.62,185.93,7.06,8.56,0,0,0,0.0,0.0,0.0
1787615356.164489,08:49:16.164,2438,37.259,26.66,1011.37,15.663,0.0,0.0,0.0,-0.29,-0.09,-0.1,-0.29,1.46,1.19,9.62,185.93,7.06,8.56,0,0,0,0.0,0.0,0.0
1787615356.165813,08:49:16.165,2439,37.269,26.66,1011.37,15.663,0.0,0.0,0.0,-0.29,-0.09,-0.1,-0.29,1.46,1.19,9.62,185.93,7.06,8.56,0,0,0,0.0,0.0,0.0
1787615356.166425,08:49:16.166,2440,37.279,26.66,1011.37,15.663,0.0,0.0,0.0,-0.29,-0.09,-0.1,-0.29,1.46,1.19,9.62,185.93,7.06,8.56,0,0,0,0.0,0.0,0.0
1787615356.166817,08:49:16.166,2441,37.289,26.66,1011.37,15.663,0.0,0.0,0.0,-0.29,-0.09,-0.1,-0.29,1.46,1.19,9.62,185.93,7.06,8.56,0,0,0,0.0,0.0,0.0
1787615356.167209,08:49:16.167,2442,37.299,26.66,1011.37,15.663,0.0,0.0,0.0,-0.29,-0.09,-0.1,-0.29,1.46,1.19,9.62,185.93,7.06,8.56,0,0,0,0.0,0.0,0.0
1787615356.167590,08:49:16.167,2443,37.309,26.66,1011.37,15.663,0.0,0.0,0.0,-0.29,-0.09,-0.1,-0.29,1.46,1.19,9.62,185.93,7.06,8.56,0,0,0,0.0,0.0,0.0
1787615356.167971,08:49:16.167,2444,37.319,26.66,1011.37,15.663,0.0,0.0,0.0,-0.29,-0.09,-0.1,-0.29,1.46,1.19,9.62,185.93,7.06,8.56,0,0,0,0.0,0.0,0.0
1787615356.168342,08:49:16.168,2445,37.329,26.66,1011.37,15.663,0.0,0.0,0.0,-0.28,-0.08,-0.1,-0.28,1.46,1.17,9.62,185.93,6.93,8.56,0,0,0,0.0,0.0,0.0
1787615356.168664,08:49:16.168,2446,37.339,26.66,1011.37,15.663,0.0,0.0,0.0,-0.28,-0.08,-0.1,-0.28,1.46,1.17,9.62,185.93,6.93,8.56,0,0,0,0.0,0.0,0.0
1787615356.169001,08:49:16.169,2447,37.349,26.66,1011.37,15.663,0.0,0.0,0.0,-0.28,-0.08,-0.1,-0.28,1.46,1.17,9.62,185.93,6.93,8.56,0,0,0,0.0,0.0,0.0
1787615356.169328,08:49:16.169,2448,37.359,26.66,1011.37,15.663,0.0,0.0,0.0,-0.28,-0.08,-0.1,-0.28,1.46,1.17,9.62,185.93,6.93,8.56,0,0,0,0.0,0.0,0.0
1787615356.270877,08:49:16.270,2449,37.369,26.66,1011.36,15.747,0.0,0.0,0.0,-0.28,-0.08,-0.1,-0.28,1.46,1.17,9.62,185.93,6.93,8.56,0,0,0,0.0,0.0,0.0
1787615356.271263,08:49:16.271,2450,37.379,26.66,1011.36,15.747,0.0,0.0,0.0,-0.28,-0.08,-0.1,-0.28,1.46,1.17,9.62,185.93,6.93,8.56,0,0,0,0.0,0.0,0.0
1787615356.271492,08:49:16.271,2451,37.389,26.66,1011.36,15.747,0.0,0.0,0.0,-0.28,-0.08,-0.1,-0.28,1.46,1.17,9.62,185.93,6.93,8.56,0,0,0,0.0,0.0,0.0
1787615356.271715,08:49:16.271,2452,37.399,26.66,1011.36,15.747,0.0,0.0,0.0,-0.28,-0.08,-0.1,-0.28,1.46,1.17,9.62,185.93,6.93,8.56,0,0,0,0.0,0.0,0.0
1787615356.271935,08:49:16.271,2453,37.409,26.66,1011.36,15.747,0.0,0.0,0.0,-0.28,-0.08,-0.1,-0.28,1.46,1.17,9.62,185.93,6.93,8.56,0,0,0,0.0,0.0,0.0
1787615356.272154,08:49:16.272,2454,37.419,26.66,1011.36,15.747,0.0,0.0,0.0,-0.28,-0.08,-0.1,-0.28,1.46,1.17,9.62,185.93,6.93,8.56,0,0,0,0.0,0.0,0.0
1787615356.272372,08:49:16.272,2455,37.429,26.66,1011.36,15.747,0.0,0.0,0.0,-0.27,-0.07,-0.09,-0.27,1.46,1.15,9.62,186.0,6.81,8.56,0,0,0,0.0,0.0,0.0
1787615356.272590,08:49:16.272,2456,37.439,26.66,1011.36,15.747,0.0,0.0,0.0,-0.27,-0.07,-0.09,-0.27,1.46,1.15,9.62,186.0,6.81,8.56,0,0,0,0.0,0.0,0.0
1787615356.272808,08:49:16.272,2457,37.449,26.66,1011.36,15.747,0.0,0.0,0.0,-0.27,-0.07,-0.09,-0.27,1.46,1.15,9.62,186.0,6.81,8.56,0,0,0,0.0,0.0,0.0
1787615356.273000,08:49:16.273,2458,37.459,26.66,1011.36,15.747,0.0,0.0,0.0,-0.27,-0.07,-0.09,-0.27,1.46,1.15,9.62,186.0,6.81,8.56,0,0,0,0.0,0.0,0.0
1787615356.374494,08:49:16.374,2459,37.469,26.66,1011.36,15.747,0.0,0.0,0.0,-0.27,-0.07,-0.09,-0.27,1.46,1.15,9.62,186.0,6.81,8.56,0,0,0,0.0,0.0,0.0
1787615356.375894,08:49:16.375,2460,37.479,26.66,1011.36,15.747,0.0,0.0,0.0,-0.27,-0.07,-0.09,-0.27,1.46,1.15,9.62,186.0,6.81,8.56,0,0,0,0.0,0.0,0.0
1787615356.376526,08:49:16.376,2461,37.489,26.66,1011.36,15.747,0.0,0.0,0.0,-0.27,-0.07,-0.09,-0.27,1.46,1.15,9.62,186.0,6.81,8.56,0,0,0,0.0,0.0,0.0
1787615356.376925,08:49:16.376,2462,37.499,26.66,1011.36,15.747,0.0,0.0,0.0,-0.27,-0.07,-0.09,-0.27,1.46,1.15,9.62,186.0,6.81,8.56,0,0,0,0.0,0.0,0.0
1787615356.377325,08:49:16.377,2463,37.509,26.66,1011.36,15.747,0.0,0.0,0.0,-0.27,-0.07,-0.09,-0.27,1.46,1.15,9.62,186.0,6.81,8.56,0,0,0,0.0,0.0,0.0
1787615356.377811,08:49:16.377,2464,37.519,26.66,1011.36,15.747,0.0,0.0,0.0,-0.27,-0.07,-0.09,-0.27,1.46,1.15,9.62,186.0,6.81,8.56,0,0,0,0.0,0.0,0.0
1787615356.378217,08:49:16.378,2465,37.529,26.66,1011.36,15.747,0.0,0.0,0.0,-0.27,-0.08,-0.1,-0.27,1.46,1.13,9.63,186.0,6.68,8.56,0,0,0,0.0,0.0,0.0
1787615356.378585,08:49:16.378,2466,37.539,26.66,1011.36,15.747,0.0,0.0,0.0,-0.27,-0.08,-0.1,-0.27,1.46,1.13,9.63,186.0,6.68,8.56,0,0,0,0.0,0.0,0.0
1787615356.378911,08:49:16.378,2467,37.549,26.66,1011.36,15.747,0.0,0.0,0.0,-0.27,-0.08,-0.1,-0.27,1.46,1.13,9.63,186.0,6.68,8.56,0,0,0,0.0,0.0,0.0
1787615356.379247,08:49:16.379,2468,37.559,26.66,1011.36,15.747,0.0,0.0,0.0,-0.27,-0.08,-0.1,-0.27,1.46,1.13,9.63,186.0,6.68,8.56,0,0,0,0.0,0.0,0.0
1787615356.379588,08:49:16.379,2469,37.569,26.66,1011.41,15.33,0.0,0.0,0.0,-0.27,-0.08,-0.1,-0.27,1.46,1.13,9.63,186.0,6.68,8.56,0,0,0,0.0,0.0,0.0
1787615356.481161,08:49:16.481,2470,37.579,26.66,1011.41,15.33,0.0,0.0,0.0,-0.27,-0.08,-0.1,-0.27,1.46,1.13,9.63,186.0,6.68,8.56,0,0,0,0.0,0.0,0.0
1787615356.482101,08:49:16.482,2471,37.589,26.66,1011.41,15.33,0.0,0.0,0.0,-0.27,-0.08,-0.1,-0.27,1.46,1.13,9.63,186.0,6.68,8.56,0,0,0,0.0,0.0,0.0
1787615356.482446,08:49:16.482,2472,37.599,26.66,1011.41,15.33,0.0,0.0,0.0,-0.27,-0.08,-0.1,-0.27,1.46,1.13,9.63,186.0,6.68,8.56,0,0,0,0.0,0.0,0.0
1787615356.482776,08:49:16.482,2473,37.609,26.66,1011.41,15.33,0.0,0.0,0.0,-0.27,-0.08,-0.1,-0.27,1.46,1.13,9.63,186.0,6.68,8.56,0,0,0,0.0,0.0,0.0
1787615356.483099,08:49:16.483,2474,37.619,26.66,1011.41,15.33,0.0,0.0,0.0,-0.27,-0.08,-0.1,-0.27,1.46,1.13,9.63,186.0,6.68,8.56,0,0,0,0.0,0.0,0.0
1787615356.483426,08:49:16.483,2475,37.629,26.66,1011.41,15.33,0.0,0.0,0.0,-0.27,-0.08,-0.1,-0.27,1.46,1.13,9.63,186.0,6.68,8.56,0,0,0,0.0,0.0,0.0
1787615356.483755,08:49:16.483,2476,37.639,26.66,1011.41,15.33,0.0,0.0,0.0,-0.28,-0.09,-0.11,-0.28,1.46,1.13,9.63,186.0,6.68,8.56,0,0,0,0.0,0.0,0.0
1787615356.484091,08:49:16.484,2477,37.649,26.66,1011.41,15.33,0.0,0.0,0.0,-0.28,-0.09,-0.11,-0.28,1.46,1.13,9.63,186.0,6.68,8.56,0,0,0,0.0,0.0,0.0
1787615356.484419,08:49:16.484,2478,37.659,26.66,1011.41,15.33,0.0,0.0,0.0,-0.28,-0.09,-0.11,-0.28,1.46,1.13,9.63,186.0,6.68,8.56,0,0,0,0.0,0.0,0.0
1787615356.484761,08:49:16.484,2479,37.669,26.66,1011.41,15.33,0.0,0.0,0.0,-0.28,-0.09,-0.11,-0.28,1.46,1.13,9.63,186.0,6.68,8.56,0,0,0,0.0,0.0,0.0
1787615356.485413,08:49:16.485,2480,37.679,26.66,1011.41,15.33,0.0,0.0,0.0,-0.28,-0.09,-0.11,-0.28,1.46,1.13,9.63,186.0,6.68,8.56,0,0,0,0.0,0.0,0.0
1787615356.485800,08:49:16.485,2481,37.689,26.66,1011.41,15.33,0.0,0.0,0.0,-0.28,-0.09,-0.11,-0.28,1.46,1.13,9.63,186.0,6.68,8.56,0,0,0,0.0,0.0,0.0
1787615356.587217,08:49:16.587,2482,37.699,26.66,1011.41,15.33,0.0,0.0,0.0,-0.28,-0.09,-0.11,-0.28,1.46,1.13,9.63,186.0,6.68,8.56,0,0,0,0.0,0.0,0.0
1787615356.588529,08:49:16.588,2483,37.709,26.66,1011.41,15.33,0.0,0.0,0.0,-0.28,-0.09,-0.11,-0.28,1.46,1.13,9.63,186.0,6.68,8.56,0,0,0,0.0,0.0,0.0
1787615356.589014,08:49:16.589,2484,37.719,26.66,1011.41,15.33,0.0,0.0,0.0,-0.28,-0.09,-0.11,-0.28,1.46,1.13,9.63,186.0,6.68,8.56,0,0,0,0.0,0.0,0.0
1787615356.589453,08:49:16.589,2485,37.729,26.66,1011.41,15.33,0.0,0.0,0.0,-0.28,-0.09,-0.11,-0.28,1.46,1.13,9.63,186.0,6.68,8.56,0,0,0,0.0,0.0,0.0
1787615356.589885,08:49:16.589,2486,37.739,26.66,1011.41,15.33,0.0,0.0,0.0,-0.25,-0.07,-0.12,-0.25,1.46,1.13,9.63,186.0,6.68,8.56,0,0,0,0.0,0.0,0.0
1787615356.590316,08:49:16.590,2487,37.749,26.66,1011.41,15.33,0.0,0.0,0.0,-0.25,-0.07,-0.12,-0.25,1.46,1.13,9.63,186.0,6.68,8.56,0,0,0,0.0,0.0,0.0
1787615356.591045,08:49:16.591,2488,37.759,26.66,1011.41,15.33,0.0,0.0,0.0,-0.25,-0.07,-0.12,-0.25,1.46,1.13,9.63,186.0,6.68,8.56,0,0,0,0.0,0.0,0.0
1787615356.591544,08:49:16.591,2489,37.769,26.66,1011.43,15.164,0.0,0.0,0.0,-0.25,-0.07,-0.12,-0.25,1.46,1.13,9.63,186.0,6.68,8.56,0,0,0,0.0,0.0,0.0
1787615356.591900,08:49:16.591,2490,37.779,26.66,1011.43,15.164,0.0,0.0,0.0,-0.25,-0.07,-0.12,-0.25,1.46,1.13,9.63,186.0,6.68,8.56,0,0,0,0.0,0.0,0.0
1787615356.592255,08:49:16.592,2491,37.789,26.66,1011.43,15.164,0.0,0.0,0.0,-0.25,-0.07,-0.12,-0.25,1.46,1.13,9.63,186.0,6.68,8.56,0,0,0,0.0,0.0,0.0
1787615356.693823,08:49:16.693,2492,37.799,26.66,1011.43,15.164,0.0,0.0,0.0,-0.25,-0.07,-0.12,-0.25,1.46,1.13,9.63,186.0,6.68,8.56,0,0,0,0.0,0.0,0.0
1787615356.694763,08:49:16.694,2493,37.809,26.66,1011.43,15.164,0.0,0.0,0.0,-0.25,-0.07,-0.12,-0.25,1.46,1.13,9.63,186.0,6.68,8.56,0,0,0,0.0,0.0,0.0
1787615356.695189,08:49:16.695,2494,37.819,26.66,1011.43,15.164,0.0,0.0,0.0,-0.25,-0.07,-0.12,-0.25,1.46,1.13,9.63,186.0,6.68,8.56,0,0,0,0.0,0.0,0.0
1787615356.695594,08:49:16.695,2495,37.829,26.66,1011.43,15.164,0.0,0.0,0.0,-0.25,-0.07,-0.12,-0.25,1.46,1.13,9.63,186.0,6.68,8.56,0,0,0,0.0,0.0,0.0
1787615356.695992,08:49:16.695,2496,37.839,26.66,1011.43,15.164,0.0,0.0,0.0,-0.27,-0.08,-0.05,-0.27,1.46,1.13,9.63,186.0,6.68,8.56,0,0,0,0.0,0.0,0.0
1787615356.696355,08:49:16.696,2497,37.849,26.66,1011.43,15.164,0.0,0.0,0.0,-0.27,-0.08,-0.05,-0.27,1.46,1.13,9.63,186.0,6.68,8.56,0,0,0,0.0,0.0,0.0
1787615356.696687,08:49:16.696,2498,37.859,26.66,1011.43,15.164,0.0,0.0,0.0,-0.27,-0.08,-0.05,-0.27,1.46,1.13,9.63,186.0,6.68,8.56,0,0,0,0.0,0.0,0.0
1787615356.697029,08:49:16.697,2499,37.869,26.66,1011.43,15.164,0.0,0.0,0.0,-0.27,-0.08,-0.05,-0.27,1.46,1.13,9.63,186.0,6.68,8.56,0,0,0,0.0,0.0,0.0
1787615356.697368,08:49:16.697,2500,37.879,26.66,1011.43,15.164,0.0,0.0,0.0,-0.27,-0.08,-0.05,-0.27,1.46,1.13,9.63,186.0,6.68,8.56,0,0,0,0.0,0.0,0.0
1787615356.697713,08:49:16.697,2501,37.889,26.66,1011.43,15.164,0.0,0.0,0.0,-0.27,-0.08,-0.05,-0.27,1.46,1.13,9.63,186.0,6.68,8.56,0,0,0,0.0,0.0,0.0
1787615356.698049,08:49:16.698,2502,37.899,26.66,1011.43,15.164,0.0,0.0,0.0,-0.27,-0.08,-0.05,-0.27,1.46,1.13,9.63,186.0,6.68,8.56,0,0,0,0.0,0.0,0.0
1787615356.799247,08:49:16.799,2503,37.909,26.66,1011.43,15.164,0.0,0.0,0.0,-0.27,-0.08,-0.05,-0.27,1.46,1.13,9.63,186.0,6.68,8.56,0,0,0,0.0,0.0,0.0
1787615356.801123,08:49:16.801,2504,37.919,26.66,1011.43,15.164,0.0,0.0,0.0,-0.27,-0.08,-0.05,-0.27,1.46,1.13,9.63,186.0,6.68,8.56,0,0,0,0.0,0.0,0.0
1787615356.801679,08:49:16.801,2505,37.929,26.66,1011.43,15.164,0.0,0.0,0.0,-0.27,-0.07,-0.06,-0.27,1.46,1.13,9.63,186.0,6.68,8.56,0,0,0,0.0,0.0,0.0
1787615356.802084,08:49:16.802,2506,37.939,26.66,1011.43,15.164,0.0,0.0,0.0,-0.27,-0.07,-0.06,-0.27,1.46,1.13,9.63,186.0,6.68,8.56,0,0,0,0.0,0.0,0.0
1787615356.802479,08:49:16.802,2507,37.949,26.66,1011.43,15.164,0.0,0.0,0.0,-0.27,-0.07,-0.06,-0.27,1.46,1.13,9.63,186.0,6.68,8.56,0,0,0,0.0,0.0,0.0
1787615356.802872,08:49:16.802,2508,37.959,26.66,1011.43,15.164,0.0,0.0,0.0,-0.27,-0.07,-0.06,-0.27,1.46,1.13,9.63,186.0,6.68,8.56,0,0,0,0.0,0.0,0.0
1787615356.803258,08:49:16.803,2509,37.969,26.66,1011.4,15.412,0.0,0.0,0.0,-0.27,-0.07,-0.06,-0.27,1.46,1.13,9.63,186.0,6.68,8.56,0,0,0,0.0,0.0,0.0
1787615356.803597,08:49:16.803,2510,37.979,26.66,1011.4,15.412,0.0,0.0,0.0,-0.27,-0.07,-0.06,-0.27,1.46,1.13,9.63,186.0,6.68,8.56,0,0,0,0.0,0.0,0.0
1787615356.803926,08:49:16.803,2511,37.989,26.66,1011.4,15.412,0.0,0.0,0.0,-0.27,-0.07,-0.06,-0.27,1.46,1.13,9.63,186.0,6.68,8.56,0,0,0,0.0,0.0,0.0
1787615356.804262,08:49:16.804,2512,37.999,26.66,1011.4,15.412,0.0,0.0,0.0,-0.27,-0.07,-0.06,-0.27,1.46,1.13,9.63,186.0,6.68,8.56,0,0,0,0.0,0.0,0.0
1787615356.905173,08:49:16.905,2513,38.009,26.66,1011.4,15.412,0.0,0.0,0.0,-0.27,-0.07,-0.06,-0.27,1.46,1.13,9.63,186.0,6.68,8.56,0,0,0,0.0,0.0,0.0
1787615356.906031,08:49:16.906,2514,38.019,26.66,1011.4,15.412,0.0,0.0,0.0,-0.27,-0.07,-0.06,-0.27,1.46,1.13,9.63,186.0,6.68,8.56,0,0,0,0.0,0.0,0.0
1787615356.906434,08:49:16.906,2515,38.029,26.66,1011.4,15.412,0.0,0.0,0.0,-0.25,-0.08,-0.06,-0.25,1.46,1.13,9.63,186.0,6.68,8.56,0,0,0,0.0,0.0,0.0
1787615356.906730,08:49:16.906,2516,38.039,26.66,1011.4,15.412,0.0,0.0,0.0,-0.25,-0.08,-0.06,-0.25,1.46,1.13,9.63,186.0,6.68,8.56,0,0,0,0.0,0.0,0.0
1787615356.907007,08:49:16.907,2517,38.049,26.66,1011.4,15.412,0.0,0.0,0.0,-0.25,-0.08,-0.06,-0.25,1.46,1.13,9.63,186.0,6.68,8.56,0,0,0,0.0,0.0,0.0
1787615356.907285,08:49:16.907,2518,38.059,26.66,1011.4,15.412,0.0,0.0,0.0,-0.25,-0.08,-0.06,-0.25,1.46,1.13,9.63,186.0,6.68,8.56,0,0,0,0.0,0.0,0.0
1787615356.907539,08:49:16.907,2519,38.069,26.66,1011.4,15.412,0.0,0.0,0.0,-0.25,-0.08,-0.06,-0.25,1.46,1.13,9.63,186.0,6.68,8.56,0,0,0,0.0,0.0,0.0
1787615356.907866,08:49:16.907,2520,38.079,26.66,1011.4,15.412,0.0,0.0,0.0,-0.25,-0.08,-0.06,-0.25,1.46,1.13,9.63,186.0,6.68,8.56,0,0,0,0.0,0.0,0.0
1787615356.908291,08:49:16.908,2521,38.089,26.66,1011.4,15.412,0.0,0.0,0.0,-0.25,-0.08,-0.06,-0.25,1.46,1.13,9.63,186.0,6.68,8.56,0,0,0,0.0,0.0,0.0
1787615356.908637,08:49:16.908,2522,38.099,26.66,1011.4,15.412,0.0,0.0,0.0,-0.25,-0.08,-0.06,-0.25,1.46,1.13,9.63,186.0,6.68,8.56,0,0,0,0.0,0.0,0.0
1787615356.908911,08:49:16.908,2523,38.109,26.66,1011.4,15.412,0.0,0.0,0.0,-0.25,-0.08,-0.06,-0.25,1.46,1.13,9.63,186.0,6.68,8.56,0,0,0,0.0,0.0,0.0
1787615357.010514,08:49:17.010,2524,38.119,26.66,1011.4,15.412,0.0,0.0,0.0,-0.25,-0.08,-0.06,-0.25,1.46,1.13,9.63,186.0,6.68,8.56,0,0,0,0.0,0.0,0.0
1787615357.011987,08:49:17.011,2525,38.129,26.66,1011.4,15.412,0.0,0.0,0.0,-0.28,-0.1,-0.06,-0.28,1.46,1.13,9.63,186.0,6.68,8.56,0,0,0,0.0,0.0,0.0
1787615357.012723,08:49:17.012,2526,38.139,26.66,1011.4,15.412,0.0,0.0,0.0,-0.28,-0.1,-0.06,-0.28,1.46,1.13,9.63,186.0,6.68,8.56,0,0,0,0.0,0.0,0.0
1787615357.013447,08:49:17.013,2527,38.149,26.66,1011.4,15.412,0.0,0.0,0.0,-0.28,-0.1,-0.06,-0.28,1.46,1.13,9.63,186.0,6.68,8.56,0,0,0,0.0,0.0,0.0
1787615357.014167,08:49:17.014,2528,38.159,26.66,1011.4,15.412,0.0,0.0,0.0,-0.28,-0.1,-0.06,-0.28,1.46,1.13,9.63,186.0,6.68,8.56,0,0,0,0.0,0.0,0.0
1787615357.014543,08:49:17.014,2529,38.169,26.66,1011.37,15.663,0.0,0.0,0.0,-0.28,-0.1,-0.06,-0.28,1.46,1.13,9.63,186.0,6.68,8.56,0,0,0,0.0,0.0,0.0
1787615357.014903,08:49:17.014,2530,38.179,26.66,1011.37,15.663,0.0,0.0,0.0,-0.28,-0.1,-0.06,-0.28,1.46,1.13,9.63,186.0,6.68,8.56,0,0,0,0.0,0.0,0.0
1787615357.015281,08:49:17.015,2531,38.189,26.66,1011.37,15.663,0.0,0.0,0.0,-0.28,-0.1,-0.06,-0.28,1.46,1.13,9.63,186.0,6.68,8.56,0,0,0,0.0,0.0,0.0
1787615357.015639,08:49:17.015,2532,38.199,26.66,1011.37,15.663,0.0,0.0,0.0,-0.28,-0.1,-0.06,-0.28,1.46,1.13,9.63,186.0,6.68,8.56,0,0,0,0.0,0.0,0.0
1787615357.015992,08:49:17.015,2533,38.209,26.66,1011.37,15.663,0.0,0.0,0.0,-0.28,-0.1,-0.06,-0.28,1.46,1.13,9.63,186.0,6.68,8.56,0,0,0,0.0,0.0,0.0
1787615357.117249,08:49:17.117,2534,38.219,26.66,1011.37,15.663,0.0,0.0,0.0,-0.28,-0.1,-0.06,-0.28,1.46,1.13,9.63,186.0,6.68,8.56,0,0,0,0.0,0.0,0.0
1787615357.118273,08:49:17.118,2535,38.229,26.66,1011.37,15.663,0.0,0.0,0.0,-0.27,-0.1,-0.02,-0.27,1.46,1.13,9.63,186.0,6.68,8.56,0,0,0,0.0,0.0,0.0
1787615357.118677,08:49:17.118,2536,38.239,26.66,1011.37,15.663,0.0,0.0,0.0,-0.27,-0.1,-0.02,-0.27,1.46,1.13,9.63,186.0,6.68,8.56,0,0,0,0.0,0.0,0.0
1787615357.119067,08:49:17.119,2537,38.249,26.66,1011.37,15.663,0.0,0.0,0.0,-0.27,-0.1,-0.02,-0.27,1.46,1.13,9.63,186.0,6.68,8.56,0,0,0,0.0,0.0,0.0
1787615357.119449,08:49:17.119,2538,38.259,26.66,1011.37,15.663,0.0,0.0,0.0,-0.27,-0.1,-0.02,-0.27,1.46,1.13,9.63,186.0,6.68,8.56,0,0,0,0.0,0.0,0.0
1787615357.119836,08:49:17.119,2539,38.269,26.66,1011.37,15.663,0.0,0.0,0.0,-0.27,-0.1,-0.02,-0.27,1.46,1.13,9.63,186.0,6.68,8.56,0,0,0,0.0,0.0,0.0
1787615357.120218,08:49:17.120,2540,38.279,26.66,1011.37,15.663,0.0,0.0,0.0,-0.27,-0.1,-0.02,-0.27,1.46,1.13,9.63,186.0,6.68,8.56,0,0,0,0.0,0.0,0.0
1787615357.120616,08:49:17.120,2541,38.289,26.66,1011.37,15.663,0.0,0.0,0.0,-0.27,-0.1,-0.02,-0.27,1.46,1.13,9.63,186.0,6.68,8.56,0,0,0,0.0,0.0,0.0
1787615357.120994,08:49:17.120,2542,38.299,26.66,1011.37,15.663,0.0,0.0,0.0,-0.27,-0.1,-0.02,-0.27,1.46,1.13,9.63,186.0,6.68,8.56,0,0,0,0.0,0.0,0.0
1787615357.121387,08:49:17.121,2543,38.309,26.66,1011.37,15.663,0.0,0.0,0.0,-0.27,-0.1,-0.02,-0.27,1.46,1.13,9.63,186.0,6.68,8.56,0,0,0,0.0,0.0,0.0
1787615357.121737,08:49:17.121,2544,38.319,26.66,1011.37,15.663,0.0,0.0,0.0,-0.27,-0.1,-0.02,-0.27,1.46,1.13,9.63,186.0,6.68,8.56,0,0,0,0.0,0.0,0.0
1787615357.235467,08:49:17.235,2545,38.329,26.66,1011.37,15.663,0.0,0.0,0.0,-0.25,-0.09,-0.05,-0.25,1.46,1.13,9.63,186.0,6.68,8.56,0,0,0,0.0,0.0,0.0
1787615357.235747,08:49:17.235,2546,38.339,26.66,1011.37,15.663,0.0,0.0,0.0,-0.25,-0.09,-0.05,-0.25,1.46,1.13,9.63,186.0,6.68,8.56,0,0,0,0.0,0.0,0.0
1787615357.235908,08:49:17.235,2547,38.349,26.66,1011.37,15.663,0.0,0.0,0.0,-0.25,-0.09,-0.05,-0.25,1.46,1.13,9.63,186.0,6.68,8.56,0,0,0,0.0,0.0,0.0
1787615357.236063,08:49:17.236,2548,38.359,26.66,1011.37,15.663,0.0,0.0,0.0,-0.25,-0.09,-0.05,-0.25,1.46,1.13,9.63,186.0,6.68,8.56,0,0,0,0.0,0.0,0.0
1787615357.236214,08:49:17.236,2549,38.369,26.65,1011.38,15.581,0.0,0.0,0.0,-0.25,-0.09,-0.05,-0.25,1.46,1.13,9.63,186.0,6.68,8.56,0,0,0,0.0,0.0,0.0
1787615357.236367,08:49:17.236,2550,38.379,26.65,1011.38,15.581,0.0,0.0,0.0,-0.25,-0.09,-0.05,-0.25,1.46,1.13,9.63,186.0,6.68,8.56,0,0,0,0.0,0.0,0.0
1787615357.236518,08:49:17.236,2551,38.389,26.65,1011.38,15.581,0.0,0.0,0.0,-0.25,-0.09,-0.05,-0.25,1.46,1.13,9.63,186.0,6.68,8.56,0,0,0,0.0,0.0,0.0
1787615357.236667,08:49:17.236,2552,38.399,26.65,1011.38,15.581,0.0,0.0,0.0,-0.25,-0.09,-0.05,-0.25,1.46,1.13,9.63,186.0,6.68,8.56,0,0,0,0.0,0.0,0.0
1787615357.236817,08:49:17.236,2553,38.409,26.65,1011.38,15.581,0.0,0.0,0.0,-0.25,-0.09,-0.05,-0.25,1.46,1.13,9.63,186.0,6.68,8.56,0,0,0,0.0,0.0,0.0
1787615357.236965,08:49:17.236,2554,38.419,26.65,1011.38,15.581,0.0,0.0,0.0,-0.25,-0.09,-0.05,-0.25,1.46,1.13,9.63,186.0,6.68,8.56,0,0,0,0.0,0.0,0.0
1787615357.237120,08:49:17.237,2555,38.429,26.65,1011.38,15.581,0.0,0.0,0.0,-0.27,-0.08,-0.04,-0.27,1.46,1.13,9.63,186.0,6.68,8.56,0,0,0,0.0,0.0,0.0
1787615357.237268,08:49:17.237,2556,38.439,26.65,1011.38,15.581,0.0,0.0,0.0,-0.27,-0.08,-0.04,-0.27,1.46,1.13,9.63,186.0,6.68,8.56,0,0,0,0.0,0.0,0.0
1787615357.338656,08:49:17.338,2557,38.449,26.65,1011.38,15.581,0.0,0.0,0.0,-0.27,-0.08,-0.04,-0.27,1.46,1.13,9.63,186.0,6.68,8.56,0,0,0,0.0,0.0,0.0
1787615357.339484,08:49:17.339,2558,38.459,26.65,1011.38,15.581,0.0,0.0,0.0,-0.27,-0.08,-0.04,-0.27,1.46,1.13,9.63,186.0,6.68,8.56,0,0,0,0.0,0.0,0.0
1787615357.339869,08:49:17.339,2559,38.469,26.65,1011.38,15.581,0.0,0.0,0.0,-0.27,-0.08,-0.04,-0.27,1.46,1.13,9.63,186.0,6.68,8.56,0,0,0,0.0,0.0,0.0
1787615357.340318,08:49:17.340,2560,38.479,26.65,1011.38,15.581,0.0,0.0,0.0,-0.27,-0.08,-0.04,-0.27,1.46,1.13,9.63,186.0,6.68,8.56,0,0,0,0.0,0.0,0.0
1787615357.340650,08:49:17.340,2561,38.489,26.65,1011.38,15.581,0.0,0.0,0.0,-0.27,-0.08,-0.04,-0.27,1.46,1.13,9.63,186.0,6.68,8.56,0,0,0,0.0,0.0,0.0
1787615357.340966,08:49:17.340,2562,38.499,26.65,1011.38,15.581,0.0,0.0,0.0,-0.27,-0.08,-0.04,-0.27,1.46,1.13,9.63,186.0,6.68,8.56,0,0,0,0.0,0.0,0.0
1787615357.341306,08:49:17.341,2563,38.509,26.65,1011.38,15.581,0.0,0.0,0.0,-0.27,-0.08,-0.04,-0.27,1.46,1.13,9.63,186.0,6.68,8.56,0,0,0,0.0,0.0,0.0
1787615357.341725,08:49:17.341,2564,38.519,26.65,1011.38,15.581,0.0,0.0,0.0,-0.27,-0.08,-0.04,-0.27,1.46,1.13,9.63,186.0,6.68,8.56,0,0,0,0.0,0.0,0.0
1787615357.342083,08:49:17.342,2565,38.529,26.65,1011.38,15.581,0.0,0.0,0.0,-0.26,-0.08,-0.06,-0.26,1.46,1.13,9.63,186.0,6.68,8.56,0,0,0,0.0,0.0,0.0
1787615357.342409,08:49:17.342,2566,38.539,26.65,1011.38,15.581,0.0,0.0,0.0,-0.26,-0.08,-0.06,-0.26,1.46,1.13,9.63,186.0,6.68,8.56,0,0,0,0.0,0.0,0.0
1787615357.443531,08:49:17.443,2567,38.549,26.65,1011.38,15.581,0.0,0.0,0.0,-0.26,-0.08,-0.06,-0.26,1.46,1.13,9.63,186.0,6.68,8.56,0,0,0,0.0,0.0,0.0
1787615357.444767,08:49:17.444,2568,38.559,26.65,1011.38,15.581,0.0,0.0,0.0,-0.26,-0.08,-0.06,-0.26,1.46,1.13,9.63,186.0,6.68,8.56,0,0,0,0.0,0.0,0.0
1787615357.445752,08:49:17.445,2569,38.569,26.68,1011.4,15.412,0.0,0.0,0.0,-0.26,-0.08,-0.06,-0.26,1.46,1.13,9.63,186.0,6.68,8.56,0,0,0,0.0,0.0,0.0
1787615357.446212,08:49:17.446,2570,38.579,26.68,1011.4,15.412,0.0,0.0,0.0,-0.26,-0.08,-0.06,-0.26,1.46,1.13,9.63,186.0,6.68,8.56,0,0,0,0.0,0.0,0.0
1787615357.446631,08:49:17.446,2571,38.589,26.68,1011.4,15.412,0.0,0.0,0.0,-0.26,-0.08,-0.06,-0.26,1.46,1.13,9.63,186.0,6.68,8.56,0,0,0,0.0,0.0,0.0
1787615357.447050,08:49:17.447,2572,38.599,26.68,1011.4,15.412,0.0,0.0,0.0,-0.26,-0.08,-0.06,-0.26,1.46,1.13,9.63,186.0,6.68,8.56,0,0,0,0.0,0.0,0.0
1787615357.447441,08:49:17.447,2573,38.609,26.68,1011.4,15.412,0.0,0.0,0.0,-0.26,-0.08,-0.06,-0.26,1.46,1.13,9.63,186.0,6.68,8.56,0,0,0,0.0,0.0,0.0
1787615357.447805,08:49:17.447,2574,38.619,26.68,1011.4,15.412,0.0,0.0,0.0,-0.26,-0.08,-0.06,-0.26,1.46,1.13,9.63,186.0,6.68,8.56,0,0,0,0.0,0.0,0.0
1787615357.448162,08:49:17.448,2575,38.629,26.68,1011.4,15.412,0.0,0.0,0.0,-0.27,-0.07,-0.02,-0.27,1.46,1.13,9.63,186.0,6.68,8.56,0,0,0,0.0,0.0,0.0
1787615357.448520,08:49:17.448,2576,38.639,26.68,1011.4,15.412,0.0,0.0,0.0,-0.27,-0.07,-0.02,-0.27,1.46,1.13,9.63,186.0,6.68,8.56,0,0,0,0.0,0.0,0.0
1787615357.448878,08:49:17.448,2577,38.649,26.68,1011.4,15.412,0.0,0.0,0.0,-0.27,-0.07,-0.02,-0.27,1.46,1.13,9.63,186.0,6.68,8.56,0,0,0,0.0,0.0,0.0
1787615357.550553,08:49:17.550,2578,38.659,26.68,1011.4,15.412,0.0,0.0,0.0,-0.27,-0.07,-0.02,-0.27,1.46,1.13,9.63,186.0,6.68,8.56,0,0,0,0.0,0.0,0.0
1787615357.551944,08:49:17.551,2579,38.669,26.68,1011.4,15.412,0.0,0.0,0.0,-0.27,-0.07,-0.02,-0.27,1.46,1.13,9.63,186.0,6.68,8.56,0,0,0,0.0,0.0,0.0
1787615357.552669,08:49:17.552,2580,38.679,26.68,1011.4,15.412,0.0,0.0,0.0,-0.27,-0.07,-0.02,-0.27,1.46,1.13,9.63,186.0,6.68,8.56,0,0,0,0.0,0.0,0.0
1787615357.552954,08:49:17.552,2581,38.689,26.68,1011.4,15.412,0.0,0.0,0.0,-0.27,-0.07,-0.02,-0.27,1.46,1.13,9.63,186.0,6.68,8.56,0,0,0,0.0,0.0,0.0
1787615357.553229,08:49:17.553,2582,38.699,26.68,1011.4,15.412,0.0,0.0,0.0,-0.27,-0.07,-0.02,-0.27,1.46,1.13,9.63,186.0,6.68,8.56,0,0,0,0.0,0.0,0.0
1787615357.553491,08:49:17.553,2583,38.709,26.68,1011.4,15.412,0.0,0.0,0.0,-0.27,-0.07,-0.02,-0.27,1.46,1.13,9.63,186.0,6.68,8.56,0,0,0,0.0,0.0,0.0
1787615357.553776,08:49:17.553,2584,38.719,26.68,1011.4,15.412,0.0,0.0,0.0,-0.27,-0.07,-0.02,-0.27,1.46,1.13,9.63,186.0,6.68,8.56,0,0,0,0.0,0.0,0.0
1787615357.554070,08:49:17.554,2585,38.729,26.68,1011.4,15.412,0.0,0.0,0.0,-0.29,-0.08,-0.05,-0.29,1.46,1.13,9.63,186.0,6.68,8.56,0,0,0,0.0,0.0,0.0
1787615357.554339,08:49:17.554,2586,38.739,26.68,1011.4,15.412,0.0,0.0,0.0,-0.29,-0.08,-0.05,-0.29,1.46,1.13,9.63,186.0,6.68,8.56,0,0,0,0.0,0.0,0.0
1787615357.554618,08:49:17.554,2587,38.749,26.68,1011.4,15.412,0.0,0.0,0.0,-0.29,-0.08,-0.05,-0.29,1.46,1.13,9.63,186.0,6.68,8.56,0,0,0,0.0,0.0,0.0
1787615357.655402,08:49:17.655,2588,38.759,26.68,1011.4,15.412,0.0,0.0,0.0,-0.29,-0.08,-0.05,-0.29,1.46,1.13,9.63,186.0,6.68,8.56,0,0,0,0.0,0.0,0.0
1787615357.656798,08:49:17.656,2589,38.769,26.67,1011.39,15.496,0.0,0.0,0.0,-0.29,-0.08,-0.05,-0.29,1.46,1.13,9.63,186.0,6.68,8.56,0,0,0,0.0,0.0,0.0
1787615357.657513,08:49:17.657,2590,38.779,26.67,1011.39,15.496,0.0,0.0,0.0,-0.29,-0.08,-0.05,-0.29,1.46,1.13,9.63,186.0,6.68,8.56,0,0,0,0.0,0.0,0.0
1787615357.658191,08:49:17.658,2591,38.789,26.67,1011.39,15.496,0.0,0.0,0.0,-0.29,-0.08,-0.05,-0.29,1.46,1.13,9.63,186.0,6.68,8.56,0,0,0,0.0,0.0,0.0
1787615357.658873,08:49:17.658,2592,38.799,26.67,1011.39,15.496,0.0,0.0,0.0,-0.29,-0.08,-0.05,-0.29,1.46,1.13,9.63,186.0,6.68,8.56,0,0,0,0.0,0.0,0.0
1787615357.659932,08:49:17.659,2593,38.809,26.67,1011.39,15.496,0.0,0.0,0.0,-0.29,-0.08,-0.05,-0.29,1.46,1.13,9.63,186.0,6.68,8.56,0,0,0,0.0,0.0,0.0
1787615357.660325,08:49:17.660,2594,38.819,26.67,1011.39,15.496,0.0,0.0,0.0,-0.29,-0.08,-0.05,-0.29,1.46,1.13,9.63,186.0,6.68,8.56,0,0,0,0.0,0.0,0.0
1787615357.660672,08:49:17.660,2595,38.829,26.67,1011.39,15.496,0.0,0.0,0.0,-0.26,-0.1,-0.03,-0.26,1.46,1.13,9.63,186.0,6.68,8.56,0,0,0,0.0,0.0,0.0
1787615357.661027,08:49:17.661,2596,38.839,26.67,1011.39,15.496,0.0,0.0,0.0,-0.26,-0.1,-0.03,-0.26,1.46,1.13,9.63,186.0,6.68,8.56,0,0,0,0.0,0.0,0.0
1787615357.661376,08:49:17.661,2597,38.849,26.67,1011.39,15.496,0.0,0.0,0.0,-0.26,-0.1,-0.03,-0.26,1.46,1.13,9.63,186.0,6.68,8.56,0,0,0,0.0,0.0,0.0
1787615357.661720,08:49:17.661,2598,38.859,26.67,1011.39,15.496,0.0,0.0,0.0,-0.26,-0.1,-0.03,-0.26,1.46,1.13,9.63,186.0,6.68,8.56,0,0,0,0.0,0.0,0.0
1787615357.763397,08:49:17.763,2599,38.869,26.67,1011.39,15.496,0.0,0.0,0.0,-0.26,-0.1,-0.03,-0.26,1.46,1.13,9.63,186.0,6.68,8.56,0,0,0,0.0,0.0,0.0
1787615357.764789,08:49:17.764,2600,38.879,26.67,1011.39,15.496,0.0,0.0,0.0,-0.26,-0.1,-0.03,-0.26,1.46,1.13,9.63,186.0,6.68,8.56,0,0,0,0.0,0.0,0.0
1787615357.765494,08:49:17.765,2601,38.889,26.67,1011.39,15.496,0.0,0.0,0.0,-0.26,-0.1,-0.03,-0.26,1.46,1.13,9.63,186.0,6.68,8.56,0,0,0,0.0,0.0,0.0
1787615357.766171,08:49:17.766,2602,38.899,26.67,1011.39,15.496,0.0,0.0,0.0,-0.26,-0.1,-0.03,-0.26,1.46,1.13,9.63,186.0,6.68,8.56,0,0,0,0.0,0.0,0.0
1787615357.766733,08:49:17.766,2603,38.909,26.67,1011.39,15.496,0.0,0.0,0.0,-0.26,-0.1,-0.03,-0.26,1.46,1.13,9.63,186.0,6.68,8.56,0,0,0,0.0,0.0,0.0
1787615357.767021,08:49:17.767,2604,38.919,26.67,1011.39,15.496,0.0,0.0,0.0,-0.26,-0.1,-0.03,-0.26,1.46,1.13,9.63,186.0,6.68,8.56,0,0,0,0.0,0.0,0.0
1787615357.767311,08:49:17.767,2605,38.929,26.67,1011.39,15.496,0.0,0.0,0.0,-0.29,-0.08,-0.05,-0.29,1.46,1.12,9.63,186.0,6.68,8.56,0,0,0,0.0,0.0,0.0
1787615357.767607,08:49:17.767,2606,38.939,26.67,1011.39,15.496,0.0,0.0,0.0,-0.29,-0.08,-0.05,-0.29,1.46,1.12,9.63,186.0,6.68,8.56,0,0,0,0.0,0.0,0.0
1787615357.767894,08:49:17.767,2607,38.949,26.67,1011.39,15.496,0.0,0.0,0.0,-0.29,-0.08,-0.05,-0.29,1.46,1.12,9.63,186.0,6.68,8.56,0,0,0,0.0,0.0,0.0
1787615357.768188,08:49:17.768,2608,38.959,26.67,1011.39,15.496,0.0,0.0,0.0,-0.29,-0.08,-0.05,-0.29,1.46,1.12,9.63,186.0,6.68,8.56,0,0,0,0.0,0.0,0.0
1787615357.869795,08:49:17.869,2609,38.969,26.66,1011.38,15.581,0.0,0.0,0.0,-0.29,-0.08,-0.05,-0.29,1.46,1.12,9.63,186.0,6.68,8.56,0,0,0,0.0,0.0,0.0
1787615357.871095,08:49:17.871,2610,38.979,26.66,1011.38,15.581,0.0,0.0,0.0,-0.29,-0.08,-0.05,-0.29,1.46,1.12,9.63,186.0,6.68,8.56,0,0,0,0.0,0.0,0.0
1787615357.871589,08:49:17.871,2611,38.989,26.66,1011.38,15.581,0.0,0.0,0.0,-0.29,-0.08,-0.05,-0.29,1.46,1.12,9.63,186.0,6.68,8.56,0,0,0,0.0,0.0,0.0
1787615357.871999,08:49:17.871,2612,38.999,26.66,1011.38,15.581,0.0,0.0,0.0,-0.29,-0.08,-0.05,-0.29,1.46,1.12,9.63,186.0,6.68,8.56,0,0,0,0.0,0.0,0.0
1787615357.872392,08:49:17.872,2613,39.009,26.66,1011.38,15.581,0.0,0.0,0.0,-0.29,-0.08,-0.05,-0.29,1.46,1.12,9.63,186.0,6.68,8.56,0,0,0,0.0,0.0,0.0
1787615357.872813,08:49:17.872,2614,39.019,26.66,1011.38,15.581,0.0,0.0,0.0,-0.29,-0.08,-0.05,-0.29,1.46,1.12,9.63,186.0,6.68,8.56,0,0,0,0.0,0.0,0.0
1787615357.873148,08:49:17.873,2615,39.029,26.66,1011.38,15.581,0.0,0.0,0.0,-0.26,-0.07,-0.02,-0.26,1.46,1.11,9.63,186.0,6.56,8.56,0,0,0,0.0,0.0,0.0
1787615357.873483,08:49:17.873,2616,39.039,26.66,1011.38,15.581,0.0,0.0,0.0,-0.26,-0.07,-0.02,-0.26,1.46,1.11,9.63,186.0,6.56,8.56,0,0,0,0.0,0.0,0.0
1787615357.873828,08:49:17.873,2617,39.049,26.66,1011.38,15.581,0.0,0.0,0.0,-0.26,-0.07,-0.02,-0.26,1.46,1.11,9.63,186.0,6.56,8.56,0,0,0,0.0,0.0,0.0
1787615357.874166,08:49:17.874,2618,39.059,26.66,1011.38,15.581,0.0,0.0,0.0,-0.26,-0.07,-0.02,-0.26,1.46,1.11,9.63,186.0,6.56,8.56,0,0,0,0.0,0.0,0.0
1787615357.874506,08:49:17.874,2619,39.069,26.66,1011.38,15.581,0.0,0.0,0.0,-0.26,-0.07,-0.02,-0.26,1.46,1.11,9.63,186.0,6.56,8.56,0,0,0,0.0,0.0,0.0
1787615357.976243,08:49:17.976,2620,39.079,26.66,1011.38,15.581,0.0,0.0,0.0,-0.26,-0.07,-0.02,-0.26,1.46,1.11,9.63,186.0,6.56,8.56,0,0,0,0.0,0.0,0.0
1787615357.977652,08:49:17.977,2621,39.089,26.66,1011.38,15.581,0.0,0.0,0.0,-0.26,-0.07,-0.02,-0.26,1.46,1.11,9.63,186.0,6.56,8.56,0,0,0,0.0,0.0,0.0
1787615357.978358,08:49:17.978,2622,39.099,26.66,1011.38,15.581,0.0,0.0,0.0,-0.26,-0.07,-0.02,-0.26,1.46,1.11,9.63,186.0,6.56,8.56,0,0,0,0.0,0.0,0.0
1787615357.979047,08:49:17.979,2623,39.109,26.66,1011.38,15.581,0.0,0.0,0.0,-0.26,-0.07,-0.02,-0.26,1.46,1.11,9.63,186.0,6.56,8.56,0,0,0,0.0,0.0,0.0
1787615357.979737,08:49:17.979,2624,39.119,26.66,1011.38,15.581,0.0,0.0,0.0,-0.26,-0.07,-0.02,-0.26,1.46,1.11,9.63,186.0,6.56,8.56,0,0,0,0.0,0.0,0.0
1787615357.980418,08:49:17.980,2625,39.129,26.66,1011.38,15.581,0.0,0.0,0.0,-0.26,-0.08,-0.06,-0.26,1.46,1.1,9.63,186.0,6.5,8.56,0,0,0,0.0,0.0,0.0
1787615357.981097,08:49:17.981,2626,39.139,26.66,1011.38,15.581,0.0,0.0,0.0,-0.26,-0.08,-0.06,-0.26,1.46,1.1,9.63,186.0,6.5,8.56,0,0,0,0.0,0.0,0.0
1787615357.981779,08:49:17.981,2627,39.149,26.66,1011.38,15.581,0.0,0.0,0.0,-0.26,-0.08,-0.06,-0.26,1.46,1.1,9.63,186.0,6.5,8.56,0,0,0,0.0,0.0,0.0
1787615357.982463,08:49:17.982,2628,39.159,26.66,1011.38,15.581,0.0,0.0,0.0,-0.26,-0.08,-0.06,-0.26,1.46,1.1,9.63,186.0,6.5,8.56,0,0,0,0.0,0.0,0.0
1787615357.983195,08:49:17.983,2629,39.169,26.66,1011.4,15.412,0.0,0.0,0.0,-0.26,-0.08,-0.06,-0.26,1.46,1.1,9.63,186.0,6.5,8.56,0,0,0,0.0,0.0,0.0
1787615357.983636,08:49:17.983,2630,39.179,26.66,1011.4,15.412,0.0,0.0,0.0,-0.26,-0.08,-0.06,-0.26,1.46,1.1,9.63,186.0,6.5,8.56,0,0,0,0.0,0.0,0.0
1787615358.085174,08:49:18.085,2631,39.189,26.66,1011.4,15.412,0.0,0.0,0.0,-0.26,-0.08,-0.06,-0.26,1.46,1.1,9.63,186.0,6.5,8.56,0,0,0,0.0,0.0,0.0
1787615358.086427,08:49:18.086,2632,39.199,26.66,1011.4,15.412,0.0,0.0,0.0,-0.26,-0.08,-0.06,-0.26,1.46,1.1,9.63,186.0,6.5,8.56,0,0,0,0.0,0.0,0.0
1787615358.087078,08:49:18.087,2633,39.209,26.66,1011.4,15.412,0.0,0.0,0.0,-0.26,-0.08,-0.06,-0.26,1.46,1.1,9.63,186.0,6.5,8.56,0,0,0,0.0,0.0,0.0
1787615358.087503,08:49:18.087,2634,39.219,26.66,1011.4,15.412,0.0,0.0,0.0,-0.26,-0.08,-0.06,-0.26,1.46,1.1,9.63,186.0,6.5,8.56,0,0,0,0.0,0.0,0.0
1787615358.087877,08:49:18.087,2635,39.229,26.66,1011.4,15.412,0.0,0.0,0.0,-0.28,-0.08,-0.07,-0.28,1.46,1.1,9.63,186.0,6.5,8.56,0,0,0,0.0,0.0,0.0
1787615358.088260,08:49:18.088,2636,39.239,26.66,1011.4,15.412,0.0,0.0,0.0,-0.28,-0.08,-0.07,-0.28,1.46,1.1,9.63,186.0,6.5,8.56,0,0,0,0.0,0.0,0.0
1787615358.088640,08:49:18.088,2637,39.249,26.66,1011.4,15.412,0.0,0.0,0.0,-0.28,-0.08,-0.07,-0.28,1.46,1.1,9.63,186.0,6.5,8.56,0,0,0,0.0,0.0,0.0
1787615358.089011,08:49:18.089,2638,39.259,26.66,1011.4,15.412,0.0,0.0,0.0,-0.28,-0.08,-0.07,-0.28,1.46,1.1,9.63,186.0,6.5,8.56,0,0,0,0.0,0.0,0.0
1787615358.089354,08:49:18.089,2639,39.269,26.66,1011.4,15.412,0.0,0.0,0.0,-0.28,-0.08,-0.07,-0.28,1.46,1.1,9.63,186.0,6.5,8.56,0,0,0,0.0,0.0,0.0
1787615358.089705,08:49:18.089,2640,39.279,26.66,1011.4,15.412,0.0,0.0,0.0,-0.28,-0.08,-0.07,-0.28,1.46,1.1,9.63,186.0,6.5,8.56,0,0,0,0.0,0.0,0.0
1787615358.090211,08:49:18.090,2641,39.289,26.66,1011.4,15.412,0.0,0.0,0.0,-0.28,-0.08,-0.07,-0.28,1.46,1.1,9.63,186.0,6.5,8.56,0,0,0,0.0,0.0,0.0
1787615358.191913,08:49:18.191,2642,39.299,26.66,1011.4,15.412,0.0,0.0,0.0,-0.28,-0.08,-0.07,-0.28,1.46,1.1,9.63,186.0,6.5,8.56,0,0,0,0.0,0.0,0.0
1787615358.193242,08:49:18.193,2643,39.309,26.66,1011.4,15.412,0.0,0.0,0.0,-0.28,-0.08,-0.07,-0.28,1.46,1.1,9.63,186.0,6.5,8.56,0,0,0,0.0,0.0,0.0
1787615358.193929,08:49:18.193,2644,39.319,26.66,1011.4,15.412,0.0,0.0,0.0,-0.28,-0.08,-0.07,-0.28,1.46,1.1,9.63,186.0,6.5,8.56,0,0,0,0.0,0.0,0.0
1787615358.194600,08:49:18.194,2645,39.329,26.66,1011.4,15.412,0.0,0.0,0.0,-0.28,-0.08,-0.07,-0.28,1.46,1.1,9.63,186.0,6.5,8.56,0,0,0,0.0,0.0,0.0
1787615358.195609,08:49:18.195,2646,39.339,26.66,1011.4,15.412,0.0,0.0,0.0,-0.28,-0.08,-0.04,-0.28,1.46,1.1,9.63,186.0,6.5,8.56,0,0,0,0.0,0.0,0.0
1787615358.196086,08:49:18.196,2647,39.349,26.66,1011.4,15.412,0.0,0.0,0.0,-0.28,-0.08,-0.04,-0.28,1.46,1.1,9.63,186.0,6.5,8.56,0,0,0,0.0,0.0,0.0
1787615358.196522,08:49:18.196,2648,39.359,26.66,1011.4,15.412,0.0,0.0,0.0,-0.28,-0.08,-0.04,-0.28,1.46,1.1,9.63,186.0,6.5,8.56,0,0,0,0.0,0.0,0.0
1787615358.196966,08:49:18.196,2649,39.369,26.66,1011.4,15.412,0.0,0.0,0.0,-0.28,-0.08,-0.04,-0.28,1.46,1.1,9.63,186.0,6.5,8.56,0,0,0,0.0,0.0,0.0
1787615358.197367,08:49:18.197,2650,39.379,26.66,1011.4,15.412,0.0,0.0,0.0,-0.28,-0.08,-0.04,-0.28,1.46,1.1,9.63,186.0,6.5,8.56,0,0,0,0.0,0.0,0.0
1787615358.197715,08:49:18.197,2651,39.389,26.66,1011.4,15.412,0.0,0.0,0.0,-0.28,-0.08,-0.04,-0.28,1.46,1.1,9.63,186.0,6.5,8.56,0,0,0,0.0,0.0,0.0
1787615358.198079,08:49:18.198,2652,39.399,26.66,1011.4,15.412,0.0,0.0,0.0,-0.28,-0.08,-0.04,-0.28,1.46,1.1,9.63,186.0,6.5,8.56,0,0,0,0.0,0.0,0.0
1787615358.299009,08:49:18.299,2653,39.409,26.66,1011.4,15.412,0.0,0.0,0.0,-0.28,-0.08,-0.04,-0.28,1.46,1.1,9.63,186.0,6.5,8.56,0,0,0,0.0,0.0,0.0
1787615358.299418,08:49:18.299,2654,39.419,26.66,1011.4,15.412,0.0,0.0,0.0,-0.28,-0.08,-0.04,-0.28,1.46,1.1,9.63,186.0,6.5,8.56,0,0,0,0.0,0.0,0.0
1787615358.299657,08:49:18.299,2655,39.429,26.66,1011.4,15.412,0.0,0.0,0.0,-0.28,-0.08,-0.04,-0.28,1.46,1.1,9.63,186.0,6.5,8.56,0,0,0,0.0,0.0,0.0
1787615358.299896,08:49:18.299,2656,39.439,26.66,1011.4,15.412,0.0,0.0,0.0,-0.26,-0.09,-0.04,-0.26,1.46,1.11,9.63,186.0,6.56,8.56,0,0,0,0.0,0.0,0.0
1787615358.300195,08:49:18.300,2657,39.449,26.66,1011.4,15.412,0.0,0.0,0.0,-0.26,-0.09,-0.04,-0.26,1.46,1.11,9.63,186.0,6.56,8.56,0,0,0,0.0,0.0,0.0
1787615358.300419,08:49:18.300,2658,39.459,26.66,1011.4,15.412,0.0,0.0,0.0,-0.26,-0.09,-0.04,-0.26,1.46,1.11,9.63,186.0,6.56,8.56,0,0,0,0.0,0.0,0.0
1787615358.300638,08:49:18.300,2659,39.469,26.66,1011.4,15.412,0.0,0.0,0.0,-0.26,-0.09,-0.04,-0.26,1.46,1.11,9.63,186.0,6.56,8.56,0,0,0,0.0,0.0,0.0
1787615358.300856,08:49:18.300,2660,39.479,26.66,1011.4,15.412,0.0,0.0,0.0,-0.26,-0.09,-0.04,-0.26,1.46,1.11,9.63,186.0,6.56,8.56,0,0,0,0.0,0.0,0.0
1787615358.301075,08:49:18.301,2661,39.489,26.66,1011.4,15.412,0.0,0.0,0.0,-0.26,-0.09,-0.04,-0.26,1.46,1.11,9.63,186.0,6.56,8.56,0,0,0,0.0,0.0,0.0
1787615358.301294,08:49:18.301,2662,39.499,26.66,1011.4,15.412,0.0,0.0,0.0,-0.26,-0.09,-0.04,-0.26,1.46,1.11,9.63,186.0,6.56,8.56,0,0,0,0.0,0.0,0.0
1787615358.402811,08:49:18.402,2663,39.509,26.66,1011.4,15.412,0.0,0.0,0.0,-0.26,-0.09,-0.04,-0.26,1.46,1.11,9.63,186.0,6.56,8.56,0,0,0,0.0,0.0,0.0
1787615358.404448,08:49:18.404,2664,39.519,26.66,1011.4,15.412,0.0,0.0,0.0,-0.26,-0.09,-0.04,-0.26,1.46,1.11,9.63,186.0,6.56,8.56,0,0,0,0.0,0.0,0.0
1787615358.404899,08:49:18.404,2665,39.529,26.66,1011.4,15.412,0.0,0.0,0.0,-0.26,-0.09,-0.04,-0.26,1.46,1.11,9.63,186.0,6.56,8.56,0,0,0,0.0,0.0,0.0
1787615358.405295,08:49:18.405,2666,39.539,26.66,1011.4,15.412,0.0,0.0,0.0,-0.23,-0.09,-0.05,-0.23,1.46,1.13,9.63,186.0,6.68,8.56,0,0,0,0.0,0.0,0.0
1787615358.405682,08:49:18.405,2667,39.549,26.66,1011.4,15.412,0.0,0.0,0.0,-0.23,-0.09,-0.05,-0.23,1.46,1.13,9.63,186.0,6.68,8.56,0,0,0,0.0,0.0,0.0
1787615358.406065,08:49:18.406,2668,39.559,26.66,1011.4,15.412,0.0,0.0,0.0,-0.23,-0.09,-0.05,-0.23,1.46,1.13,9.63,186.0,6.68,8.56,0,0,0,0.0,0.0,0.0
1787615358.406451,08:49:18.406,2669,39.569,26.66,1011.4,15.412,0.0,0.0,0.0,-0.23,-0.09,-0.05,-0.23,1.46,1.13,9.63,186.0,6.68,8.56,0,0,0,0.0,0.0,0.0
1787615358.406781,08:49:18.406,2670,39.579,26.66,1011.4,15.412,0.0,0.0,0.0,-0.23,-0.09,-0.05,-0.23,1.46,1.13,9.63,186.0,6.68,8.56,0,0,0,0.0,0.0,0.0
1787615358.407112,08:49:18.407,2671,39.589,26.66,1011.4,15.412,0.0,0.0,0.0,-0.23,-0.09,-0.05,-0.23,1.46,1.13,9.63,186.0,6.68,8.56,0,0,0,0.0,0.0,0.0
1787615358.407453,08:49:18.407,2672,39.599,26.66,1011.4,15.412,0.0,0.0,0.0,-0.23,-0.09,-0.05,-0.23,1.46,1.13,9.63,186.0,6.68,8.56,0,0,0,0.0,0.0,0.0
1787615358.407785,08:49:18.407,2673,39.609,26.66,1011.4,15.412,0.0,0.0,0.0,-0.23,-0.09,-0.05,-0.23,1.46,1.13,9.63,186.0,6.68,8.56,0,0,0,0.0,0.0,0.0
1787615358.509400,08:49:18.509,2674,39.619,26.66,1011.4,15.412,0.0,0.0,0.0,-0.23,-0.09,-0.05,-0.23,1.46,1.13,9.63,186.0,6.68,8.56,0,0,0,0.0,0.0,0.0
1787615358.510727,08:49:18.510,2675,39.629,26.66,1011.4,15.412,0.0,0.0,0.0,-0.26,-0.09,-0.05,-0.26,1.46,1.14,9.62,186.0,6.75,8.56,0,0,0,0.0,0.0,0.0
1787615358.511385,08:49:18.511,2676,39.639,26.66,1011.4,15.412,0.0,0.0,0.0,-0.26,-0.09,-0.05,-0.26,1.46,1.14,9.62,186.0,6.75,8.56,0,0,0,0.0,0.0,0.0
1787615358.512031,08:49:18.512,2677,39.649,26.66,1011.4,15.412,0.0,0.0,0.0,-0.26,-0.09,-0.05,-0.26,1.46,1.14,9.62,186.0,6.75,8.56,0,0,0,0.0,0.0,0.0
1787615358.512694,08:49:18.512,2678,39.659,26.66,1011.4,15.412,0.0,0.0,0.0,-0.26,-0.09,-0.05,-0.26,1.46,1.14,9.62,186.0,6.75,8.56,0,0,0,0.0,0.0,0.0
1787615358.513344,08:49:18.513,2679,39.669,26.66,1011.4,15.412,0.0,0.0,0.0,-0.26,-0.09,-0.05,-0.26,1.46,1.14,9.62,186.0,6.75,8.56,0,0,0,0.0,0.0,0.0
1787615358.513983,08:49:18.513,2680,39.679,26.66,1011.4,15.412,0.0,0.0,0.0,-0.26,-0.09,-0.05,-0.26,1.46,1.14,9.62,186.0,6.75,8.56,0,0,0,0.0,0.0,0.0
1787615358.514634,08:49:18.514,2681,39.689,26.66,1011.4,15.412,0.0,0.0,0.0,-0.26,-0.09,-0.05,-0.26,1.46,1.14,9.62,186.0,6.75,8.56,0,0,0,0.0,0.0,0.0
1787615358.515302,08:49:18.515,2682,39.699,26.66,1011.4,15.412,0.0,0.0,0.0,-0.26,-0.09,-0.05,-0.26,1.46,1.14,9.62,186.0,6.75,8.56,0,0,0,0.0,0.0,0.0
1787615358.515946,08:49:18.515,2683,39.709,26.66,1011.4,15.412,0.0,0.0,0.0,-0.26,-0.09,-0.05,-0.26,1.46,1.14,9.62,186.0,6.75,8.56,0,0,0,0.0,0.0,0.0
1787615358.617821,08:49:18.617,2684,39.719,26.66,1011.4,15.412,0.0,0.0,0.0,-0.26,-0.09,-0.05,-0.26,1.46,1.14,9.62,186.0,6.75,8.56,0,0,0,0.0,0.0,0.0
1787615358.618231,08:49:18.618,2685,39.729,26.66,1011.4,15.412,0.0,0.0,0.0,-0.26,-0.09,-0.02,-0.26,1.46,1.14,9.62,186.0,6.75,8.56,0,0,0,0.0,0.0,0.0
1787615358.622058,08:49:18.622,2686,39.739,26.66,1011.4,15.412,0.0,0.0,0.0,-0.26,-0.09,-0.02,-0.26,1.46,1.14,9.62,186.0,6.75,8.56,0,0,0,0.0,0.0,0.0
1787615358.622255,08:49:18.622,2687,39.749,26.66,1011.4,15.412,0.0,0.0,0.0,-0.26,-0.09,-0.02,-0.26,1.46,1.14,9.62,186.0,6.75,8.56,0,0,0,0.0,0.0,0.0
1787615358.629535,08:49:18.629,2688,39.759,26.66,1011.4,15.412,0.0,0.0,0.0,-0.26,-0.09,-0.02,-0.26,1.46,1.14,9.62,186.0,6.75,8.56,0,0,0,0.0,0.0,0.0
1787615358.629708,08:49:18.629,2689,39.769,26.65,1011.38,15.581,0.0,0.0,0.0,-0.26,-0.09,-0.02,-0.26,1.46,1.14,9.62,186.0,6.75,8.56,0,0,0,0.0,0.0,0.0
1787615358.629861,08:49:18.629,2690,39.779,26.65,1011.38,15.581,0.0,0.0,0.0,-0.26,-0.09,-0.02,-0.26,1.46,1.14,9.62,186.0,6.75,8.56,0,0,0,0.0,0.0,0.0
1787615358.630012,08:49:18.630,2691,39.789,26.65,1011.38,15.581,0.0,0.0,0.0,-0.26,-0.09,-0.02,-0.26,1.46,1.14,9.62,186.0,6.75,8.56,0,0,0,0.0,0.0,0.0
1787615358.630163,08:49:18.630,2692,39.799,26.65,1011.38,15.581,0.0,0.0,0.0,-0.26,-0.09,-0.02,-0.26,1.46,1.14,9.62,186.0,6.75,8.56,0,0,0,0.0,0.0,0.0
1787615358.630313,08:49:18.630,2693,39.809,26.65,1011.38,15.581,0.0,0.0,0.0,-0.26,-0.09,-0.02,-0.26,1.46,1.14,9.62,186.0,6.75,8.56,0,0,0,0.0,0.0,0.0
1787615358.630464,08:49:18.630,2694,39.819,26.65,1011.38,15.581,0.0,0.0,0.0,-0.26,-0.09,-0.02,-0.26,1.46,1.14,9.62,186.0,6.75,8.56,0,0,0,0.0,0.0,0.0
1787615358.630613,08:49:18.630,2695,39.829,26.65,1011.38,15.581,0.0,0.0,0.0,-0.27,-0.08,-0.04,-0.27,1.46,1.14,9.62,186.0,6.75,8.56,0,0,0,0.0,0.0,0.0
1787615358.731933,08:49:18.731,2696,39.839,26.65,1011.38,15.581,0.0,0.0,0.0,-0.27,-0.08,-0.04,-0.27,1.46,1.14,9.62,186.0,6.75,8.56,0,0,0,0.0,0.0,0.0
1787615358.732299,08:49:18.732,2697,39.849,26.65,1011.38,15.581,0.0,0.0,0.0,-0.27,-0.08,-0.04,-0.27,1.46,1.14,9.62,186.0,6.75,8.56,0,0,0,0.0,0.0,0.0
1787615358.732654,08:49:18.732,2698,39.859,26.65,1011.38,15.581,0.0,0.0,0.0,-0.27,-0.08,-0.04,-0.27,1.46,1.14,9.62,186.0,6.75,8.56,0,0,0,0.0,0.0,0.0
1787615358.732906,08:49:18.732,2699,39.869,26.65,1011.38,15.581,0.0,0.0,0.0,-0.27,-0.08,-0.04,-0.27,1.46,1.14,9.62,186.0,6.75,8.56,0,0,0,0.0,0.0,0.0
1787615358.733254,08:49:18.733,2700,39.879,26.65,1011.38,15.581,0.0,0.0,0.0,-0.27,-0.08,-0.04,-0.27,1.46,1.14,9.62,186.0,6.75,8.56,0,0,0,0.0,0.0,0.0
1787615358.733508,08:49:18.733,2701,39.889,26.65,1011.38,15.581,0.0,0.0,0.0,-0.27,-0.08,-0.04,-0.27,1.46,1.14,9.62,186.0,6.75,8.56,0,0,0,0.0,0.0,0.0
1787615358.733730,08:49:18.733,2702,39.899,26.65,1011.38,15.581,0.0,0.0,0.0,-0.27,-0.08,-0.04,-0.27,1.46,1.14,9.62,186.0,6.75,8.56,0,0,0,0.0,0.0,0.0
1787615358.733951,08:49:18.733,2703,39.909,26.65,1011.38,15.581,0.0,0.0,0.0,-0.27,-0.08,-0.04,-0.27,1.46,1.14,9.62,186.0,6.75,8.56,0,0,0,0.0,0.0,0.0
1787615358.734172,08:49:18.734,2704,39.919,26.65,1011.38,15.581,0.0,0.0,0.0,-0.27,-0.08,-0.04,-0.27,1.46,1.14,9.62,186.0,6.75,8.56,0,0,0,0.0,0.0,0.0
1787615358.734392,08:49:18.734,2705,39.929,26.65,1011.38,15.581,0.0,0.0,0.0,-0.26,-0.08,-0.06,-0.26,1.46,1.13,9.63,186.0,6.68,8.56,0,0,0,0.0,0.0,0.0
1787615358.734611,08:49:18.734,2706,39.939,26.65,1011.38,15.581,0.0,0.0,0.0,-0.26,-0.08,-0.06,-0.26,1.46,1.13,9.63,186.0,6.68,8.56,0,0,0,0.0,0.0,0.0
1787615358.836120,08:49:18.836,2707,39.949,26.65,1011.38,15.581,0.0,0.0,0.0,-0.26,-0.08,-0.06,-0.26,1.46,1.13,9.63,186.0,6.68,8.56,0,0,0,0.0,0.0,0.0
1787615358.837494,08:49:18.837,2708,39.959,26.65,1011.38,15.581,0.0,0.0,0.0,-0.26,-0.08,-0.06,-0.26,1.46,1.13,9.63,186.0,6.68,8.56,0,0,0,0.0,0.0,0.0
1787615358.838233,08:49:18.838,2709,39.969,26.67,1011.38,15.581,0.0,0.0,0.0,-0.26,-0.08,-0.06,-0.26,1.46,1.13,9.63,186.0,6.68,8.56,0,0,0,0.0,0.0,0.0
1787615358.838680,08:49:18.838,2710,39.979,26.67,1011.38,15.581,0.0,0.0,0.0,-0.26,-0.08,-0.06,-0.26,1.46,1.13,9.63,186.0,6.68,8.56,0,0,0,0.0,0.0,0.0
1787615358.839098,08:49:18.839,2711,39.989,26.67,1011.38,15.581,0.0,0.0,0.0,-0.26,-0.08,-0.06,-0.26,1.46,1.13,9.63,186.0,6.68,8.56,0,0,0,0.0,0.0,0.0
1787615358.839498,08:49:18.839,2712,39.999,26.67,1011.38,15.581,0.0,0.0,0.0,-0.26,-0.08,-0.06,-0.26,1.46,1.13,9.63,186.0,6.68,8.56,0,0,0,0.0,0.0,0.0
1787615358.839917,08:49:18.839,2713,40.009,26.67,1011.38,15.581,0.0,0.0,0.0,-0.26,-0.08,-0.06,-0.26,1.46,1.13,9.63,186.0,6.68,8.56,0,0,0,0.0,0.0,0.0
1787615358.840349,08:49:18.840,2714,40.019,26.67,1011.38,15.581,0.0,0.0,0.0,-0.26,-0.08,-0.06,-0.26,1.46,1.13,9.63,186.0,6.68,8.56,0,0,0,0.0,0.0,0.0
1787615358.840706,08:49:18.840,2715,40.029,26.67,1011.38,15.581,0.0,0.0,0.0,-0.28,-0.09,-0.06,-0.28,1.46,1.11,9.63,186.0,6.56,8.56,0,0,0,0.0,0.0,0.0
1787615358.841041,08:49:18.841,2716,40.039,26.67,1011.38,15.581,0.0,0.0,0.0,-0.28,-0.09,-0.06,-0.28,1.46,1.11,9.63,186.0,6.56,8.56,0,0,0,0.0,0.0,0.0
1787615358.942506,08:49:18.942,2717,40.049,26.67,1011.38,15.581,0.0,0.0,0.0,-0.28,-0.09,-0.06,-0.28,1.46,1.11,9.63,186.0,6.56,8.56,0,0,0,0.0,0.0,0.0
1787615358.944684,08:49:18.944,2718,40.059,26.67,1011.38,15.581,0.0,0.0,0.0,-0.28,-0.09,-0.06,-0.28,1.46,1.11,9.63,186.0,6.56,8.56,0,0,0,0.0,0.0,0.0
1787615358.945491,08:49:18.945,2719,40.069,26.67,1011.38,15.581,0.0,0.0,0.0,-0.28,-0.09,-0.06,-0.28,1.46,1.11,9.63,186.0,6.56,8.56,0,0,0,0.0,0.0,0.0
1787615358.946180,08:49:18.946,2720,40.079,26.67,1011.38,15.581,0.0,0.0,0.0,-0.28,-0.09,-0.06,-0.28,1.46,1.11,9.63,186.0,6.56,8.56,0,0,0,0.0,0.0,0.0
1787615358.946880,08:49:18.946,2721,40.089,26.67,1011.38,15.581,0.0,0.0,0.0,-0.28,-0.09,-0.06,-0.28,1.46,1.11,9.63,186.0,6.56,8.56,0,0,0,0.0,0.0,0.0
1787615358.947557,08:49:18.947,2722,40.099,26.67,1011.38,15.581,0.0,0.0,0.0,-0.28,-0.09,-0.06,-0.28,1.46,1.11,9.63,186.0,6.56,8.56,0,0,0,0.0,0.0,0.0
1787615358.948231,08:49:18.948,2723,40.109,26.67,1011.38,15.581,0.0,0.0,0.0,-0.28,-0.09,-0.06,-0.28,1.46,1.11,9.63,186.0,6.56,8.56,0,0,0,0.0,0.0,0.0
1787615358.948920,08:49:18.948,2724,40.119,26.67,1011.38,15.581,0.0,0.0,0.0,-0.28,-0.09,-0.06,-0.28,1.46,1.11,9.63,186.0,6.56,8.56,0,0,0,0.0,0.0,0.0
1787615358.949637,08:49:18.949,2725,40.129,26.67,1011.38,15.581,0.0,0.0,0.0,-0.24,-0.08,-0.05,-0.24,1.46,1.1,9.63,186.0,6.5,8.56,0,0,0,0.0,0.0,0.0
1787615358.949901,08:49:18.949,2726,40.139,26.67,1011.38,15.581,0.0,0.0,0.0,-0.24,-0.08,-0.05,-0.24,1.46,1.1,9.63,186.0,6.5,8.56,0,0,0,0.0,0.0,0.0
1787615359.050267,08:49:19.050,2727,40.149,26.67,1011.38,15.581,0.0,0.0,0.0,-0.24,-0.08,-0.05,-0.24,1.46,1.1,9.63,186.0,6.5,8.56,0,0,0,0.0,0.0,0.0
1787615359.051564,08:49:19.051,2728,40.159,26.67,1011.38,15.581,0.0,0.0,0.0,-0.24,-0.08,-0.05,-0.24,1.46,1.1,9.63,186.0,6.5,8.56,0,0,0,0.0,0.0,0.0
1787615359.052234,08:49:19.052,2729,40.169,26.67,1011.38,15.581,0.0,0.0,0.0,-0.24,-0.08,-0.05,-0.24,1.46,1.1,9.63,186.0,6.5,8.56,0,0,0,0.0,0.0,0.0
1787615359.052888,08:49:19.052,2730,40.179,26.67,1011.38,15.581,0.0,0.0,0.0,-0.24,-0.08,-0.05,-0.24,1.46,1.1,9.63,186.0,6.5,8.56,0,0,0,0.0,0.0,0.0
1787615359.053572,08:49:19.053,2731,40.189,26.67,1011.38,15.581,0.0,0.0,0.0,-0.24,-0.08,-0.05,-0.24,1.46,1.1,9.63,186.0,6.5,8.56,0,0,0,0.0,0.0,0.0
1787615359.053860,08:49:19.053,2732,40.199,26.67,1011.38,15.581,0.0,0.0,0.0,-0.24,-0.08,-0.05,-0.24,1.46,1.1,9.63,186.0,6.5,8.56,0,0,0,0.0,0.0,0.0
1787615359.054167,08:49:19.054,2733,40.209,26.67,1011.38,15.581,0.0,0.0,0.0,-0.24,-0.08,-0.05,-0.24,1.46,1.1,9.63,186.0,6.5,8.56,0,0,0,0.0,0.0,0.0
1787615359.054466,08:49:19.054,2734,40.219,26.67,1011.38,15.581,0.0,0.0,0.0,-0.24,-0.08,-0.05,-0.24,1.46,1.1,9.63,186.0,6.5,8.56,0,0,0,0.0,0.0,0.0
1787615359.054759,08:49:19.054,2735,40.229,26.67,1011.38,15.581,0.0,0.0,0.0,-0.29,-0.08,-0.07,-0.29,1.46,1.1,9.63,186.0,6.5,8.56,0,0,0,0.0,0.0,0.0
1787615359.055066,08:49:19.055,2736,40.239,26.67,1011.38,15.581,0.0,0.0,0.0,-0.29,-0.08,-0.07,-0.29,1.46,1.1,9.63,186.0,6.5,8.56,0,0,0,0.0,0.0,0.0
1787615359.055380,08:49:19.055,2737,40.249,26.67,1011.38,15.581,0.0,0.0,0.0,-0.29,-0.08,-0.07,-0.29,1.46,1.1,9.63,186.0,6.5,8.56,0,0,0,0.0,0.0,0.0
1787615359.156984,08:49:19.156,2738,40.259,26.67,1011.38,15.581,0.0,0.0,0.0,-0.29,-0.08,-0.07,-0.29,1.46,1.1,9.63,186.0,6.5,8.56,0,0,0,0.0,0.0,0.0
1787615359.158182,08:49:19.158,2739,40.269,26.67,1011.38,15.581,0.0,0.0,0.0,-0.29,-0.08,-0.07,-0.29,1.46,1.1,9.63,186.0,6.5,8.56,0,0,0,0.0,0.0,0.0
1787615359.158858,08:49:19.158,2740,40.279,26.67,1011.38,15.581,0.0,0.0,0.0,-0.29,-0.08,-0.07,-0.29,1.46,1.1,9.63,186.0,6.5,8.56,0,0,0,0.0,0.0,0.0
1787615359.159519,08:49:19.159,2741,40.289,26.67,1011.38,15.581,0.0,0.0,0.0,-0.29,-0.08,-0.07,-0.29,1.46,1.1,9.63,186.0,6.5,8.56,0,0,0,0.0,0.0,0.0
1787615359.160187,08:49:19.160,2742,40.299,26.67,1011.38,15.581,0.0,0.0,0.0,-0.29,-0.08,-0.07,-0.29,1.46,1.1,9.63,186.0,6.5,8.56,0,0,0,0.0,0.0,0.0
1787615359.160868,08:49:19.160,2743,40.309,26.67,1011.38,15.581,0.0,0.0,0.0,-0.29,-0.08,-0.07,-0.29,1.46,1.1,9.63,186.0,6.5,8.56,0,0,0,0.0,0.0,0.0
1787615359.161428,08:49:19.161,2744,40.319,26.67,1011.38,15.581,0.0,0.0,0.0,-0.29,-0.08,-0.07,-0.29,1.46,1.1,9.63,186.0,6.5,8.56,0,0,0,0.0,0.0,0.0
1787615359.161729,08:49:19.161,2745,40.329,26.67,1011.38,15.581,0.0,0.0,0.0,-0.27,-0.09,-0.04,-0.27,1.46,1.1,9.63,186.0,6.5,8.56,0,0,0,0.0,0.0,0.0
1787615359.162049,08:49:19.162,2746,40.339,26.67,1011.38,15.581,0.0,0.0,0.0,-0.27,-0.09,-0.04,-0.27,1.46,1.1,9.63,186.0,6.5,8.56,0,0,0,0.0,0.0,0.0
1787615359.162356,08:49:19.162,2747,40.349,26.67,1011.38,15.581,0.0,0.0,0.0,-0.27,-0.09,-0.04,-0.27,1.46,1.1,9.63,186.0,6.5,8.56,0,0,0,0.0,0.0,0.0
1787615359.162659,08:49:19.162,2748,40.359,26.67,1011.38,15.581,0.0,0.0,0.0,-0.27,-0.09,-0.04,-0.27,1.46,1.1,9.63,186.0,6.5,8.56,0,0,0,0.0,0.0,0.0
1787615359.264190,08:49:19.264,2749,40.369,26.66,1011.36,15.747,0.0,0.0,0.0,-0.27,-0.09,-0.04,-0.27,1.46,1.1,9.63,186.0,6.5,8.56,0,0,0,0.0,0.0,0.0
1787615359.264500,08:49:19.264,2750,40.379,26.66,1011.36,15.747,0.0,0.0,0.0,-0.27,-0.09,-0.04,-0.27,1.46,1.1,9.63,186.0,6.5,8.56,0,0,0,0.0,0.0,0.0
1787615359.264687,08:49:19.264,2751,40.389,26.66,1011.36,15.747,0.0,0.0,0.0,-0.27,-0.09,-0.04,-0.27,1.46,1.1,9.63,186.0,6.5,8.56,0,0,0,0.0,0.0,0.0
1787615359.264862,08:49:19.264,2752,40.399,26.66,1011.36,15.747,0.0,0.0,0.0,-0.27,-0.09,-0.04,-0.27,1.46,1.1,9.63,186.0,6.5,8.56,0,0,0,0.0,0.0,0.0
1787615359.265035,08:49:19.265,2753,40.409,26.66,1011.36,15.747,0.0,0.0,0.0,-0.27,-0.09,-0.04,-0.27,1.46,1.1,9.63,186.0,6.5,8.56,0,0,0,0.0,0.0,0.0
1787615359.265206,08:49:19.265,2754,40.419,26.66,1011.36,15.747,0.0,0.0,0.0,-0.27,-0.09,-0.04,-0.27,1.46,1.1,9.63,186.0,6.5,8.56,0,0,0,0.0,0.0,0.0
1787615359.265376,08:49:19.265,2755,40.429,26.66,1011.36,15.747,0.0,0.0,0.0,-0.27,-0.09,-0.05,-0.27,1.46,1.12,9.63,186.0,6.56,8.56,0,0,0,0.0,0.0,0.0
1787615359.265546,08:49:19.265,2756,40.439,26.66,1011.36,15.747,0.0,0.0,0.0,-0.27,-0.09,-0.05,-0.27,1.46,1.12,9.63,186.0,6.56,8.56,0,0,0,0.0,0.0,0.0
1787615359.265715,08:49:19.265,2757,40.449,26.66,1011.36,15.747,0.0,0.0,0.0,-0.27,-0.09,-0.05,-0.27,1.46,1.12,9.63,186.0,6.56,8.56,0,0,0,0.0,0.0,0.0
1787615359.265884,08:49:19.265,2758,40.459,26.66,1011.36,15.747,0.0,0.0,0.0,-0.27,-0.09,-0.05,-0.27,1.46,1.12,9.63,186.0,6.56,8.56,0,0,0,0.0,0.0,0.0
1787615359.367298,08:49:19.367,2759,40.469,26.66,1011.36,15.747,0.0,0.0,0.0,-0.27,-0.09,-0.05,-0.27,1.46,1.12,9.63,186.0,6.56,8.56,0,0,0,0.0,0.0,0.0
1787615359.368206,08:49:19.368,2760,40.479,26.66,1011.36,15.747,0.0,0.0,0.0,-0.27,-0.09,-0.05,-0.27,1.46,1.12,9.63,186.0,6.56,8.56,0,0,0,0.0,0.0,0.0
1787615359.368550,08:49:19.368,2761,40.489,26.66,1011.36,15.747,0.0,0.0,0.0,-0.27,-0.09,-0.05,-0.27,1.46,1.12,9.63,186.0,6.56,8.56,0,0,0,0.0,0.0,0.0
1787615359.368885,08:49:19.368,2762,40.499,26.66,1011.36,15.747,0.0,0.0,0.0,-0.27,-0.09,-0.05,-0.27,1.46,1.12,9.63,186.0,6.56,8.56,0,0,0,0.0,0.0,0.0
1787615359.369223,08:49:19.369,2763,40.509,26.66,1011.36,15.747,0.0,0.0,0.0,-0.27,-0.09,-0.05,-0.27,1.46,1.12,9.63,186.0,6.56,8.56,0,0,0,0.0,0.0,0.0
1787615359.369658,08:49:19.369,2764,40.519,26.66,1011.36,15.747,0.0,0.0,0.0,-0.27,-0.09,-0.05,-0.27,1.46,1.12,9.63,186.0,6.56,8.56,0,0,0,0.0,0.0,0.0
1787615359.369996,08:49:19.369,2765,40.529,26.66,1011.36,15.747,0.0,0.0,0.0,-0.27,-0.08,-0.06,-0.27,1.46,1.13,9.63,186.0,6.68,8.56,0,0,0,0.0,0.0,0.0
1787615359.370335,08:49:19.370,2766,40.539,26.66,1011.36,15.747,0.0,0.0,0.0,-0.27,-0.08,-0.06,-0.27,1.46,1.13,9.63,186.0,6.68,8.56,0,0,0,0.0,0.0,0.0
1787615359.370676,08:49:19.370,2767,40.549,26.66,1011.36,15.747,0.0,0.0,0.0,-0.27,-0.08,-0.06,-0.27,1.46,1.13,9.63,186.0,6.68,8.56,0,0,0,0.0,0.0,0.0
1787615359.371035,08:49:19.371,2768,40.559,26.66,1011.36,15.747,0.0,0.0,0.0,-0.27,-0.08,-0.06,-0.27,1.46,1.13,9.63,186.0,6.68,8.56,0,0,0,0.0,0.0,0.0
1787615359.371395,08:49:19.371,2769,40.569,26.68,1011.37,15.663,0.0,0.0,0.0,-0.27,-0.08,-0.06,-0.27,1.46,1.13,9.63,186.0,6.68,8.56,0,0,0,0.0,0.0,0.0
1787615359.473016,08:49:19.473,2770,40.579,26.68,1011.37,15.663,0.0,0.0,0.0,-0.27,-0.08,-0.06,-0.27,1.46,1.13,9.63,186.0,6.68,8.56,0,0,0,0.0,0.0,0.0
1787615359.474440,08:49:19.474,2771,40.589,26.68,1011.37,15.663,0.0,0.0,0.0,-0.27,-0.08,-0.06,-0.27,1.46,1.13,9.63,186.0,6.68,8.56,0,0,0,0.0,0.0,0.0
1787615359.475156,08:49:19.475,2772,40.599,26.68,1011.37,15.663,0.0,0.0,0.0,-0.27,-0.08,-0.06,-0.27,1.46,1.13,9.63,186.0,6.68,8.56,0,0,0,0.0,0.0,0.0
1787615359.475839,08:49:19.475,2773,40.609,26.68,1011.37,15.663,0.0,0.0,0.0,-0.27,-0.08,-0.06,-0.27,1.46,1.13,9.63,186.0,6.68,8.56,0,0,0,0.0,0.0,0.0
1787615359.476523,08:49:19.476,2774,40.619,26.68,1011.37,15.663,0.0,0.0,0.0,-0.27,-0.08,-0.06,-0.27,1.46,1.13,9.63,186.0,6.68,8.56,0,0,0,0.0,0.0,0.0
1787615359.476834,08:49:19.476,2775,40.629,26.68,1011.37,15.663,0.0,0.0,0.0,-0.27,-0.08,-0.02,-0.27,1.46,1.15,9.62,186.0,6.81,8.56,0,0,0,0.0,0.0,0.0
1787615359.477089,08:49:19.477,2776,40.639,26.68,1011.37,15.663,0.0,0.0,0.0,-0.27,-0.08,-0.02,-0.27,1.46,1.15,9.62,186.0,6.81,8.56,0,0,0,0.0,0.0,0.0
1787615359.477360,08:49:19.477,2777,40.649,26.68,1011.37,15.663,0.0,0.0,0.0,-0.27,-0.08,-0.02,-0.27,1.46,1.15,9.62,186.0,6.81,8.56,0,0,0,0.0,0.0,0.0
1787615359.477627,08:49:19.477,2778,40.659,26.68,1011.37,15.663,0.0,0.0,0.0,-0.27,-0.08,-0.02,-0.27,1.46,1.15,9.62,186.0,6.81,8.56,0,0,0,0.0,0.0,0.0
1787615359.477892,08:49:19.477,2779,40.669,26.68,1011.37,15.663,0.0,0.0,0.0,-0.27,-0.08,-0.02,-0.27,1.46,1.15,9.62,186.0,6.81,8.56,0,0,0,0.0,0.0,0.0
1787615359.579417,08:49:19.579,2780,40.679,26.68,1011.37,15.663,0.0,0.0,0.0,-0.27,-0.08,-0.02,-0.27,1.46,1.15,9.62,186.0,6.81,8.56,0,0,0,0.0,0.0,0.0
1787615359.580391,08:49:19.580,2781,40.689,26.68,1011.37,15.663,0.0,0.0,0.0,-0.27,-0.08,-0.02,-0.27,1.46,1.15,9.62,186.0,6.81,8.56,0,0,0,0.0,0.0,0.0
1787615359.580747,08:49:19.580,2782,40.699,26.68,1011.37,15.663,0.0,0.0,0.0,-0.27,-0.08,-0.02,-0.27,1.46,1.15,9.62,186.0,6.81,8.56,0,0,0,0.0,0.0,0.0
1787615359.581086,08:49:19.581,2783,40.709,26.68,1011.37,15.663,0.0,0.0,0.0,-0.27,-0.08,-0.02,-0.27,1.46,1.15,9.62,186.0,6.81,8.56,0,0,0,0.0,0.0,0.0
1787615359.581430,08:49:19.581,2784,40.719,26.68,1011.37,15.663,0.0,0.0,0.0,-0.27,-0.08,-0.02,-0.27,1.46,1.15,9.62,186.0,6.81,8.56,0,0,0,0.0,0.0,0.0
1787615359.581781,08:49:19.581,2785,40.729,26.68,1011.37,15.663,0.0,0.0,0.0,-0.28,-0.08,-0.06,-0.28,1.46,1.15,9.62,186.0,6.81,8.56,0,0,0,0.0,0.0,0.0
1787615359.582110,08:49:19.582,2786,40.739,26.68,1011.37,15.663,0.0,0.0,0.0,-0.28,-0.08,-0.06,-0.28,1.46,1.15,9.62,186.0,6.81,8.56,0,0,0,0.0,0.0,0.0
1787615359.582444,08:49:19.582,2787,40.749,26.68,1011.37,15.663,0.0,0.0,0.0,-0.28,-0.08,-0.06,-0.28,1.46,1.15,9.62,186.0,6.81,8.56,0,0,0,0.0,0.0,0.0
1787615359.582807,08:49:19.582,2788,40.759,26.68,1011.37,15.663,0.0,0.0,0.0,-0.28,-0.08,-0.06,-0.28,1.46,1.15,9.62,186.0,6.81,8.56,0,0,0,0.0,0.0,0.0
1787615359.583157,08:49:19.583,2789,40.769,26.67,1011.37,15.663,0.0,0.0,0.0,-0.28,-0.08,-0.06,-0.28,1.46,1.15,9.62,186.0,6.81,8.56,0,0,0,0.0,0.0,0.0
1787615359.583508,08:49:19.583,2790,40.779,26.67,1011.37,15.663,0.0,0.0,0.0,-0.28,-0.08,-0.06,-0.28,1.46,1.15,9.62,186.0,6.81,8.56,0,0,0,0.0,0.0,0.0
1787615359.685168,08:49:19.685,2791,40.789,26.67,1011.37,15.663,0.0,0.0,0.0,-0.28,-0.08,-0.06,-0.28,1.46,1.15,9.62,186.0,6.81,8.56,0,0,0,0.0,0.0,0.0
1787615359.686549,08:49:19.686,2792,40.799,26.67,1011.37,15.663,0.0,0.0,0.0,-0.28,-0.08,-0.06,-0.28,1.46,1.15,9.62,186.0,6.81,8.56,0,0,0,0.0,0.0,0.0
1787615359.687305,08:49:19.687,2793,40.809,26.67,1011.37,15.663,0.0,0.0,0.0,-0.28,-0.08,-0.06,-0.28,1.46,1.15,9.62,186.0,6.81,8.56,0,0,0,0.0,0.0,0.0
1787615359.687877,08:49:19.687,2794,40.819,26.67,1011.37,15.663,0.0,0.0,0.0,-0.28,-0.08,-0.06,-0.28,1.46,1.15,9.62,186.0,6.81,8.56,0,0,0,0.0,0.0,0.0
1787615359.688301,08:49:19.688,2795,40.829,26.67,1011.37,15.663,0.0,0.0,0.0,-0.28,-0.08,-0.05,-0.28,1.46,1.15,9.62,186.0,6.81,8.56,0,0,0,0.0,0.0,0.0
1787615359.688707,08:49:19.688,2796,40.839,26.67,1011.37,15.663,0.0,0.0,0.0,-0.28,-0.08,-0.05,-0.28,1.46,1.15,9.62,186.0,6.81,8.56,0,0,0,0.0,0.0,0.0
1787615359.689098,08:49:19.689,2797,40.849,26.67,1011.37,15.663,0.0,0.0,0.0,-0.28,-0.08,-0.05,-0.28,1.46,1.15,9.62,186.0,6.81,8.56,0,0,0,0.0,0.0,0.0
1787615359.689436,08:49:19.689,2798,40.859,26.67,1011.37,15.663,0.0,0.0,0.0,-0.28,-0.08,-0.05,-0.28,1.46,1.15,9.62,186.0,6.81,8.56,0,0,0,0.0,0.0,0.0
1787615359.689770,08:49:19.689,2799,40.869,26.67,1011.37,15.663,0.0,0.0,0.0,-0.28,-0.08,-0.05,-0.28,1.46,1.15,9.62,186.0,6.81,8.56,0,0,0,0.0,0.0,0.0
1787615359.690101,08:49:19.690,2800,40.879,26.67,1011.37,15.663,0.0,0.0,0.0,-0.28,-0.08,-0.05,-0.28,1.46,1.15,9.62,186.0,6.81,8.56,0,0,0,0.0,0.0,0.0
1787615359.791771,08:49:19.791,2801,40.889,26.67,1011.37,15.663,0.0,0.0,0.0,-0.28,-0.08,-0.05,-0.28,1.46,1.15,9.62,186.0,6.81,8.56,0,0,0,0.0,0.0,0.0
1787615359.793597,08:49:19.793,2802,40.899,26.67,1011.37,15.663,0.0,0.0,0.0,-0.28,-0.08,-0.05,-0.28,1.46,1.15,9.62,186.0,6.81,8.56,0,0,0,0.0,0.0,0.0
1787615359.794370,08:49:19.794,2803,40.909,26.67,1011.37,15.663,0.0,0.0,0.0,-0.28,-0.08,-0.05,-0.28,1.46,1.15,9.62,186.0,6.81,8.56,0,0,0,0.0,0.0,0.0
1787615359.795065,08:49:19.795,2804,40.919,26.67,1011.37,15.663,0.0,0.0,0.0,-0.28,-0.08,-0.05,-0.28,1.46,1.15,9.62,186.0,6.81,8.56,0,0,0,0.0,0.0,0.0
1787615359.795755,08:49:19.795,2805,40.929,26.67,1011.37,15.663,0.0,0.0,0.0,-0.26,-0.08,-0.05,-0.26,1.46,1.15,9.62,186.0,6.81,8.56,0,0,0,0.0,0.0,0.0
1787615359.796430,08:49:19.796,2806,40.939,26.67,1011.37,15.663,0.0,0.0,0.0,-0.26,-0.08,-0.05,-0.26,1.46,1.15,9.62,186.0,6.81,8.56,0,0,0,0.0,0.0,0.0
1787615359.797101,08:49:19.797,2807,40.949,26.67,1011.37,15.663,0.0,0.0,0.0,-0.26,-0.08,-0.05,-0.26,1.46,1.15,9.62,186.0,6.81,8.56,0,0,0,0.0,0.0,0.0
1787615359.797773,08:49:19.797,2808,40.959,26.67,1011.37,15.663,0.0,0.0,0.0,-0.26,-0.08,-0.05,-0.26,1.46,1.15,9.62,186.0,6.81,8.56,0,0,0,0.0,0.0,0.0
1787615359.798445,08:49:19.798,2809,40.969,26.67,1011.38,15.581,0.0,0.0,0.0,-0.26,-0.08,-0.05,-0.26,1.46,1.15,9.62,186.0,6.81,8.56,0,0,0,0.0,0.0,0.0
1787615359.799120,08:49:19.799,2810,40.979,26.67,1011.38,15.581,0.0,0.0,0.0,-0.26,-0.08,-0.05,-0.26,1.46,1.15,9.62,186.0,6.81,8.56,0,0,0,0.0,0.0,0.0
1787615359.799786,08:49:19.799,2811,40.989,26.67,1011.38,15.581,0.0,0.0,0.0,-0.26,-0.08,-0.05,-0.26,1.46,1.15,9.62,186.0,6.81,8.56,0,0,0,0.0,0.0,0.0
1787615359.800336,08:49:19.800,2812,40.999,26.67,1011.38,15.581,0.0,0.0,0.0,-0.26,-0.08,-0.05,-0.26,1.46,1.15,9.62,186.0,6.81,8.56,0,0,0,0.0,0.0,0.0
1787615359.902052,08:49:19.902,2813,41.009,26.67,1011.38,15.581,0.0,0.0,0.0,-0.26,-0.08,-0.05,-0.26,1.46,1.15,9.62,186.0,6.81,8.56,0,0,0,0.0,0.0,0.0
1787615359.903031,08:49:19.903,2814,41.019,26.67,1011.38,15.581,0.0,0.0,0.0,-0.26,-0.08,-0.05,-0.26,1.46,1.15,9.62,186.0,6.81,8.56,0,0,0,0.0,0.0,0.0
1787615359.903488,08:49:19.903,2815,41.029,26.67,1011.38,15.581,0.0,0.0,0.0,-0.26,-0.1,-0.05,-0.26,1.46,1.14,9.62,186.0,6.75,8.56,0,0,0,0.0,0.0,0.0
1787615359.904282,08:49:19.904,2816,41.039,26.67,1011.38,15.581,0.0,0.0,0.0,-0.26,-0.1,-0.05,-0.26,1.46,1.14,9.62,186.0,6.75,8.56,0,0,0,0.0,0.0,0.0
1787615359.904652,08:49:19.904,2817,41.049,26.67,1011.38,15.581,0.0,0.0,0.0,-0.26,-0.1,-0.05,-0.26,1.46,1.14,9.62,186.0,6.75,8.56,0,0,0,0.0,0.0,0.0
1787615359.904939,08:49:19.904,2818,41.059,26.67,1011.38,15.581,0.0,0.0,0.0,-0.26,-0.1,-0.05,-0.26,1.46,1.14,9.62,186.0,6.75,8.56,0,0,0,0.0,0.0,0.0
1787615359.905218,08:49:19.905,2819,41.069,26.67,1011.38,15.581,0.0,0.0,0.0,-0.26,-0.1,-0.05,-0.26,1.46,1.14,9.62,186.0,6.75,8.56,0,0,0,0.0,0.0,0.0
1787615359.905515,08:49:19.905,2820,41.079,26.67,1011.38,15.581,0.0,0.0,0.0,-0.26,-0.1,-0.05,-0.26,1.46,1.14,9.62,186.0,6.75,8.56,0,0,0,0.0,0.0,0.0
1787615359.905834,08:49:19.905,2821,41.089,26.67,1011.38,15.581,0.0,0.0,0.0,-0.26,-0.1,-0.05,-0.26,1.46,1.14,9.62,186.0,6.75,8.56,0,0,0,0.0,0.0,0.0
1787615359.906184,08:49:19.906,2822,41.099,26.67,1011.38,15.581,0.0,0.0,0.0,-0.26,-0.1,-0.05,-0.26,1.46,1.14,9.62,186.0,6.75,8.56,0,0,0,0.0,0.0,0.0
1787615359.906464,08:49:19.906,2823,41.109,26.67,1011.38,15.581,0.0,0.0,0.0,-0.26,-0.1,-0.05,-0.26,1.46,1.14,9.62,186.0,6.75,8.56,0,0,0,0.0,0.0,0.0
1787615360.007242,08:49:20.007,2824,41.119,26.67,1011.38,15.581,0.0,0.0,0.0,-0.26,-0.1,-0.05,-0.26,1.46,1.14,9.62,186.0,6.75,8.56,0,0,0,0.0,0.0,0.0
1787615360.009269,08:49:20.009,2825,41.129,26.67,1011.38,15.581,0.0,0.0,0.0,-0.27,-0.09,-0.07,-0.27,1.46,1.13,9.63,186.0,6.68,8.56,0,0,0,0.0,0.0,0.0
1787615360.009756,08:49:20.009,2826,41.139,26.67,1011.38,15.581,0.0,0.0,0.0,-0.27,-0.09,-0.07,-0.27,1.46,1.13,9.63,186.0,6.68,8.56,0,0,0,0.0,0.0,0.0
1787615360.010194,08:49:20.010,2827,41.149,26.67,1011.38,15.581,0.0,0.0,0.0,-0.27,-0.09,-0.07,-0.27,1.46,1.13,9.63,186.0,6.68,8.56,0,0,0,0.0,0.0,0.0
1787615360.010593,08:49:20.010,2828,41.159,26.67,1011.38,15.581,0.0,0.0,0.0,-0.27,-0.09,-0.07,-0.27,1.46,1.13,9.63,186.0,6.68,8.56,0,0,0,0.0,0.0,0.0
1787615360.010997,08:49:20.010,2829,41.169,26.67,1011.34,15.914,0.0,0.0,0.0,-0.27,-0.09,-0.07,-0.27,1.46,1.13,9.63,186.0,6.68,8.56,0,0,0,0.0,0.0,0.0
1787615360.011346,08:49:20.011,2830,41.179,26.67,1011.34,15.914,0.0,0.0,0.0,-0.27,-0.09,-0.07,-0.27,1.46,1.13,9.63,186.0,6.68,8.56,0,0,0,0.0,0.0,0.0
1787615360.011686,08:49:20.011,2831,41.189,26.67,1011.34,15.914,0.0,0.0,0.0,-0.27,-0.09,-0.07,-0.27,1.46,1.13,9.63,186.0,6.68,8.56,0,0,0,0.0,0.0,0.0
1787615360.012031,08:49:20.012,2832,41.199,26.67,1011.34,15.914,0.0,0.0,0.0,-0.27,-0.09,-0.07,-0.27,1.46,1.13,9.63,186.0,6.68,8.56,0,0,0,0.0,0.0,0.0
1787615360.012375,08:49:20.012,2833,41.209,26.67,1011.34,15.914,0.0,0.0,0.0,-0.27,-0.09,-0.07,-0.27,1.46,1.13,9.63,186.0,6.68,8.56,0,0,0,0.0,0.0,0.0
1787615360.114064,08:49:20.114,2834,41.219,26.67,1011.34,15.914,0.0,0.0,0.0,-0.27,-0.09,-0.07,-0.27,1.46,1.13,9.63,186.0,6.68,8.56,0,0,0,0.0,0.0,0.0
1787615360.115724,08:49:20.115,2835,41.229,26.67,1011.34,15.914,0.0,0.0,0.0,-0.29,-0.08,-0.07,-0.29,1.46,1.13,9.63,186.0,6.68,8.56,0,0,0,0.0,0.0,0.0
1787615360.116486,08:49:20.116,2836,41.239,26.67,1011.34,15.914,0.0,0.0,0.0,-0.29,-0.08,-0.07,-0.29,1.46,1.13,9.63,186.0,6.68,8.56,0,0,0,0.0,0.0,0.0
1787615360.116937,08:49:20.116,2837,41.249,26.67,1011.34,15.914,0.0,0.0,0.0,-0.29,-0.08,-0.07,-0.29,1.46,1.13,9.63,186.0,6.68,8.56,0,0,0,0.0,0.0,0.0
1787615360.117357,08:49:20.117,2838,41.259,26.67,1011.34,15.914,0.0,0.0,0.0,-0.29,-0.08,-0.07,-0.29,1.46,1.13,9.63,186.0,6.68,8.56,0,0,0,0.0,0.0,0.0
1787615360.117782,08:49:20.117,2839,41.269,26.67,1011.34,15.914,0.0,0.0,0.0,-0.29,-0.08,-0.07,-0.29,1.46,1.13,9.63,186.0,6.68,8.56,0,0,0,0.0,0.0,0.0
1787615360.118148,08:49:20.118,2840,41.279,26.67,1011.34,15.914,0.0,0.0,0.0,-0.29,-0.08,-0.07,-0.29,1.46,1.13,9.63,186.0,6.68,8.56,0,0,0,0.0,0.0,0.0
1787615360.118510,08:49:20.118,2841,41.289,26.67,1011.34,15.914,0.0,0.0,0.0,-0.29,-0.08,-0.07,-0.29,1.46,1.13,9.63,186.0,6.68,8.56,0,0,0,0.0,0.0,0.0
1787615360.118864,08:49:20.118,2842,41.299,26.67,1011.34,15.914,0.0,0.0,0.0,-0.29,-0.08,-0.07,-0.29,1.46,1.13,9.63,186.0,6.68,8.56,0,0,0,0.0,0.0,0.0
1787615360.119218,08:49:20.119,2843,41.309,26.67,1011.34,15.914,0.0,0.0,0.0,-0.29,-0.08,-0.07,-0.29,1.46,1.13,9.63,186.0,6.68,8.56,0,0,0,0.0,0.0,0.0
1787615360.119583,08:49:20.119,2844,41.319,26.67,1011.34,15.914,0.0,0.0,0.0,-0.29,-0.08,-0.07,-0.29,1.46,1.13,9.63,186.0,6.68,8.56,0,0,0,0.0,0.0,0.0
1787615360.221145,08:49:20.221,2845,41.329,26.67,1011.34,15.914,0.0,0.0,0.0,-0.26,-0.09,-0.09,-0.26,1.46,1.13,9.63,186.0,6.68,8.56,0,0,0,0.0,0.0,0.0
1787615360.221617,08:49:20.221,2846,41.339,26.67,1011.34,15.914,0.0,0.0,0.0,-0.26,-0.09,-0.09,-0.26,1.46,1.13,9.63,186.0,6.68,8.56,0,0,0,0.0,0.0,0.0
1787615360.221899,08:49:20.221,2847,41.349,26.67,1011.34,15.914,0.0,0.0,0.0,-0.26,-0.09,-0.09,-0.26,1.46,1.13,9.63,186.0,6.68,8.56,0,0,0,0.0,0.0,0.0
1787615360.222167,08:49:20.222,2848,41.359,26.67,1011.34,15.914,0.0,0.0,0.0,-0.26,-0.09,-0.09,-0.26,1.46,1.13,9.63,186.0,6.68,8.56,0,0,0,0.0,0.0,0.0
1787615360.222432,08:49:20.222,2849,41.369,26.67,1011.39,15.496,0.0,0.0,0.0,-0.26,-0.09,-0.09,-0.26,1.46,1.13,9.63,186.0,6.68,8.56,0,0,0,0.0,0.0,0.0
1787615360.222699,08:49:20.222,2850,41.379,26.67,1011.39,15.496,0.0,0.0,0.0,-0.26,-0.09,-0.09,-0.26,1.46,1.13,9.63,186.0,6.68,8.56,0,0,0,0.0,0.0,0.0
1787615360.222966,08:49:20.222,2851,41.389,26.67,1011.39,15.496,0.0,0.0,0.0,-0.26,-0.09,-0.09,-0.26,1.46,1.13,9.63,186.0,6.68,8.56,0,0,0,0.0,0.0,0.0
1787615360.223233,08:49:20.223,2852,41.399,26.67,1011.39,15.496,0.0,0.0,0.0,-0.26,-0.09,-0.09,-0.26,1.46,1.13,9.63,186.0,6.68,8.56,0,0,0,0.0,0.0,0.0
1787615360.223497,08:49:20.223,2853,41.409,26.67,1011.39,15.496,0.0,0.0,0.0,-0.26,-0.09,-0.09,-0.26,1.46,1.13,9.63,186.0,6.68,8.56,0,0,0,0.0,0.0,0.0
1787615360.223756,08:49:20.223,2854,41.419,26.67,1011.39,15.496,0.0,0.0,0.0,-0.26,-0.09,-0.09,-0.26,1.46,1.13,9.63,186.0,6.68,8.56,0,0,0,0.0,0.0,0.0
1787615360.325469,08:49:20.325,2855,41.429,26.67,1011.39,15.496,0.0,0.0,0.0,-0.26,-0.09,-0.07,-0.26,1.46,1.14,9.62,186.0,6.75,8.56,0,0,0,0.0,0.0,0.0
1787615360.326960,08:49:20.326,2856,41.439,26.67,1011.39,15.496,0.0,0.0,0.0,-0.26,-0.09,-0.07,-0.26,1.46,1.14,9.62,186.0,6.75,8.56,0,0,0,0.0,0.0,0.0
1787615360.327666,08:49:20.327,2857,41.449,26.67,1011.39,15.496,0.0,0.0,0.0,-0.26,-0.09,-0.07,-0.26,1.46,1.14,9.62,186.0,6.75,8.56,0,0,0,0.0,0.0,0.0
1787615360.328340,08:49:20.328,2858,41.459,26.67,1011.39,15.496,0.0,0.0,0.0,-0.26,-0.09,-0.07,-0.26,1.46,1.14,9.62,186.0,6.75,8.56,0,0,0,0.0,0.0,0.0
1787615360.328999,08:49:20.328,2859,41.469,26.67,1011.39,15.496,0.0,0.0,0.0,-0.26,-0.09,-0.07,-0.26,1.46,1.14,9.62,186.0,6.75,8.56,0,0,0,0.0,0.0,0.0
1787615360.329654,08:49:20.329,2860,41.479,26.67,1011.39,15.496,0.0,0.0,0.0,-0.26,-0.09,-0.07,-0.26,1.46,1.14,9.62,186.0,6.75,8.56,0,0,0,0.0,0.0,0.0
1787615360.330306,08:49:20.330,2861,41.489,26.67,1011.39,15.496,0.0,0.0,0.0,-0.26,-0.09,-0.07,-0.26,1.46,1.14,9.62,186.0,6.75,8.56,0,0,0,0.0,0.0,0.0
1787615360.330957,08:49:20.330,2862,41.499,26.67,1011.39,15.496,0.0,0.0,0.0,-0.26,-0.09,-0.07,-0.26,1.46,1.14,9.62,186.0,6.75,8.56,0,0,0,0.0,0.0,0.0
1787615360.331611,08:49:20.331,2863,41.509,26.67,1011.39,15.496,0.0,0.0,0.0,-0.26,-0.09,-0.07,-0.26,1.46,1.14,9.62,186.0,6.75,8.56,0,0,0,0.0,0.0,0.0
1787615360.332426,08:49:20.332,2864,41.519,26.67,1011.39,15.496,0.0,0.0,0.0,-0.26,-0.09,-0.07,-0.26,1.46,1.14,9.62,186.0,6.75,8.56,0,0,0,0.0,0.0,0.0
1787615360.333075,08:49:20.333,2865,41.529,26.67,1011.39,15.496,0.0,0.0,0.0,-0.28,-0.07,-0.06,-0.28,1.46,1.16,9.62,186.0,6.87,8.56,0,0,0,0.0,0.0,0.0
1787615360.435123,08:49:20.435,2866,41.539,26.67,1011.39,15.496,0.0,0.0,0.0,-0.28,-0.07,-0.06,-0.28,1.46,1.16,9.62,186.0,6.87,8.56,0,0,0,0.0,0.0,0.0
1787615360.436450,08:49:20.436,2867,41.549,26.67,1011.39,15.496,0.0,0.0,0.0,-0.28,-0.07,-0.06,-0.28,1.46,1.16,9.62,186.0,6.87,8.56,0,0,0,0.0,0.0,0.0
1787615360.437167,08:49:20.437,2868,41.559,26.67,1011.39,15.496,0.0,0.0,0.0,-0.28,-0.07,-0.06,-0.28,1.46,1.16,9.62,186.0,6.87,8.56,0,0,0,0.0,0.0,0.0
1787615360.437848,08:49:20.437,2869,41.569,26.68,1011.41,15.33,0.0,0.0,0.0,-0.28,-0.07,-0.06,-0.28,1.46,1.16,9.62,186.0,6.87,8.56,0,0,0,0.0,0.0,0.0
1787615360.438521,08:49:20.438,2870,41.579,26.68,1011.41,15.33,0.0,0.0,0.0,-0.28,-0.07,-0.06,-0.28,1.46,1.16,9.62,186.0,6.87,8.56,0,0,0,0.0,0.0,0.0
1787615360.439182,08:49:20.439,2871,41.589,26.68,1011.41,15.33,0.0,0.0,0.0,-0.28,-0.07,-0.06,-0.28,1.46,1.16,9.62,186.0,6.87,8.56,0,0,0,0.0,0.0,0.0
1787615360.439841,08:49:20.439,2872,41.599,26.68,1011.41,15.33,0.0,0.0,0.0,-0.28,-0.07,-0.06,-0.28,1.46,1.16,9.62,186.0,6.87,8.56,0,0,0,0.0,0.0,0.0
1787615360.440499,08:49:20.440,2873,41.609,26.68,1011.41,15.33,0.0,0.0,0.0,-0.28,-0.07,-0.06,-0.28,1.46,1.16,9.62,186.0,6.87,8.56,0,0,0,0.0,0.0,0.0
1787615360.441063,08:49:20.441,2874,41.619,26.68,1011.41,15.33,0.0,0.0,0.0,-0.28,-0.07,-0.06,-0.28,1.46,1.16,9.62,186.0,6.87,8.56,0,0,0,0.0,0.0,0.0
1787615360.441374,08:49:20.441,2875,41.629,26.68,1011.41,15.33,0.0,0.0,0.0,-0.25,-0.08,-0.07,-0.25,1.46,1.17,9.62,185.93,6.93,8.56,0,0,0,0.0,0.0,0.0
1787615360.542986,08:49:20.542,2876,41.639,26.68,1011.41,15.33,0.0,0.0,0.0,-0.25,-0.08,-0.07,-0.25,1.46,1.17,9.62,185.93,6.93,8.56,0,0,0,0.0,0.0,0.0
1787615360.544219,08:49:20.544,2877,41.649,26.68,1011.41,15.33,0.0,0.0,0.0,-0.25,-0.08,-0.07,-0.25,1.46,1.17,9.62,185.93,6.93,8.56,0,0,0,0.0,0.0,0.0
1787615360.544927,08:49:20.544,2878,41.659,26.68,1011.41,15.33,0.0,0.0,0.0,-0.25,-0.08,-0.07,-0.25,1.46,1.17,9.62,185.93,6.93,8.56,0,0,0,0.0,0.0,0.0
1787615360.545623,08:49:20.545,2879,41.669,26.68,1011.41,15.33,0.0,0.0,0.0,-0.25,-0.08,-0.07,-0.25,1.46,1.17,9.62,185.93,6.93,8.56,0,0,0,0.0,0.0,0.0
1787615360.546114,08:49:20.546,2880,41.679,26.68,1011.41,15.33,0.0,0.0,0.0,-0.25,-0.08,-0.07,-0.25,1.46,1.17,9.62,185.93,6.93,8.56,0,0,0,0.0,0.0,0.0
1787615360.546505,08:49:20.546,2881,41.689,26.68,1011.41,15.33,0.0,0.0,0.0,-0.25,-0.08,-0.07,-0.25,1.46,1.17,9.62,185.93,6.93,8.56,0,0,0,0.0,0.0,0.0
1787615360.546903,08:49:20.546,2882,41.699,26.68,1011.41,15.33,0.0,0.0,0.0,-0.25,-0.08,-0.07,-0.25,1.46,1.17,9.62,185.93,6.93,8.56,0,0,0,0.0,0.0,0.0
1787615360.547288,08:49:20.547,2883,41.709,26.68,1011.41,15.33,0.0,0.0,0.0,-0.25,-0.08,-0.07,-0.25,1.46,1.17,9.62,185.93,6.93,8.56,0,0,0,0.0,0.0,0.0
1787615360.547680,08:49:20.547,2884,41.719,26.68,1011.41,15.33,0.0,0.0,0.0,-0.25,-0.08,-0.07,-0.25,1.46,1.17,9.62,185.93,6.93,8.56,0,0,0,0.0,0.0,0.0
1787615360.649370,08:49:20.649,2885,41.729,26.68,1011.41,15.33,0.0,0.0,0.0,-0.27,-0.08,-0.07,-0.27,1.46,1.17,9.62,185.93,6.93,8.56,0,0,0,0.0,0.0,0.0
1787615360.650768,08:49:20.650,2886,41.739,26.68,1011.41,15.33,0.0,0.0,0.0,-0.27,-0.08,-0.07,-0.27,1.46,1.17,9.62,185.93,6.93,8.56,0,0,0,0.0,0.0,0.0
1787615360.651466,08:49:20.651,2887,41.749,26.68,1011.41,15.33,0.0,0.0,0.0,-0.27,-0.08,-0.07,-0.27,1.46,1.17,9.62,185.93,6.93,8.56,0,0,0,0.0,0.0,0.0
1787615360.652135,08:49:20.652,2888,41.759,26.68,1011.41,15.33,0.0,0.0,0.0,-0.27,-0.08,-0.07,-0.27,1.46,1.17,9.62,185.93,6.93,8.56,0,0,0,0.0,0.0,0.0
1787615360.652801,08:49:20.652,2889,41.769,26.67,1011.36,15.747,0.0,0.0,0.0,-0.27,-0.08,-0.07,-0.27,1.46,1.17,9.62,185.93,6.93,8.56,0,0,0,0.0,0.0,0.0
1787615360.653457,08:49:20.653,2890,41.779,26.67,1011.36,15.747,0.0,0.0,0.0,-0.27,-0.08,-0.07,-0.27,1.46,1.17,9.62,185.93,6.93,8.56,0,0,0,0.0,0.0,0.0
1787615360.654262,08:49:20.654,2891,41.789,26.67,1011.36,15.747,0.0,0.0,0.0,-0.27,-0.08,-0.07,-0.27,1.46,1.17,9.62,185.93,6.93,8.56,0,0,0,0.0,0.0,0.0
1787615360.654619,08:49:20.654,2892,41.799,26.67,1011.36,15.747,0.0,0.0,0.0,-0.27,-0.08,-0.07,-0.27,1.46,1.17,9.62,185.93,6.93,8.56,0,0,0,0.0,0.0,0.0
1787615360.654914,08:49:20.654,2893,41.809,26.67,1011.36,15.747,0.0,0.0,0.0,-0.27,-0.08,-0.07,-0.27,1.46,1.17,9.62,185.93,6.93,8.56,0,0,0,0.0,0.0,0.0
1787615360.655494,08:49:20.655,2894,41.819,26.67,1011.36,15.747,0.0,0.0,0.0,-0.27,-0.08,-0.07,-0.27,1.46,1.17,9.62,185.93,6.93,8.56,0,0,0,0.0,0.0,0.0
1787615360.655796,08:49:20.655,2895,41.829,26.67,1011.36,15.747,0.0,0.0,0.0,-0.26,-0.09,-0.07,-0.26,1.46,1.17,9.62,185.93,6.93,8.56,0,0,0,0.0,0.0,0.0
1787615360.656071,08:49:20.656,2896,41.839,26.67,1011.36,15.747,0.0,0.0,0.0,-0.26,-0.09,-0.07,-0.26,1.46,1.17,9.62,185.93,6.93,8.56,0,0,0,0.0,0.0,0.0
1787615360.656303,08:49:20.656,2897,41.849,26.67,1011.36,15.747,0.0,0.0,0.0,-0.26,-0.09,-0.07,-0.26,1.46,1.17,9.62,185.93,6.93,8.56,0,0,0,0.0,0.0,0.0
1787615360.656540,08:49:20.656,2898,41.859,26.67,1011.36,15.747,0.0,0.0,0.0,-0.26,-0.09,-0.07,-0.26,1.46,1.17,9.62,185.93,6.93,8.56,0,0,0,0.0,0.0,0.0
1787615360.757314,08:49:20.757,2899,41.869,26.67,1011.36,15.747,0.0,0.0,0.0,-0.26,-0.09,-0.07,-0.26,1.46,1.17,9.62,185.93,6.93,8.56,0,0,0,0.0,0.0,0.0
1787615360.758754,08:49:20.758,2900,41.879,26.67,1011.36,15.747,0.0,0.0,0.0,-0.26,-0.09,-0.07,-0.26,1.46,1.17,9.62,185.93,6.93,8.56,0,0,0,0.0,0.0,0.0
1787615360.759482,08:49:20.759,2901,41.889,26.67,1011.36,15.747,0.0,0.0,0.0,-0.26,-0.09,-0.07,-0.26,1.46,1.17,9.62,185.93,6.93,8.56,0,0,0,0.0,0.0,0.0
1787615360.760172,08:49:20.760,2902,41.899,26.67,1011.36,15.747,0.0,0.0,0.0,-0.26,-0.09,-0.07,-0.26,1.46,1.17,9.62,185.93,6.93,8.56,0,0,0,0.0,0.0,0.0
1787615360.760611,08:49:20.760,2903,41.909,26.67,1011.36,15.747,0.0,0.0,0.0,-0.26,-0.09,-0.07,-0.26,1.46,1.17,9.62,185.93,6.93,8.56,0,0,0,0.0,0.0,0.0
1787615360.760967,08:49:20.760,2904,41.919,26.67,1011.36,15.747,0.0,0.0,0.0,-0.26,-0.09,-0.07,-0.26,1.46,1.17,9.62,185.93,6.93,8.56,0,0,0,0.0,0.0,0.0
1787615360.761322,08:49:20.761,2905,41.929,26.67,1011.36,15.747,0.0,0.0,0.0,-0.27,-0.06,-0.07,-0.27,1.46,1.17,9.62,185.93,6.93,8.56,0,0,0,0.0,0.0,0.0
1787615360.761687,08:49:20.761,2906,41.939,26.67,1011.36,15.747,0.0,0.0,0.0,-0.27,-0.06,-0.07,-0.27,1.46,1.17,9.62,185.93,6.93,8.56,0,0,0,0.0,0.0,0.0
1787615360.762045,08:49:20.762,2907,41.949,26.67,1011.36,15.747,0.0,0.0,0.0,-0.27,-0.06,-0.07,-0.27,1.46,1.17,9.62,185.93,6.93,8.56,0,0,0,0.0,0.0,0.0
1787615360.762766,08:49:20.762,2908,41.959,26.67,1011.36,15.747,0.0,0.0,0.0,-0.27,-0.06,-0.07,-0.27,1.46,1.17,9.62,185.93,6.93,8.56,0,0,0,0.0,0.0,0.0
1787615360.864522,08:49:20.864,2909,41.969,26.67,1011.38,15.581,0.0,0.0,0.0,-0.27,-0.06,-0.07,-0.27,1.46,1.17,9.62,185.93,6.93,8.56,0,0,0,0.0,0.0,0.0
1787615360.865440,08:49:20.865,2910,41.979,26.67,1011.38,15.581,0.0,0.0,0.0,-0.27,-0.06,-0.07,-0.27,1.46,1.17,9.62,185.93,6.93,8.56,0,0,0,0.0,0.0,0.0
1787615360.865887,08:49:20.865,2911,41.989,26.67,1011.38,15.581,0.0,0.0,0.0,-0.27,-0.06,-0.07,-0.27,1.46,1.17,9.62,185.93,6.93,8.56,0,0,0,0.0,0.0,0.0
1787615360.866314,08:49:20.866,2912,41.999,26.67,1011.38,15.581,0.0,0.0,0.0,-0.27,-0.06,-0.07,-0.27,1.46,1.17,9.62,185.93,6.93,8.56,0,0,0,0.0,0.0,0.0
1787615360.866685,08:49:20.866,2913,42.009,26.67,1011.38,15.581,0.0,0.0,0.0,-0.27,-0.06,-0.07,-0.27,1.46,1.17,9.62,185.93,6.93,8.56,0,0,0,0.0,0.0,0.0
1787615360.867132,08:49:20.867,2914,42.019,26.67,1011.38,15.581,0.0,0.0,0.0,-0.27,-0.06,-0.07,-0.27,1.46,1.17,9.62,185.93,6.93,8.56,0,0,0,0.0,0.0,0.0
1787615360.867471,08:49:20.867,2915,42.029,26.67,1011.38,15.581,0.0,0.0,0.0,-0.27,-0.07,-0.02,-0.27,1.46,1.17,9.62,185.93,6.93,8.56,0,0,0,0.0,0.0,0.0
1787615360.867818,08:49:20.867,2916,42.039,26.67,1011.38,15.581,0.0,0.0,0.0,-0.27,-0.07,-0.02,-0.27,1.46,1.17,9.62,185.93,6.93,8.56,0,0,0,0.0,0.0,0.0
1787615360.868156,08:49:20.868,2917,42.049,26.67,1011.38,15.581,0.0,0.0,0.0,-0.27,-0.07,-0.02,-0.27,1.46,1.17,9.62,185.93,6.93,8.56,0,0,0,0.0,0.0,0.0
1787615360.868508,08:49:20.868,2918,42.059,26.67,1011.38,15.581,0.0,0.0,0.0,-0.27,-0.07,-0.02,-0.27,1.46,1.17,9.62,185.93,6.93,8.56,0,0,0,0.0,0.0,0.0
1787615360.868845,08:49:20.868,2919,42.069,26.67,1011.38,15.581,0.0,0.0,0.0,-0.27,-0.07,-0.02,-0.27,1.46,1.17,9.62,185.93,6.93,8.56,0,0,0,0.0,0.0,0.0
1787615360.970520,08:49:20.970,2920,42.079,26.67,1011.38,15.581,0.0,0.0,0.0,-0.27,-0.07,-0.02,-0.27,1.46,1.17,9.62,185.93,6.93,8.56,0,0,0,0.0,0.0,0.0
1787615360.971922,08:49:20.971,2921,42.089,26.67,1011.38,15.581,0.0,0.0,0.0,-0.27,-0.07,-0.02,-0.27,1.46,1.17,9.62,185.93,6.93,8.56,0,0,0,0.0,0.0,0.0
1787615360.972618,08:49:20.972,2922,42.099,26.67,1011.38,15.581,0.0,0.0,0.0,-0.27,-0.07,-0.02,-0.27,1.46,1.17,9.62,185.93,6.93,8.56,0,0,0,0.0,0.0,0.0
1787615360.973127,08:49:20.973,2923,42.109,26.67,1011.38,15.581,0.0,0.0,0.0,-0.27,-0.07,-0.02,-0.27,1.46,1.17,9.62,185.93,6.93,8.56,0,0,0,0.0,0.0,0.0
1787615360.973460,08:49:20.973,2924,42.119,26.67,1011.38,15.581,0.0,0.0,0.0,-0.27,-0.07,-0.02,-0.27,1.46,1.17,9.62,185.93,6.93,8.56,0,0,0,0.0,0.0,0.0
1787615360.973793,08:49:20.973,2925,42.129,26.67,1011.38,15.581,0.0,0.0,0.0,-0.26,-0.09,-0.07,-0.26,1.46,1.17,9.62,185.93,6.93,8.56,0,0,0,0.0,0.0,0.0
1787615360.974116,08:49:20.974,2926,42.139,26.67,1011.38,15.581,0.0,0.0,0.0,-0.26,-0.09,-0.07,-0.26,1.46,1.17,9.62,185.93,6.93,8.56,0,0,0,0.0,0.0,0.0
1787615360.974438,08:49:20.974,2927,42.149,26.67,1011.38,15.581,0.0,0.0,0.0,-0.26,-0.09,-0.07,-0.26,1.46,1.17,9.62,185.93,6.93,8.56,0,0,0,0.0,0.0,0.0
1787615360.974781,08:49:20.974,2928,42.159,26.67,1011.38,15.581,0.0,0.0,0.0,-0.26,-0.09,-0.07,-0.26,1.46,1.17,9.62,185.93,6.93,8.56,0,0,0,0.0,0.0,0.0
1787615360.975105,08:49:20.975,2929,42.169,26.69,1011.41,15.33,0.0,0.0,0.0,-0.26,-0.09,-0.07,-0.26,1.46,1.17,9.62,185.93,6.93,8.56,0,0,0,0.0,0.0,0.0
1787615361.076728,08:49:21.076,2930,42.179,26.69,1011.41,15.33,0.0,0.0,0.0,-0.26,-0.09,-0.07,-0.26,1.46,1.17,9.62,185.93,6.93,8.56,0,0,0,0.0,0.0,0.0
1787615361.078540,08:49:21.078,2931,42.189,26.69,1011.41,15.33,0.0,0.0,0.0,-0.26,-0.09,-0.07,-0.26,1.46,1.17,9.62,185.93,6.93,8.56,0,0,0,0.0,0.0,0.0
1787615361.079336,08:49:21.079,2932,42.199,26.69,1011.41,15.33,0.0,0.0,0.0,-0.26,-0.09,-0.07,-0.26,1.46,1.17,9.62,185.93,6.93,8.56,0,0,0,0.0,0.0,0.0
1787615361.079700,08:49:21.079,2933,42.209,26.69,1011.41,15.33,0.0,0.0,0.0,-0.26,-0.09,-0.07,-0.26,1.46,1.17,9.62,185.93,6.93,8.56,0,0,0,0.0,0.0,0.0
1787615361.080031,08:49:21.080,2934,42.219,26.69,1011.41,15.33,0.0,0.0,0.0,-0.26,-0.09,-0.07,-0.26,1.46,1.17,9.62,185.93,6.93,8.56,0,0,0,0.0,0.0,0.0
1787615361.080366,08:49:21.080,2935,42.229,26.69,1011.41,15.33,0.0,0.0,0.0,-0.26,-0.08,-0.08,-0.26,1.46,1.17,9.62,185.93,6.93,8.56,0,0,0,0.0,0.0,0.0
1787615361.080693,08:49:21.080,2936,42.239,26.69,1011.41,15.33,0.0,0.0,0.0,-0.26,-0.08,-0.08,-0.26,1.46,1.17,9.62,185.93,6.93,8.56,0,0,0,0.0,0.0,0.0
1787615361.081021,08:49:21.081,2937,42.249,26.69,1011.41,15.33,0.0,0.0,0.0,-0.26,-0.08,-0.08,-0.26,1.46,1.17,9.62,185.93,6.93,8.56,0,0,0,0.0,0.0,0.0
1787615361.081356,08:49:21.081,2938,42.259,26.69,1011.41,15.33,0.0,0.0,0.0,-0.26,-0.08,-0.08,-0.26,1.46,1.17,9.62,185.93,6.93,8.56,0,0,0,0.0,0.0,0.0
1787615361.081696,08:49:21.081,2939,42.269,26.69,1011.41,15.33,0.0,0.0,0.0,-0.26,-0.08,-0.08,-0.26,1.46,1.17,9.62,185.93,6.93,8.56,0,0,0,0.0,0.0,0.0
1787615361.082060,08:49:21.082,2940,42.279,26.69,1011.41,15.33,0.0,0.0,0.0,-0.26,-0.08,-0.08,-0.26,1.46,1.17,9.62,185.93,6.93,8.56,0,0,0,0.0,0.0,0.0
1787615361.183758,08:49:21.183,2941,42.289,26.69,1011.41,15.33,0.0,0.0,0.0,-0.26,-0.08,-0.08,-0.26,1.46,1.17,9.62,185.93,6.93,8.56,0,0,0,0.0,0.0,0.0
1787615361.185120,08:49:21.185,2942,42.299,26.69,1011.41,15.33,0.0,0.0,0.0,-0.26,-0.08,-0.08,-0.26,1.46,1.17,9.62,185.93,6.93,8.56,0,0,0,0.0,0.0,0.0
1787615361.185829,08:49:21.185,2943,42.309,26.69,1011.41,15.33,0.0,0.0,0.0,-0.26,-0.08,-0.08,-0.26,1.46,1.17,9.62,185.93,6.93,8.56,0,0,0,0.0,0.0,0.0
1787615361.186510,08:49:21.186,2944,42.319,26.69,1011.41,15.33,0.0,0.0,0.0,-0.26,-0.08,-0.08,-0.26,1.46,1.17,9.62,185.93,6.93,8.56,0,0,0,0.0,0.0,0.0
1787615361.186904,08:49:21.186,2945,42.329,26.69,1011.41,15.33,0.0,0.0,0.0,-0.28,-0.08,-0.08,-0.28,1.46,1.17,9.62,185.93,6.87,8.56,0,0,0,0.0,0.0,0.0
1787615361.187258,08:49:21.187,2946,42.339,26.69,1011.41,15.33,0.0,0.0,0.0,-0.28,-0.08,-0.08,-0.28,1.46,1.17,9.62,185.93,6.87,8.56,0,0,0,0.0,0.0,0.0
1787615361.187605,08:49:21.187,2947,42.349,26.69,1011.41,15.33,0.0,0.0,0.0,-0.28,-0.08,-0.08,-0.28,1.46,1.17,9.62,185.93,6.87,8.56,0,0,0,0.0,0.0,0.0
1787615361.187968,08:49:21.187,2948,42.359,26.69,1011.41,15.33,0.0,0.0,0.0,-0.28,-0.08,-0.08,-0.28,1.46,1.17,9.62,185.93,6.87,8.56,0,0,0,0.0,0.0,0.0
1787615361.188337,08:49:21.188,2949,42.369,26.67,1011.36,15.747,0.0,0.0,0.0,-0.28,-0.08,-0.08,-0.28,1.46,1.17,9.62,185.93,6.87,8.56,0,0,0,0.0,0.0,0.0
1787615361.188668,08:49:21.188,2950,42.379,26.67,1011.36,15.747,0.0,0.0,0.0,-0.28,-0.08,-0.08,-0.28,1.46,1.17,9.62,185.93,6.87,8.56,0,0,0,0.0,0.0,0.0
1787615361.290202,08:49:21.290,2951,42.389,26.67,1011.36,15.747,0.0,0.0,0.0,-0.28,-0.08,-0.08,-0.28,1.46,1.17,9.62,185.93,6.87,8.56,0,0,0,0.0,0.0,0.0
1787615361.290594,08:49:21.290,2952,42.399,26.67,1011.36,15.747,0.0,0.0,0.0,-0.28,-0.08,-0.08,-0.28,1.46,1.17,9.62,185.93,6.87,8.56,0,0,0,0.0,0.0,0.0
1787615361.290809,08:49:21.290,2953,42.409,26.67,1011.36,15.747,0.0,0.0,0.0,-0.28,-0.08,-0.08,-0.28,1.46,1.17,9.62,185.93,6.87,8.56,0,0,0,0.0,0.0,0.0
1787615361.291011,08:49:21.291,2954,42.419,26.67,1011.36,15.747,0.0,0.0,0.0,-0.28,-0.08,-0.08,-0.28,1.46,1.17,9.62,185.93,6.87,8.56,0,0,0,0.0,0.0,0.0
1787615361.291207,08:49:21.291,2955,42.429,26.67,1011.36,15.747,0.0,0.0,0.0,-0.25,-0.08,-0.07,-0.25,1.46,1.17,9.62,185.93,6.87,8.56,0,0,0,0.0,0.0,0.0
1787615361.291399,08:49:21.291,2956,42.439,26.67,1011.36,15.747,0.0,0.0,0.0,-0.25,-0.08,-0.07,-0.25,1.46,1.17,9.62,185.93,6.87,8.56,0,0,0,0.0,0.0,0.0
1787615361.291593,08:49:21.291,2957,42.449,26.67,1011.36,15.747,0.0,0.0,0.0,-0.25,-0.08,-0.07,-0.25,1.46,1.17,9.62,185.93,6.87,8.56,0,0,0,0.0,0.0,0.0
1787615361.291786,08:49:21.291,2958,42.459,26.67,1011.36,15.747,0.0,0.0,0.0,-0.25,-0.08,-0.07,-0.25,1.46,1.17,9.62,185.93,6.87,8.56,0,0,0,0.0,0.0,0.0
1787615361.291976,08:49:21.291,2959,42.469,26.67,1011.36,15.747,0.0,0.0,0.0,-0.25,-0.08,-0.07,-0.25,1.46,1.17,9.62,185.93,6.87,8.56,0,0,0,0.0,0.0,0.0
1787615361.292168,08:49:21.292,2960,42.479,26.67,1011.36,15.747,0.0,0.0,0.0,-0.25,-0.08,-0.07,-0.25,1.46,1.17,9.62,185.93,6.87,8.56,0,0,0,0.0,0.0,0.0
1787615361.393673,08:49:21.393,2961,42.489,26.67,1011.36,15.747,0.0,0.0,0.0,-0.25,-0.08,-0.07,-0.25,1.46,1.17,9.62,185.93,6.87,8.56,0,0,0,0.0,0.0,0.0
1787615361.395133,08:49:21.395,2962,42.499,26.67,1011.36,15.747,0.0,0.0,0.0,-0.25,-0.08,-0.07,-0.25,1.46,1.17,9.62,185.93,6.87,8.56,0,0,0,0.0,0.0,0.0
1787615361.395858,08:49:21.395,2963,42.509,26.67,1011.36,15.747,0.0,0.0,0.0,-0.25,-0.08,-0.07,-0.25,1.46,1.17,9.62,185.93,6.87,8.56,0,0,0,0.0,0.0,0.0
1787615361.396645,08:49:21.396,2964,42.519,26.67,1011.36,15.747,0.0,0.0,0.0,-0.25,-0.08,-0.07,-0.25,1.46,1.17,9.62,185.93,6.87,8.56,0,0,0,0.0,0.0,0.0
1787615361.397041,08:49:21.397,2965,42.529,26.67,1011.36,15.747,0.0,0.0,0.0,-0.29,-0.09,-0.07,-0.29,1.46,1.17,9.62,185.93,6.87,8.56,0,0,0,0.0,0.0,0.0
1787615361.397428,08:49:21.397,2966,42.539,26.67,1011.36,15.747,0.0,0.0,0.0,-0.29,-0.09,-0.07,-0.29,1.46,1.17,9.62,185.93,6.87,8.56,0,0,0,0.0,0.0,0.0
1787615361.397824,08:49:21.397,2967,42.549,26.67,1011.36,15.747,0.0,0.0,0.0,-0.29,-0.09,-0.07,-0.29,1.46,1.17,9.62,185.93,6.87,8.56,0,0,0,0.0,0.0,0.0
1787615361.398216,08:49:21.398,2968,42.559,26.67,1011.36,15.747,0.0,0.0,0.0,-0.29,-0.09,-0.07,-0.29,1.46,1.17,9.62,185.93,6.87,8.56,0,0,0,0.0,0.0,0.0
1787615361.398597,08:49:21.398,2969,42.569,26.67,1011.38,15.581,0.0,0.0,0.0,-0.29,-0.09,-0.07,-0.29,1.46,1.17,9.62,185.93,6.87,8.56,0,0,0,0.0,0.0,0.0
1787615361.398931,08:49:21.398,2970,42.579,26.67,1011.38,15.581,0.0,0.0,0.0,-0.29,-0.09,-0.07,-0.29,1.46,1.17,9.62,185.93,6.87,8.56,0,0,0,0.0,0.0,0.0
1787615361.399269,08:49:21.399,2971,42.589,26.67,1011.38,15.581,0.0,0.0,0.0,-0.29,-0.09,-0.07,-0.29,1.46,1.17,9.62,185.93,6.87,8.56,0,0,0,0.0,0.0,0.0
1787615361.500906,08:49:21.500,2972,42.599,26.67,1011.38,15.581,0.0,0.0,0.0,-0.29,-0.09,-0.07,-0.29,1.46,1.17,9.62,185.93,6.87,8.56,0,0,0,0.0,0.0,0.0
1787615361.502324,08:49:21.502,2973,42.609,26.67,1011.38,15.581,0.0,0.0,0.0,-0.29,-0.09,-0.07,-0.29,1.46,1.17,9.62,185.93,6.87,8.56,0,0,0,0.0,0.0,0.0
1787615361.503025,08:49:21.503,2974,42.619,26.67,1011.38,15.581,0.0,0.0,0.0,-0.29,-0.09,-0.07,-0.29,1.46,1.17,9.62,185.93,6.87,8.56,0,0,0,0.0,0.0,0.0
1787615361.503731,08:49:21.503,2975,42.629,26.67,1011.38,15.581,0.0,0.0,0.0,-0.29,-0.09,-0.07,-0.29,1.46,1.17,9.62,185.93,6.87,8.56,0,0,0,0.0,0.0,0.0
1787615361.504437,08:49:21.504,2976,42.639,26.67,1011.38,15.581,0.0,0.0,0.0,-0.26,-0.09,-0.07,-0.26,1.46,1.17,9.62,185.93,6.87,8.56,0,0,0,0.0,0.0,0.0
1787615361.505132,08:49:21.505,2977,42.649,26.67,1011.38,15.581,0.0,0.0,0.0,-0.26,-0.09,-0.07,-0.26,1.46,1.17,9.62,185.93,6.87,8.56,0,0,0,0.0,0.0,0.0
1787615361.505825,08:49:21.505,2978,42.659,26.67,1011.38,15.581,0.0,0.0,0.0,-0.26,-0.09,-0.07,-0.26,1.46,1.17,9.62,185.93,6.87,8.56,0,0,0,0.0,0.0,0.0
1787615361.506542,08:49:21.506,2979,42.669,26.67,1011.38,15.581,0.0,0.0,0.0,-0.26,-0.09,-0.07,-0.26,1.46,1.17,9.62,185.93,6.87,8.56,0,0,0,0.0,0.0,0.0
1787615361.506837,08:49:21.506,2980,42.679,26.67,1011.38,15.581,0.0,0.0,0.0,-0.26,-0.09,-0.07,-0.26,1.46,1.17,9.62,185.93,6.87,8.56,0,0,0,0.0,0.0,0.0
1787615361.507074,08:49:21.507,2981,42.689,26.67,1011.38,15.581,0.0,0.0,0.0,-0.26,-0.09,-0.07,-0.26,1.46,1.17,9.62,185.93,6.87,8.56,0,0,0,0.0,0.0,0.0
1787615361.507302,08:49:21.507,2982,42.699,26.67,1011.38,15.581,0.0,0.0,0.0,-0.26,-0.09,-0.07,-0.26,1.46,1.17,9.62,185.93,6.87,8.56,0,0,0,0.0,0.0,0.0
1787615361.607918,08:49:21.607,2983,42.709,26.67,1011.38,15.581,0.0,0.0,0.0,-0.26,-0.09,-0.07,-0.26,1.46,1.17,9.62,185.93,6.87,8.56,0,0,0,0.0,0.0,0.0
1787615361.609310,08:49:21.609,2984,42.719,26.67,1011.38,15.581,0.0,0.0,0.0,-0.26,-0.09,-0.07,-0.26,1.46,1.17,9.62,185.93,6.87,8.56,0,0,0,0.0,0.0,0.0
1787615361.610001,08:49:21.610,2985,42.729,26.67,1011.38,15.581,0.0,0.0,0.0,-0.26,-0.09,-0.07,-0.26,1.46,1.17,9.62,185.93,6.87,8.56,0,0,0,0.0,0.0,0.0
1787615361.610393,08:49:21.610,2986,42.739,26.67,1011.38,15.581,0.0,0.0,0.0,-0.3,-0.08,-0.08,-0.3,1.46,1.17,9.62,185.93,6.87,8.56,0,0,0,0.0,0.0,0.0
1787615361.610788,08:49:21.610,2987,42.749,26.67,1011.38,15.581,0.0,0.0,0.0,-0.3,-0.08,-0.08,-0.3,1.46,1.17,9.62,185.93,6.87,8.56,0,0,0,0.0,0.0,0.0
1787615361.611171,08:49:21.611,2988,42.759,26.67,1011.38,15.581,0.0,0.0,0.0,-0.3,-0.08,-0.08,-0.3,1.46,1.17,9.62,185.93,6.87,8.56,0,0,0,0.0,0.0,0.0
1787615361.611556,08:49:21.611,2989,42.769,26.67,1011.38,15.581,0.0,0.0,0.0,-0.3,-0.08,-0.08,-0.3,1.46,1.17,9.62,185.93,6.87,8.56,0,0,0,0.0,0.0,0.0
1787615361.611936,08:49:21.611,2990,42.779,26.67,1011.38,15.581,0.0,0.0,0.0,-0.3,-0.08,-0.08,-0.3,1.46,1.17,9.62,185.93,6.87,8.56,0,0,0,0.0,0.0,0.0
1787615361.612293,08:49:21.612,2991,42.789,26.67,1011.38,15.581,0.0,0.0,0.0,-0.3,-0.08,-0.08,-0.3,1.46,1.17,9.62,185.93,6.87,8.56,0,0,0,0.0,0.0,0.0
1787615361.612623,08:49:21.612,2992,42.799,26.67,1011.38,15.581,0.0,0.0,0.0,-0.3,-0.08,-0.08,-0.3,1.46,1.17,9.62,185.93,6.87,8.56,0,0,0,0.0,0.0,0.0
1787615361.713298,08:49:21.713,2993,42.809,26.67,1011.38,15.581,0.0,0.0,0.0,-0.3,-0.08,-0.08,-0.3,1.46,1.17,9.62,185.93,6.87,8.56,0,0,0,0.0,0.0,0.0
1787615361.714038,08:49:21.714,2994,42.819,26.67,1011.38,15.581,0.0,0.0,0.0,-0.3,-0.08,-0.08,-0.3,1.46,1.17,9.62,185.93,6.87,8.56,0,0,0,0.0,0.0,0.0
1787615361.714382,08:49:21.714,2995,42.829,26.67,1011.38,15.581,0.0,0.0,0.0,-0.3,-0.08,-0.08,-0.3,1.46,1.17,9.62,185.93,6.87,8.56,0,0,0,0.0,0.0,0.0
1787615361.714733,08:49:21.714,2996,42.839,26.67,1011.38,15.581,0.0,0.0,0.0,-0.28,-0.1,-0.09,-0.28,1.46,1.17,9.62,185.93,6.87,8.56,0,0,0,0.0,0.0,0.0
1787615361.715074,08:49:21.715,2997,42.849,26.67,1011.38,15.581,0.0,0.0,0.0,-0.28,-0.1,-0.09,-0.28,1.46,1.17,9.62,185.93,6.87,8.56,0,0,0,0.0,0.0,0.0
1787615361.715403,08:49:21.715,2998,42.859,26.67,1011.38,15.581,0.0,0.0,0.0,-0.28,-0.1,-0.09,-0.28,1.46,1.17,9.62,185.93,6.87,8.56,0,0,0,0.0,0.0,0.0
1787615361.715741,08:49:21.715,2999,42.869,26.67,1011.38,15.581,0.0,0.0,0.0,-0.28,-0.1,-0.09,-0.28,1.46,1.17,9.62,185.93,6.87,8.56,0,0,0,0.0,0.0,0.0
1787615361.716097,08:49:21.716,3000,42.879,26.67,1011.38,15.581,0.0,0.0,0.0,-0.28,-0.1,-0.09,-0.28,1.46,1.17,9.62,185.93,6.87,8.56,0,0,0,0.0,0.0,0.0
1787615361.716431,08:49:21.716,3001,42.889,26.67,1011.38,15.581,0.0,0.0,0.0,-0.28,-0.1,-0.09,-0.28,1.46,1.17,9.62,185.93,6.87,8.56,0,0,0,0.0,0.0,0.0
1787615361.716778,08:49:21.716,3002,42.899,26.67,1011.38,15.581,0.0,0.0,0.0,-0.28,-0.1,-0.09,-0.28,1.46,1.17,9.62,185.93,6.87,8.56,0,0,0,0.0,0.0,0.0
1787615361.717112,08:49:21.717,3003,42.909,26.67,1011.38,15.581,0.0,0.0,0.0,-0.28,-0.1,-0.09,-0.28,1.46,1.17,9.62,185.93,6.87,8.56,0,0,0,0.0,0.0,0.0
1787615361.818766,08:49:21.818,3004,42.919,26.67,1011.38,15.581,0.0,0.0,0.0,-0.28,-0.1,-0.09,-0.28,1.46,1.17,9.62,185.93,6.87,8.56,0,0,0,0.0,0.0,0.0
1787615361.820116,08:49:21.820,3005,42.929,26.67,1011.38,15.581,0.0,0.0,0.0,-0.25,-0.09,-0.1,-0.25,1.46,1.17,9.62,185.93,6.93,8.56,0,0,0,0.0,0.0,0.0
1787615361.820664,08:49:21.820,3006,42.939,26.67,1011.38,15.581,0.0,0.0,0.0,-0.25,-0.09,-0.1,-0.25,1.46,1.17,9.62,185.93,6.93,8.56,0,0,0,0.0,0.0,0.0
1787615361.821172,08:49:21.821,3007,42.949,26.67,1011.38,15.581,0.0,0.0,0.0,-0.25,-0.09,-0.1,-0.25,1.46,1.17,9.62,185.93,6.93,8.56,0,0,0,0.0,0.0,0.0
1787615361.821701,08:49:21.821,3008,42.959,26.67,1011.38,15.581,0.0,0.0,0.0,-0.25,-0.09,-0.1,-0.25,1.46,1.17,9.62,185.93,6.93,8.56,0,0,0,0.0,0.0,0.0
1787615361.822174,08:49:21.822,3009,42.969,26.68,1011.36,15.747,0.0,0.0,0.0,-0.25,-0.09,-0.1,-0.25,1.46,1.17,9.62,185.93,6.93,8.56,0,0,0,0.0,0.0,0.0
1787615361.822591,08:49:21.822,3010,42.979,26.68,1011.36,15.747,0.0,0.0,0.0,-0.25,-0.09,-0.1,-0.25,1.46,1.17,9.62,185.93,6.93,8.56,0,0,0,0.0,0.0,0.0
1787615361.822996,08:49:21.822,3011,42.989,26.68,1011.36,15.747,0.0,0.0,0.0,-0.25,-0.09,-0.1,-0.25,1.46,1.17,9.62,185.93,6.93,8.56,0,0,0,0.0,0.0,0.0
1787615361.823410,08:49:21.823,3012,42.999,26.68,1011.36,15.747,0.0,0.0,0.0,-0.25,-0.09,-0.1,-0.25,1.46,1.17,9.62,185.93,6.93,8.56,0,0,0,0.0,0.0,0.0
1787615361.824162,08:49:21.824,3013,43.009,26.68,1011.36,15.747,0.0,0.0,0.0,-0.25,-0.09,-0.1,-0.25,1.46,1.17,9.62,185.93,6.93,8.56,0,0,0,0.0,0.0,0.0
1787615361.925202,08:49:21.925,3014,43.019,26.68,1011.36,15.747,0.0,0.0,0.0,-0.25,-0.09,-0.1,-0.25,1.46,1.17,9.62,185.93,6.93,8.56,0,0,0,0.0,0.0,0.0
1787615361.926606,08:49:21.926,3015,43.029,26.68,1011.36,15.747,0.0,0.0,0.0,-0.28,-0.09,-0.06,-0.28,1.46,1.19,9.62,185.93,7.06,8.56,0,0,0,0.0,0.0,0.0
1787615361.927317,08:49:21.927,3016,43.039,26.68,1011.36,15.747,0.0,0.0,0.0,-0.28,-0.09,-0.06,-0.28,1.46,1.19,9.62,185.93,7.06,8.56,0,0,0,0.0,0.0,0.0
1787615361.927728,08:49:21.927,3017,43.049,26.68,1011.36,15.747,0.0,0.0,0.0,-0.28,-0.09,-0.06,-0.28,1.46,1.19,9.62,185.93,7.06,8.56,0,0,0,0.0,0.0,0.0
1787615361.928325,08:49:21.928,3018,43.059,26.68,1011.36,15.747,0.0,0.0,0.0,-0.28,-0.09,-0.06,-0.28,1.46,1.19,9.62,185.93,7.06,8.56,0,0,0,0.0,0.0,0.0
1787615361.928705,08:49:21.928,3019,43.069,26.68,1011.36,15.747,0.0,0.0,0.0,-0.28,-0.09,-0.06,-0.28,1.46,1.19,9.62,185.93,7.06,8.56,0,0,0,0.0,0.0,0.0
1787615361.929064,08:49:21.929,3020,43.079,26.68,1011.36,15.747,0.0,0.0,0.0,-0.28,-0.09,-0.06,-0.28,1.46,1.19,9.62,185.93,7.06,8.56,0,0,0,0.0,0.0,0.0
1787615361.929415,08:49:21.929,3021,43.089,26.68,1011.36,15.747,0.0,0.0,0.0,-0.28,-0.09,-0.06,-0.28,1.46,1.19,9.62,185.93,7.06,8.56,0,0,0,0.0,0.0,0.0
1787615361.929765,08:49:21.929,3022,43.099,26.68,1011.36,15.747,0.0,0.0,0.0,-0.28,-0.09,-0.06,-0.28,1.46,1.19,9.62,185.93,7.06,8.56,0,0,0,0.0,0.0,0.0
1787615361.930122,08:49:21.930,3023,43.109,26.68,1011.36,15.747,0.0,0.0,0.0,-0.28,-0.09,-0.06,-0.28,1.46,1.19,9.62,185.93,7.06,8.56,0,0,0,0.0,0.0,0.0
1787615361.930474,08:49:21.930,3024,43.119,26.68,1011.36,15.747,0.0,0.0,0.0,-0.28,-0.09,-0.06,-0.28,1.46,1.19,9.62,185.93,7.06,8.56,0,0,0,0.0,0.0,0.0
1787615361.930829,08:49:21.930,3025,43.129,26.68,1011.36,15.747,0.0,0.0,0.0,-0.29,-0.08,-0.06,-0.29,1.46,1.19,9.62,185.93,7.06,8.56,0,0,0,0.0,0.0,0.0
1787615361.931181,08:49:21.931,3026,43.139,26.68,1011.36,15.747,0.0,0.0,0.0,-0.29,-0.08,-0.06,-0.29,1.46,1.19,9.62,185.93,7.06,8.56,0,0,0,0.0,0.0,0.0
1787615362.032850,08:49:22.032,3027,43.149,26.68,1011.36,15.747,0.0,0.0,0.0,-0.29,-0.08,-0.06,-0.29,1.46,1.19,9.62,185.93,7.06,8.56,0,0,0,0.0,0.0,0.0
1787615362.034633,08:49:22.034,3028,43.159,26.68,1011.36,15.747,0.0,0.0,0.0,-0.29,-0.08,-0.06,-0.29,1.46,1.19,9.62,185.93,7.06,8.56,0,0,0,0.0,0.0,0.0
1787615362.035376,08:49:22.035,3029,43.169,26.68,1011.37,15.663,0.0,0.0,0.0,-0.29,-0.08,-0.06,-0.29,1.46,1.19,9.62,185.93,7.06,8.56,0,0,0,0.0,0.0,0.0
1787615362.036108,08:49:22.036,3030,43.179,26.68,1011.37,15.663,0.0,0.0,0.0,-0.29,-0.08,-0.06,-0.29,1.46,1.19,9.62,185.93,7.06,8.56,0,0,0,0.0,0.0,0.0
1787615362.036826,08:49:22.036,3031,43.189,26.68,1011.37,15.663,0.0,0.0,0.0,-0.29,-0.08,-0.06,-0.29,1.46,1.19,9.62,185.93,7.06,8.56,0,0,0,0.0,0.0,0.0
1787615362.037278,08:49:22.037,3032,43.199,26.68,1011.37,15.663,0.0,0.0,0.0,-0.29,-0.08,-0.06,-0.29,1.46,1.19,9.62,185.93,7.06,8.56,0,0,0,0.0,0.0,0.0
1787615362.037596,08:49:22.037,3033,43.209,26.68,1011.37,15.663,0.0,0.0,0.0,-0.29,-0.08,-0.06,-0.29,1.46,1.19,9.62,185.93,7.06,8.56,0,0,0,0.0,0.0,0.0
1787615362.037916,08:49:22.037,3034,43.219,26.68,1011.37,15.663,0.0,0.0,0.0,-0.29,-0.08,-0.06,-0.29,1.46,1.19,9.62,185.93,7.06,8.56,0,0,0,0.0,0.0,0.0
1787615362.038244,08:49:22.038,3035,43.229,26.68,1011.37,15.663,0.0,0.0,0.0,-0.26,-0.09,-0.07,-0.26,1.46,1.19,9.62,185.93,7.06,8.56,0,0,0,0.0,0.0,0.0
1787615362.038548,08:49:22.038,3036,43.239,26.68,1011.37,15.663,0.0,0.0,0.0,-0.26,-0.09,-0.07,-0.26,1.46,1.19,9.62,185.93,7.06,8.56,0,0,0,0.0,0.0,0.0
1787615362.140173,08:49:22.140,3037,43.249,26.68,1011.37,15.663,0.0,0.0,0.0,-0.26,-0.09,-0.07,-0.26,1.46,1.19,9.62,185.93,7.06,8.56,0,0,0,0.0,0.0,0.0
1787615362.142008,08:49:22.142,3038,43.259,26.68,1011.37,15.663,0.0,0.0,0.0,-0.26,-0.09,-0.07,-0.26,1.46,1.19,9.62,185.93,7.06,8.56,0,0,0,0.0,0.0,0.0
1787615362.142796,08:49:22.142,3039,43.269,26.68,1011.37,15.663,0.0,0.0,0.0,-0.26,-0.09,-0.07,-0.26,1.46,1.19,9.62,185.93,7.06,8.56,0,0,0,0.0,0.0,0.0
1787615362.143466,08:49:22.143,3040,43.279,26.68,1011.37,15.663,0.0,0.0,0.0,-0.26,-0.09,-0.07,-0.26,1.46,1.19,9.62,185.93,7.06,8.56,0,0,0,0.0,0.0,0.0
1787615362.144127,08:49:22.144,3041,43.289,26.68,1011.37,15.663,0.0,0.0,0.0,-0.26,-0.09,-0.07,-0.26,1.46,1.19,9.62,185.93,7.06,8.56,0,0,0,0.0,0.0,0.0
1787615362.144793,08:49:22.144,3042,43.299,26.68,1011.37,15.663,0.0,0.0,0.0,-0.26,-0.09,-0.07,-0.26,1.46,1.19,9.62,185.93,7.06,8.56,0,0,0,0.0,0.0,0.0
1787615362.145447,08:49:22.145,3043,43.309,26.68,1011.37,15.663,0.0,0.0,0.0,-0.26,-0.09,-0.07,-0.26,1.46,1.19,9.62,185.93,7.06,8.56,0,0,0,0.0,0.0,0.0
1787615362.146118,08:49:22.146,3044,43.319,26.68,1011.37,15.663,0.0,0.0,0.0,-0.26,-0.09,-0.07,-0.26,1.46,1.19,9.62,185.93,7.06,8.56,0,0,0,0.0,0.0,0.0
1787615362.146486,08:49:22.146,3045,43.329,26.68,1011.37,15.663,0.0,0.0,0.0,-0.26,-0.08,-0.03,-0.26,1.46,1.19,9.62,185.93,7.06,8.56,0,0,0,0.0,0.0,0.0
1787615362.146695,08:49:22.146,3046,43.339,26.68,1011.37,15.663,0.0,0.0,0.0,-0.26,-0.08,-0.03,-0.26,1.46,1.19,9.62,185.93,7.06,8.56,0,0,0,0.0,0.0,0.0
1787615362.247786,08:49:22.247,3047,43.349,26.68,1011.37,15.663,0.0,0.0,0.0,-0.26,-0.08,-0.03,-0.26,1.46,1.19,9.62,185.93,7.06,8.56,0,0,0,0.0,0.0,0.0
1787615362.248075,08:49:22.248,3048,43.359,26.68,1011.37,15.663,0.0,0.0,0.0,-0.26,-0.08,-0.03,-0.26,1.46,1.19,9.62,185.93,7.06,8.56,0,0,0,0.0,0.0,0.0
1787615362.248227,08:49:22.248,3049,43.369,26.68,1011.36,15.747,0.0,0.0,0.0,-0.26,-0.08,-0.03,-0.26,1.46,1.19,9.62,185.93,7.06,8.56,0,0,0,0.0,0.0,0.0
1787615362.248372,08:49:22.248,3050,43.379,26.68,1011.36,15.747,0.0,0.0,0.0,-0.26,-0.08,-0.03,-0.26,1.46,1.19,9.62,185.93,7.06,8.56,0,0,0,0.0,0.0,0.0
1787615362.248512,08:49:22.248,3051,43.389,26.68,1011.36,15.747,0.0,0.0,0.0,-0.26,-0.08,-0.03,-0.26,1.46,1.19,9.62,185.93,7.06,8.56,0,0,0,0.0,0.0,0.0
1787615362.248652,08:49:22.248,3052,43.399,26.68,1011.36,15.747,0.0,0.0,0.0,-0.26,-0.08,-0.03,-0.26,1.46,1.19,9.62,185.93,7.06,8.56,0,0,0,0.0,0.0,0.0
1787615362.248793,08:49:22.248,3053,43.409,26.68,1011.36,15.747,0.0,0.0,0.0,-0.26,-0.08,-0.03,-0.26,1.46,1.19,9.62,185.93,7.06,8.56,0,0,0,0.0,0.0,0.0
1787615362.248931,08:49:22.248,3054,43.419,26.68,1011.36,15.747,0.0,0.0,0.0,-0.26,-0.08,-0.03,-0.26,1.46,1.19,9.62,185.93,7.06,8.56,0,0,0,0.0,0.0,0.0
1787615362.249070,08:49:22.249,3055,43.429,26.68,1011.36,15.747,0.0,0.0,0.0,-0.26,-0.07,-0.09,-0.26,1.46,1.19,9.62,185.93,7.06,8.56,0,0,0,0.0,0.0,0.0
1787615362.249207,08:49:22.249,3056,43.439,26.68,1011.36,15.747,0.0,0.0,0.0,-0.26,-0.07,-0.09,-0.26,1.46,1.19,9.62,185.93,7.06,8.56,0,0,0,0.0,0.0,0.0
1787615362.249344,08:49:22.249,3057,43.449,26.68,1011.36,15.747,0.0,0.0,0.0,-0.26,-0.07,-0.09,-0.26,1.46,1.19,9.62,185.93,7.06,8.56,0,0,0,0.0,0.0,0.0
1787615362.350666,08:49:22.350,3058,43.459,26.68,1011.36,15.747,0.0,0.0,0.0,-0.26,-0.07,-0.09,-0.26,1.46,1.19,9.62,185.93,7.06,8.56,0,0,0,0.0,0.0,0.0
1787615362.351449,08:49:22.351,3059,43.469,26.68,1011.36,15.747,0.0,0.0,0.0,-0.26,-0.07,-0.09,-0.26,1.46,1.19,9.62,185.93,7.06,8.56,0,0,0,0.0,0.0,0.0
1787615362.351757,08:49:22.351,3060,43.479,26.68,1011.36,15.747,0.0,0.0,0.0,-0.26,-0.07,-0.09,-0.26,1.46,1.19,9.62,185.93,7.06,8.56,0,0,0,0.0,0.0,0.0
1787615362.352056,08:49:22.352,3061,43.489,26.68,1011.36,15.747,0.0,0.0,0.0,-0.26,-0.07,-0.09,-0.26,1.46,1.19,9.62,185.93,7.06,8.56,0,0,0,0.0,0.0,0.0
1787615362.352348,08:49:22.352,3062,43.499,26.68,1011.36,15.747,0.0,0.0,0.0,-0.26,-0.07,-0.09,-0.26,1.46,1.19,9.62,185.93,7.06,8.56,0,0,0,0.0,0.0,0.0
1787615362.352639,08:49:22.352,3063,43.509,26.68,1011.36,15.747,0.0,0.0,0.0,-0.26,-0.07,-0.09,-0.26,1.46,1.19,9.62,185.93,7.06,8.56,0,0,0,0.0,0.0,0.0
1787615362.353039,08:49:22.353,3064,43.519,26.68,1011.36,15.747,0.0,0.0,0.0,-0.26,-0.07,-0.09,-0.26,1.46,1.19,9.62,185.93,7.06,8.56,0,0,0,0.0,0.0,0.0
1787615362.353341,08:49:22.353,3065,43.529,26.68,1011.36,15.747,0.0,0.0,0.0,-0.28,-0.08,-0.09,-0.28,1.46,1.18,9.62,185.93,7.0,8.56,0,0,0,0.0,0.0,0.0
1787615362.353637,08:49:22.353,3066,43.539,26.68,1011.36,15.747,0.0,0.0,0.0,-0.28,-0.08,-0.09,-0.28,1.46,1.18,9.62,185.93,7.0,8.56,0,0,0,0.0,0.0,0.0
1787615362.353924,08:49:22.353,3067,43.549,26.68,1011.36,15.747,0.0,0.0,0.0,-0.28,-0.08,-0.09,-0.28,1.46,1.18,9.62,185.93,7.0,8.56,0,0,0,0.0,0.0,0.0
1787615362.354223,08:49:22.354,3068,43.559,26.68,1011.36,15.747,0.0,0.0,0.0,-0.28,-0.08,-0.09,-0.28,1.46,1.18,9.62,185.93,7.0,8.56,0,0,0,0.0,0.0,0.0
1787615362.455545,08:49:22.455,3069,43.569,26.69,1011.41,15.33,0.0,0.0,0.0,-0.28,-0.08,-0.09,-0.28,1.46,1.18,9.62,185.93,7.0,8.56,0,0,0,0.0,0.0,0.0
1787615362.456324,08:49:22.456,3070,43.579,26.69,1011.41,15.33,0.0,0.0,0.0,-0.28,-0.08,-0.09,-0.28,1.46,1.18,9.62,185.93,7.0,8.56,0,0,0,0.0,0.0,0.0
1787615362.456592,08:49:22.456,3071,43.589,26.69,1011.41,15.33,0.0,0.0,0.0,-0.28,-0.08,-0.09,-0.28,1.46,1.18,9.62,185.93,7.0,8.56,0,0,0,0.0,0.0,0.0
1787615362.456846,08:49:22.456,3072,43.599,26.69,1011.41,15.33,0.0,0.0,0.0,-0.28,-0.08,-0.09,-0.28,1.46,1.18,9.62,185.93,7.0,8.56,0,0,0,0.0,0.0,0.0
1787615362.457112,08:49:22.457,3073,43.609,26.69,1011.41,15.33,0.0,0.0,0.0,-0.28,-0.08,-0.09,-0.28,1.46,1.18,9.62,185.93,7.0,8.56,0,0,0,0.0,0.0,0.0
1787615362.457471,08:49:22.457,3074,43.619,26.69,1011.41,15.33,0.0,0.0,0.0,-0.28,-0.08,-0.09,-0.28,1.46,1.18,9.62,185.93,7.0,8.56,0,0,0,0.0,0.0,0.0
1787615362.457789,08:49:22.457,3075,43.629,26.69,1011.41,15.33,0.0,0.0,0.0,-0.26,-0.11,-0.08,-0.26,1.46,1.18,9.62,185.93,7.0,8.56,0,0,0,0.0,0.0,0.0
1787615362.458062,08:49:22.458,3076,43.639,26.69,1011.41,15.33,0.0,0.0,0.0,-0.26,-0.11,-0.08,-0.26,1.46,1.18,9.62,185.93,7.0,8.56,0,0,0,0.0,0.0,0.0
1787615362.458335,08:49:22.458,3077,43.649,26.69,1011.41,15.33,0.0,0.0,0.0,-0.26,-0.11,-0.08,-0.26,1.46,1.18,9.62,185.93,7.0,8.56,0,0,0,0.0,0.0,0.0
1787615362.458602,08:49:22.458,3078,43.659,26.69,1011.41,15.33,0.0,0.0,0.0,-0.26,-0.11,-0.08,-0.26,1.46,1.18,9.62,185.93,7.0,8.56,0,0,0,0.0,0.0,0.0
1787615362.560182,08:49:22.560,3079,43.669,26.69,1011.41,15.33,0.0,0.0,0.0,-0.26,-0.11,-0.08,-0.26,1.46,1.18,9.62,185.93,7.0,8.56,0,0,0,0.0,0.0,0.0
1787615362.561529,08:49:22.561,3080,43.679,26.69,1011.41,15.33,0.0,0.0,0.0,-0.26,-0.11,-0.08,-0.26,1.46,1.18,9.62,185.93,7.0,8.56,0,0,0,0.0,0.0,0.0
1787615362.562210,08:49:22.562,3081,43.689,26.69,1011.41,15.33,0.0,0.0,0.0,-0.26,-0.11,-0.08,-0.26,1.46,1.18,9.62,185.93,7.0,8.56,0,0,0,0.0,0.0,0.0
1787615362.562878,08:49:22.562,3082,43.699,26.69,1011.41,15.33,0.0,0.0,0.0,-0.26,-0.11,-0.08,-0.26,1.46,1.18,9.62,185.93,7.0,8.56,0,0,0,0.0,0.0,0.0
1787615362.563540,08:49:22.563,3083,43.709,26.69,1011.41,15.33,0.0,0.0,0.0,-0.26,-0.11,-0.08,-0.26,1.46,1.18,9.62,185.93,7.0,8.56,0,0,0,0.0,0.0,0.0
1787615362.564205,08:49:22.564,3084,43.719,26.69,1011.41,15.33,0.0,0.0,0.0,-0.26,-0.11,-0.08,-0.26,1.46,1.18,9.62,185.93,7.0,8.56,0,0,0,0.0,0.0,0.0
1787615362.564865,08:49:22.564,3085,43.729,26.69,1011.41,15.33,0.0,0.0,0.0,-0.28,-0.08,-0.09,-0.28,1.46,1.18,9.62,185.93,7.0,8.56,0,0,0,0.0,0.0,0.0
1787615362.565437,08:49:22.565,3086,43.739,26.69,1011.41,15.33,0.0,0.0,0.0,-0.28,-0.08,-0.09,-0.28,1.46,1.18,9.62,185.93,7.0,8.56,0,0,0,0.0,0.0,0.0
1787615362.565725,08:49:22.565,3087,43.749,26.69,1011.41,15.33,0.0,0.0,0.0,-0.28,-0.08,-0.09,-0.28,1.46,1.18,9.62,185.93,7.0,8.56,0,0,0,0.0,0.0,0.0
1787615362.566006,08:49:22.566,3088,43.759,26.69,1011.41,15.33,0.0,0.0,0.0,-0.28,-0.08,-0.09,-0.28,1.46,1.18,9.62,185.93,7.0,8.56,0,0,0,0.0,0.0,0.0
1787615362.666854,08:49:22.666,3089,43.769,26.68,1011.39,15.496,0.0,0.0,0.0,-0.28,-0.08,-0.09,-0.28,1.46,1.18,9.62,185.93,7.0,8.56,0,0,0,0.0,0.0,0.0
1787615362.668259,08:49:22.668,3090,43.779,26.68,1011.39,15.496,0.0,0.0,0.0,-0.28,-0.08,-0.09,-0.28,1.46,1.18,9.62,185.93,7.0,8.56,0,0,0,0.0,0.0,0.0
1787615362.668954,08:49:22.668,3091,43.789,26.68,1011.39,15.496,0.0,0.0,0.0,-0.28,-0.08,-0.09,-0.28,1.46,1.18,9.62,185.93,7.0,8.56,0,0,0,0.0,0.0,0.0
1787615362.669622,08:49:22.669,3092,43.799,26.68,1011.39,15.496,0.0,0.0,0.0,-0.28,-0.08,-0.09,-0.28,1.46,1.18,9.62,185.93,7.0,8.56,0,0,0,0.0,0.0,0.0
1787615362.670285,08:49:22.670,3093,43.809,26.68,1011.39,15.496,0.0,0.0,0.0,-0.28,-0.08,-0.09,-0.28,1.46,1.18,9.62,185.93,7.0,8.56,0,0,0,0.0,0.0,0.0
1787615362.670953,08:49:22.670,3094,43.819,26.68,1011.39,15.496,0.0,0.0,0.0,-0.28,-0.08,-0.09,-0.28,1.46,1.18,9.62,185.93,7.0,8.56,0,0,0,0.0,0.0,0.0
1787615362.671605,08:49:22.671,3095,43.829,26.68,1011.39,15.496,0.0,0.0,0.0,-0.28,-0.09,-0.07,-0.28,1.46,1.19,9.62,185.93,7.06,8.56,0,0,0,0.0,0.0,0.0
1787615362.672257,08:49:22.672,3096,43.839,26.68,1011.39,15.496,0.0,0.0,0.0,-0.28,-0.09,-0.07,-0.28,1.46,1.19,9.62,185.93,7.06,8.56,0,0,0,0.0,0.0,0.0
1787615362.672861,08:49:22.672,3097,43.849,26.68,1011.39,15.496,0.0,0.0,0.0,-0.28,-0.09,-0.07,-0.28,1.46,1.19,9.62,185.93,7.06,8.56,0,0,0,0.0,0.0,0.0
1787615362.673249,08:49:22.673,3098,43.859,26.68,1011.39,15.496,0.0,0.0,0.0,-0.28,-0.09,-0.07,-0.28,1.46,1.19,9.62,185.93,7.06,8.56,0,0,0,0.0,0.0,0.0
1787615362.673655,08:49:22.673,3099,43.869,26.68,1011.39,15.496,0.0,0.0,0.0,-0.28,-0.09,-0.07,-0.28,1.46,1.19,9.62,185.93,7.06,8.56,0,0,0,0.0,0.0,0.0
1787615362.775161,08:49:22.775,3100,43.879,26.68,1011.39,15.496,0.0,0.0,0.0,-0.28,-0.09,-0.07,-0.28,1.46,1.19,9.62,185.93,7.06,8.56,0,0,0,0.0,0.0,0.0
1787615362.776463,08:49:22.776,3101,43.889,26.68,1011.39,15.496,0.0,0.0,0.0,-0.28,-0.09,-0.07,-0.28,1.46,1.19,9.62,185.93,7.06,8.56,0,0,0,0.0,0.0,0.0
1787615362.777027,08:49:22.777,3102,43.899,26.68,1011.39,15.496,0.0,0.0,0.0,-0.28,-0.09,-0.07,-0.28,1.46,1.19,9.62,185.93,7.06,8.56,0,0,0,0.0,0.0,0.0
1787615362.777415,08:49:22.777,3103,43.909,26.68,1011.39,15.496,0.0,0.0,0.0,-0.28,-0.09,-0.07,-0.28,1.46,1.19,9.62,185.93,7.06,8.56,0,0,0,0.0,0.0,0.0
1787615362.777793,08:49:22.777,3104,43.919,26.68,1011.39,15.496,0.0,0.0,0.0,-0.28,-0.09,-0.07,-0.28,1.46,1.19,9.62,185.93,7.06,8.56,0,0,0,0.0,0.0,0.0
1787615362.778181,08:49:22.778,3105,43.929,26.68,1011.39,15.496,0.0,0.0,0.0,-0.27,-0.09,-0.09,-0.27,1.46,1.2,9.62,185.93,7.12,8.56,0,0,0,0.0,0.0,0.0
1787615362.778569,08:49:22.778,3106,43.939,26.68,1011.39,15.496,0.0,0.0,0.0,-0.27,-0.09,-0.09,-0.27,1.46,1.2,9.62,185.93,7.12,8.56,0,0,0,0.0,0.0,0.0
1787615362.778945,08:49:22.778,3107,43.949,26.68,1011.39,15.496,0.0,0.0,0.0,-0.27,-0.09,-0.09,-0.27,1.46,1.2,9.62,185.93,7.12,8.56,0,0,0,0.0,0.0,0.0
1787615362.779271,08:49:22.779,3108,43.959,26.68,1011.39,15.496,0.0,0.0,0.0,-0.27,-0.09,-0.09,-0.27,1.46,1.2,9.62,185.93,7.12,8.56,0,0,0,0.0,0.0,0.0
1787615362.779601,08:49:22.779,3109,43.969,26.68,1011.37,15.663,0.0,0.0,0.0,-0.27,-0.09,-0.09,-0.27,1.46,1.2,9.62,185.93,7.12,8.56,0,0,0,0.0,0.0,0.0
1787615362.881178,08:49:22.881,3110,43.979,26.68,1011.37,15.663,0.0,0.0,0.0,-0.27,-0.09,-0.09,-0.27,1.46,1.2,9.62,185.93,7.12,8.56,0,0,0,0.0,0.0,0.0
1787615362.881881,08:49:22.881,3111,43.989,26.68,1011.37,15.663,0.0,0.0,0.0,-0.27,-0.09,-0.09,-0.27,1.46,1.2,9.62,185.93,7.12,8.56,0,0,0,0.0,0.0,0.0
1787615362.882188,08:49:22.882,3112,43.999,26.68,1011.37,15.663,0.0,0.0,0.0,-0.27,-0.09,-0.09,-0.27,1.46,1.2,9.62,185.93,7.12,8.56,0,0,0,0.0,0.0,0.0
1787615362.882445,08:49:22.882,3113,44.009,26.68,1011.37,15.663,0.0,0.0,0.0,-0.27,-0.09,-0.09,-0.27,1.46,1.2,9.62,185.93,7.12,8.56,0,0,0,0.0,0.0,0.0
1787615362.882823,08:49:22.882,3114,44.019,26.68,1011.37,15.663,0.0,0.0,0.0,-0.27,-0.09,-0.09,-0.27,1.46,1.2,9.62,185.93,7.12,8.56,0,0,0,0.0,0.0,0.0
1787615362.883075,08:49:22.883,3115,44.029,26.68,1011.37,15.663,0.0,0.0,0.0,-0.27,-0.08,-0.07,-0.27,1.46,1.2,9.62,185.93,7.12,8.56,0,0,0,0.0,0.0,0.0
1787615362.883383,08:49:22.883,3116,44.039,26.68,1011.37,15.663,0.0,0.0,0.0,-0.27,-0.08,-0.07,-0.27,1.46,1.2,9.62,185.93,7.12,8.56,0,0,0,0.0,0.0,0.0
1787615362.883728,08:49:22.883,3117,44.049,26.68,1011.37,15.663,0.0,0.0,0.0,-0.27,-0.08,-0.07,-0.27,1.46,1.2,9.62,185.93,7.12,8.56,0,0,0,0.0,0.0,0.0
1787615362.884315,08:49:22.884,3118,44.059,26.68,1011.37,15.663,0.0,0.0,0.0,-0.27,-0.08,-0.07,-0.27,1.46,1.2,9.62,185.93,7.12,8.56,0,0,0,0.0,0.0,0.0
1787615362.884615,08:49:22.884,3119,44.069,26.68,1011.37,15.663,0.0,0.0,0.0,-0.27,-0.08,-0.07,-0.27,1.46,1.2,9.62,185.93,7.12,8.56,0,0,0,0.0,0.0,0.0
1787615362.884867,08:49:22.884,3120,44.079,26.68,1011.37,15.663,0.0,0.0,0.0,-0.27,-0.08,-0.07,-0.27,1.46,1.2,9.62,185.93,7.12,8.56,0,0,0,0.0,0.0,0.0
1787615362.986328,08:49:22.986,3121,44.089,26.68,1011.37,15.663,0.0,0.0,0.0,-0.27,-0.08,-0.07,-0.27,1.46,1.2,9.62,185.93,7.12,8.56,0,0,0,0.0,0.0,0.0
1787615362.987659,08:49:22.987,3122,44.099,26.68,1011.37,15.663,0.0,0.0,0.0,-0.27,-0.08,-0.07,-0.27,1.46,1.2,9.62,185.93,7.12,8.56,0,0,0,0.0,0.0,0.0
1787615362.988358,08:49:22.988,3123,44.109,26.68,1011.37,15.663,0.0,0.0,0.0,-0.27,-0.08,-0.07,-0.27,1.46,1.2,9.62,185.93,7.12,8.56,0,0,0,0.0,0.0,0.0
1787615362.989030,08:49:22.989,3124,44.119,26.68,1011.37,15.663,0.0,0.0,0.0,-0.27,-0.08,-0.07,-0.27,1.46,1.2,9.62,185.93,7.12,8.56,0,0,0,0.0,0.0,0.0
1787615362.989744,08:49:22.989,3125,44.129,26.68,1011.37,15.663,0.0,0.0,0.0,-0.29,-0.1,-0.09,-0.29,1.46,1.2,9.62,185.93,7.12,8.56,0,0,0,0.0,0.0,0.0
1787615362.990104,08:49:22.990,3126,44.139,26.68,1011.37,15.663,0.0,0.0,0.0,-0.29,-0.1,-0.09,-0.29,1.46,1.2,9.62,185.93,7.12,8.56,0,0,0,0.0,0.0,0.0
1787615362.990376,08:49:22.990,3127,44.149,26.68,1011.37,15.663,0.0,0.0,0.0,-0.29,-0.1,-0.09,-0.29,1.46,1.2,9.62,185.93,7.12,8.56,0,0,0,0.0,0.0,0.0
1787615362.990641,08:49:22.990,3128,44.159,26.68,1011.37,15.663,0.0,0.0,0.0,-0.29,-0.1,-0.09,-0.29,1.46,1.2,9.62,185.93,7.12,8.56,0,0,0,0.0,0.0,0.0
1787615362.990899,08:49:22.990,3129,44.169,26.69,1011.38,15.581,0.0,0.0,0.0,-0.29,-0.1,-0.09,-0.29,1.46,1.2,9.62,185.93,7.12,8.56,0,0,0,0.0,0.0,0.0
1787615362.991213,08:49:22.991,3130,44.179,26.69,1011.38,15.581,0.0,0.0,0.0,-0.29,-0.1,-0.09,-0.29,1.46,1.2,9.62,185.93,7.12,8.56,0,0,0,0.0,0.0,0.0
1787615363.092934,08:49:23.092,3131,44.189,26.69,1011.38,15.581,0.0,0.0,0.0,-0.29,-0.1,-0.09,-0.29,1.46,1.2,9.62,185.93,7.12,8.56,0,0,0,0.0,0.0,0.0
1787615363.094345,08:49:23.094,3132,44.199,26.69,1011.38,15.581,0.0,0.0,0.0,-0.29,-0.1,-0.09,-0.29,1.46,1.2,9.62,185.93,7.12,8.56,0,0,0,0.0,0.0,0.0
1787615363.095070,08:49:23.095,3133,44.209,26.69,1011.38,15.581,0.0,0.0,0.0,-0.29,-0.1,-0.09,-0.29,1.46,1.2,9.62,185.93,7.12,8.56,0,0,0,0.0,0.0,0.0
1787615363.095768,08:49:23.095,3134,44.219,26.69,1011.38,15.581,0.0,0.0,0.0,-0.29,-0.1,-0.09,-0.29,1.46,1.2,9.62,185.93,7.12,8.56,0,0,0,0.0,0.0,0.0
1787615363.096450,08:49:23.096,3135,44.229,26.69,1011.38,15.581,0.0,0.0,0.0,-0.27,-0.09,-0.06,-0.27,1.46,1.2,9.62,185.93,7.12,8.56,0,0,0,0.0,0.0,0.0
1787615363.097132,08:49:23.097,3136,44.239,26.69,1011.38,15.581,0.0,0.0,0.0,-0.27,-0.09,-0.06,-0.27,1.46,1.2,9.62,185.93,7.12,8.56,0,0,0,0.0,0.0,0.0
1787615363.097822,08:49:23.097,3137,44.249,26.69,1011.38,15.581,0.0,0.0,0.0,-0.27,-0.09,-0.06,-0.27,1.46,1.2,9.62,185.93,7.12,8.56,0,0,0,0.0,0.0,0.0
1787615363.098649,08:49:23.098,3138,44.259,26.69,1011.38,15.581,0.0,0.0,0.0,-0.27,-0.09,-0.06,-0.27,1.46,1.2,9.62,185.93,7.12,8.56,0,0,0,0.0,0.0,0.0
1787615363.099086,08:49:23.099,3139,44.269,26.69,1011.38,15.581,0.0,0.0,0.0,-0.27,-0.09,-0.06,-0.27,1.46,1.2,9.62,185.93,7.12,8.56,0,0,0,0.0,0.0,0.0
1787615363.099495,08:49:23.099,3140,44.279,26.69,1011.38,15.581,0.0,0.0,0.0,-0.27,-0.09,-0.06,-0.27,1.46,1.2,9.62,185.93,7.12,8.56,0,0,0,0.0,0.0,0.0
1787615363.099910,08:49:23.099,3141,44.289,26.69,1011.38,15.581,0.0,0.0,0.0,-0.27,-0.09,-0.06,-0.27,1.46,1.2,9.62,185.93,7.12,8.56,0,0,0,0.0,0.0,0.0
1787615363.100312,08:49:23.100,3142,44.299,26.69,1011.38,15.581,0.0,0.0,0.0,-0.27,-0.09,-0.06,-0.27,1.46,1.2,9.62,185.93,7.12,8.56,0,0,0,0.0,0.0,0.0
1787615363.201906,08:49:23.201,3143,44.309,26.69,1011.38,15.581,0.0,0.0,0.0,-0.27,-0.09,-0.06,-0.27,1.46,1.2,9.62,185.93,7.12,8.56,0,0,0,0.0,0.0,0.0
1787615363.202979,08:49:23.202,3144,44.319,26.69,1011.38,15.581,0.0,0.0,0.0,-0.27,-0.09,-0.06,-0.27,1.46,1.2,9.62,185.93,7.12,8.56,0,0,0,0.0,0.0,0.0
1787615363.203396,08:49:23.203,3145,44.329,26.69,1011.38,15.581,0.0,0.0,0.0,-0.29,-0.11,-0.09,-0.29,1.46,1.2,9.62,185.93,7.12,8.56,0,0,0,0.0,0.0,0.0
1787615363.203718,08:49:23.203,3146,44.339,26.69,1011.38,15.581,0.0,0.0,0.0,-0.29,-0.11,-0.09,-0.29,1.46,1.2,9.62,185.93,7.12,8.56,0,0,0,0.0,0.0,0.0
1787615363.204038,08:49:23.204,3147,44.349,26.69,1011.38,15.581,0.0,0.0,0.0,-0.29,-0.11,-0.09,-0.29,1.46,1.2,9.62,185.93,7.12,8.56,0,0,0,0.0,0.0,0.0
1787615363.204326,08:49:23.204,3148,44.359,26.69,1011.38,15.581,0.0,0.0,0.0,-0.29,-0.11,-0.09,-0.29,1.46,1.2,9.62,185.93,7.12,8.56,0,0,0,0.0,0.0,0.0
1787615363.204603,08:49:23.204,3149,44.369,26.68,1011.37,15.663,0.0,0.0,0.0,-0.29,-0.11,-0.09,-0.29,1.46,1.2,9.62,185.93,7.12,8.56,0,0,0,0.0,0.0,0.0
1787615363.204922,08:49:23.204,3150,44.379,26.68,1011.37,15.663,0.0,0.0,0.0,-0.29,-0.11,-0.09,-0.29,1.46,1.2,9.62,185.93,7.12,8.56,0,0,0,0.0,0.0,0.0
1787615363.205649,08:49:23.205,3151,44.389,26.68,1011.37,15.663,0.0,0.0,0.0,-0.29,-0.11,-0.09,-0.29,1.46,1.2,9.62,185.93,7.12,8.56,0,0,0,0.0,0.0,0.0
1787615363.205997,08:49:23.205,3152,44.399,26.68,1011.37,15.663,0.0,0.0,0.0,-0.29,-0.11,-0.09,-0.29,1.46,1.2,9.62,185.93,7.12,8.56,0,0,0,0.0,0.0,0.0
1787615363.206315,08:49:23.206,3153,44.409,26.68,1011.37,15.663,0.0,0.0,0.0,-0.29,-0.11,-0.09,-0.29,1.46,1.2,9.62,185.93,7.12,8.56,0,0,0,0.0,0.0,0.0
1787615363.307807,08:49:23.307,3154,44.419,26.68,1011.37,15.663,0.0,0.0,0.0,-0.29,-0.11,-0.09,-0.29,1.46,1.2,9.62,185.93,7.12,8.56,0,0,0,0.0,0.0,0.0
1787615363.308256,08:49:23.308,3155,44.429,26.68,1011.37,15.663,0.0,0.0,0.0,-0.29,-0.08,-0.07,-0.29,1.46,1.2,9.62,185.93,7.12,8.56,0,0,0,0.0,0.0,0.0
1787615363.308378,08:49:23.308,3156,44.439,26.68,1011.37,15.663,0.0,0.0,0.0,-0.29,-0.08,-0.07,-0.29,1.46,1.2,9.62,185.93,7.12,8.56,0,0,0,0.0,0.0,0.0
1787615363.308486,08:49:23.308,3157,44.449,26.68,1011.37,15.663,0.0,0.0,0.0,-0.29,-0.08,-0.07,-0.29,1.46,1.2,9.62,185.93,7.12,8.56,0,0,0,0.0,0.0,0.0
1787615363.308590,08:49:23.308,3158,44.459,26.68,1011.37,15.663,0.0,0.0,0.0,-0.29,-0.08,-0.07,-0.29,1.46,1.2,9.62,185.93,7.12,8.56,0,0,0,0.0,0.0,0.0
1787615363.308766,08:49:23.308,3159,44.469,26.68,1011.37,15.663,0.0,0.0,0.0,-0.29,-0.08,-0.07,-0.29,1.46,1.2,9.62,185.93,7.12,8.56,0,0,0,0.0,0.0,0.0
1787615363.309029,08:49:23.309,3160,44.479,26.68,1011.37,15.663,0.0,0.0,0.0,-0.29,-0.08,-0.07,-0.29,1.46,1.2,9.62,185.93,7.12,8.56,0,0,0,0.0,0.0,0.0
1787615363.309294,08:49:23.309,3161,44.489,26.68,1011.37,15.663,0.0,0.0,0.0,-0.29,-0.08,-0.07,-0.29,1.46,1.2,9.62,185.93,7.12,8.56,0,0,0,0.0,0.0,0.0
1787615363.309554,08:49:23.309,3162,44.499,26.68,1011.37,15.663,0.0,0.0,0.0,-0.29,-0.08,-0.07,-0.29,1.46,1.2,9.62,185.93,7.12,8.56,0,0,0,0.0,0.0,0.0
1787615363.411020,08:49:23.411,3163,44.509,26.68,1011.37,15.663,0.0,0.0,0.0,-0.29,-0.08,-0.07,-0.29,1.46,1.2,9.62,185.93,7.12,8.56,0,0,0,0.0,0.0,0.0
1787615363.411810,08:49:23.411,3164,44.519,26.68,1011.37,15.663,0.0,0.0,0.0,-0.29,-0.08,-0.07,-0.29,1.46,1.2,9.62,185.93,7.12,8.56,0,0,0,0.0,0.0,0.0
1787615363.412142,08:49:23.412,3165,44.529,26.68,1011.37,15.663,0.0,0.0,0.0,-0.29,-0.08,-0.07,-0.29,1.46,1.2,9.62,185.93,7.12,8.56,0,0,0,0.0,0.0,0.0
1787615363.412408,08:49:23.412,3166,44.539,26.68,1011.37,15.663,0.0,0.0,0.0,-0.36,-0.1,-0.17,-0.36,1.46,1.2,9.62,185.93,7.12,8.56,0,0,0,0.0,0.0,0.0
1787615363.412657,08:49:23.412,3167,44.549,26.68,1011.37,15.663,0.0,0.0,0.0,-0.36,-0.1,-0.17,-0.36,1.46,1.2,9.62,185.93,7.12,8.56,0,0,0,0.0,0.0,0.0
1787615363.412940,08:49:23.412,3168,44.559,26.68,1011.37,15.663,0.0,0.0,0.0,-0.36,-0.1,-0.17,-0.36,1.46,1.2,9.62,185.93,7.12,8.56,0,0,0,0.0,0.0,0.0
1787615363.413361,08:49:23.413,3169,44.569,26.68,1011.38,15.581,0.0,0.0,0.0,-0.36,-0.1,-0.17,-0.36,1.46,1.2,9.62,185.93,7.12,8.56,0,0,0,0.0,0.0,0.0
1787615363.414024,08:49:23.414,3170,44.579,26.68,1011.38,15.581,0.0,0.0,0.0,-0.36,-0.1,-0.17,-0.36,1.46,1.2,9.62,185.93,7.12,8.56,0,0,0,0.0,0.0,0.0
1787615363.414365,08:49:23.414,3171,44.589,26.68,1011.38,15.581,0.0,0.0,0.0,-0.36,-0.1,-0.17,-0.36,1.46,1.2,9.62,185.93,7.12,8.56,0,0,0,0.0,0.0,0.0
1787615363.414669,08:49:23.414,3172,44.599,26.68,1011.38,15.581,0.0,0.0,0.0,-0.36,-0.1,-0.17,-0.36,1.46,1.2,9.62,185.93,7.12,8.56,0,0,0,0.0,0.0,0.0
1787615363.414929,08:49:23.414,3173,44.609,26.68,1011.38,15.581,0.0,0.0,0.0,-0.36,-0.1,-0.17,-0.36,1.46,1.2,9.62,185.93,7.12,8.56,0,0,0,0.0,0.0,0.0
1787615363.415197,08:49:23.415,3174,44.619,26.68,1011.38,15.581,0.0,0.0,0.0,-0.36,-0.1,-0.17,-0.36,1.46,1.2,9.62,185.93,7.12,8.56,0,0,0,0.0,0.0,0.0
1787615363.516829,08:49:23.516,3175,44.63,26.68,1011.38,15.581,0.0,0.0,0.0,-0.31,-0.09,-0.11,-0.31,1.46,1.2,9.62,185.93,7.12,8.56,0,0,0,0.0,0.0,0.0
1787615363.518276,08:49:23.518,3176,44.639,26.68,1011.38,15.581,0.0,0.0,0.0,-0.31,-0.09,-0.11,-0.31,1.46,1.2,9.62,185.93,7.12,8.56,0,0,0,0.0,0.0,0.0
1787615363.519060,08:49:23.519,3177,44.649,26.68,1011.38,15.581,0.0,0.0,0.0,-0.31,-0.09,-0.11,-0.31,1.46,1.2,9.62,185.93,7.12,8.56,0,0,0,0.0,0.0,0.0
1787615363.519502,08:49:23.519,3178,44.659,26.68,1011.38,15.581,0.0,0.0,0.0,-0.31,-0.09,-0.11,-0.31,1.46,1.2,9.62,185.93,7.12,8.56,0,0,0,0.0,0.0,0.0
1787615363.519922,08:49:23.519,3179,44.669,26.68,1011.38,15.581,0.0,0.0,0.0,-0.31,-0.09,-0.11,-0.31,1.46,1.2,9.62,185.93,7.12,8.56,0,0,0,0.0,0.0,0.0
1787615363.520336,08:49:23.520,3180,44.679,26.68,1011.38,15.581,0.0,0.0,0.0,-0.31,-0.09,-0.11,-0.31,1.46,1.2,9.62,185.93,7.12,8.56,0,0,0,0.0,0.0,0.0
1787615363.520716,08:49:23.520,3181,44.689,26.68,1011.38,15.581,0.0,0.0,0.0,-0.31,-0.09,-0.11,-0.31,1.46,1.2,9.62,185.93,7.12,8.56,0,0,0,0.0,0.0,0.0
1787615363.521073,08:49:23.521,3182,44.699,26.68,1011.38,15.581,0.0,0.0,0.0,-0.31,-0.09,-0.11,-0.31,1.46,1.2,9.62,185.93,7.12,8.56,0,0,0,0.0,0.0,0.0
1787615363.521434,08:49:23.521,3183,44.709,26.68,1011.38,15.581,0.0,0.0,0.0,-0.31,-0.09,-0.11,-0.31,1.46,1.2,9.62,185.93,7.12,8.56,0,0,0,0.0,0.0,0.0
1787615363.521776,08:49:23.521,3184,44.719,26.68,1011.38,15.581,0.0,0.0,0.0,-0.31,-0.09,-0.11,-0.31,1.46,1.2,9.62,185.93,7.12,8.56,0,0,0,0.0,0.0,0.0
1787615363.622607,08:49:23.622,3185,44.729,26.68,1011.38,15.581,0.0,0.0,0.0,-0.27,-0.09,-0.05,-0.27,1.46,1.2,9.62,185.93,7.12,8.56,0,0,0,0.0,0.0,0.0
1787615363.624472,08:49:23.624,3186,44.739,26.68,1011.38,15.581,0.0,0.0,0.0,-0.27,-0.09,-0.05,-0.27,1.46,1.2,9.62,185.93,7.12,8.56,0,0,0,0.0,0.0,0.0
1787615363.625042,08:49:23.625,3187,44.749,26.68,1011.38,15.581,0.0,0.0,0.0,-0.27,-0.09,-0.05,-0.27,1.46,1.2,9.62,185.93,7.12,8.56,0,0,0,0.0,0.0,0.0
1787615363.625382,08:49:23.625,3188,44.759,26.68,1011.38,15.581,0.0,0.0,0.0,-0.27,-0.09,-0.05,-0.27,1.46,1.2,9.62,185.93,7.12,8.56,0,0,0,0.0,0.0,0.0
1787615363.625706,08:49:23.625,3189,44.769,26.67,1011.36,15.747,0.0,0.0,0.0,-0.27,-0.09,-0.05,-0.27,1.46,1.2,9.62,185.93,7.12,8.56,0,0,0,0.0,0.0,0.0
1787615363.626006,08:49:23.626,3190,44.779,26.67,1011.36,15.747,0.0,0.0,0.0,-0.27,-0.09,-0.05,-0.27,1.46,1.2,9.62,185.93,7.12,8.56,0,0,0,0.0,0.0,0.0
1787615363.626304,08:49:23.626,3191,44.789,26.67,1011.36,15.747,0.0,0.0,0.0,-0.27,-0.09,-0.05,-0.27,1.46,1.2,9.62,185.93,7.12,8.56,0,0,0,0.0,0.0,0.0
1787615363.626587,08:49:23.626,3192,44.799,26.67,1011.36,15.747,0.0,0.0,0.0,-0.27,-0.09,-0.05,-0.27,1.46,1.2,9.62,185.93,7.12,8.56,0,0,0,0.0,0.0,0.0
1787615363.626850,08:49:23.626,3193,44.809,26.67,1011.36,15.747,0.0,0.0,0.0,-0.27,-0.09,-0.05,-0.27,1.46,1.2,9.62,185.93,7.12,8.56,0,0,0,0.0,0.0,0.0
1787615363.627108,08:49:23.627,3194,44.819,26.67,1011.36,15.747,0.0,0.0,0.0,-0.27,-0.09,-0.05,-0.27,1.46,1.2,9.62,185.93,7.12,8.56,0,0,0,0.0,0.0,0.0
1787615363.627437,08:49:23.627,3195,44.829,26.67,1011.36,15.747,0.0,0.0,0.0,-0.26,-0.08,-0.07,-0.26,1.46,1.19,9.62,185.93,7.06,8.56,0,0,0,0.0,0.0,0.0
1787615363.728690,08:49:23.728,3196,44.839,26.67,1011.36,15.747,0.0,0.0,0.0,-0.26,-0.08,-0.07,-0.26,1.46,1.19,9.62,185.93,7.06,8.56,0,0,0,0.0,0.0,0.0
1787615363.729263,08:49:23.729,3197,44.849,26.67,1011.36,15.747,0.0,0.0,0.0,-0.26,-0.08,-0.07,-0.26,1.46,1.19,9.62,185.93,7.06,8.56,0,0,0,0.0,0.0,0.0
1787615363.729549,08:49:23.729,3198,44.859,26.67,1011.36,15.747,0.0,0.0,0.0,-0.26,-0.08,-0.07,-0.26,1.46,1.19,9.62,185.93,7.06,8.56,0,0,0,0.0,0.0,0.0
1787615363.729819,08:49:23.729,3199,44.869,26.67,1011.36,15.747,0.0,0.0,0.0,-0.26,-0.08,-0.07,-0.26,1.46,1.19,9.62,185.93,7.06,8.56,0,0,0,0.0,0.0,0.0
1787615363.730081,08:49:23.730,3200,44.879,26.67,1011.36,15.747,0.0,0.0,0.0,-0.26,-0.08,-0.07,-0.26,1.46,1.19,9.62,185.93,7.06,8.56,0,0,0,0.0,0.0,0.0
1787615363.730598,08:49:23.730,3201,44.889,26.67,1011.36,15.747,0.0,0.0,0.0,-0.26,-0.08,-0.07,-0.26,1.46,1.19,9.62,185.93,7.06,8.56,0,0,0,0.0,0.0,0.0
1787615363.730859,08:49:23.730,3202,44.899,26.67,1011.36,15.747,0.0,0.0,0.0,-0.26,-0.08,-0.07,-0.26,1.46,1.19,9.62,185.93,7.06,8.56,0,0,0,0.0,0.0,0.0
1787615363.731118,08:49:23.731,3203,44.909,26.67,1011.36,15.747,0.0,0.0,0.0,-0.26,-0.08,-0.07,-0.26,1.46,1.19,9.62,185.93,7.06,8.56,0,0,0,0.0,0.0,0.0
1787615363.731375,08:49:23.731,3204,44.919,26.67,1011.36,15.747,0.0,0.0,0.0,-0.26,-0.08,-0.07,-0.26,1.46,1.19,9.62,185.93,7.06,8.56,0,0,0,0.0,0.0,0.0
1787615363.731632,08:49:23.731,3205,44.929,26.67,1011.36,15.747,0.0,0.0,0.0,-0.26,-0.09,-0.09,-0.26,1.46,1.18,9.62,185.93,7.0,8.56,0,0,0,0.0,0.0,0.0
1787615363.833186,08:49:23.833,3206,44.939,26.67,1011.36,15.747,0.0,0.0,0.0,-0.26,-0.09,-0.09,-0.26,1.46,1.18,9.62,185.93,7.0,8.56,0,0,0,0.0,0.0,0.0
1787615363.834178,08:49:23.834,3207,44.949,26.67,1011.36,15.747,0.0,0.0,0.0,-0.26,-0.09,-0.09,-0.26,1.46,1.18,9.62,185.93,7.0,8.56,0,0,0,0.0,0.0,0.0
1787615363.834514,08:49:23.834,3208,44.959,26.67,1011.36,15.747,0.0,0.0,0.0,-0.26,-0.09,-0.09,-0.26,1.46,1.18,9.62,185.93,7.0,8.56,0,0,0,0.0,0.0,0.0
1787615363.834787,08:49:23.834,3209,44.969,26.68,1011.35,15.829,0.0,0.0,0.0,-0.26,-0.09,-0.09,-0.26,1.46,1.18,9.62,185.93,7.0,8.56,0,0,0,0.0,0.0,0.0
1787615363.835049,08:49:23.835,3210,44.979,26.68,1011.35,15.829,0.0,0.0,0.0,-0.26,-0.09,-0.09,-0.26,1.46,1.18,9.62,185.93,7.0,8.56,0,0,0,0.0,0.0,0.0
1787615363.835319,08:49:23.835,3211,44.989,26.68,1011.35,15.829,0.0,0.0,0.0,-0.26,-0.09,-0.09,-0.26,1.46,1.18,9.62,185.93,7.0,8.56,0,0,0,0.0,0.0,0.0
1787615363.835592,08:49:23.835,3212,44.999,26.68,1011.35,15.829,0.0,0.0,0.0,-0.26,-0.09,-0.09,-0.26,1.46,1.18,9.62,185.93,7.0,8.56,0,0,0,0.0,0.0,0.0
1787615363.835874,08:49:23.835,3213,45.009,26.68,1011.35,15.829,0.0,0.0,0.0,-0.26,-0.09,-0.09,-0.26,1.46,1.18,9.62,185.93,7.0,8.56,0,0,0,0.0,0.0,0.0
1787615363.836226,08:49:23.836,3214,45.019,26.68,1011.35,15.829,0.0,0.0,0.0,-0.26,-0.09,-0.09,-0.26,1.46,1.18,9.62,185.93,7.0,8.56,0,0,0,0.0,0.0,0.0
1787615363.836489,08:49:23.836,3215,45.029,26.68,1011.35,15.829,0.0,0.0,0.0,-0.29,-0.09,-0.04,-0.29,1.46,1.17,9.62,185.93,6.93,8.56,0,0,0,0.0,0.0,0.0
1787615363.836746,08:49:23.836,3216,45.039,26.68,1011.35,15.829,0.0,0.0,0.0,-0.29,-0.09,-0.04,-0.29,1.46,1.17,9.62,185.93,6.93,8.56,0,0,0,0.0,0.0,0.0
1787615363.938398,08:49:23.938,3217,45.049,26.68,1011.35,15.829,0.0,0.0,0.0,-0.29,-0.09,-0.04,-0.29,1.46,1.17,9.62,185.93,6.93,8.56,0,0,0,0.0,0.0,0.0
1787615363.939882,08:49:23.939,3218,45.059,26.68,1011.35,15.829,0.0,0.0,0.0,-0.29,-0.09,-0.04,-0.29,1.46,1.17,9.62,185.93,6.93,8.56,0,0,0,0.0,0.0,0.0
1787615363.940589,08:49:23.940,3219,45.069,26.68,1011.35,15.829,0.0,0.0,0.0,-0.29,-0.09,-0.04,-0.29,1.46,1.17,9.62,185.93,6.93,8.56,0,0,0,0.0,0.0,0.0
1787615363.941268,08:49:23.941,3220,45.079,26.68,1011.35,15.829,0.0,0.0,0.0,-0.29,-0.09,-0.04,-0.29,1.46,1.17,9.62,185.93,6.93,8.56,0,0,0,0.0,0.0,0.0
1787615363.941756,08:49:23.941,3221,45.089,26.68,1011.35,15.829,0.0,0.0,0.0,-0.29,-0.09,-0.04,-0.29,1.46,1.17,9.62,185.93,6.93,8.56,0,0,0,0.0,0.0,0.0
1787615363.942099,08:49:23.942,3222,45.099,26.68,1011.35,15.829,0.0,0.0,0.0,-0.29,-0.09,-0.04,-0.29,1.46,1.17,9.62,185.93,6.93,8.56,0,0,0,0.0,0.0,0.0
1787615363.942790,08:49:23.942,3223,45.109,26.68,1011.35,15.829,0.0,0.0,0.0,-0.29,-0.09,-0.04,-0.29,1.46,1.17,9.62,185.93,6.93,8.56,0,0,0,0.0,0.0,0.0
1787615363.943237,08:49:23.943,3224,45.119,26.68,1011.35,15.829,0.0,0.0,0.0,-0.29,-0.09,-0.04,-0.29,1.46,1.17,9.62,185.93,6.93,8.56,0,0,0,0.0,0.0,0.0
1787615363.943566,08:49:23.943,3225,45.129,26.68,1011.35,15.829,0.0,0.0,0.0,-0.28,-0.07,-0.07,-0.28,1.46,1.17,9.62,185.93,6.93,8.56,0,0,0,0.0,0.0,0.0
1787615363.943935,08:49:23.943,3226,45.139,26.68,1011.35,15.829,0.0,0.0,0.0,-0.28,-0.07,-0.07,-0.28,1.46,1.17,9.62,185.93,6.93,8.56,0,0,0,0.0,0.0,0.0
1787615364.045416,08:49:24.045,3227,45.149,26.68,1011.35,15.829,0.0,0.0,0.0,-0.28,-0.07,-0.07,-0.28,1.46,1.17,9.62,185.93,6.93,8.56,0,0,0,0.0,0.0,0.0
1787615364.046262,08:49:24.046,3228,45.159,26.68,1011.35,15.829,0.0,0.0,0.0,-0.28,-0.07,-0.07,-0.28,1.46,1.17,9.62,185.93,6.93,8.56,0,0,0,0.0,0.0,0.0
1787615364.046570,08:49:24.046,3229,45.169,26.68,1011.37,15.663,0.0,0.0,0.0,-0.28,-0.07,-0.07,-0.28,1.46,1.17,9.62,185.93,6.93,8.56,0,0,0,0.0,0.0,0.0
1787615364.046854,08:49:24.046,3230,45.179,26.68,1011.37,15.663,0.0,0.0,0.0,-0.28,-0.07,-0.07,-0.28,1.46,1.17,9.62,185.93,6.93,8.56,0,0,0,0.0,0.0,0.0
1787615364.047133,08:49:24.047,3231,45.189,26.68,1011.37,15.663,0.0,0.0,0.0,-0.28,-0.07,-0.07,-0.28,1.46,1.17,9.62,185.93,6.93,8.56,0,0,0,0.0,0.0,0.0
1787615364.047412,08:49:24.047,3232,45.199,26.68,1011.37,15.663,0.0,0.0,0.0,-0.28,-0.07,-0.07,-0.28,1.46,1.17,9.62,185.93,6.93,8.56,0,0,0,0.0,0.0,0.0
1787615364.047691,08:49:24.047,3233,45.209,26.68,1011.37,15.663,0.0,0.0,0.0,-0.28,-0.07,-0.07,-0.28,1.46,1.17,9.62,185.93,6.93,8.56,0,0,0,0.0,0.0,0.0
1787615364.048352,08:49:24.048,3234,45.219,26.68,1011.37,15.663,0.0,0.0,0.0,-0.28,-0.07,-0.07,-0.28,1.46,1.17,9.62,185.93,6.93,8.56,0,0,0,0.0,0.0,0.0
1787615364.049043,08:49:24.049,3235,45.229,26.68,1011.37,15.663,0.0,0.0,0.0,-0.29,-0.08,-0.08,-0.29,1.46,1.17,9.62,185.93,6.93,8.56,0,0,0,0.0,0.0,0.0
1787615364.049701,08:49:24.049,3236,45.239,26.68,1011.37,15.663,0.0,0.0,0.0,-0.29,-0.08,-0.08,-0.29,1.46,1.17,9.62,185.93,6.93,8.56,0,0,0,0.0,0.0,0.0
1787615364.050111,08:49:24.050,3237,45.249,26.68,1011.37,15.663,0.0,0.0,0.0,-0.29,-0.08,-0.08,-0.29,1.46,1.17,9.62,185.93,6.93,8.56,0,0,0,0.0,0.0,0.0
1787615364.151845,08:49:24.151,3238,45.259,26.68,1011.37,15.663,0.0,0.0,0.0,-0.29,-0.08,-0.08,-0.29,1.46,1.17,9.62,185.93,6.93,8.56,0,0,0,0.0,0.0,0.0
1787615364.153225,08:49:24.153,3239,45.269,26.68,1011.37,15.663,0.0,0.0,0.0,-0.29,-0.08,-0.08,-0.29,1.46,1.17,9.62,185.93,6.93,8.56,0,0,0,0.0,0.0,0.0
1787615364.153941,08:49:24.153,3240,45.279,26.68,1011.37,15.663,0.0,0.0,0.0,-0.29,-0.08,-0.08,-0.29,1.46,1.17,9.62,185.93,6.93,8.56,0,0,0,0.0,0.0,0.0
1787615364.154617,08:49:24.154,3241,45.289,26.68,1011.37,15.663,0.0,0.0,0.0,-0.29,-0.08,-0.08,-0.29,1.46,1.17,9.62,185.93,6.93,8.56,0,0,0,0.0,0.0,0.0
1787615364.155278,08:49:24.155,3242,45.299,26.68,1011.37,15.663,0.0,0.0,0.0,-0.29,-0.08,-0.08,-0.29,1.46,1.17,9.62,185.93,6.93,8.56,0,0,0,0.0,0.0,0.0
1787615364.155936,08:49:24.155,3243,45.309,26.68,1011.37,15.663,0.0,0.0,0.0,-0.29,-0.08,-0.08,-0.29,1.46,1.17,9.62,185.93,6.93,8.56,0,0,0,0.0,0.0,0.0
1787615364.156599,08:49:24.156,3244,45.319,26.68,1011.37,15.663,0.0,0.0,0.0,-0.29,-0.08,-0.08,-0.29,1.46,1.17,9.62,185.93,6.93,8.56,0,0,0,0.0,0.0,0.0
1787615364.157258,08:49:24.157,3245,45.329,26.68,1011.37,15.663,0.0,0.0,0.0,-0.28,-0.1,-0.09,-0.28,1.46,1.17,9.62,185.93,6.93,8.56,0,0,0,0.0,0.0,0.0
1787615364.157922,08:49:24.157,3246,45.339,26.68,1011.37,15.663,0.0,0.0,0.0,-0.28,-0.1,-0.09,-0.28,1.46,1.17,9.62,185.93,6.93,8.56,0,0,0,0.0,0.0,0.0
1787615364.158582,08:49:24.158,3247,45.349,26.68,1011.37,15.663,0.0,0.0,0.0,-0.28,-0.1,-0.09,-0.28,1.46,1.17,9.62,185.93,6.93,8.56,0,0,0,0.0,0.0,0.0
1787615364.259867,08:49:24.259,3248,45.359,26.68,1011.37,15.663,0.0,0.0,0.0,-0.28,-0.1,-0.09,-0.28,1.46,1.17,9.62,185.93,6.93,8.56,0,0,0,0.0,0.0,0.0
1787615364.260278,08:49:24.260,3249,45.369,26.68,1011.35,15.829,0.0,0.0,0.0,-0.28,-0.1,-0.09,-0.28,1.46,1.17,9.62,185.93,6.93,8.56,0,0,0,0.0,0.0,0.0
1787615364.260468,08:49:24.260,3250,45.379,26.68,1011.35,15.829,0.0,0.0,0.0,-0.28,-0.1,-0.09,-0.28,1.46,1.17,9.62,185.93,6.93,8.56,0,0,0,0.0,0.0,0.0
1787615364.260627,08:49:24.260,3251,45.389,26.68,1011.35,15.829,0.0,0.0,0.0,-0.28,-0.1,-0.09,-0.28,1.46,1.17,9.62,185.93,6.93,8.56,0,0,0,0.0,0.0,0.0
1787615364.260781,08:49:24.260,3252,45.399,26.68,1011.35,15.829,0.0,0.0,0.0,-0.28,-0.1,-0.09,-0.28,1.46,1.17,9.62,185.93,6.93,8.56,0,0,0,0.0,0.0,0.0
1787615364.260932,08:49:24.260,3253,45.409,26.68,1011.35,15.829,0.0,0.0,0.0,-0.28,-0.1,-0.09,-0.28,1.46,1.17,9.62,185.93,6.93,8.56,0,0,0,0.0,0.0,0.0
1787615364.261084,08:49:24.261,3254,45.419,26.68,1011.35,15.829,0.0,0.0,0.0,-0.28,-0.1,-0.09,-0.28,1.46,1.17,9.62,185.93,6.93,8.56,0,0,0,0.0,0.0,0.0
1787615364.261237,08:49:24.261,3255,45.429,26.68,1011.35,15.829,0.0,0.0,0.0,-0.29,-0.08,-0.08,-0.29,1.46,1.17,9.62,185.93,6.93,8.56,0,0,0,0.0,0.0,0.0
1787615364.261389,08:49:24.261,3256,45.439,26.68,1011.35,15.829,0.0,0.0,0.0,-0.29,-0.08,-0.08,-0.29,1.46,1.17,9.62,185.93,6.93,8.56,0,0,0,0.0,0.0,0.0
1787615364.362047,08:49:24.362,3257,45.449,26.68,1011.35,15.829,0.0,0.0,0.0,-0.29,-0.08,-0.08,-0.29,1.46,1.17,9.62,185.93,6.93,8.56,0,0,0,0.0,0.0,0.0
1787615364.362882,08:49:24.362,3258,45.459,26.68,1011.35,15.829,0.0,0.0,0.0,-0.29,-0.08,-0.08,-0.29,1.46,1.17,9.62,185.93,6.93,8.56,0,0,0,0.0,0.0,0.0
1787615364.363209,08:49:24.363,3259,45.469,26.68,1011.35,15.829,0.0,0.0,0.0,-0.29,-0.08,-0.08,-0.29,1.46,1.17,9.62,185.93,6.93,8.56,0,0,0,0.0,0.0,0.0
1787615364.363495,08:49:24.363,3260,45.479,26.68,1011.35,15.829,0.0,0.0,0.0,-0.29,-0.08,-0.08,-0.29,1.46,1.17,9.62,185.93,6.93,8.56,0,0,0,0.0,0.0,0.0
1787615364.363782,08:49:24.363,3261,45.489,26.68,1011.35,15.829,0.0,0.0,0.0,-0.29,-0.08,-0.08,-0.29,1.46,1.17,9.62,185.93,6.93,8.56,0,0,0,0.0,0.0,0.0
1787615364.364067,08:49:24.364,3262,45.499,26.68,1011.35,15.829,0.0,0.0,0.0,-0.29,-0.08,-0.08,-0.29,1.46,1.17,9.62,185.93,6.93,8.56,0,0,0,0.0,0.0,0.0
1787615364.364348,08:49:24.364,3263,45.509,26.68,1011.35,15.829,0.0,0.0,0.0,-0.29,-0.08,-0.08,-0.29,1.46,1.17,9.62,185.93,6.93,8.56,0,0,0,0.0,0.0,0.0
1787615364.364719,08:49:24.364,3264,45.519,26.68,1011.35,15.829,0.0,0.0,0.0,-0.29,-0.08,-0.08,-0.29,1.46,1.17,9.62,185.93,6.93,8.56,0,0,0,0.0,0.0,0.0
1787615364.365009,08:49:24.365,3265,45.529,26.68,1011.35,15.829,0.0,0.0,0.0,-0.26,-0.08,-0.1,-0.26,1.46,1.17,9.62,185.93,6.93,8.56,0,0,0,0.0,0.0,0.0
1787615364.365295,08:49:24.365,3266,45.539,26.68,1011.35,15.829,0.0,0.0,0.0,-0.26,-0.08,-0.1,-0.26,1.46,1.17,9.62,185.93,6.93,8.56,0,0,0,0.0,0.0,0.0
1787615364.365573,08:49:24.365,3267,45.549,26.68,1011.35,15.829,0.0,0.0,0.0,-0.26,-0.08,-0.1,-0.26,1.46,1.17,9.62,185.93,6.93,8.56,0,0,0,0.0,0.0,0.0
1787615364.365862,08:49:24.365,3268,45.559,26.68,1011.35,15.829,0.0,0.0,0.0,-0.26,-0.08,-0.1,-0.26,1.46,1.17,9.62,185.93,6.93,8.56,0,0,0,0.0,0.0,0.0
1787615364.467504,08:49:24.467,3269,45.569,26.67,1011.37,15.663,0.0,0.0,0.0,-0.26,-0.08,-0.1,-0.26,1.46,1.17,9.62,185.93,6.93,8.56,0,0,0,0.0,0.0,0.0
1787615364.468981,08:49:24.468,3270,45.579,26.67,1011.37,15.663,0.0,0.0,0.0,-0.26,-0.08,-0.1,-0.26,1.46,1.17,9.62,185.93,6.93,8.56,0,0,0,0.0,0.0,0.0
1787615364.469703,08:49:24.469,3271,45.589,26.67,1011.37,15.663,0.0,0.0,0.0,-0.26,-0.08,-0.1,-0.26,1.46,1.17,9.62,185.93,6.93,8.56,0,0,0,0.0,0.0,0.0
1787615364.470401,08:49:24.470,3272,45.599,26.67,1011.37,15.663,0.0,0.0,0.0,-0.26,-0.08,-0.1,-0.26,1.46,1.17,9.62,185.93,6.93,8.56,0,0,0,0.0,0.0,0.0
1787615364.471086,08:49:24.471,3273,45.609,26.67,1011.37,15.663,0.0,0.0,0.0,-0.26,-0.08,-0.1,-0.26,1.46,1.17,9.62,185.93,6.93,8.56,0,0,0,0.0,0.0,0.0
1787615364.471792,08:49:24.471,3274,45.619,26.67,1011.37,15.663,0.0,0.0,0.0,-0.26,-0.08,-0.1,-0.26,1.46,1.17,9.62,185.93,6.93,8.56,0,0,0,0.0,0.0,0.0
1787615364.472122,08:49:24.472,3275,45.629,26.67,1011.37,15.663,0.0,0.0,0.0,-0.29,-0.08,-0.09,-0.29,1.46,1.17,9.62,185.93,6.93,8.56,0,0,0,0.0,0.0,0.0
1787615364.472400,08:49:24.472,3276,45.639,26.67,1011.37,15.663,0.0,0.0,0.0,-0.29,-0.08,-0.09,-0.29,1.46,1.17,9.62,185.93,6.93,8.56,0,0,0,0.0,0.0,0.0
1787615364.472667,08:49:24.472,3277,45.649,26.67,1011.37,15.663,0.0,0.0,0.0,-0.29,-0.08,-0.09,-0.29,1.46,1.17,9.62,185.93,6.93,8.56,0,0,0,0.0,0.0,0.0
1787615364.472931,08:49:24.472,3278,45.659,26.67,1011.37,15.663,0.0,0.0,0.0,-0.29,-0.08,-0.09,-0.29,1.46,1.17,9.62,185.93,6.93,8.56,0,0,0,0.0,0.0,0.0
1787615364.473194,08:49:24.473,3279,45.669,26.67,1011.37,15.663,0.0,0.0,0.0,-0.29,-0.08,-0.09,-0.29,1.46,1.17,9.62,185.93,6.93,8.56,0,0,0,0.0,0.0,0.0
1787615364.574814,08:49:24.574,3280,45.679,26.67,1011.37,15.663,0.0,0.0,0.0,-0.29,-0.08,-0.09,-0.29,1.46,1.17,9.62,185.93,6.93,8.56,0,0,0,0.0,0.0,0.0
1787615364.576238,08:49:24.576,3281,45.689,26.67,1011.37,15.663,0.0,0.0,0.0,-0.29,-0.08,-0.09,-0.29,1.46,1.17,9.62,185.93,6.93,8.56,0,0,0,0.0,0.0,0.0
1787615364.576836,08:49:24.576,3282,45.699,26.67,1011.37,15.663,0.0,0.0,0.0,-0.29,-0.08,-0.09,-0.29,1.46,1.17,9.62,185.93,6.93,8.56,0,0,0,0.0,0.0,0.0
1787615364.577230,08:49:24.577,3283,45.709,26.67,1011.37,15.663,0.0,0.0,0.0,-0.29,-0.08,-0.09,-0.29,1.46,1.17,9.62,185.93,6.93,8.56,0,0,0,0.0,0.0,0.0
1787615364.577616,08:49:24.577,3284,45.719,26.67,1011.37,15.663,0.0,0.0,0.0,-0.29,-0.08,-0.09,-0.29,1.46,1.17,9.62,185.93,6.93,8.56,0,0,0,0.0,0.0,0.0
1787615364.578002,08:49:24.578,3285,45.729,26.67,1011.37,15.663,0.0,0.0,0.0,-0.26,-0.11,-0.09,-0.26,1.46,1.17,9.62,185.93,6.93,8.56,0,0,0,0.0,0.0,0.0
1787615364.578391,08:49:24.578,3286,45.739,26.67,1011.37,15.663,0.0,0.0,0.0,-0.26,-0.11,-0.09,-0.26,1.46,1.17,9.62,185.93,6.93,8.56,0,0,0,0.0,0.0,0.0
1787615364.578768,08:49:24.578,3287,45.749,26.67,1011.37,15.663,0.0,0.0,0.0,-0.26,-0.11,-0.09,-0.26,1.46,1.17,9.62,185.93,6.93,8.56,0,0,0,0.0,0.0,0.0
1787615364.579110,08:49:24.579,3288,45.759,26.67,1011.37,15.663,0.0,0.0,0.0,-0.26,-0.11,-0.09,-0.26,1.46,1.17,9.62,185.93,6.93,8.56,0,0,0,0.0,0.0,0.0
1787615364.579447,08:49:24.579,3289,45.769,26.7,1011.43,15.164,0.0,0.0,0.0,-0.26,-0.11,-0.09,-0.26,1.46,1.17,9.62,185.93,6.93,8.56,0,0,0,0.0,0.0,0.0
1787615364.579779,08:49:24.579,3290,45.779,26.7,1011.43,15.164,0.0,0.0,0.0,-0.26,-0.11,-0.09,-0.26,1.46,1.17,9.62,185.93,6.93,8.56,0,0,0,0.0,0.0,0.0
1787615364.681077,08:49:24.681,3291,45.789,26.7,1011.43,15.164,0.0,0.0,0.0,-0.26,-0.11,-0.09,-0.26,1.46,1.17,9.62,185.93,6.93,8.56,0,0,0,0.0,0.0,0.0
1787615364.682489,08:49:24.682,3292,45.799,26.7,1011.43,15.164,0.0,0.0,0.0,-0.26,-0.11,-0.09,-0.26,1.46,1.17,9.62,185.93,6.93,8.56,0,0,0,0.0,0.0,0.0
1787615364.683291,08:49:24.683,3293,45.809,26.7,1011.43,15.164,0.0,0.0,0.0,-0.26,-0.11,-0.09,-0.26,1.46,1.17,9.62,185.93,6.93,8.56,0,0,0,0.0,0.0,0.0
1787615364.684020,08:49:24.684,3294,45.819,26.7,1011.43,15.164,0.0,0.0,0.0,-0.26,-0.11,-0.09,-0.26,1.46,1.17,9.62,185.93,6.93,8.56,0,0,0,0.0,0.0,0.0
1787615364.684707,08:49:24.684,3295,45.829,26.7,1011.43,15.164,0.0,0.0,0.0,-0.28,-0.09,-0.08,-0.28,1.46,1.17,9.62,185.93,6.93,8.56,0,0,0,0.0,0.0,0.0
1787615364.685094,08:49:24.685,3296,45.839,26.7,1011.43,15.164,0.0,0.0,0.0,-0.28,-0.09,-0.08,-0.28,1.46,1.17,9.62,185.93,6.93,8.56,0,0,0,0.0,0.0,0.0
1787615364.685448,08:49:24.685,3297,45.849,26.7,1011.43,15.164,0.0,0.0,0.0,-0.28,-0.09,-0.08,-0.28,1.46,1.17,9.62,185.93,6.93,8.56,0,0,0,0.0,0.0,0.0
1787615364.685797,08:49:24.685,3298,45.859,26.7,1011.43,15.164,0.0,0.0,0.0,-0.28,-0.09,-0.08,-0.28,1.46,1.17,9.62,185.93,6.93,8.56,0,0,0,0.0,0.0,0.0
1787615364.686141,08:49:24.686,3299,45.869,26.7,1011.43,15.164,0.0,0.0,0.0,-0.28,-0.09,-0.08,-0.28,1.46,1.17,9.62,185.93,6.93,8.56,0,0,0,0.0,0.0,0.0
1787615364.686489,08:49:24.686,3300,45.879,26.7,1011.43,15.164,0.0,0.0,0.0,-0.28,-0.09,-0.08,-0.28,1.46,1.17,9.62,185.93,6.93,8.56,0,0,0,0.0,0.0,0.0
1787615364.788139,08:49:24.788,3301,45.889,26.7,1011.43,15.164,0.0,0.0,0.0,-0.28,-0.09,-0.08,-0.28,1.46,1.17,9.62,185.93,6.93,8.56,0,0,0,0.0,0.0,0.0
1787615364.789387,08:49:24.789,3302,45.899,26.7,1011.43,15.164,0.0,0.0,0.0,-0.28,-0.09,-0.08,-0.28,1.46,1.17,9.62,185.93,6.93,8.56,0,0,0,0.0,0.0,0.0
1787615364.790091,08:49:24.790,3303,45.909,26.7,1011.43,15.164,0.0,0.0,0.0,-0.28,-0.09,-0.08,-0.28,1.46,1.17,9.62,185.93,6.93,8.56,0,0,0,0.0,0.0,0.0
1787615364.790756,08:49:24.790,3304,45.919,26.7,1011.43,15.164,0.0,0.0,0.0,-0.28,-0.09,-0.08,-0.28,1.46,1.17,9.62,185.93,6.93,8.56,0,0,0,0.0,0.0,0.0
1787615364.791418,08:49:24.791,3305,45.929,26.7,1011.43,15.164,0.0,0.0,0.0,-0.27,-0.08,-0.08,-0.27,1.46,1.17,9.62,185.93,6.93,8.56,0,0,0,0.0,0.0,0.0
1787615364.791841,08:49:24.791,3306,45.939,26.7,1011.43,15.164,0.0,0.0,0.0,-0.27,-0.08,-0.08,-0.27,1.46,1.17,9.62,185.93,6.93,8.56,0,0,0,0.0,0.0,0.0
1787615364.792125,08:49:24.792,3307,45.949,26.7,1011.43,15.164,0.0,0.0,0.0,-0.27,-0.08,-0.08,-0.27,1.46,1.17,9.62,185.93,6.93,8.56,0,0,0,0.0,0.0,0.0
1787615364.792409,08:49:24.792,3308,45.959,26.7,1011.43,15.164,0.0,0.0,0.0,-0.27,-0.08,-0.08,-0.27,1.46,1.17,9.62,185.93,6.93,8.56,0,0,0,0.0,0.0,0.0
1787615364.792693,08:49:24.792,3309,45.969,26.69,1011.39,15.496,0.0,0.0,0.0,-0.27,-0.08,-0.08,-0.27,1.46,1.17,9.62,185.93,6.93,8.56,0,0,0,0.0,0.0,0.0
1787615364.793231,08:49:24.793,3310,45.979,26.69,1011.39,15.496,0.0,0.0,0.0,-0.27,-0.08,-0.08,-0.27,1.46,1.17,9.62,185.93,6.93,8.56,0,0,0,0.0,0.0,0.0
1787615364.793528,08:49:24.793,3311,45.989,26.69,1011.39,15.496,0.0,0.0,0.0,-0.27,-0.08,-0.08,-0.27,1.46,1.17,9.62,185.93,6.93,8.56,0,0,0,0.0,0.0,0.0
1787615364.793825,08:49:24.793,3312,45.999,26.69,1011.39,15.496,0.0,0.0,0.0,-0.27,-0.08,-0.08,-0.27,1.46,1.17,9.62,185.93,6.93,8.56,0,0,0,0.0,0.0,0.0
1787615364.895419,08:49:24.895,3313,46.009,26.69,1011.39,15.496,0.0,0.0,0.0,-0.27,-0.08,-0.08,-0.27,1.46,1.17,9.62,185.93,6.93,8.56,0,0,0,0.0,0.0,0.0
1787615364.896875,08:49:24.896,3314,46.019,26.69,1011.39,15.496,0.0,0.0,0.0,-0.27,-0.08,-0.08,-0.27,1.46,1.17,9.62,185.93,6.93,8.56,0,0,0,0.0,0.0,0.0
1787615364.897561,08:49:24.897,3315,46.029,26.69,1011.39,15.496,0.0,0.0,0.0,-0.28,-0.09,-0.06,-0.28,1.46,1.17,9.62,185.93,6.93,8.56,0,0,0,0.0,0.0,0.0
1787615364.897947,08:49:24.897,3316,46.039,26.69,1011.39,15.496,0.0,0.0,0.0,-0.28,-0.09,-0.06,-0.28,1.46,1.17,9.62,185.93,6.93,8.56,0,0,0,0.0,0.0,0.0
1787615364.898582,08:49:24.898,3317,46.049,26.69,1011.39,15.496,0.0,0.0,0.0,-0.28,-0.09,-0.06,-0.28,1.46,1.17,9.62,185.93,6.93,8.56,0,0,0,0.0,0.0,0.0
1787615364.899005,08:49:24.899,3318,46.059,26.69,1011.39,15.496,0.0,0.0,0.0,-0.28,-0.09,-0.06,-0.28,1.46,1.17,9.62,185.93,6.93,8.56,0,0,0,0.0,0.0,0.0
1787615364.899406,08:49:24.899,3319,46.069,26.69,1011.39,15.496,0.0,0.0,0.0,-0.28,-0.09,-0.06,-0.28,1.46,1.17,9.62,185.93,6.93,8.56,0,0,0,0.0,0.0,0.0
1787615364.899758,08:49:24.899,3320,46.079,26.69,1011.39,15.496,0.0,0.0,0.0,-0.28,-0.09,-0.06,-0.28,1.46,1.17,9.62,185.93,6.93,8.56,0,0,0,0.0,0.0,0.0
1787615364.900101,08:49:24.900,3321,46.089,26.69,1011.39,15.496,0.0,0.0,0.0,-0.28,-0.09,-0.06,-0.28,1.46,1.17,9.62,185.93,6.93,8.56,0,0,0,0.0,0.0,0.0
1787615364.900430,08:49:24.900,3322,46.099,26.69,1011.39,15.496,0.0,0.0,0.0,-0.28,-0.09,-0.06,-0.28,1.46,1.17,9.62,185.93,6.93,8.56,0,0,0,0.0,0.0,0.0
1787615365.002044,08:49:25.002,3323,46.109,26.69,1011.39,15.496,0.0,0.0,0.0,-0.28,-0.09,-0.06,-0.28,1.46,1.17,9.62,185.93,6.93,8.56,0,0,0,0.0,0.0,0.0
1787615365.003528,08:49:25.003,3324,46.119,26.69,1011.39,15.496,0.0,0.0,0.0,-0.28,-0.09,-0.06,-0.28,1.46,1.17,9.62,185.93,6.93,8.56,0,0,0,0.0,0.0,0.0
1787615365.003888,08:49:25.003,3325,46.129,26.69,1011.39,15.496,0.0,0.0,0.0,-0.29,-0.07,-0.05,-0.29,1.46,1.17,9.62,185.93,6.93,8.56,0,0,0,0.0,0.0,0.0
1787615365.004155,08:49:25.004,3326,46.139,26.69,1011.39,15.496,0.0,0.0,0.0,-0.29,-0.07,-0.05,-0.29,1.46,1.17,9.62,185.93,6.93,8.56,0,0,0,0.0,0.0,0.0
1787615365.004416,08:49:25.004,3327,46.149,26.69,1011.39,15.496,0.0,0.0,0.0,-0.29,-0.07,-0.05,-0.29,1.46,1.17,9.62,185.93,6.93,8.56,0,0,0,0.0,0.0,0.0
1787615365.005007,08:49:25.005,3328,46.159,26.69,1011.39,15.496,0.0,0.0,0.0,-0.29,-0.07,-0.05,-0.29,1.46,1.17,9.62,185.93,6.93,8.56,0,0,0,0.0,0.0,0.0
1787615365.005314,08:49:25.005,3329,46.169,26.69,1011.37,15.663,0.0,0.0,0.0,-0.29,-0.07,-0.05,-0.29,1.46,1.17,9.62,185.93,6.93,8.56,0,0,0,0.0,0.0,0.0
1787615365.005575,08:49:25.005,3330,46.179,26.69,1011.37,15.663,0.0,0.0,0.0,-0.29,-0.07,-0.05,-0.29,1.46,1.17,9.62,185.93,6.93,8.56,0,0,0,0.0,0.0,0.0
1787615365.005921,08:49:25.005,3331,46.189,26.69,1011.37,15.663,0.0,0.0,0.0,-0.29,-0.07,-0.05,-0.29,1.46,1.17,9.62,185.93,6.93,8.56,0,0,0,0.0,0.0,0.0
1787615365.006264,08:49:25.006,3332,46.199,26.69,1011.37,15.663,0.0,0.0,0.0,-0.29,-0.07,-0.05,-0.29,1.46,1.17,9.62,185.93,6.93,8.56,0,0,0,0.0,0.0,0.0
1787615365.006624,08:49:25.006,3333,46.209,26.69,1011.37,15.663,0.0,0.0,0.0,-0.29,-0.07,-0.05,-0.29,1.46,1.17,9.62,185.93,6.93,8.56,0,0,0,0.0,0.0,0.0
1787615365.107999,08:49:25.107,3334,46.219,26.69,1011.37,15.663,0.0,0.0,0.0,-0.29,-0.07,-0.05,-0.29,1.46,1.17,9.62,185.93,6.93,8.56,0,0,0,0.0,0.0,0.0
1787615365.108901,08:49:25.108,3335,46.229,26.69,1011.37,15.663,0.0,0.0,0.0,-0.29,-0.07,-0.05,-0.29,1.46,1.17,9.62,185.93,6.93,8.56,0,0,0,0.0,0.0,0.0
1787615365.109216,08:49:25.109,3336,46.239,26.69,1011.37,15.663,0.0,0.0,0.0,-0.27,-0.08,-0.05,-0.27,1.46,1.17,9.62,185.93,6.93,8.56,0,0,0,0.0,0.0,0.0
1787615365.109517,08:49:25.109,3337,46.249,26.69,1011.37,15.663,0.0,0.0,0.0,-0.27,-0.08,-0.05,-0.27,1.46,1.17,9.62,185.93,6.93,8.56,0,0,0,0.0,0.0,0.0
1787615365.110008,08:49:25.110,3338,46.259,26.69,1011.37,15.663,0.0,0.0,0.0,-0.27,-0.08,-0.05,-0.27,1.46,1.17,9.62,185.93,6.93,8.56,0,0,0,0.0,0.0,0.0
1787615365.110369,08:49:25.110,3339,46.269,26.69,1011.37,15.663,0.0,0.0,0.0,-0.27,-0.08,-0.05,-0.27,1.46,1.17,9.62,185.93,6.93,8.56,0,0,0,0.0,0.0,0.0
1787615365.110695,08:49:25.110,3340,46.279,26.69,1011.37,15.663,0.0,0.0,0.0,-0.27,-0.08,-0.05,-0.27,1.46,1.17,9.62,185.93,6.93,8.56,0,0,0,0.0,0.0,0.0
1787615365.111012,08:49:25.111,3341,46.289,26.69,1011.37,15.663,0.0,0.0,0.0,-0.27,-0.08,-0.05,-0.27,1.46,1.17,9.62,185.93,6.93,8.56,0,0,0,0.0,0.0,0.0
1787615365.111332,08:49:25.111,3342,46.299,26.69,1011.37,15.663,0.0,0.0,0.0,-0.27,-0.08,-0.05,-0.27,1.46,1.17,9.62,185.93,6.93,8.56,0,0,0,0.0,0.0,0.0
1787615365.111650,08:49:25.111,3343,46.309,26.69,1011.37,15.663,0.0,0.0,0.0,-0.27,-0.08,-0.05,-0.27,1.46,1.17,9.62,185.93,6.93,8.56,0,0,0,0.0,0.0,0.0
1787615365.213288,08:49:25.213,3344,46.319,26.69,1011.37,15.663,0.0,0.0,0.0,-0.27,-0.08,-0.05,-0.27,1.46,1.17,9.62,185.93,6.93,8.56,0,0,0,0.0,0.0,0.0
1787615365.214606,08:49:25.214,3345,46.329,26.69,1011.37,15.663,0.0,0.0,0.0,-0.27,-0.08,-0.05,-0.27,1.46,1.17,9.62,185.93,6.93,8.56,0,0,0,0.0,0.0,0.0
1787615365.215574,08:49:25.215,3346,46.339,26.69,1011.37,15.663,0.0,0.0,0.0,-0.27,-0.08,-0.05,-0.27,1.46,1.17,9.62,185.93,6.93,8.56,0,0,0,0.0,0.0,0.0
1787615365.216005,08:49:25.216,3347,46.349,26.69,1011.37,15.663,0.0,0.0,0.0,-0.27,-0.08,-0.05,-0.27,1.46,1.17,9.62,185.93,6.93,8.56,0,0,0,0.0,0.0,0.0
1787615365.216403,08:49:25.216,3348,46.359,26.69,1011.37,15.663,0.0,0.0,0.0,-0.27,-0.08,-0.05,-0.27,1.46,1.17,9.62,185.93,6.93,8.56,0,0,0,0.0,0.0,0.0
1787615365.216791,08:49:25.216,3349,46.369,26.7,1011.39,15.496,0.0,0.0,0.0,-0.27,-0.08,-0.05,-0.27,1.46,1.17,9.62,185.93,6.93,8.56,0,0,0,0.0,0.0,0.0
1787615365.217166,08:49:25.217,3350,46.379,26.7,1011.39,15.496,0.0,0.0,0.0,-0.27,-0.08,-0.05,-0.27,1.46,1.17,9.62,185.93,6.93,8.56,0,0,0,0.0,0.0,0.0
1787615365.217495,08:49:25.217,3351,46.389,26.7,1011.39,15.496,0.0,0.0,0.0,-0.27,-0.08,-0.05,-0.27,1.46,1.17,9.62,185.93,6.93,8.56,0,0,0,0.0,0.0,0.0
1787615365.217828,08:49:25.217,3352,46.399,26.7,1011.39,15.496,0.0,0.0,0.0,-0.27,-0.08,-0.05,-0.27,1.46,1.17,9.62,185.93,6.93,8.56,0,0,0,0.0,0.0,0.0
1787615365.218158,08:49:25.218,3353,46.409,26.7,1011.39,15.496,0.0,0.0,0.0,-0.27,-0.08,-0.05,-0.27,1.46,1.17,9.62,185.93,6.93,8.56,0,0,0,0.0,0.0,0.0
1787615365.218498,08:49:25.218,3354,46.419,26.7,1011.39,15.496,0.0,0.0,0.0,-0.27,-0.08,-0.05,-0.27,1.46,1.17,9.62,185.93,6.93,8.56,0,0,0,0.0,0.0,0.0
1787615365.320055,08:49:25.320,3355,46.429,26.7,1011.39,15.496,0.0,0.0,0.0,-0.27,-0.08,-0.05,-0.27,1.46,1.17,9.62,185.93,6.93,8.56,0,0,0,0.0,0.0,0.0
1787615365.320620,08:49:25.320,3356,46.439,26.7,1011.39,15.496,0.0,0.0,0.0,-0.27,-0.08,-0.03,-0.27,1.46,1.17,9.62,185.93,6.93,8.56,0,0,0,0.0,0.0,0.0
1787615365.320908,08:49:25.320,3357,46.449,26.7,1011.39,15.496,0.0,0.0,0.0,-0.27,-0.08,-0.03,-0.27,1.46,1.17,9.62,185.93,6.93,8.56,0,0,0,0.0,0.0,0.0
1787615365.321145,08:49:25.321,3358,46.459,26.7,1011.39,15.496,0.0,0.0,0.0,-0.27,-0.08,-0.03,-0.27,1.46,1.17,9.62,185.93,6.93,8.56,0,0,0,0.0,0.0,0.0
1787615365.321373,08:49:25.321,3359,46.469,26.7,1011.39,15.496,0.0,0.0,0.0,-0.27,-0.08,-0.03,-0.27,1.46,1.17,9.62,185.93,6.93,8.56,0,0,0,0.0,0.0,0.0
1787615365.321599,08:49:25.321,3360,46.479,26.7,1011.39,15.496,0.0,0.0,0.0,-0.27,-0.08,-0.03,-0.27,1.46,1.17,9.62,185.93,6.93,8.56,0,0,0,0.0,0.0,0.0
1787615365.321822,08:49:25.321,3361,46.489,26.7,1011.39,15.496,0.0,0.0,0.0,-0.27,-0.08,-0.03,-0.27,1.46,1.17,9.62,185.93,6.93,8.56,0,0,0,0.0,0.0,0.0
1787615365.322042,08:49:25.322,3362,46.499,26.7,1011.39,15.496,0.0,0.0,0.0,-0.27,-0.08,-0.03,-0.27,1.46,1.17,9.62,185.93,6.93,8.56,0,0,0,0.0,0.0,0.0
1787615365.322264,08:49:25.322,3363,46.509,26.7,1011.39,15.496,0.0,0.0,0.0,-0.27,-0.08,-0.03,-0.27,1.46,1.17,9.62,185.93,6.93,8.56,0,0,0,0.0,0.0,0.0
1787615365.322531,08:49:25.322,3364,46.519,26.7,1011.39,15.496,0.0,0.0,0.0,-0.27,-0.08,-0.03,-0.27,1.46,1.17,9.62,185.93,6.93,8.56,0,0,0,0.0,0.0,0.0
1787615365.423990,08:49:25.423,3365,46.529,26.7,1011.39,15.496,0.0,0.0,0.0,-0.27,-0.1,-0.05,-0.27,1.46,1.17,9.62,185.93,6.93,8.56,0,0,0,0.0,0.0,0.0
1787615365.424958,08:49:25.424,3366,46.539,26.7,1011.39,15.496,0.0,0.0,0.0,-0.27,-0.1,-0.05,-0.27,1.46,1.17,9.62,185.93,6.93,8.56,0,0,0,0.0,0.0,0.0
1787615365.425320,08:49:25.425,3367,46.549,26.7,1011.39,15.496,0.0,0.0,0.0,-0.27,-0.1,-0.05,-0.27,1.46,1.17,9.62,185.93,6.93,8.56,0,0,0,0.0,0.0,0.0
1787615365.425701,08:49:25.425,3368,46.559,26.7,1011.39,15.496,0.0,0.0,0.0,-0.27,-0.1,-0.05,-0.27,1.46,1.17,9.62,185.93,6.93,8.56,0,0,0,0.0,0.0,0.0
1787615365.426068,08:49:25.426,3369,46.569,26.7,1011.41,15.33,0.0,0.0,0.0,-0.27,-0.1,-0.05,-0.27,1.46,1.17,9.62,185.93,6.93,8.56,0,0,0,0.0,0.0,0.0
1787615365.426431,08:49:25.426,3370,46.579,26.7,1011.41,15.33,0.0,0.0,0.0,-0.27,-0.1,-0.05,-0.27,1.46,1.17,9.62,185.93,6.93,8.56,0,0,0,0.0,0.0,0.0
1787615365.426784,08:49:25.426,3371,46.589,26.7,1011.41,15.33,0.0,0.0,0.0,-0.27,-0.1,-0.05,-0.27,1.46,1.17,9.62,185.93,6.93,8.56,0,0,0,0.0,0.0,0.0
1787615365.427143,08:49:25.427,3372,46.599,26.7,1011.41,15.33,0.0,0.0,0.0,-0.27,-0.1,-0.05,-0.27,1.46,1.17,9.62,185.93,6.93,8.56,0,0,0,0.0,0.0,0.0
1787615365.427504,08:49:25.427,3373,46.609,26.7,1011.41,15.33,0.0,0.0,0.0,-0.27,-0.1,-0.05,-0.27,1.46,1.17,9.62,185.93,6.93,8.56,0,0,0,0.0,0.0,0.0
1787615365.427864,08:49:25.427,3374,46.619,26.7,1011.41,15.33,0.0,0.0,0.0,-0.27,-0.1,-0.05,-0.27,1.46,1.17,9.62,185.93,6.93,8.56,0,0,0,0.0,0.0,0.0
1787615365.428227,08:49:25.428,3375,46.629,26.7,1011.41,15.33,0.0,0.0,0.0,-0.31,-0.09,0.0,-0.31,1.46,1.17,9.62,185.93,6.93,8.56,0,0,0,0.0,0.0,0.0
1787615365.529325,08:49:25.529,3376,46.639,26.7,1011.41,15.33,0.0,0.0,0.0,-0.31,-0.09,0.0,-0.31,1.46,1.17,9.62,185.93,6.93,8.56,0,0,0,0.0,0.0,0.0
1787615365.529806,08:49:25.529,3377,46.649,26.7,1011.41,15.33,0.0,0.0,0.0,-0.31,-0.09,0.0,-0.31,1.46,1.17,9.62,185.93,6.93,8.56,0,0,0,0.0,0.0,0.0
1787615365.530048,08:49:25.530,3378,46.659,26.7,1011.41,15.33,0.0,0.0,0.0,-0.31,-0.09,0.0,-0.31,1.46,1.17,9.62,185.93,6.93,8.56,0,0,0,0.0,0.0,0.0
1787615365.530278,08:49:25.530,3379,46.669,26.7,1011.41,15.33,0.0,0.0,0.0,-0.31,-0.09,0.0,-0.31,1.46,1.17,9.62,185.93,6.93,8.56,0,0,0,0.0,0.0,0.0
1787615365.530505,08:49:25.530,3380,46.679,26.7,1011.41,15.33,0.0,0.0,0.0,-0.31,-0.09,0.0,-0.31,1.46,1.17,9.62,185.93,6.93,8.56,0,0,0,0.0,0.0,0.0
1787615365.530726,08:49:25.530,3381,46.689,26.7,1011.41,15.33,0.0,0.0,0.0,-0.31,-0.09,0.0,-0.31,1.46,1.17,9.62,185.93,6.93,8.56,0,0,0,0.0,0.0,0.0
1787615365.530951,08:49:25.530,3382,46.699,26.7,1011.41,15.33,0.0,0.0,0.0,-0.31,-0.09,0.0,-0.31,1.46,1.17,9.62,185.93,6.93,8.56,0,0,0,0.0,0.0,0.0
1787615365.531171,08:49:25.531,3383,46.709,26.7,1011.41,15.33,0.0,0.0,0.0,-0.31,-0.09,0.0,-0.31,1.46,1.17,9.62,185.93,6.93,8.56,0,0,0,0.0,0.0,0.0
1787615365.531390,08:49:25.531,3384,46.719,26.7,1011.41,15.33,0.0,0.0,0.0,-0.31,-0.09,0.0,-0.31,1.46,1.17,9.62,185.93,6.93,8.56,0,0,0,0.0,0.0,0.0
1787615365.531618,08:49:25.531,3385,46.729,26.7,1011.41,15.33,0.0,0.0,0.0,-0.27,-0.09,-0.04,-0.27,1.46,1.17,9.62,185.93,6.93,8.56,0,0,0,0.0,0.0,0.0
1787615365.633047,08:49:25.633,3386,46.739,26.7,1011.41,15.33,0.0,0.0,0.0,-0.27,-0.09,-0.04,-0.27,1.46,1.17,9.62,185.93,6.93,8.56,0,0,0,0.0,0.0,0.0
1787615365.633460,08:49:25.633,3387,46.749,26.7,1011.41,15.33,0.0,0.0,0.0,-0.27,-0.09,-0.04,-0.27,1.46,1.17,9.62,185.93,6.93,8.56,0,0,0,0.0,0.0,0.0
1787615365.633670,08:49:25.633,3388,46.759,26.7,1011.41,15.33,0.0,0.0,0.0,-0.27,-0.09,-0.04,-0.27,1.46,1.17,9.62,185.93,6.93,8.56,0,0,0,0.0,0.0,0.0
1787615365.633869,08:49:25.633,3389,46.769,26.7,1011.39,15.496,0.0,0.0,0.0,-0.27,-0.09,-0.04,-0.27,1.46,1.17,9.62,185.93,6.93,8.56,0,0,0,0.0,0.0,0.0
1787615365.634065,08:49:25.634,3390,46.779,26.7,1011.39,15.496,0.0,0.0,0.0,-0.27,-0.09,-0.04,-0.27,1.46,1.17,9.62,185.93,6.93,8.56,0,0,0,0.0,0.0,0.0
1787615365.634256,08:49:25.634,3391,46.789,26.7,1011.39,15.496,0.0,0.0,0.0,-0.27,-0.09,-0.04,-0.27,1.46,1.17,9.62,185.93,6.93,8.56,0,0,0,0.0,0.0,0.0
1787615365.634445,08:49:25.634,3392,46.799,26.7,1011.39,15.496,0.0,0.0,0.0,-0.27,-0.09,-0.04,-0.27,1.46,1.17,9.62,185.93,6.93,8.56,0,0,0,0.0,0.0,0.0
1787615365.634636,08:49:25.634,3393,46.809,26.7,1011.39,15.496,0.0,0.0,0.0,-0.27,-0.09,-0.04,-0.27,1.46,1.17,9.62,185.93,6.93,8.56,0,0,0,0.0,0.0,0.0
1787615365.634827,08:49:25.634,3394,46.819,26.7,1011.39,15.496,0.0,0.0,0.0,-0.27,-0.09,-0.04,-0.27,1.46,1.17,9.62,185.93,6.93,8.56,0,0,0,0.0,0.0,0.0
1787615365.635017,08:49:25.635,3395,46.829,26.7,1011.39,15.496,0.0,0.0,0.0,-0.28,-0.08,-0.04,-0.28,1.46,1.16,9.62,185.93,6.87,8.56,0,0,0,0.0,0.0,0.0
1787615365.635205,08:49:25.635,3396,46.839,26.7,1011.39,15.496,0.0,0.0,0.0,-0.28,-0.08,-0.04,-0.28,1.46,1.16,9.62,185.93,6.87,8.56,0,0,0,0.0,0.0,0.0
1787615365.735926,08:49:25.735,3397,46.849,26.7,1011.39,15.496,0.0,0.0,0.0,-0.28,-0.08,-0.04,-0.28,1.46,1.16,9.62,185.93,6.87,8.56,0,0,0,0.0,0.0,0.0
1787615365.736688,08:49:25.736,3398,46.859,26.7,1011.39,15.496,0.0,0.0,0.0,-0.28,-0.08,-0.04,-0.28,1.46,1.16,9.62,185.93,6.87,8.56,0,0,0,0.0,0.0,0.0
1787615365.737051,08:49:25.737,3399,46.869,26.7,1011.39,15.496,0.0,0.0,0.0,-0.28,-0.08,-0.04,-0.28,1.46,1.16,9.62,185.93,6.87,8.56,0,0,0,0.0,0.0,0.0
1787615365.737405,08:49:25.737,3400,46.879,26.7,1011.39,15.496,0.0,0.0,0.0,-0.28,-0.08,-0.04,-0.28,1.46,1.16,9.62,185.93,6.87,8.56,0,0,0,0.0,0.0,0.0
1787615365.737766,08:49:25.737,3401,46.889,26.7,1011.39,15.496,0.0,0.0,0.0,-0.28,-0.08,-0.04,-0.28,1.46,1.16,9.62,185.93,6.87,8.56,0,0,0,0.0,0.0,0.0
1787615365.738127,08:49:25.738,3402,46.899,26.7,1011.39,15.496,0.0,0.0,0.0,-0.28,-0.08,-0.04,-0.28,1.46,1.16,9.62,185.93,6.87,8.56,0,0,0,0.0,0.0,0.0
1787615365.738477,08:49:25.738,3403,46.909,26.7,1011.39,15.496,0.0,0.0,0.0,-0.28,-0.08,-0.04,-0.28,1.46,1.16,9.62,185.93,6.87,8.56,0,0,0,0.0,0.0,0.0
1787615365.738831,08:49:25.738,3404,46.919,26.7,1011.39,15.496,0.0,0.0,0.0,-0.28,-0.08,-0.04,-0.28,1.46,1.16,9.62,185.93,6.87,8.56,0,0,0,0.0,0.0,0.0
1787615365.739188,08:49:25.739,3405,46.929,26.7,1011.39,15.496,0.0,0.0,0.0,-0.28,-0.06,0.0,-0.28,1.46,1.14,9.62,186.0,6.75,8.56,0,0,0,0.0,0.0,0.0
1787615365.840768,08:49:25.840,3406,46.939,26.7,1011.39,15.496,0.0,0.0,0.0,-0.28,-0.06,0.0,-0.28,1.46,1.14,9.62,186.0,6.75,8.56,0,0,0,0.0,0.0,0.0
1787615365.841158,08:49:25.841,3407,46.949,26.7,1011.39,15.496,0.0,0.0,0.0,-0.28,-0.06,0.0,-0.28,1.46,1.14,9.62,186.0,6.75,8.56,0,0,0,0.0,0.0,0.0
1787615365.841397,08:49:25.841,3408,46.959,26.7,1011.39,15.496,0.0,0.0,0.0,-0.28,-0.06,0.0,-0.28,1.46,1.14,9.62,186.0,6.75,8.56,0,0,0,0.0,0.0,0.0
1787615365.841622,08:49:25.841,3409,46.969,26.69,1011.37,15.663,0.0,0.0,0.0,-0.28,-0.06,0.0,-0.28,1.46,1.14,9.62,186.0,6.75,8.56,0,0,0,0.0,0.0,0.0
1787615365.841816,08:49:25.841,3410,46.979,26.69,1011.37,15.663,0.0,0.0,0.0,-0.28,-0.06,0.0,-0.28,1.46,1.14,9.62,186.0,6.75,8.56,0,0,0,0.0,0.0,0.0
1787615365.842009,08:49:25.842,3411,46.989,26.69,1011.37,15.663,0.0,0.0,0.0,-0.28,-0.06,0.0,-0.28,1.46,1.14,9.62,186.0,6.75,8.56,0,0,0,0.0,0.0,0.0
1787615365.842201,08:49:25.842,3412,46.999,26.69,1011.37,15.663,0.0,0.0,0.0,-0.28,-0.06,0.0,-0.28,1.46,1.14,9.62,186.0,6.75,8.56,0,0,0,0.0,0.0,0.0
1787615365.842392,08:49:25.842,3413,47.009,26.69,1011.37,15.663,0.0,0.0,0.0,-0.28,-0.06,0.0,-0.28,1.46,1.14,9.62,186.0,6.75,8.56,0,0,0,0.0,0.0,0.0
1787615365.842637,08:49:25.842,3414,47.019,26.69,1011.37,15.663,0.0,0.0,0.0,-0.28,-0.06,0.0,-0.28,1.46,1.14,9.62,186.0,6.75,8.56,0,0,0,0.0,0.0,0.0
1787615365.842850,08:49:25.842,3415,47.029,26.69,1011.37,15.663,0.0,0.0,0.0,-0.28,-0.08,0.0,-0.28,1.46,1.12,9.63,186.0,6.68,8.56,0,0,0,0.0,0.0,0.0
1787615365.944203,08:49:25.944,3416,47.039,26.69,1011.37,15.663,0.0,0.0,0.0,-0.28,-0.08,0.0,-0.28,1.46,1.12,9.63,186.0,6.68,8.56,0,0,0,0.0,0.0,0.0
1787615365.945029,08:49:25.945,3417,47.049,26.69,1011.37,15.663,0.0,0.0,0.0,-0.28,-0.08,0.0,-0.28,1.46,1.12,9.63,186.0,6.68,8.56,0,0,0,0.0,0.0,0.0
1787615365.945314,08:49:25.945,3418,47.059,26.69,1011.37,15.663,0.0,0.0,0.0,-0.28,-0.08,0.0,-0.28,1.46,1.12,9.63,186.0,6.68,8.56,0,0,0,0.0,0.0,0.0
1787615365.945587,08:49:25.945,3419,47.069,26.69,1011.37,15.663,0.0,0.0,0.0,-0.28,-0.08,0.0,-0.28,1.46,1.12,9.63,186.0,6.68,8.56,0,0,0,0.0,0.0,0.0
1787615365.945857,08:49:25.945,3420,47.079,26.69,1011.37,15.663,0.0,0.0,0.0,-0.28,-0.08,0.0,-0.28,1.46,1.12,9.63,186.0,6.68,8.56,0,0,0,0.0,0.0,0.0
1787615365.946152,08:49:25.946,3421,47.089,26.69,1011.37,15.663,0.0,0.0,0.0,-0.28,-0.08,0.0,-0.28,1.46,1.12,9.63,186.0,6.68,8.56,0,0,0,0.0,0.0,0.0
1787615365.946437,08:49:25.946,3422,47.099,26.69,1011.37,15.663,0.0,0.0,0.0,-0.28,-0.08,0.0,-0.28,1.46,1.12,9.63,186.0,6.68,8.56,0,0,0,0.0,0.0,0.0
1787615365.946710,08:49:25.946,3423,47.109,26.69,1011.37,15.663,0.0,0.0,0.0,-0.28,-0.08,0.0,-0.28,1.46,1.12,9.63,186.0,6.68,8.56,0,0,0,0.0,0.0,0.0
1787615365.946975,08:49:25.946,3424,47.119,26.69,1011.37,15.663,0.0,0.0,0.0,-0.28,-0.08,0.0,-0.28,1.46,1.12,9.63,186.0,6.68,8.56,0,0,0,0.0,0.0,0.0
1787615365.947264,08:49:25.947,3425,47.129,26.69,1011.37,15.663,0.0,0.0,0.0,-0.28,-0.06,0.0,-0.28,1.46,1.11,9.63,186.0,6.56,8.56,0,0,0,0.0,0.0,0.0
1787615365.947531,08:49:25.947,3426,47.139,26.69,1011.37,15.663,0.0,0.0,0.0,-0.28,-0.06,0.0,-0.28,1.46,1.11,9.63,186.0,6.56,8.56,0,0,0,0.0,0.0,0.0
1787615366.049146,08:49:26.049,3427,47.149,26.69,1011.37,15.663,0.0,0.0,0.0,-0.28,-0.06,0.0,-0.28,1.46,1.11,9.63,186.0,6.56,8.56,0,0,0,0.0,0.0,0.0
1787615366.050596,08:49:26.050,3428,47.159,26.69,1011.37,15.663,0.0,0.0,0.0,-0.28,-0.06,0.0,-0.28,1.46,1.11,9.63,186.0,6.56,8.56,0,0,0,0.0,0.0,0.0
1787615366.051321,08:49:26.051,3429,47.169,26.7,1011.39,15.496,0.0,0.0,0.0,-0.28,-0.06,0.0,-0.28,1.46,1.11,9.63,186.0,6.56,8.56,0,0,0,0.0,0.0,0.0
1787615366.052342,08:49:26.052,3430,47.179,26.7,1011.39,15.496,0.0,0.0,0.0,-0.28,-0.06,0.0,-0.28,1.46,1.11,9.63,186.0,6.56,8.56,0,0,0,0.0,0.0,0.0
1787615366.053059,08:49:26.053,3431,47.189,26.7,1011.39,15.496,0.0,0.0,0.0,-0.28,-0.06,0.0,-0.28,1.46,1.11,9.63,186.0,6.56,8.56,0,0,0,0.0,0.0,0.0
1787615366.053601,08:49:26.053,3432,47.199,26.7,1011.39,15.496,0.0,0.0,0.0,-0.28,-0.06,0.0,-0.28,1.46,1.11,9.63,186.0,6.56,8.56,0,0,0,0.0,0.0,0.0
1787615366.054376,08:49:26.054,3433,47.209,26.7,1011.39,15.496,0.0,0.0,0.0,-0.28,-0.06,0.0,-0.28,1.46,1.11,9.63,186.0,6.56,8.56,0,0,0,0.0,0.0,0.0
1787615366.054835,08:49:26.054,3434,47.219,26.7,1011.39,15.496,0.0,0.0,0.0,-0.28,-0.06,0.0,-0.28,1.46,1.11,9.63,186.0,6.56,8.56,0,0,0,0.0,0.0,0.0
1787615366.055226,08:49:26.055,3435,47.229,26.7,1011.39,15.496,0.0,0.0,0.0,-0.25,-0.1,-0.02,-0.25,1.46,1.09,9.63,186.0,6.43,8.56,0,0,0,0.0,0.0,0.0
1787615366.055590,08:49:26.055,3436,47.239,26.7,1011.39,15.496,0.0,0.0,0.0,-0.25,-0.1,-0.02,-0.25,1.46,1.09,9.63,186.0,6.43,8.56,0,0,0,0.0,0.0,0.0
1787615366.055940,08:49:26.055,3437,47.249,26.7,1011.39,15.496,0.0,0.0,0.0,-0.25,-0.1,-0.02,-0.25,1.46,1.09,9.63,186.0,6.43,8.56,0,0,0,0.0,0.0,0.0
1787615366.056417,08:49:26.056,3438,47.259,26.7,1011.39,15.496,0.0,0.0,0.0,-0.25,-0.1,-0.02,-0.25,1.46,1.09,9.63,186.0,6.43,8.56,0,0,0,0.0,0.0,0.0
1787615366.157193,08:49:26.157,3439,47.269,26.7,1011.39,15.496,0.0,0.0,0.0,-0.25,-0.1,-0.02,-0.25,1.46,1.09,9.63,186.0,6.43,8.56,0,0,0,0.0,0.0,0.0
1787615366.157593,08:49:26.157,3440,47.279,26.7,1011.39,15.496,0.0,0.0,0.0,-0.25,-0.1,-0.02,-0.25,1.46,1.09,9.63,186.0,6.43,8.56,0,0,0,0.0,0.0,0.0
1787615366.157831,08:49:26.157,3441,47.289,26.7,1011.39,15.496,0.0,0.0,0.0,-0.25,-0.1,-0.02,-0.25,1.46,1.09,9.63,186.0,6.43,8.56,0,0,0,0.0,0.0,0.0
1787615366.158068,08:49:26.158,3442,47.299,26.7,1011.39,15.496,0.0,0.0,0.0,-0.25,-0.1,-0.02,-0.25,1.46,1.09,9.63,186.0,6.43,8.56,0,0,0,0.0,0.0,0.0
1787615366.158357,08:49:26.158,3443,47.309,26.7,1011.39,15.496,0.0,0.0,0.0,-0.25,-0.1,-0.02,-0.25,1.46,1.09,9.63,186.0,6.43,8.56,0,0,0,0.0,0.0,0.0
1787615366.158549,08:49:26.158,3444,47.319,26.7,1011.39,15.496,0.0,0.0,0.0,-0.25,-0.1,-0.02,-0.25,1.46,1.09,9.63,186.0,6.43,8.56,0,0,0,0.0,0.0,0.0
1787615366.158740,08:49:26.158,3445,47.329,26.7,1011.39,15.496,0.0,0.0,0.0,-0.28,-0.07,0.0,-0.28,1.46,1.08,9.63,186.0,6.37,8.56,0,0,0,0.0,0.0,0.0
1787615366.158931,08:49:26.158,3446,47.339,26.7,1011.39,15.496,0.0,0.0,0.0,-0.28,-0.07,0.0,-0.28,1.46,1.08,9.63,186.0,6.37,8.56,0,0,0,0.0,0.0,0.0
1787615366.159131,08:49:26.159,3447,47.349,26.7,1011.39,15.496,0.0,0.0,0.0,-0.28,-0.07,0.0,-0.28,1.46,1.08,9.63,186.0,6.37,8.56,0,0,0,0.0,0.0,0.0
1787615366.159350,08:49:26.159,3448,47.359,26.7,1011.39,15.496,0.0,0.0,0.0,-0.28,-0.07,0.0,-0.28,1.46,1.08,9.63,186.0,6.37,8.56,0,0,0,0.0,0.0,0.0
1787615366.260502,08:49:26.260,3449,47.369,26.7,1011.38,15.581,0.0,0.0,0.0,-0.28,-0.07,0.0,-0.28,1.46,1.08,9.63,186.0,6.37,8.56,0,0,0,0.0,0.0,0.0
1787615366.260761,08:49:26.260,3450,47.379,26.7,1011.38,15.581,0.0,0.0,0.0,-0.28,-0.07,0.0,-0.28,1.46,1.08,9.63,186.0,6.37,8.56,0,0,0,0.0,0.0,0.0
1787615366.260919,08:49:26.260,3451,47.389,26.7,1011.38,15.581,0.0,0.0,0.0,-0.28,-0.07,0.0,-0.28,1.46,1.08,9.63,186.0,6.37,8.56,0,0,0,0.0,0.0,0.0
1787615366.261062,08:49:26.261,3452,47.399,26.7,1011.38,15.581,0.0,0.0,0.0,-0.28,-0.07,0.0,-0.28,1.46,1.08,9.63,186.0,6.37,8.56,0,0,0,0.0,0.0,0.0
1787615366.261204,08:49:26.261,3453,47.409,26.7,1011.38,15.581,0.0,0.0,0.0,-0.28,-0.07,0.0,-0.28,1.46,1.08,9.63,186.0,6.37,8.56,0,0,0,0.0,0.0,0.0
1787615366.261345,08:49:26.261,3454,47.419,26.7,1011.38,15.581,0.0,0.0,0.0,-0.28,-0.07,0.0,-0.28,1.46,1.08,9.63,186.0,6.37,8.56,0,0,0,0.0,0.0,0.0
1787615366.261485,08:49:26.261,3455,47.429,26.7,1011.38,15.581,0.0,0.0,0.0,-0.3,-0.08,0.0,-0.3,1.46,1.07,9.63,186.0,6.31,8.56,0,0,0,0.0,0.0,0.0
1787615366.261626,08:49:26.261,3456,47.439,26.7,1011.38,15.581,0.0,0.0,0.0,-0.3,-0.08,0.0,-0.3,1.46,1.07,9.63,186.0,6.31,8.56,0,0,0,0.0,0.0,0.0
1787615366.261765,08:49:26.261,3457,47.449,26.7,1011.38,15.581,0.0,0.0,0.0,-0.3,-0.08,0.0,-0.3,1.46,1.07,9.63,186.0,6.31,8.56,0,0,0,0.0,0.0,0.0
1787615366.363175,08:49:26.363,3458,47.459,26.7,1011.38,15.581,0.0,0.0,0.0,-0.3,-0.08,0.0,-0.3,1.46,1.07,9.63,186.0,6.31,8.56,0,0,0,0.0,0.0,0.0
1787615366.364276,08:49:26.364,3459,47.469,26.7,1011.38,15.581,0.0,0.0,0.0,-0.3,-0.08,0.0,-0.3,1.46,1.07,9.63,186.0,6.31,8.56,0,0,0,0.0,0.0,0.0
1787615366.364579,08:49:26.364,3460,47.479,26.7,1011.38,15.581,0.0,0.0,0.0,-0.3,-0.08,0.0,-0.3,1.46,1.07,9.63,186.0,6.31,8.56,0,0,0,0.0,0.0,0.0
1787615366.364840,08:49:26.364,3461,47.489,26.7,1011.38,15.581,0.0,0.0,0.0,-0.3,-0.08,0.0,-0.3,1.46,1.07,9.63,186.0,6.31,8.56,0,0,0,0.0,0.0,0.0
1787615366.365199,08:49:26.365,3462,47.499,26.7,1011.38,15.581,0.0,0.0,0.0,-0.3,-0.08,0.0,-0.3,1.46,1.07,9.63,186.0,6.31,8.56,0,0,0,0.0,0.0,0.0
1787615366.365539,08:49:26.365,3463,47.509,26.7,1011.38,15.581,0.0,0.0,0.0,-0.3,-0.08,0.0,-0.3,1.46,1.07,9.63,186.0,6.31,8.56,0,0,0,0.0,0.0,0.0
1787615366.365886,08:49:26.365,3464,47.519,26.7,1011.38,15.581,0.0,0.0,0.0,-0.3,-0.08,0.0,-0.3,1.46,1.07,9.63,186.0,6.31,8.56,0,0,0,0.0,0.0,0.0
1787615366.366153,08:49:26.366,3465,47.529,26.7,1011.38,15.581,0.0,0.0,0.0,-0.26,-0.1,0.0,-0.26,1.46,1.07,9.63,186.0,6.31,8.56,0,0,0,0.0,0.0,0.0
1787615366.366416,08:49:26.366,3466,47.539,26.7,1011.38,15.581,0.0,0.0,0.0,-0.26,-0.1,0.0,-0.26,1.46,1.07,9.63,186.0,6.31,8.56,0,0,0,0.0,0.0,0.0
1787615366.366676,08:49:26.366,3467,47.549,26.7,1011.38,15.581,0.0,0.0,0.0,-0.26,-0.1,0.0,-0.26,1.46,1.07,9.63,186.0,6.31,8.56,0,0,0,0.0,0.0,0.0
1787615366.366934,08:49:26.366,3468,47.559,26.7,1011.38,15.581,0.0,0.0,0.0,-0.26,-0.1,0.0,-0.26,1.46,1.07,9.63,186.0,6.31,8.56,0,0,0,0.0,0.0,0.0
1787615366.468512,08:49:26.468,3469,47.569,26.7,1011.41,15.33,0.0,0.0,0.0,-0.26,-0.1,0.0,-0.26,1.46,1.07,9.63,186.0,6.31,8.56,0,0,0,0.0,0.0,0.0
1787615366.469954,08:49:26.469,3470,47.579,26.7,1011.41,15.33,0.0,0.0,0.0,-0.26,-0.1,0.0,-0.26,1.46,1.07,9.63,186.0,6.31,8.56,0,0,0,0.0,0.0,0.0
1787615366.470659,08:49:26.470,3471,47.589,26.7,1011.41,15.33,0.0,0.0,0.0,-0.26,-0.1,0.0,-0.26,1.46,1.07,9.63,186.0,6.31,8.56,0,0,0,0.0,0.0,0.0
1787615366.471363,08:49:26.471,3472,47.599,26.7,1011.41,15.33,0.0,0.0,0.0,-0.26,-0.1,0.0,-0.26,1.46,1.07,9.63,186.0,6.31,8.56,0,0,0,0.0,0.0,0.0
1787615366.472060,08:49:26.472,3473,47.609,26.7,1011.41,15.33,0.0,0.0,0.0,-0.26,-0.1,0.0,-0.26,1.46,1.07,9.63,186.0,6.31,8.56,0,0,0,0.0,0.0,0.0
1787615366.472756,08:49:26.472,3474,47.619,26.7,1011.41,15.33,0.0,0.0,0.0,-0.26,-0.1,0.0,-0.26,1.46,1.07,9.63,186.0,6.31,8.56,0,0,0,0.0,0.0,0.0
1787615366.473064,08:49:26.473,3475,47.629,26.7,1011.41,15.33,0.0,0.0,0.0,-0.29,-0.08,0.0,-0.29,1.46,1.07,9.63,186.0,6.31,8.56,0,0,0,0.0,0.0,0.0
1787615366.473332,08:49:26.473,3476,47.639,26.7,1011.41,15.33,0.0,0.0,0.0,-0.29,-0.08,0.0,-0.29,1.46,1.07,9.63,186.0,6.31,8.56,0,0,0,0.0,0.0,0.0
1787615366.473599,08:49:26.473,3477,47.649,26.7,1011.41,15.33,0.0,0.0,0.0,-0.29,-0.08,0.0,-0.29,1.46,1.07,9.63,186.0,6.31,8.56,0,0,0,0.0,0.0,0.0
1787615366.473861,08:49:26.473,3478,47.659,26.7,1011.41,15.33,0.0,0.0,0.0,-0.29,-0.08,0.0,-0.29,1.46,1.07,9.63,186.0,6.31,8.56,0,0,0,0.0,0.0,0.0
1787615366.474123,08:49:26.474,3479,47.669,26.7,1011.41,15.33,0.0,0.0,0.0,-0.29,-0.08,0.0,-0.29,1.46,1.07,9.63,186.0,6.31,8.56,0,0,0,0.0,0.0,0.0
1787615366.575711,08:49:26.575,3480,47.679,26.7,1011.41,15.33,0.0,0.0,0.0,-0.29,-0.08,0.0,-0.29,1.46,1.07,9.63,186.0,6.31,8.56,0,0,0,0.0,0.0,0.0
1787615366.577029,08:49:26.577,3481,47.689,26.7,1011.41,15.33,0.0,0.0,0.0,-0.29,-0.08,0.0,-0.29,1.46,1.07,9.63,186.0,6.31,8.56,0,0,0,0.0,0.0,0.0
1787615366.577716,08:49:26.577,3482,47.699,26.7,1011.41,15.33,0.0,0.0,0.0,-0.29,-0.08,0.0,-0.29,1.46,1.07,9.63,186.0,6.31,8.56,0,0,0,0.0,0.0,0.0
1787615366.578377,08:49:26.578,3483,47.709,26.7,1011.41,15.33,0.0,0.0,0.0,-0.29,-0.08,0.0,-0.29,1.46,1.07,9.63,186.0,6.31,8.56,0,0,0,0.0,0.0,0.0
1787615366.579032,08:49:26.579,3484,47.719,26.7,1011.41,15.33,0.0,0.0,0.0,-0.29,-0.08,0.0,-0.29,1.46,1.07,9.63,186.0,6.31,8.56,0,0,0,0.0,0.0,0.0
1787615366.579664,08:49:26.579,3485,47.729,26.7,1011.41,15.33,0.0,0.0,0.0,-0.27,-0.08,0.0,-0.27,1.46,1.07,9.63,186.0,6.31,8.56,0,0,0,0.0,0.0,0.0
1787615366.580184,08:49:26.580,3486,47.739,26.7,1011.41,15.33,0.0,0.0,0.0,-0.27,-0.08,0.0,-0.27,1.46,1.07,9.63,186.0,6.31,8.56,0,0,0,0.0,0.0,0.0
1787615366.580557,08:49:26.580,3487,47.749,26.7,1011.41,15.33,0.0,0.0,0.0,-0.27,-0.08,0.0,-0.27,1.46,1.07,9.63,186.0,6.31,8.56,0,0,0,0.0,0.0,0.0
1787615366.580903,08:49:26.580,3488,47.759,26.7,1011.41,15.33,0.0,0.0,0.0,-0.27,-0.08,0.0,-0.27,1.46,1.07,9.63,186.0,6.31,8.56,0,0,0,0.0,0.0,0.0
1787615366.581241,08:49:26.581,3489,47.769,26.68,1011.38,15.581,0.0,0.0,0.0,-0.27,-0.08,0.0,-0.27,1.46,1.07,9.63,186.0,6.31,8.56,0,0,0,0.0,0.0,0.0
1787615366.581583,08:49:26.581,3490,47.779,26.68,1011.38,15.581,0.0,0.0,0.0,-0.27,-0.08,0.0,-0.27,1.46,1.07,9.63,186.0,6.31,8.56,0,0,0,0.0,0.0,0.0
1787615366.683287,08:49:26.683,3491,47.789,26.68,1011.38,15.581,0.0,0.0,0.0,-0.27,-0.08,0.0,-0.27,1.46,1.07,9.63,186.0,6.31,8.56,0,0,0,0.0,0.0,0.0
1787615366.684524,08:49:26.684,3492,47.799,26.68,1011.38,15.581,0.0,0.0,0.0,-0.27,-0.08,0.0,-0.27,1.46,1.07,9.63,186.0,6.31,8.56,0,0,0,0.0,0.0,0.0
1787615366.685347,08:49:26.685,3493,47.809,26.68,1011.38,15.581,0.0,0.0,0.0,-0.27,-0.08,0.0,-0.27,1.46,1.07,9.63,186.0,6.31,8.56,0,0,0,0.0,0.0,0.0
1787615366.685777,08:49:26.685,3494,47.819,26.68,1011.38,15.581,0.0,0.0,0.0,-0.27,-0.08,0.0,-0.27,1.46,1.07,9.63,186.0,6.31,8.56,0,0,0,0.0,0.0,0.0
1787615366.686170,08:49:26.686,3495,47.829,26.68,1011.38,15.581,0.0,0.0,0.0,-0.28,-0.09,-0.02,-0.28,1.46,1.07,9.63,186.0,6.31,8.56,0,0,0,0.0,0.0,0.0
1787615366.686558,08:49:26.686,3496,47.839,26.68,1011.38,15.581,0.0,0.0,0.0,-0.28,-0.09,-0.02,-0.28,1.46,1.07,9.63,186.0,6.31,8.56,0,0,0,0.0,0.0,0.0
1787615366.686939,08:49:26.686,3497,47.849,26.68,1011.38,15.581,0.0,0.0,0.0,-0.28,-0.09,-0.02,-0.28,1.46,1.07,9.63,186.0,6.31,8.56,0,0,0,0.0,0.0,0.0
1787615366.687287,08:49:26.687,3498,47.859,26.68,1011.38,15.581,0.0,0.0,0.0,-0.28,-0.09,-0.02,-0.28,1.46,1.07,9.63,186.0,6.31,8.56,0,0,0,0.0,0.0,0.0
1787615366.687612,08:49:26.687,3499,47.869,26.68,1011.38,15.581,0.0,0.0,0.0,-0.28,-0.09,-0.02,-0.28,1.46,1.07,9.63,186.0,6.31,8.56,0,0,0,0.0,0.0,0.0
1787615366.687945,08:49:26.687,3500,47.879,26.68,1011.38,15.581,0.0,0.0,0.0,-0.28,-0.09,-0.02,-0.28,1.46,1.07,9.63,186.0,6.31,8.56,0,0,0,0.0,0.0,0.0
1787615366.789501,08:49:26.789,3501,47.889,26.68,1011.38,15.581,0.0,0.0,0.0,-0.28,-0.09,-0.02,-0.28,1.46,1.07,9.63,186.0,6.31,8.56,0,0,0,0.0,0.0,0.0
1787615366.789902,08:49:26.789,3502,47.899,26.68,1011.38,15.581,0.0,0.0,0.0,-0.28,-0.09,-0.02,-0.28,1.46,1.07,9.63,186.0,6.31,8.56,0,0,0,0.0,0.0,0.0
1787615366.790362,08:49:26.790,3503,47.909,26.68,1011.38,15.581,0.0,0.0,0.0,-0.28,-0.09,-0.02,-0.28,1.46,1.07,9.63,186.0,6.31,8.56,0,0,0,0.0,0.0,0.0
1787615366.790608,08:49:26.790,3504,47.919,26.68,1011.38,15.581,0.0,0.0,0.0,-0.28,-0.09,-0.02,-0.28,1.46,1.07,9.63,186.0,6.31,8.56,0,0,0,0.0,0.0,0.0
1787615366.790835,08:49:26.790,3505,47.929,26.68,1011.38,15.581,0.0,0.0,0.0,-0.26,-0.09,-0.02,-0.26,1.46,1.09,9.63,186.0,6.43,8.56,0,0,0,0.0,0.0,0.0
1787615366.791060,08:49:26.791,3506,47.939,26.68,1011.38,15.581,0.0,0.0,0.0,-0.26,-0.09,-0.02,-0.26,1.46,1.09,9.63,186.0,6.43,8.56,0,0,0,0.0,0.0,0.0
1787615366.791278,08:49:26.791,3507,47.949,26.68,1011.38,15.581,0.0,0.0,0.0,-0.26,-0.09,-0.02,-0.26,1.46,1.09,9.63,186.0,6.43,8.56,0,0,0,0.0,0.0,0.0
1787615366.791499,08:49:26.791,3508,47.959,26.68,1011.38,15.581,0.0,0.0,0.0,-0.26,-0.09,-0.02,-0.26,1.46,1.09,9.63,186.0,6.43,8.56,0,0,0,0.0,0.0,0.0
1787615366.791719,08:49:26.791,3509,47.969,26.7,1011.41,15.33,0.0,0.0,0.0,-0.26,-0.09,-0.02,-0.26,1.46,1.09,9.63,186.0,6.43,8.56,0,0,0,0.0,0.0,0.0
1787615366.791938,08:49:26.791,3510,47.979,26.7,1011.41,15.33,0.0,0.0,0.0,-0.26,-0.09,-0.02,-0.26,1.46,1.09,9.63,186.0,6.43,8.56,0,0,0,0.0,0.0,0.0
1787615366.792156,08:49:26.792,3511,47.989,26.7,1011.41,15.33,0.0,0.0,0.0,-0.26,-0.09,-0.02,-0.26,1.46,1.09,9.63,186.0,6.43,8.56,0,0,0,0.0,0.0,0.0
1787615366.792373,08:49:26.792,3512,47.999,26.7,1011.41,15.33,0.0,0.0,0.0,-0.26,-0.09,-0.02,-0.26,1.46,1.09,9.63,186.0,6.43,8.56,0,0,0,0.0,0.0,0.0
1787615366.893898,08:49:26.893,3513,48.009,26.7,1011.41,15.33,0.0,0.0,0.0,-0.26,-0.09,-0.02,-0.26,1.46,1.09,9.63,186.0,6.43,8.56,0,0,0,0.0,0.0,0.0
1787615366.895295,08:49:26.895,3514,48.019,26.7,1011.41,15.33,0.0,0.0,0.0,-0.26,-0.09,-0.02,-0.26,1.46,1.09,9.63,186.0,6.43,8.56,0,0,0,0.0,0.0,0.0
1787615366.895724,08:49:26.895,3515,48.029,26.7,1011.41,15.33,0.0,0.0,0.0,-0.26,-0.09,-0.02,-0.26,1.46,1.09,9.63,186.0,6.43,8.56,0,0,0,0.0,0.0,0.0
1787615366.896129,08:49:26.896,3516,48.039,26.7,1011.41,15.33,0.0,0.0,0.0,-0.3,-0.09,0.0,-0.3,1.46,1.1,9.63,186.0,6.5,8.56,0,0,0,0.0,0.0,0.0
1787615366.896564,08:49:26.896,3517,48.049,26.7,1011.41,15.33,0.0,0.0,0.0,-0.3,-0.09,0.0,-0.3,1.46,1.1,9.63,186.0,6.5,8.56,0,0,0,0.0,0.0,0.0
1787615366.896957,08:49:26.896,3518,48.059,26.7,1011.41,15.33,0.0,0.0,0.0,-0.3,-0.09,0.0,-0.3,1.46,1.1,9.63,186.0,6.5,8.56,0,0,0,0.0,0.0,0.0
1787615366.897298,08:49:26.897,3519,48.069,26.7,1011.41,15.33,0.0,0.0,0.0,-0.3,-0.09,0.0,-0.3,1.46,1.1,9.63,186.0,6.5,8.56,0,0,0,0.0,0.0,0.0
1787615366.897631,08:49:26.897,3520,48.079,26.7,1011.41,15.33,0.0,0.0,0.0,-0.3,-0.09,0.0,-0.3,1.46,1.1,9.63,186.0,6.5,8.56,0,0,0,0.0,0.0,0.0
1787615366.897981,08:49:26.897,3521,48.089,26.7,1011.41,15.33,0.0,0.0,0.0,-0.3,-0.09,0.0,-0.3,1.46,1.1,9.63,186.0,6.5,8.56,0,0,0,0.0,0.0,0.0
1787615366.999288,08:49:26.999,3522,48.099,26.7,1011.41,15.33,0.0,0.0,0.0,-0.3,-0.09,0.0,-0.3,1.46,1.1,9.63,186.0,6.5,8.56,0,0,0,0.0,0.0,0.0
1787615366.999768,08:49:26.999,3523,48.109,26.7,1011.41,15.33,0.0,0.0,0.0,-0.3,-0.09,0.0,-0.3,1.46,1.1,9.63,186.0,6.5,8.56,0,0,0,0.0,0.0,0.0
1787615366.999992,08:49:26.999,3524,48.119,26.7,1011.41,15.33,0.0,0.0,0.0,-0.3,-0.09,0.0,-0.3,1.46,1.1,9.63,186.0,6.5,8.56,0,0,0,0.0,0.0,0.0
1787615367.000190,08:49:27.000,3525,48.129,26.7,1011.41,15.33,0.0,0.0,0.0,-0.3,-0.09,0.0,-0.3,1.46,1.1,9.63,186.0,6.5,8.56,0,0,0,0.0,0.0,0.0
1787615367.000382,08:49:27.000,3526,48.139,26.7,1011.41,15.33,0.0,0.0,0.0,-0.25,-0.09,0.0,-0.25,1.46,1.11,9.63,186.0,6.56,8.56,0,0,0,0.0,0.0,0.0
1787615367.000573,08:49:27.000,3527,48.149,26.7,1011.41,15.33,0.0,0.0,0.0,-0.25,-0.09,0.0,-0.25,1.46,1.11,9.63,186.0,6.56,8.56,0,0,0,0.0,0.0,0.0
1787615367.000768,08:49:27.000,3528,48.159,26.7,1011.41,15.33,0.0,0.0,0.0,-0.25,-0.09,0.0,-0.25,1.46,1.11,9.63,186.0,6.56,8.56,0,0,0,0.0,0.0,0.0
1787615367.000958,08:49:27.000,3529,48.169,26.7,1011.4,15.412,0.0,0.0,0.0,-0.25,-0.09,0.0,-0.25,1.46,1.11,9.63,186.0,6.56,8.56,0,0,0,0.0,0.0,0.0
1787615367.001184,08:49:27.001,3530,48.179,26.7,1011.4,15.412,0.0,0.0,0.0,-0.25,-0.09,0.0,-0.25,1.46,1.11,9.63,186.0,6.56,8.56,0,0,0,0.0,0.0,0.0
1787615367.001406,08:49:27.001,3531,48.189,26.7,1011.4,15.412,0.0,0.0,0.0,-0.25,-0.09,0.0,-0.25,1.46,1.11,9.63,186.0,6.56,8.56,0,0,0,0.0,0.0,0.0
1787615367.001630,08:49:27.001,3532,48.199,26.7,1011.4,15.412,0.0,0.0,0.0,-0.25,-0.09,0.0,-0.25,1.46,1.11,9.63,186.0,6.56,8.56,0,0,0,0.0,0.0,0.0
1787615367.103198,08:49:27.103,3533,48.209,26.7,1011.4,15.412,0.0,0.0,0.0,-0.25,-0.09,0.0,-0.25,1.46,1.11,9.63,186.0,6.56,8.56,0,0,0,0.0,0.0,0.0
1787615367.104570,08:49:27.104,3534,48.219,26.7,1011.4,15.412,0.0,0.0,0.0,-0.25,-0.09,0.0,-0.25,1.46,1.11,9.63,186.0,6.56,8.56,0,0,0,0.0,0.0,0.0
1787615367.105266,08:49:27.105,3535,48.23,26.7,1011.4,15.412,0.0,0.0,0.0,-0.27,-0.1,0.0,-0.27,1.46,1.11,9.63,186.0,6.56,8.56,0,0,0,0.0,0.0,0.0
1787615367.105940,08:49:27.105,3536,48.239,26.7,1011.4,15.412,0.0,0.0,0.0,-0.27,-0.1,0.0,-0.27,1.46,1.11,9.63,186.0,6.56,8.56,0,0,0,0.0,0.0,0.0
1787615367.106280,08:49:27.106,3537,48.249,26.7,1011.4,15.412,0.0,0.0,0.0,-0.27,-0.1,0.0,-0.27,1.46,1.11,9.63,186.0,6.56,8.56,0,0,0,0.0,0.0,0.0
1787615367.106964,08:49:27.106,3538,48.259,26.7,1011.4,15.412,0.0,0.0,0.0,-0.27,-0.1,0.0,-0.27,1.46,1.11,9.63,186.0,6.56,8.56,0,0,0,0.0,0.0,0.0
1787615367.107368,08:49:27.107,3539,48.269,26.7,1011.4,15.412,0.0,0.0,0.0,-0.27,-0.1,0.0,-0.27,1.46,1.11,9.63,186.0,6.56,8.56,0,0,0,0.0,0.0,0.0
1787615367.107711,08:49:27.107,3540,48.279,26.7,1011.4,15.412,0.0,0.0,0.0,-0.27,-0.1,0.0,-0.27,1.46,1.11,9.63,186.0,6.56,8.56,0,0,0,0.0,0.0,0.0
1787615367.209340,08:49:27.209,3541,48.289,26.7,1011.4,15.412,0.0,0.0,0.0,-0.27,-0.1,0.0,-0.27,1.46,1.11,9.63,186.0,6.56,8.56,0,0,0,0.0,0.0,0.0
1787615367.211016,08:49:27.211,3542,48.299,26.7,1011.4,15.412,0.0,0.0,0.0,-0.27,-0.1,0.0,-0.27,1.46,1.11,9.63,186.0,6.56,8.56,0,0,0,0.0,0.0,0.0
1787615367.211781,08:49:27.211,3543,48.309,26.7,1011.4,15.412,0.0,0.0,0.0,-0.27,-0.1,0.0,-0.27,1.46,1.11,9.63,186.0,6.56,8.56,0,0,0,0.0,0.0,0.0
1787615367.212490,08:49:27.212,3544,48.319,26.7,1011.4,15.412,0.0,0.0,0.0,-0.27,-0.1,0.0,-0.27,1.46,1.11,9.63,186.0,6.56,8.56,0,0,0,0.0,0.0,0.0
1787615367.213195,08:49:27.213,3545,48.329,26.7,1011.4,15.412,0.0,0.0,0.0,-0.27,-0.1,0.0,-0.27,1.46,1.1,9.63,186.0,6.5,8.56,0,0,0,0.0,0.0,0.0
1787615367.213491,08:49:27.213,3546,48.339,26.7,1011.4,15.412,0.0,0.0,0.0,-0.27,-0.1,0.0,-0.27,1.46,1.1,9.63,186.0,6.5,8.56,0,0,0,0.0,0.0,0.0
1787615367.213775,08:49:27.213,3547,48.349,26.7,1011.4,15.412,0.0,0.0,0.0,-0.27,-0.1,0.0,-0.27,1.46,1.1,9.63,186.0,6.5,8.56,0,0,0,0.0,0.0,0.0
1787615367.214042,08:49:27.214,3548,48.359,26.7,1011.4,15.412,0.0,0.0,0.0,-0.27,-0.1,0.0,-0.27,1.46,1.1,9.63,186.0,6.5,8.56,0,0,0,0.0,0.0,0.0
1787615367.214338,08:49:27.214,3549,48.369,26.69,1011.37,15.663,0.0,0.0,0.0,-0.27,-0.1,0.0,-0.27,1.46,1.1,9.63,186.0,6.5,8.56,0,0,0,0.0,0.0,0.0
1787615367.214624,08:49:27.214,3550,48.379,26.69,1011.37,15.663,0.0,0.0,0.0,-0.27,-0.1,0.0,-0.27,1.46,1.1,9.63,186.0,6.5,8.56,0,0,0,0.0,0.0,0.0
1787615367.214899,08:49:27.214,3551,48.389,26.69,1011.37,15.663,0.0,0.0,0.0,-0.27,-0.1,0.0,-0.27,1.46,1.1,9.63,186.0,6.5,8.56,0,0,0,0.0,0.0,0.0
1787615367.215277,08:49:27.215,3552,48.399,26.69,1011.37,15.663,0.0,0.0,0.0,-0.27,-0.1,0.0,-0.27,1.46,1.1,9.63,186.0,6.5,8.56,0,0,0,0.0,0.0,0.0
1787615367.215598,08:49:27.215,3553,48.409,26.69,1011.37,15.663,0.0,0.0,0.0,-0.27,-0.1,0.0,-0.27,1.46,1.1,9.63,186.0,6.5,8.56,0,0,0,0.0,0.0,0.0
1787615367.316660,08:49:27.316,3554,48.419,26.69,1011.37,15.663,0.0,0.0,0.0,-0.27,-0.1,0.0,-0.27,1.46,1.1,9.63,186.0,6.5,8.56,0,0,0,0.0,0.0,0.0
1787615367.316973,08:49:27.316,3555,48.429,26.69,1011.37,15.663,0.0,0.0,0.0,-0.27,-0.09,0.0,-0.27,1.46,1.09,9.63,186.0,6.43,8.56,0,0,0,0.0,0.0,0.0
1787615367.317168,08:49:27.317,3556,48.439,26.69,1011.37,15.663,0.0,0.0,0.0,-0.27,-0.09,0.0,-0.27,1.46,1.09,9.63,186.0,6.43,8.56,0,0,0,0.0,0.0,0.0
1787615367.317359,08:49:27.317,3557,48.449,26.69,1011.37,15.663,0.0,0.0,0.0,-0.27,-0.09,0.0,-0.27,1.46,1.09,9.63,186.0,6.43,8.56,0,0,0,0.0,0.0,0.0
1787615367.317548,08:49:27.317,3558,48.459,26.69,1011.37,15.663,0.0,0.0,0.0,-0.27,-0.09,0.0,-0.27,1.46,1.09,9.63,186.0,6.43,8.56,0,0,0,0.0,0.0,0.0
1787615367.317736,08:49:27.317,3559,48.469,26.69,1011.37,15.663,0.0,0.0,0.0,-0.27,-0.09,0.0,-0.27,1.46,1.09,9.63,186.0,6.43,8.56,0,0,0,0.0,0.0,0.0
1787615367.317923,08:49:27.317,3560,48.479,26.69,1011.37,15.663,0.0,0.0,0.0,-0.27,-0.09,0.0,-0.27,1.46,1.09,9.63,186.0,6.43,8.56,0,0,0,0.0,0.0,0.0
1787615367.318110,08:49:27.318,3561,48.489,26.69,1011.37,15.663,0.0,0.0,0.0,-0.27,-0.09,0.0,-0.27,1.46,1.09,9.63,186.0,6.43,8.56,0,0,0,0.0,0.0,0.0
1787615367.318297,08:49:27.318,3562,48.499,26.69,1011.37,15.663,0.0,0.0,0.0,-0.27,-0.09,0.0,-0.27,1.46,1.09,9.63,186.0,6.43,8.56,0,0,0,0.0,0.0,0.0
1787615367.318485,08:49:27.318,3563,48.509,26.69,1011.37,15.663,0.0,0.0,0.0,-0.27,-0.09,0.0,-0.27,1.46,1.09,9.63,186.0,6.43,8.56,0,0,0,0.0,0.0,0.0
1787615367.318728,08:49:27.318,3564,48.519,26.69,1011.37,15.663,0.0,0.0,0.0,-0.27,-0.09,0.0,-0.27,1.46,1.09,9.63,186.0,6.43,8.56,0,0,0,0.0,0.0,0.0
1787615367.420165,08:49:27.420,3565,48.529,26.69,1011.37,15.663,0.0,0.0,0.0,-0.28,-0.05,0.01,-0.28,1.46,1.08,9.63,186.0,6.37,8.56,0,0,0,0.0,0.0,0.0
1787615367.421409,08:49:27.421,3566,48.539,26.69,1011.37,15.663,0.0,0.0,0.0,-0.28,-0.05,0.01,-0.28,1.46,1.08,9.63,186.0,6.37,8.56,0,0,0,0.0,0.0,0.0
1787615367.421770,08:49:27.421,3567,48.549,26.69,1011.37,15.663,0.0,0.0,0.0,-0.28,-0.05,0.01,-0.28,1.46,1.08,9.63,186.0,6.37,8.56,0,0,0,0.0,0.0,0.0
1787615367.422044,08:49:27.422,3568,48.559,26.69,1011.37,15.663,0.0,0.0,0.0,-0.28,-0.05,0.01,-0.28,1.46,1.08,9.63,186.0,6.37,8.56,0,0,0,0.0,0.0,0.0
1787615367.422416,08:49:27.422,3569,48.569,26.7,1011.38,15.581,0.0,0.0,0.0,-0.28,-0.05,0.01,-0.28,1.46,1.08,9.63,186.0,6.37,8.56,0,0,0,0.0,0.0,0.0
1787615367.422799,08:49:27.422,3570,48.579,26.7,1011.38,15.581,0.0,0.0,0.0,-0.28,-0.05,0.01,-0.28,1.46,1.08,9.63,186.0,6.37,8.56,0,0,0,0.0,0.0,0.0
1787615367.423180,08:49:27.423,3571,48.589,26.7,1011.38,15.581,0.0,0.0,0.0,-0.28,-0.05,0.01,-0.28,1.46,1.08,9.63,186.0,6.37,8.56,0,0,0,0.0,0.0,0.0
1787615367.423562,08:49:27.423,3572,48.599,26.7,1011.38,15.581,0.0,0.0,0.0,-0.28,-0.05,0.01,-0.28,1.46,1.08,9.63,186.0,6.37,8.56,0,0,0,0.0,0.0,0.0
1787615367.524924,08:49:27.524,3573,48.609,26.7,1011.38,15.581,0.0,0.0,0.0,-0.28,-0.05,0.01,-0.28,1.46,1.08,9.63,186.0,6.37,8.56,0,0,0,0.0,0.0,0.0
1787615367.526480,08:49:27.526,3574,48.619,26.7,1011.38,15.581,0.0,0.0,0.0,-0.28,-0.05,0.01,-0.28,1.46,1.08,9.63,186.0,6.37,8.56,0,0,0,0.0,0.0,0.0
1787615367.527219,08:49:27.527,3575,48.629,26.7,1011.38,15.581,0.0,0.0,0.0,-0.28,-0.08,0.0,-0.28,1.46,1.06,9.63,186.0,6.25,8.56,0,0,0,0.0,0.0,0.0
1787615367.527676,08:49:27.527,3576,48.639,26.7,1011.38,15.581,0.0,0.0,0.0,-0.28,-0.08,0.0,-0.28,1.46,1.06,9.63,186.0,6.25,8.56,0,0,0,0.0,0.0,0.0
1787615367.528045,08:49:27.528,3577,48.649,26.7,1011.38,15.581,0.0,0.0,0.0,-0.28,-0.08,0.0,-0.28,1.46,1.06,9.63,186.0,6.25,8.56,0,0,0,0.0,0.0,0.0
1787615367.528405,08:49:27.528,3578,48.659,26.7,1011.38,15.581,0.0,0.0,0.0,-0.28,-0.08,0.0,-0.28,1.46,1.06,9.63,186.0,6.25,8.56,0,0,0,0.0,0.0,0.0
1787615367.528765,08:49:27.528,3579,48.669,26.7,1011.38,15.581,0.0,0.0,0.0,-0.28,-0.08,0.0,-0.28,1.46,1.06,9.63,186.0,6.25,8.56,0,0,0,0.0,0.0,0.0
1787615367.529107,08:49:27.529,3580,48.679,26.7,1011.38,15.581,0.0,0.0,0.0,-0.28,-0.08,0.0,-0.28,1.46,1.06,9.63,186.0,6.25,8.56,0,0,0,0.0,0.0,0.0
1787615367.529445,08:49:27.529,3581,48.689,26.7,1011.38,15.581,0.0,0.0,0.0,-0.28,-0.08,0.0,-0.28,1.46,1.06,9.63,186.0,6.25,8.56,0,0,0,0.0,0.0,0.0
1787615367.529784,08:49:27.529,3582,48.699,26.7,1011.38,15.581,0.0,0.0,0.0,-0.28,-0.08,0.0,-0.28,1.46,1.06,9.63,186.0,6.25,8.56,0,0,0,0.0,0.0,0.0
1787615367.530119,08:49:27.530,3583,48.709,26.7,1011.38,15.581,0.0,0.0,0.0,-0.28,-0.08,0.0,-0.28,1.46,1.06,9.63,186.0,6.25,8.56,0,0,0,0.0,0.0,0.0
1787615367.530463,08:49:27.530,3584,48.719,26.7,1011.38,15.581,0.0,0.0,0.0,-0.28,-0.08,0.0,-0.28,1.46,1.06,9.63,186.0,6.25,8.56,0,0,0,0.0,0.0,0.0
1787615367.530814,08:49:27.530,3585,48.729,26.7,1011.38,15.581,0.0,0.0,0.0,-0.26,-0.09,0.0,-0.26,1.46,1.04,9.64,186.0,6.18,8.56,0,0,0,0.0,0.0,0.0
1787615367.632497,08:49:27.632,3586,48.739,26.7,1011.38,15.581,0.0,0.0,0.0,-0.26,-0.09,0.0,-0.26,1.46,1.04,9.64,186.0,6.18,8.56,0,0,0,0.0,0.0,0.0
1787615367.633761,08:49:27.633,3587,48.749,26.7,1011.38,15.581,0.0,0.0,0.0,-0.26,-0.09,0.0,-0.26,1.46,1.04,9.64,186.0,6.18,8.56,0,0,0,0.0,0.0,0.0
1787615367.634417,08:49:27.634,3588,48.759,26.7,1011.38,15.581,0.0,0.0,0.0,-0.26,-0.09,0.0,-0.26,1.46,1.04,9.64,186.0,6.18,8.56,0,0,0,0.0,0.0,0.0
1787615367.635071,08:49:27.635,3589,48.769,26.7,1011.39,15.496,0.0,0.0,0.0,-0.26,-0.09,0.0,-0.26,1.46,1.04,9.64,186.0,6.18,8.56,0,0,0,0.0,0.0,0.0
1787615367.635730,08:49:27.635,3590,48.779,26.7,1011.39,15.496,0.0,0.0,0.0,-0.26,-0.09,0.0,-0.26,1.46,1.04,9.64,186.0,6.18,8.56,0,0,0,0.0,0.0,0.0
1787615367.636387,08:49:27.636,3591,48.789,26.7,1011.39,15.496,0.0,0.0,0.0,-0.26,-0.09,0.0,-0.26,1.46,1.04,9.64,186.0,6.18,8.56,0,0,0,0.0,0.0,0.0
1787615367.636781,08:49:27.636,3592,48.799,26.7,1011.39,15.496,0.0,0.0,0.0,-0.26,-0.09,0.0,-0.26,1.46,1.04,9.64,186.0,6.18,8.56,0,0,0,0.0,0.0,0.0
1787615367.637046,08:49:27.637,3593,48.809,26.7,1011.39,15.496,0.0,0.0,0.0,-0.26,-0.09,0.0,-0.26,1.46,1.04,9.64,186.0,6.18,8.56,0,0,0,0.0,0.0,0.0
1787615367.637300,08:49:27.637,3594,48.819,26.7,1011.39,15.496,0.0,0.0,0.0,-0.26,-0.09,0.0,-0.26,1.46,1.04,9.64,186.0,6.18,8.56,0,0,0,0.0,0.0,0.0
1787615367.637556,08:49:27.637,3595,48.829,26.7,1011.39,15.496,0.0,0.0,0.0,-0.3,-0.09,0.0,-0.3,1.46,1.04,9.64,186.0,6.12,8.56,0,0,0,0.0,0.0,0.0
1787615367.738953,08:49:27.738,3596,48.839,26.7,1011.39,15.496,0.0,0.0,0.0,-0.3,-0.09,0.0,-0.3,1.46,1.04,9.64,186.0,6.12,8.56,0,0,0,0.0,0.0,0.0
1787615367.739764,08:49:27.739,3597,48.849,26.7,1011.39,15.496,0.0,0.0,0.0,-0.3,-0.09,0.0,-0.3,1.46,1.04,9.64,186.0,6.12,8.56,0,0,0,0.0,0.0,0.0
1787615367.740151,08:49:27.740,3598,48.859,26.7,1011.39,15.496,0.0,0.0,0.0,-0.3,-0.09,0.0,-0.3,1.46,1.04,9.64,186.0,6.12,8.56,0,0,0,0.0,0.0,0.0
1787615367.740517,08:49:27.740,3599,48.869,26.7,1011.39,15.496,0.0,0.0,0.0,-0.3,-0.09,0.0,-0.3,1.46,1.04,9.64,186.0,6.12,8.56,0,0,0,0.0,0.0,0.0
1787615367.740881,08:49:27.740,3600,48.879,26.7,1011.39,15.496,0.0,0.0,0.0,-0.3,-0.09,0.0,-0.3,1.46,1.04,9.64,186.0,6.12,8.56,0,0,0,0.0,0.0,0.0
1787615367.741235,08:49:27.741,3601,48.889,26.7,1011.39,15.496,0.0,0.0,0.0,-0.3,-0.09,0.0,-0.3,1.46,1.04,9.64,186.0,6.12,8.56,0,0,0,0.0,0.0,0.0
1787615367.741591,08:49:27.741,3602,48.899,26.7,1011.39,15.496,0.0,0.0,0.0,-0.3,-0.09,0.0,-0.3,1.46,1.04,9.64,186.0,6.12,8.56,0,0,0,0.0,0.0,0.0
1787615367.741929,08:49:27.741,3603,48.909,26.7,1011.39,15.496,0.0,0.0,0.0,-0.3,-0.09,0.0,-0.3,1.46,1.04,9.64,186.0,6.12,8.56,0,0,0,0.0,0.0,0.0
1787615367.742307,08:49:27.742,3604,48.919,26.7,1011.39,15.496,0.0,0.0,0.0,-0.3,-0.09,0.0,-0.3,1.46,1.04,9.64,186.0,6.12,8.56,0,0,0,0.0,0.0,0.0
1787615367.742670,08:49:27.742,3605,48.929,26.7,1011.39,15.496,0.0,0.0,0.0,-0.27,-0.08,0.0,-0.27,1.46,1.04,9.64,186.0,6.12,8.56,0,0,0,0.0,0.0,0.0
1787615367.844322,08:49:27.844,3606,48.939,26.7,1011.39,15.496,0.0,0.0,0.0,-0.27,-0.08,0.0,-0.27,1.46,1.04,9.64,186.0,6.12,8.56,0,0,0,0.0,0.0,0.0
1787615367.845663,08:49:27.845,3607,48.949,26.7,1011.39,15.496,0.0,0.0,0.0,-0.27,-0.08,0.0,-0.27,1.46,1.04,9.64,186.0,6.12,8.56,0,0,0,0.0,0.0,0.0
1787615367.846435,08:49:27.846,3608,48.959,26.7,1011.39,15.496,0.0,0.0,0.0,-0.27,-0.08,0.0,-0.27,1.46,1.04,9.64,186.0,6.12,8.56,0,0,0,0.0,0.0,0.0
1787615367.846911,08:49:27.846,3609,48.969,26.7,1011.38,15.581,0.0,0.0,0.0,-0.27,-0.08,0.0,-0.27,1.46,1.04,9.64,186.0,6.12,8.56,0,0,0,0.0,0.0,0.0
1787615367.847288,08:49:27.847,3610,48.979,26.7,1011.38,15.581,0.0,0.0,0.0,-0.27,-0.08,0.0,-0.27,1.46,1.04,9.64,186.0,6.12,8.56,0,0,0,0.0,0.0,0.0
1787615367.847658,08:49:27.847,3611,48.989,26.7,1011.38,15.581,0.0,0.0,0.0,-0.27,-0.08,0.0,-0.27,1.46,1.04,9.64,186.0,6.12,8.56,0,0,0,0.0,0.0,0.0
1787615367.848023,08:49:27.848,3612,48.999,26.7,1011.38,15.581,0.0,0.0,0.0,-0.27,-0.08,0.0,-0.27,1.46,1.04,9.64,186.0,6.12,8.56,0,0,0,0.0,0.0,0.0
1787615367.848384,08:49:27.848,3613,49.009,26.7,1011.38,15.581,0.0,0.0,0.0,-0.27,-0.08,0.0,-0.27,1.46,1.04,9.64,186.0,6.12,8.56,0,0,0,0.0,0.0,0.0
1787615367.848839,08:49:27.848,3614,49.019,26.7,1011.38,15.581,0.0,0.0,0.0,-0.27,-0.08,0.0,-0.27,1.46,1.04,9.64,186.0,6.12,8.56,0,0,0,0.0,0.0,0.0
1787615367.849199,08:49:27.849,3615,49.029,26.7,1011.38,15.581,0.0,0.0,0.0,-0.25,-0.07,0.0,-0.25,1.46,1.05,9.63,186.0,6.25,8.56,0,0,0,0.0,0.0,0.0
1787615367.849549,08:49:27.849,3616,49.039,26.7,1011.38,15.581,0.0,0.0,0.0,-0.25,-0.07,0.0,-0.25,1.46,1.05,9.63,186.0,6.25,8.56,0,0,0,0.0,0.0,0.0
1787615367.950220,08:49:27.950,3617,49.049,26.7,1011.38,15.581,0.0,0.0,0.0,-0.25,-0.07,0.0,-0.25,1.46,1.05,9.63,186.0,6.25,8.56,0,0,0,0.0,0.0,0.0
1787615367.951641,08:49:27.951,3618,49.059,26.7,1011.38,15.581,0.0,0.0,0.0,-0.25,-0.07,0.0,-0.25,1.46,1.05,9.63,186.0,6.25,8.56,0,0,0,0.0,0.0,0.0
1787615367.952363,08:49:27.952,3619,49.069,26.7,1011.38,15.581,0.0,0.0,0.0,-0.25,-0.07,0.0,-0.25,1.46,1.05,9.63,186.0,6.25,8.56,0,0,0,0.0,0.0,0.0
1787615367.953077,08:49:27.953,3620,49.079,26.7,1011.38,15.581,0.0,0.0,0.0,-0.25,-0.07,0.0,-0.25,1.46,1.05,9.63,186.0,6.25,8.56,0,0,0,0.0,0.0,0.0
1787615367.953777,08:49:27.953,3621,49.089,26.7,1011.38,15.581,0.0,0.0,0.0,-0.25,-0.07,0.0,-0.25,1.46,1.05,9.63,186.0,6.25,8.56,0,0,0,0.0,0.0,0.0
1787615367.954466,08:49:27.954,3622,49.099,26.7,1011.38,15.581,0.0,0.0,0.0,-0.25,-0.07,0.0,-0.25,1.46,1.05,9.63,186.0,6.25,8.56,0,0,0,0.0,0.0,0.0
1787615367.955159,08:49:27.955,3623,49.109,26.7,1011.38,15.581,0.0,0.0,0.0,-0.25,-0.07,0.0,-0.25,1.46,1.05,9.63,186.0,6.25,8.56,0,0,0,0.0,0.0,0.0
1787615367.955824,08:49:27.955,3624,49.119,26.7,1011.38,15.581,0.0,0.0,0.0,-0.25,-0.07,0.0,-0.25,1.46,1.05,9.63,186.0,6.25,8.56,0,0,0,0.0,0.0,0.0
1787615367.956094,08:49:27.956,3625,49.129,26.7,1011.38,15.581,0.0,0.0,0.0,-2.02,-0.5,-0.06,-2.02,1.46,1.08,9.63,186.0,6.37,8.56,0,0,0,0.0,0.0,0.0
1787615367.956383,08:49:27.956,3626,49.139,26.7,1011.38,15.581,0.0,0.0,0.0,-2.02,-0.5,-0.06,-2.02,1.46,1.08,9.63,186.0,6.37,8.56,0,0,0,0.0,0.0,0.0
1787615367.956660,08:49:27.956,3627,49.149,26.7,1011.38,15.581,0.0,0.0,0.0,-2.02,-0.5,-0.06,-2.02,1.46,1.08,9.63,186.0,6.37,8.56,0,0,0,0.0,0.0,0.0
1787615368.057181,08:49:28.057,3628,49.159,26.7,1011.38,15.581,0.0,0.0,0.0,-2.02,-0.5,-0.06,-2.02,1.46,1.08,9.63,186.0,6.37,8.56,0,0,0,0.0,0.0,0.0
1787615368.057558,08:49:28.057,3629,49.169,26.7,1011.37,15.663,0.0,0.0,0.0,-2.02,-0.5,-0.06,-2.02,1.46,1.08,9.63,186.0,6.37,8.56,0,0,0,0.0,0.0,0.0
1787615368.057791,08:49:28.057,3630,49.179,26.7,1011.37,15.663,0.0,0.0,0.0,-2.02,-0.5,-0.06,-2.02,1.46,1.08,9.63,186.0,6.37,8.56,0,0,0,0.0,0.0,0.0
1787615368.058019,08:49:28.058,3631,49.189,26.7,1011.37,15.663,0.0,0.0,0.0,-2.02,-0.5,-0.06,-2.02,1.46,1.08,9.63,186.0,6.37,8.56,0,0,0,0.0,0.0,0.0
1787615368.058239,08:49:28.058,3632,49.199,26.7,1011.37,15.663,0.0,0.0,0.0,-2.02,-0.5,-0.06,-2.02,1.46,1.08,9.63,186.0,6.37,8.56,0,0,0,0.0,0.0,0.0
1787615368.058456,08:49:28.058,3633,49.209,26.7,1011.37,15.663,0.0,0.0,0.0,-2.02,-0.5,-0.06,-2.02,1.46,1.08,9.63,186.0,6.37,8.56,0,0,0,0.0,0.0,0.0
1787615368.058675,08:49:28.058,3634,49.219,26.7,1011.37,15.663,0.0,0.0,0.0,-2.02,-0.5,-0.06,-2.02,1.46,1.08,9.63,186.0,6.37,8.56,0,0,0,0.0,0.0,0.0
1787615368.058892,08:49:28.058,3635,49.229,26.7,1011.37,15.663,0.0,0.0,0.0,-1.09,-0.06,-0.82,-1.09,1.46,1.06,9.63,186.0,6.37,8.56,0,0,0,0.0,0.0,0.0
1787615368.059122,08:49:28.059,3636,49.239,26.7,1011.37,15.663,0.0,0.0,0.0,-1.09,-0.06,-0.82,-1.09,1.46,1.06,9.63,186.0,6.37,8.56,0,0,0,0.0,0.0,0.0
1787615368.059373,08:49:28.059,3637,49.249,26.7,1011.37,15.663,0.0,0.0,0.0,-1.09,-0.06,-0.82,-1.09,1.46,1.06,9.63,186.0,6.37,8.56,0,0,0,0.0,0.0,0.0
1787615368.160854,08:49:28.160,3638,49.259,26.7,1011.37,15.663,0.0,0.0,0.0,-1.09,-0.06,-0.82,-1.09,1.46,1.06,9.63,186.0,6.37,8.56,0,0,0,0.0,0.0,0.0
1787615368.162143,08:49:28.162,3639,49.269,26.7,1011.37,15.663,0.0,0.0,0.0,-1.09,-0.06,-0.82,-1.09,1.46,1.06,9.63,186.0,6.37,8.56,0,0,0,0.0,0.0,0.0
1787615368.162817,08:49:28.162,3640,49.279,26.7,1011.37,15.663,0.0,0.0,0.0,-1.09,-0.06,-0.82,-1.09,1.46,1.06,9.63,186.0,6.37,8.56,0,0,0,0.0,0.0,0.0
1787615368.163474,08:49:28.163,3641,49.289,26.7,1011.37,15.663,0.0,0.0,0.0,-1.09,-0.06,-0.82,-1.09,1.46,1.06,9.63,186.0,6.37,8.56,0,0,0,0.0,0.0,0.0
1787615368.164133,08:49:28.164,3642,49.299,26.7,1011.37,15.663,0.0,0.0,0.0,-1.09,-0.06,-0.82,-1.09,1.46,1.06,9.63,186.0,6.37,8.56,0,0,0,0.0,0.0,0.0
1787615368.165228,08:49:28.165,3643,49.309,26.7,1011.37,15.663,0.0,0.0,0.0,-1.09,-0.06,-0.82,-1.09,1.46,1.06,9.63,186.0,6.37,8.56,0,0,0,0.0,0.0,0.0
1787615368.165964,08:49:28.165,3644,49.319,26.7,1011.37,15.663,0.0,0.0,0.0,-1.09,-0.06,-0.82,-1.09,1.46,1.06,9.63,186.0,6.37,8.56,0,0,0,0.0,0.0,0.0
1787615368.166641,08:49:28.166,3645,49.329,26.7,1011.37,15.663,0.0,0.0,0.0,-0.02,-4.08,0.1,-0.02,1.46,0.99,9.64,185.93,5.81,8.56,0,0,0,0.0,0.0,0.0
1787615368.167312,08:49:28.167,3646,49.339,26.7,1011.37,15.663,0.0,0.0,0.0,-0.02,-4.08,0.1,-0.02,1.46,0.99,9.64,185.93,5.81,8.56,0,0,0,0.0,0.0,0.0
1787615368.167998,08:49:28.167,3647,49.349,26.7,1011.37,15.663,0.0,0.0,0.0,-0.02,-4.08,0.1,-0.02,1.46,0.99,9.64,185.93,5.81,8.56,0,0,0,0.0,0.0,0.0
1787615368.168769,08:49:28.168,3648,49.359,26.7,1011.37,15.663,0.0,0.0,0.0,-0.02,-4.08,0.1,-0.02,1.46,0.99,9.64,185.93,5.81,8.56,0,0,0,0.0,0.0,0.0
1787615368.169200,08:49:28.169,3649,49.369,26.7,1011.37,15.663,0.0,0.0,0.0,-0.02,-4.08,0.1,-0.02,1.46,0.99,9.64,185.93,5.81,8.56,0,0,0,0.0,0.0,0.0
1787615368.270339,08:49:28.270,3650,49.379,26.7,1011.37,15.663,0.0,0.0,0.0,-0.02,-4.08,0.1,-0.02,1.46,0.99,9.64,185.93,5.81,8.56,0,0,0,0.0,0.0,0.0
1787615368.270548,08:49:28.270,3651,49.389,26.7,1011.37,15.663,0.0,0.0,0.0,-0.02,-4.08,0.1,-0.02,1.46,0.99,9.64,185.93,5.81,8.56,0,0,0,0.0,0.0,0.0
1787615368.270677,08:49:28.270,3652,49.399,26.7,1011.37,15.663,0.0,0.0,0.0,-0.02,-4.08,0.1,-0.02,1.46,0.99,9.64,185.93,5.81,8.56,0,0,0,0.0,0.0,0.0
1787615368.270800,08:49:28.270,3653,49.409,26.7,1011.37,15.663,0.0,0.0,0.0,-0.02,-4.08,0.1,-0.02,1.46,0.99,9.64,185.93,5.81,8.56,0,0,0,0.0,0.0,0.0
1787615368.270921,08:49:28.270,3654,49.419,26.7,1011.37,15.663,0.0,0.0,0.0,-0.02,-4.08,0.1,-0.02,1.46,0.99,9.64,185.93,5.81,8.56,0,0,0,0.0,0.0,0.0
1787615368.271042,08:49:28.271,3655,49.429,26.7,1011.37,15.663,0.0,0.0,0.0,0.66,1.02,1.15,0.66,1.48,0.84,9.65,186.0,5.06,8.68,0,0,0,0.0,0.0,0.0
1787615368.271164,08:49:28.271,3656,49.439,26.7,1011.37,15.663,0.0,0.0,0.0,0.66,1.02,1.15,0.66,1.48,0.84,9.65,186.0,5.06,8.68,0,0,0,0.0,0.0,0.0
1787615368.271284,08:49:28.271,3657,49.449,26.7,1011.37,15.663,0.0,0.0,0.0,0.66,1.02,1.15,0.66,1.48,0.84,9.65,186.0,5.06,8.68,0,0,0,0.0,0.0,0.0
1787615368.271404,08:49:28.271,3658,49.459,26.7,1011.37,15.663,0.0,0.0,0.0,0.66,1.02,1.15,0.66,1.48,0.84,9.65,186.0,5.06,8.68,0,0,0,0.0,0.0,0.0
1787615368.371726,08:49:28.371,3659,49.469,26.7,1011.37,15.663,0.0,0.0,0.0,0.66,1.02,1.15,0.66,1.48,0.84,9.65,186.0,5.06,8.68,0,0,0,0.0,0.0,0.0
1787615368.372029,08:49:28.372,3660,49.479,26.7,1011.37,15.663,0.0,0.0,0.0,0.66,1.02,1.15,0.66,1.48,0.84,9.65,186.0,5.06,8.68,0,0,0,0.0,0.0,0.0
1787615368.372208,08:49:28.372,3661,49.489,26.7,1011.37,15.663,0.0,0.0,0.0,0.66,1.02,1.15,0.66,1.48,0.84,9.65,186.0,5.06,8.68,0,0,0,0.0,0.0,0.0
1787615368.372381,08:49:28.372,3662,49.499,26.7,1011.37,15.663,0.0,0.0,0.0,0.66,1.02,1.15,0.66,1.48,0.84,9.65,186.0,5.06,8.68,0,0,0,0.0,0.0,0.0
1787615368.372552,08:49:28.372,3663,49.509,26.7,1011.37,15.663,0.0,0.0,0.0,0.66,1.02,1.15,0.66,1.48,0.84,9.65,186.0,5.06,8.68,0,0,0,0.0,0.0,0.0
1787615368.372764,08:49:28.372,3664,49.519,26.7,1011.37,15.663,0.0,0.0,0.0,0.66,1.02,1.15,0.66,1.48,0.84,9.65,186.0,5.06,8.68,0,0,0,0.0,0.0,0.0
1787615368.372934,08:49:28.372,3665,49.529,26.7,1011.37,15.663,0.0,0.0,0.0,-0.22,0.13,-1.43,-0.22,1.49,0.55,9.67,185.93,3.25,8.75,0,0,0,0.0,0.0,0.0
1787615368.373105,08:49:28.373,3666,49.539,26.7,1011.37,15.663,0.0,0.0,0.0,-0.22,0.13,-1.43,-0.22,1.49,0.55,9.67,185.93,3.25,8.75,0,0,0,0.0,0.0,0.0
1787615368.373282,08:49:28.373,3667,49.549,26.7,1011.37,15.663,0.0,0.0,0.0,-0.22,0.13,-1.43,-0.22,1.49,0.55,9.67,185.93,3.25,8.75,0,0,0,0.0,0.0,0.0
1787615368.373449,08:49:28.373,3668,49.559,26.7,1011.37,15.663,0.0,0.0,0.0,-0.22,0.13,-1.43,-0.22,1.49,0.55,9.67,185.93,3.25,8.75,0,0,0,0.0,0.0,0.0
1787615368.373616,08:49:28.373,3669,49.569,26.7,1011.36,15.747,0.0,0.0,0.0,-0.22,0.13,-1.43,-0.22,1.49,0.55,9.67,185.93,3.25,8.75,0,0,0,0.0,0.0,0.0
1787615368.474973,08:49:28.474,3670,49.579,26.7,1011.36,15.747,0.0,0.0,0.0,-0.22,0.13,-1.43,-0.22,1.49,0.55,9.67,185.93,3.25,8.75,0,0,0,0.0,0.0,0.0
1787615368.475378,08:49:28.475,3671,49.589,26.7,1011.36,15.747,0.0,0.0,0.0,-0.22,0.13,-1.43,-0.22,1.49,0.55,9.67,185.93,3.25,8.75,0,0,0,0.0,0.0,0.0
1787615368.475562,08:49:28.475,3672,49.599,26.7,1011.36,15.747,0.0,0.0,0.0,-0.22,0.13,-1.43,-0.22,1.49,0.55,9.67,185.93,3.25,8.75,0,0,0,0.0,0.0,0.0
1787615368.475723,08:49:28.475,3673,49.609,26.7,1011.36,15.747,0.0,0.0,0.0,-0.22,0.13,-1.43,-0.22,1.49,0.55,9.67,185.93,3.25,8.75,0,0,0,0.0,0.0,0.0
1787615368.475881,08:49:28.475,3674,49.619,26.7,1011.36,15.747,0.0,0.0,0.0,-0.22,0.13,-1.43,-0.22,1.49,0.55,9.67,185.93,3.25,8.75,0,0,0,0.0,0.0,0.0
1787615368.476039,08:49:28.476,3675,49.629,26.7,1011.36,15.747,0.0,0.0,0.0,-0.33,0.0,0.55,-0.33,1.48,0.16,9.69,185.81,0.93,8.62,0,0,0,0.0,0.0,0.0
1787615368.476197,08:49:28.476,3676,49.639,26.7,1011.36,15.747,0.0,0.0,0.0,-0.33,0.0,0.55,-0.33,1.48,0.16,9.69,185.81,0.93,8.62,0,0,0,0.0,0.0,0.0
1787615368.476350,08:49:28.476,3677,49.649,26.7,1011.36,15.747,0.0,0.0,0.0,-0.33,0.0,0.55,-0.33,1.48,0.16,9.69,185.81,0.93,8.62,0,0,0,0.0,0.0,0.0
1787615368.476503,08:49:28.476,3678,49.659,26.7,1011.36,15.747,0.0,0.0,0.0,-0.33,0.0,0.55,-0.33,1.48,0.16,9.69,185.81,0.93,8.62,0,0,0,0.0,0.0,0.0
1787615368.476654,08:49:28.476,3679,49.669,26.7,1011.36,15.747,0.0,0.0,0.0,-0.33,0.0,0.55,-0.33,1.48,0.16,9.69,185.81,0.93,8.62,0,0,0,0.0,0.0,0.0
1787615368.577180,08:49:28.577,3680,49.679,26.7,1011.36,15.747,0.0,0.0,0.0,-0.33,0.0,0.55,-0.33,1.48,0.16,9.69,185.81,0.93,8.62,0,0,0,0.0,0.0,0.0
1787615368.577525,08:49:28.577,3681,49.689,26.7,1011.36,15.747,0.0,0.0,0.0,-0.33,0.0,0.55,-0.33,1.48,0.16,9.69,185.81,0.93,8.62,0,0,0,0.0,0.0,0.0
1787615368.577731,08:49:28.577,3682,49.699,26.7,1011.36,15.747,0.0,0.0,0.0,-0.33,0.0,0.55,-0.33,1.48,0.16,9.69,185.81,0.93,8.62,0,0,0,0.0,0.0,0.0
1787615368.577927,08:49:28.577,3683,49.709,26.7,1011.36,15.747,0.0,0.0,0.0,-0.33,0.0,0.55,-0.33,1.48,0.16,9.69,185.81,0.93,8.62,0,0,0,0.0,0.0,0.0
1787615368.578118,08:49:28.578,3684,49.719,26.7,1011.36,15.747,0.0,0.0,0.0,-0.33,0.0,0.55,-0.33,1.48,0.16,9.69,185.81,0.93,8.62,0,0,0,0.0,0.0,0.0
1787615368.578311,08:49:28.578,3685,49.729,26.7,1011.36,15.747,0.0,0.0,0.0,1.91,-1.93,-1.35,1.91,1.49,0.0,9.69,185.81,0.0,8.75,0,0,0,0.0,0.0,0.0
1787615368.578503,08:49:28.578,3686,49.739,26.7,1011.36,15.747,0.0,0.0,0.0,1.91,-1.93,-1.35,1.91,1.49,0.0,9.69,185.81,0.0,8.75,0,0,0,0.0,0.0,0.0
1787615368.578692,08:49:28.578,3687,49.749,26.7,1011.36,15.747,0.0,0.0,0.0,1.91,-1.93,-1.35,1.91,1.49,0.0,9.69,185.81,0.0,8.75,0,0,0,0.0,0.0,0.0
1787615368.578880,08:49:28.578,3688,49.759,26.7,1011.36,15.747,0.0,0.0,0.0,1.91,-1.93,-1.35,1.91,1.49,0.0,9.69,185.81,0.0,8.75,0,0,0,0.0,0.0,0.0
1787615368.579068,08:49:28.579,3689,49.769,26.68,1011.33,15.996,0.0,0.0,0.0,1.91,-1.93,-1.35,1.91,1.49,0.0,9.69,185.81,0.0,8.75,0,0,0,0.0,0.0,0.0
1787615368.579256,08:49:28.579,3690,49.779,26.68,1011.33,15.996,0.0,0.0,0.0,1.91,-1.93,-1.35,1.91,1.49,0.0,9.69,185.81,0.0,8.75,0,0,0,0.0,0.0,0.0
1787615368.680625,08:49:28.680,3691,49.789,26.68,1011.33,15.996,0.0,0.0,0.0,1.91,-1.93,-1.35,1.91,1.49,0.0,9.69,185.81,0.0,8.75,0,0,0,0.0,0.0,0.0
1787615368.680986,08:49:28.680,3692,49.799,26.68,1011.33,15.996,0.0,0.0,0.0,1.91,-1.93,-1.35,1.91,1.49,0.0,9.69,185.81,0.0,8.75,0,0,0,0.0,0.0,0.0
1787615368.681214,08:49:28.681,3693,49.809,26.68,1011.33,15.996,0.0,0.0,0.0,1.91,-1.93,-1.35,1.91,1.49,0.0,9.69,185.81,0.0,8.75,0,0,0,0.0,0.0,0.0
1787615368.681437,08:49:28.681,3694,49.819,26.68,1011.33,15.996,0.0,0.0,0.0,1.91,-1.93,-1.35,1.91,1.49,0.0,9.69,185.81,0.0,8.75,0,0,0,0.0,0.0,0.0
1787615368.681656,08:49:28.681,3695,49.829,26.68,1011.33,15.996,0.0,0.0,0.0,1.63,6.35,-0.94,1.63,1.48,0.11,9.69,185.75,0.68,8.68,0,0,0,0.0,0.0,0.0
1787615368.681876,08:49:28.681,3696,49.839,26.68,1011.33,15.996,0.0,0.0,0.0,1.63,6.35,-0.94,1.63,1.48,0.11,9.69,185.75,0.68,8.68,0,0,0,0.0,0.0,0.0
1787615368.682097,08:49:28.682,3697,49.849,26.68,1011.33,15.996,0.0,0.0,0.0,1.63,6.35,-0.94,1.63,1.48,0.11,9.69,185.75,0.68,8.68,0,0,0,0.0,0.0,0.0
1787615368.682314,08:49:28.682,3698,49.859,26.68,1011.33,15.996,0.0,0.0,0.0,1.63,6.35,-0.94,1.63,1.48,0.11,9.69,185.75,0.68,8.68,0,0,0,0.0,0.0,0.0
1787615368.682529,08:49:28.682,3699,49.869,26.68,1011.33,15.996,0.0,0.0,0.0,1.63,6.35,-0.94,1.63,1.48,0.11,9.69,185.75,0.68,8.68,0,0,0,0.0,0.0,0.0
1787615368.783326,08:49:28.783,3700,49.879,26.68,1011.33,15.996,0.0,0.0,0.0,1.63,6.35,-0.94,1.63,1.48,0.11,9.69,185.75,0.68,8.68,0,0,0,0.0,0.0,0.0
1787615368.783704,08:49:28.783,3701,49.889,26.68,1011.33,15.996,0.0,0.0,0.0,1.63,6.35,-0.94,1.63,1.48,0.11,9.69,185.75,0.68,8.68,0,0,0,0.0,0.0,0.0
1787615368.783940,08:49:28.783,3702,49.899,26.68,1011.33,15.996,0.0,0.0,0.0,1.63,6.35,-0.94,1.63,1.48,0.11,9.69,185.75,0.68,8.68,0,0,0,0.0,0.0,0.0
1787615368.784167,08:49:28.784,3703,49.909,26.68,1011.33,15.996,0.0,0.0,0.0,1.63,6.35,-0.94,1.63,1.48,0.11,9.69,185.75,0.68,8.68,0,0,0,0.0,0.0,0.0
1787615368.784394,08:49:28.784,3704,49.919,26.68,1011.33,15.996,0.0,0.0,0.0,1.63,6.35,-0.94,1.63,1.48,0.11,9.69,185.75,0.68,8.68,0,0,0,0.0,0.0,0.0
1787615368.784620,08:49:28.784,3705,49.929,26.68,1011.33,15.996,0.0,0.0,0.0,1.34,-0.62,0.41,1.34,1.46,0.11,9.69,185.87,0.62,8.56,0,0,0,0.0,0.0,0.0
1787615368.784846,08:49:28.784,3706,49.939,26.68,1011.33,15.996,0.0,0.0,0.0,1.34,-0.62,0.41,1.34,1.46,0.11,9.69,185.87,0.62,8.56,0,0,0,0.0,0.0,0.0
1787615368.785069,08:49:28.785,3707,49.949,26.68,1011.33,15.996,0.0,0.0,0.0,1.34,-0.62,0.41,1.34,1.46,0.11,9.69,185.87,0.62,8.56,0,0,0,0.0,0.0,0.0
1787615368.785291,08:49:28.785,3708,49.959,26.68,1011.33,15.996,0.0,0.0,0.0,1.34,-0.62,0.41,1.34,1.46,0.11,9.69,185.87,0.62,8.56,0,0,0,0.0,0.0,0.0
1787615368.785512,08:49:28.785,3709,49.969,26.71,1011.36,15.747,0.0,0.0,0.0,1.34,-0.62,0.41,1.34,1.46,0.11,9.69,185.87,0.62,8.56,0,0,0,0.0,0.0,0.0
1787615368.785735,08:49:28.785,3710,49.979,26.71,1011.36,15.747,0.0,0.0,0.0,1.34,-0.62,0.41,1.34,1.46,0.11,9.69,185.87,0.62,8.56,0,0,0,0.0,0.0,0.0
1787615368.785960,08:49:28.785,3711,49.989,26.71,1011.36,15.747,0.0,0.0,0.0,1.34,-0.62,0.41,1.34,1.46,0.11,9.69,185.87,0.62,8.56,0,0,0,0.0,0.0,0.0
1787615368.887285,08:49:28.887,3712,49.999,26.71,1011.36,15.747,0.0,0.0,0.0,1.34,-0.62,0.41,1.34,1.46,0.11,9.69,185.87,0.62,8.56,0,0,0,0.0,0.0,0.0
1787615368.887539,08:49:28.887,3713,50.009,26.71,1011.36,15.747,0.0,0.0,0.0,1.34,-0.62,0.41,1.34,1.46,0.11,9.69,185.87,0.62,8.56,0,0,0,0.0,0.0,0.0
1787615368.887746,08:49:28.887,3714,50.019,26.71,1011.36,15.747,0.0,0.0,0.0,1.34,-0.62,0.41,1.34,1.46,0.11,9.69,185.87,0.62,8.56,0,0,0,0.0,0.0,0.0
1787615368.887901,08:49:28.887,3715,50.029,26.71,1011.36,15.747,0.0,0.0,0.0,-1.73,-1.09,-3.5,-1.73,1.46,0.01,9.69,185.87,0.06,8.56,0,0,0,0.0,0.0,0.0
1787615368.888057,08:49:28.888,3716,50.039,26.71,1011.36,15.747,0.0,0.0,0.0,-1.73,-1.09,-3.5,-1.73,1.46,0.01,9.69,185.87,0.06,8.56,0,0,0,0.0,0.0,0.0
1787615368.888218,08:49:28.888,3717,50.049,26.71,1011.36,15.747,0.0,0.0,0.0,-1.73,-1.09,-3.5,-1.73,1.46,0.01,9.69,185.87,0.06,8.56,0,0,0,0.0,0.0,0.0
1787615368.888475,08:49:28.888,3718,50.059,26.71,1011.36,15.747,0.0,0.0,0.0,-1.73,-1.09,-3.5,-1.73,1.46,0.01,9.69,185.87,0.06,8.56,0,0,0,0.0,0.0,0.0
1787615368.888658,08:49:28.888,3719,50.069,26.71,1011.36,15.747,0.0,0.0,0.0,-1.73,-1.09,-3.5,-1.73,1.46,0.01,9.69,185.87,0.06,8.56,0,0,0,0.0,0.0,0.0
1787615368.888819,08:49:28.888,3720,50.079,26.71,1011.36,15.747,0.0,0.0,0.0,-1.73,-1.09,-3.5,-1.73,1.46,0.01,9.69,185.87,0.06,8.56,0,0,0,0.0,0.0,0.0
1787615368.888986,08:49:28.888,3721,50.089,26.71,1011.36,15.747,0.0,0.0,0.0,-1.73,-1.09,-3.5,-1.73,1.46,0.01,9.69,185.87,0.06,8.56,0,0,0,0.0,0.0,0.0
1787615368.990314,08:49:28.990,3722,50.099,26.71,1011.36,15.747,0.0,0.0,0.0,-1.73,-1.09,-3.5,-1.73,1.46,0.01,9.69,185.87,0.06,8.56,0,0,0,0.0,0.0,0.0
1787615368.990575,08:49:28.990,3723,50.109,26.71,1011.36,15.747,0.0,0.0,0.0,-1.73,-1.09,-3.5,-1.73,1.46,0.01,9.69,185.87,0.06,8.56,0,0,0,0.0,0.0,0.0
1787615368.990721,08:49:28.990,3724,50.119,26.71,1011.36,15.747,0.0,0.0,0.0,-1.73,-1.09,-3.5,-1.73,1.46,0.01,9.69,185.87,0.06,8.56,0,0,0,0.0,0.0,0.0
1787615368.990861,08:49:28.990,3725,50.129,26.71,1011.36,15.747,0.0,0.0,0.0,-1.92,0.92,-0.18,-1.92,1.46,-0.04,9.69,186.06,-0.25,8.56,0,0,0,0.0,0.0,0.0
1787615368.991002,08:49:28.991,3726,50.139,26.71,1011.36,15.747,0.0,0.0,0.0,-1.92,0.92,-0.18,-1.92,1.46,-0.04,9.69,186.06,-0.25,8.56,0,0,0,0.0,0.0,0.0
1787615368.991141,08:49:28.991,3727,50.149,26.71,1011.36,15.747,0.0,0.0,0.0,-1.92,0.92,-0.18,-1.92,1.46,-0.04,9.69,186.06,-0.25,8.56,0,0,0,0.0,0.0,0.0
1787615368.991278,08:49:28.991,3728,50.159,26.71,1011.36,15.747,0.0,0.0,0.0,-1.92,0.92,-0.18,-1.92,1.46,-0.04,9.69,186.06,-0.25,8.56,0,0,0,0.0,0.0,0.0
1787615368.991416,08:49:28.991,3729,50.169,26.7,1011.39,15.496,0.0,0.0,0.0,-1.92,0.92,-0.18,-1.92,1.46,-0.04,9.69,186.06,-0.25,8.56,0,0,0,0.0,0.0,0.0
1787615368.991554,08:49:28.991,3730,50.179,26.7,1011.39,15.496,0.0,0.0,0.0,-1.92,0.92,-0.18,-1.92,1.46,-0.04,9.69,186.06,-0.25,8.56,0,0,0,0.0,0.0,0.0
1787615368.991690,08:49:28.991,3731,50.189,26.7,1011.39,15.496,0.0,0.0,0.0,-1.92,0.92,-0.18,-1.92,1.46,-0.04,9.69,186.06,-0.25,8.56,0,0,0,0.0,0.0,0.0
1787615369.092243,08:49:29.092,3732,50.199,26.7,1011.39,15.496,0.0,0.0,0.0,-1.92,0.92,-0.18,-1.92,1.46,-0.04,9.69,186.06,-0.25,8.56,0,0,0,0.0,0.0,0.0
1787615369.092567,08:49:29.092,3733,50.209,26.7,1011.39,15.496,0.0,0.0,0.0,-1.92,0.92,-0.18,-1.92,1.46,-0.04,9.69,186.06,-0.25,8.56,0,0,0,0.0,0.0,0.0
1787615369.092767,08:49:29.092,3734,50.219,26.7,1011.39,15.496,0.0,0.0,0.0,-1.92,0.92,-0.18,-1.92,1.46,-0.04,9.69,186.06,-0.25,8.56,0,0,0,0.0,0.0,0.0
1787615369.092961,08:49:29.092,3735,50.229,26.7,1011.39,15.496,0.0,0.0,0.0,0.29,-5.7,5.51,0.29,1.47,0.0,9.69,186.43,0.0,8.62,0,0,0,0.0,0.0,0.0
1787615369.093153,08:49:29.093,3736,50.239,26.7,1011.39,15.496,0.0,0.0,0.0,0.29,-5.7,5.51,0.29,1.47,0.0,9.69,186.43,0.0,8.62,0,0,0,0.0,0.0,0.0
1787615369.093344,08:49:29.093,3737,50.249,26.7,1011.39,15.496,0.0,0.0,0.0,0.29,-5.7,5.51,0.29,1.47,0.0,9.69,186.43,0.0,8.62,0,0,0,0.0,0.0,0.0
1787615369.093532,08:49:29.093,3738,50.259,26.7,1011.39,15.496,0.0,0.0,0.0,0.29,-5.7,5.51,0.29,1.47,0.0,9.69,186.43,0.0,8.62,0,0,0,0.0,0.0,0.0
1787615369.093721,08:49:29.093,3739,50.269,26.7,1011.39,15.496,0.0,0.0,0.0,0.29,-5.7,5.51,0.29,1.47,0.0,9.69,186.43,0.0,8.62,0,0,0,0.0,0.0,0.0
1787615369.093909,08:49:29.093,3740,50.279,26.7,1011.39,15.496,0.0,0.0,0.0,0.29,-5.7,5.51,0.29,1.47,0.0,9.69,186.43,0.0,8.62,0,0,0,0.0,0.0,0.0
1787615369.094096,08:49:29.094,3741,50.289,26.7,1011.39,15.496,0.0,0.0,0.0,0.29,-5.7,5.51,0.29,1.47,0.0,9.69,186.43,0.0,8.62,0,0,0,0.0,0.0,0.0
1787615369.194655,08:49:29.194,3742,50.299,26.7,1011.39,15.496,0.0,0.0,0.0,0.29,-5.7,5.51,0.29,1.47,0.0,9.69,186.43,0.0,8.62,0,0,0,0.0,0.0,0.0
1787615369.194920,08:49:29.194,3743,50.309,26.7,1011.39,15.496,0.0,0.0,0.0,0.29,-5.7,5.51,0.29,1.47,0.0,9.69,186.43,0.0,8.62,0,0,0,0.0,0.0,0.0
1787615369.195084,08:49:29.195,3744,50.319,26.7,1011.39,15.496,0.0,0.0,0.0,0.29,-5.7,5.51,0.29,1.47,0.0,9.69,186.43,0.0,8.62,0,0,0,0.0,0.0,0.0
1787615369.195240,08:49:29.195,3745,50.329,26.7,1011.39,15.496,0.0,0.0,0.0,-2.22,2.01,-0.53,-2.22,1.48,0.02,9.69,187.06,0.12,8.68,0,0,0,0.0,0.0,0.0
1787615369.195397,08:49:29.195,3746,50.339,26.7,1011.39,15.496,0.0,0.0,0.0,-2.22,2.01,-0.53,-2.22,1.48,0.02,9.69,187.06,0.12,8.68,0,0,0,0.0,0.0,0.0
1787615369.195549,08:49:29.195,3747,50.349,26.7,1011.39,15.496,0.0,0.0,0.0,-2.22,2.01,-0.53,-2.22,1.48,0.02,9.69,187.06,0.12,8.68,0,0,0,0.0,0.0,0.0
1787615369.195700,08:49:29.195,3748,50.359,26.7,1011.39,15.496,0.0,0.0,0.0,-2.22,2.01,-0.53,-2.22,1.48,0.02,9.69,187.06,0.12,8.68,0,0,0,0.0,0.0,0.0
1787615369.195910,08:49:29.195,3749,50.369,26.69,1011.37,15.663,0.0,0.0,0.0,-2.22,2.01,-0.53,-2.22,1.48,0.02,9.69,187.06,0.12,8.68,0,0,0,0.0,0.0,0.0
1787615369.196077,08:49:29.196,3750,50.379,26.69,1011.37,15.663,0.0,0.0,0.0,-2.22,2.01,-0.53,-2.22,1.48,0.02,9.69,187.06,0.12,8.68,0,0,0,0.0,0.0,0.0
1787615369.196227,08:49:29.196,3751,50.389,26.69,1011.37,15.663,0.0,0.0,0.0,-2.22,2.01,-0.53,-2.22,1.48,0.02,9.69,187.06,0.12,8.68,0,0,0,0.0,0.0,0.0
1787615369.297184,08:49:29.297,3752,50.399,26.69,1011.37,15.663,0.0,0.0,0.0,-2.22,2.01,-0.53,-2.22,1.48,0.02,9.69,187.06,0.12,8.68,0,0,0,0.0,0.0,0.0
1787615369.297429,08:49:29.297,3753,50.409,26.69,1011.37,15.663,0.0,0.0,0.0,-2.22,2.01,-0.53,-2.22,1.48,0.02,9.69,187.06,0.12,8.68,0,0,0,0.0,0.0,0.0
1787615369.297574,08:49:29.297,3754,50.419,26.69,1011.37,15.663,0.0,0.0,0.0,-2.22,2.01,-0.53,-2.22,1.48,0.02,9.69,187.06,0.12,8.68,0,0,0,0.0,0.0,0.0
1787615369.297715,08:49:29.297,3755,50.429,26.69,1011.37,15.663,0.0,0.0,0.0,-1.08,2.52,-0.51,-1.08,1.5,0.0,9.69,187.87,0.0,8.81,0,0,0,0.0,0.0,0.0
1787615369.297853,08:49:29.297,3756,50.439,26.69,1011.37,15.663,0.0,0.0,0.0,-1.08,2.52,-0.51,-1.08,1.5,0.0,9.69,187.87,0.0,8.81,0,0,0,0.0,0.0,0.0
1787615369.297991,08:49:29.297,3757,50.449,26.69,1011.37,15.663,0.0,0.0,0.0,-1.08,2.52,-0.51,-1.08,1.5,0.0,9.69,187.87,0.0,8.81,0,0,0,0.0,0.0,0.0
1787615369.298129,08:49:29.298,3758,50.459,26.69,1011.37,15.663,0.0,0.0,0.0,-1.08,2.52,-0.51,-1.08,1.5,0.0,9.69,187.87,0.0,8.81,0,0,0,0.0,0.0,0.0
1787615369.298266,08:49:29.298,3759,50.469,26.69,1011.37,15.663,0.0,0.0,0.0,-1.08,2.52,-0.51,-1.08,1.5,0.0,9.69,187.87,0.0,8.81,0,0,0,0.0,0.0,0.0
1787615369.298403,08:49:29.298,3760,50.479,26.69,1011.37,15.663,0.0,0.0,0.0,-1.08,2.52,-0.51,-1.08,1.5,0.0,9.69,187.87,0.0,8.81,0,0,0,0.0,0.0,0.0
1787615369.298540,08:49:29.298,3761,50.489,26.69,1011.37,15.663,0.0,0.0,0.0,-1.08,2.52,-0.51,-1.08,1.5,0.0,9.69,187.87,0.0,8.81,0,0,0,0.0,0.0,0.0
1787615369.298674,08:49:29.298,3762,50.499,26.69,1011.37,15.663,0.0,0.0,0.0,-1.08,2.52,-0.51,-1.08,1.5,0.0,9.69,187.87,0.0,8.81,0,0,0,0.0,0.0,0.0
1787615369.400027,08:49:29.400,3763,50.509,26.69,1011.37,15.663,0.0,0.0,0.0,-1.08,2.52,-0.51,-1.08,1.5,0.0,9.69,187.87,0.0,8.81,0,0,0,0.0,0.0,0.0
1787615369.400875,08:49:29.400,3764,50.519,26.69,1011.37,15.663,0.0,0.0,0.0,-1.08,2.52,-0.51,-1.08,1.5,0.0,9.69,187.87,0.0,8.81,0,0,0,0.0,0.0,0.0
1787615369.401155,08:49:29.401,3765,50.529,26.69,1011.37,15.663,0.0,0.0,0.0,-0.78,-3.12,6.28,-0.78,1.52,-0.04,9.68,188.93,-0.25,8.93,0,0,0,0.0,0.0,0.0
1787615369.401443,08:49:29.401,3766,50.539,26.69,1011.37,15.663,0.0,0.0,0.0,-0.78,-3.12,6.28,-0.78,1.52,-0.04,9.68,188.93,-0.25,8.93,0,0,0,0.0,0.0,0.0
1787615369.401701,08:49:29.401,3767,50.549,26.69,1011.37,15.663,0.0,0.0,0.0,-0.78,-3.12,6.28,-0.78,1.52,-0.04,9.68,188.93,-0.25,8.93,0,0,0,0.0,0.0,0.0
1787615369.401957,08:49:29.401,3768,50.559,26.69,1011.37,15.663,0.0,0.0,0.0,-0.78,-3.12,6.28,-0.78,1.52,-0.04,9.68,188.93,-0.25,8.93,0,0,0,0.0,0.0,0.0
1787615369.402213,08:49:29.402,3769,50.569,26.7,1011.34,15.914,0.0,0.0,0.0,-0.78,-3.12,6.28,-0.78,1.52,-0.04,9.68,188.93,-0.25,8.93,0,0,0,0.0,0.0,0.0
1787615369.402472,08:49:29.402,3770,50.579,26.7,1011.34,15.914,0.0,0.0,0.0,-0.78,-3.12,6.28,-0.78,1.52,-0.04,9.68,188.93,-0.25,8.93,0,0,0,0.0,0.0,0.0
1787615369.402758,08:49:29.402,3771,50.589,26.7,1011.34,15.914,0.0,0.0,0.0,-0.78,-3.12,6.28,-0.78,1.52,-0.04,9.68,188.93,-0.25,8.93,0,0,0,0.0,0.0,0.0
1787615369.403014,08:49:29.403,3772,50.599,26.7,1011.34,15.914,0.0,0.0,0.0,-0.78,-3.12,6.28,-0.78,1.52,-0.04,9.68,188.93,-0.25,8.93,0,0,0,0.0,0.0,0.0
1787615369.503817,08:49:29.503,3773,50.609,26.7,1011.34,15.914,0.0,0.0,0.0,-0.78,-3.12,6.28,-0.78,1.52,-0.04,9.68,188.93,-0.25,8.93,0,0,0,0.0,0.0,0.0
1787615369.504134,08:49:29.504,3774,50.619,26.7,1011.34,15.914,0.0,0.0,0.0,-0.78,-3.12,6.28,-0.78,1.52,-0.04,9.68,188.93,-0.25,8.93,0,0,0,0.0,0.0,0.0
1787615369.504298,08:49:29.504,3775,50.629,26.7,1011.34,15.914,0.0,0.0,0.0,-1.92,1.58,6.28,-1.92,1.51,-0.05,9.68,190.25,-0.31,8.81,0,0,0,0.0,0.0,0.0
1787615369.504444,08:49:29.504,3776,50.639,26.7,1011.34,15.914,0.0,0.0,0.0,-1.92,1.58,6.28,-1.92,1.51,-0.05,9.68,190.25,-0.31,8.81,0,0,0,0.0,0.0,0.0
1787615369.504585,08:49:29.504,3777,50.649,26.7,1011.34,15.914,0.0,0.0,0.0,-1.92,1.58,6.28,-1.92,1.51,-0.05,9.68,190.25,-0.31,8.81,0,0,0,0.0,0.0,0.0
1787615369.504725,08:49:29.504,3778,50.659,26.7,1011.34,15.914,0.0,0.0,0.0,-1.92,1.58,6.28,-1.92,1.51,-0.05,9.68,190.25,-0.31,8.81,0,0,0,0.0,0.0,0.0
1787615369.504866,08:49:29.504,3779,50.669,26.7,1011.34,15.914,0.0,0.0,0.0,-1.92,1.58,6.28,-1.92,1.51,-0.05,9.68,190.25,-0.31,8.81,0,0,0,0.0,0.0,0.0
1787615369.505003,08:49:29.505,3780,50.679,26.7,1011.34,15.914,0.0,0.0,0.0,-1.92,1.58,6.28,-1.92,1.51,-0.05,9.68,190.25,-0.31,8.81,0,0,0,0.0,0.0,0.0
1787615369.505141,08:49:29.505,3781,50.689,26.7,1011.34,15.914,0.0,0.0,0.0,-1.92,1.58,6.28,-1.92,1.51,-0.05,9.68,190.25,-0.31,8.81,0,0,0,0.0,0.0,0.0
1787615369.505278,08:49:29.505,3782,50.699,26.7,1011.34,15.914,0.0,0.0,0.0,-1.92,1.58,6.28,-1.92,1.51,-0.05,9.68,190.25,-0.31,8.81,0,0,0,0.0,0.0,0.0
1787615369.505418,08:49:29.505,3783,50.709,26.7,1011.34,15.914,0.0,0.0,0.0,-1.92,1.58,6.28,-1.92,1.51,-0.05,9.68,190.25,-0.31,8.81,0,0,0,0.0,0.0,0.0
1787615369.606747,08:49:29.606,3784,50.719,26.7,1011.34,15.914,0.0,0.0,0.0,-1.92,1.58,6.28,-1.92,1.51,-0.05,9.68,190.25,-0.31,8.81,0,0,0,0.0,0.0,0.0
1787615369.607083,08:49:29.607,3785,50.729,26.7,1011.34,15.914,0.0,0.0,0.0,-0.41,-1.04,10.42,-0.41,1.47,0.02,9.69,191.75,0.12,8.62,0,0,0,0.0,0.0,0.0
1787615369.607285,08:49:29.607,3786,50.739,26.7,1011.34,15.914,0.0,0.0,0.0,-0.41,-1.04,10.42,-0.41,1.47,0.02,9.69,191.75,0.12,8.62,0,0,0,0.0,0.0,0.0
1787615369.607479,08:49:29.607,3787,50.749,26.7,1011.34,15.914,0.0,0.0,0.0,-0.41,-1.04,10.42,-0.41,1.47,0.02,9.69,191.75,0.12,8.62,0,0,0,0.0,0.0,0.0
1787615369.607673,08:49:29.607,3788,50.759,26.7,1011.34,15.914,0.0,0.0,0.0,-0.41,-1.04,10.42,-0.41,1.47,0.02,9.69,191.75,0.12,8.62,0,0,0,0.0,0.0,0.0
1787615369.607863,08:49:29.607,3789,50.769,26.68,1011.33,15.996,0.0,0.0,0.0,-0.41,-1.04,10.42,-0.41,1.47,0.02,9.69,191.75,0.12,8.62,0,0,0,0.0,0.0,0.0
1787615369.608066,08:49:29.608,3790,50.779,26.68,1011.33,15.996,0.0,0.0,0.0,-0.41,-1.04,10.42,-0.41,1.47,0.02,9.69,191.75,0.12,8.62,0,0,0,0.0,0.0,0.0
1787615369.608310,08:49:29.608,3791,50.789,26.68,1011.33,15.996,0.0,0.0,0.0,-0.41,-1.04,10.42,-0.41,1.47,0.02,9.69,191.75,0.12,8.62,0,0,0,0.0,0.0,0.0
1787615369.608503,08:49:29.608,3792,50.799,26.68,1011.33,15.996,0.0,0.0,0.0,-0.41,-1.04,10.42,-0.41,1.47,0.02,9.69,191.75,0.12,8.62,0,0,0,0.0,0.0,0.0
1787615369.608680,08:49:29.608,3793,50.809,26.68,1011.33,15.996,0.0,0.0,0.0,-0.41,-1.04,10.42,-0.41,1.47,0.02,9.69,191.75,0.12,8.62,0,0,0,0.0,0.0,0.0
1787615369.709998,08:49:29.709,3794,50.819,26.68,1011.33,15.996,0.0,0.0,0.0,-0.41,-1.04,10.42,-0.41,1.47,0.02,9.69,191.75,0.12,8.62,0,0,0,0.0,0.0,0.0
1787615369.710359,08:49:29.710,3795,50.829,26.68,1011.33,15.996,0.0,0.0,0.0,-0.45,-3.18,7.26,-0.45,1.46,0.39,9.68,193.43,2.31,8.56,0,0,0,0.0,0.0,0.0
1787615369.710592,08:49:29.710,3796,50.839,26.68,1011.33,15.996,0.0,0.0,0.0,-0.45,-3.18,7.26,-0.45,1.46,0.39,9.68,193.43,2.31,8.56,0,0,0,0.0,0.0,0.0
1787615369.710818,08:49:29.710,3797,50.849,26.68,1011.33,15.996,0.0,0.0,0.0,-0.45,-3.18,7.26,-0.45,1.46,0.39,9.68,193.43,2.31,8.56,0,0,0,0.0,0.0,0.0
1787615369.711040,08:49:29.711,3798,50.859,26.68,1011.33,15.996,0.0,0.0,0.0,-0.45,-3.18,7.26,-0.45,1.46,0.39,9.68,193.43,2.31,8.56,0,0,0,0.0,0.0,0.0
1787615369.711299,08:49:29.711,3799,50.869,26.68,1011.33,15.996,0.0,0.0,0.0,-0.45,-3.18,7.26,-0.45,1.46,0.39,9.68,193.43,2.31,8.56,0,0,0,0.0,0.0,0.0
1787615369.711521,08:49:29.711,3800,50.879,26.68,1011.33,15.996,0.0,0.0,0.0,-0.45,-3.18,7.26,-0.45,1.46,0.39,9.68,193.43,2.31,8.56,0,0,0,0.0,0.0,0.0
1787615369.711741,08:49:29.711,3801,50.889,26.68,1011.33,15.996,0.0,0.0,0.0,-0.45,-3.18,7.26,-0.45,1.46,0.39,9.68,193.43,2.31,8.56,0,0,0,0.0,0.0,0.0
1787615369.711960,08:49:29.711,3802,50.899,26.68,1011.33,15.996,0.0,0.0,0.0,-0.45,-3.18,7.26,-0.45,1.46,0.39,9.68,193.43,2.31,8.56,0,0,0,0.0,0.0,0.0
1787615369.812527,08:49:29.812,3803,50.909,26.68,1011.33,15.996,0.0,0.0,0.0,-0.45,-3.18,7.26,-0.45,1.46,0.39,9.68,193.43,2.31,8.56,0,0,0,0.0,0.0,0.0
1787615369.812846,08:49:29.812,3804,50.919,26.68,1011.33,15.996,0.0,0.0,0.0,-0.45,-3.18,7.26,-0.45,1.46,0.39,9.68,193.43,2.31,8.56,0,0,0,0.0,0.0,0.0
1787615369.813076,08:49:29.813,3805,50.929,26.68,1011.33,15.996,0.0,0.0,0.0,-0.45,-3.18,7.26,-0.45,1.46,0.39,9.68,193.43,2.31,8.56,0,0,0,0.0,0.0,0.0
1787615369.813297,08:49:29.813,3806,50.939,26.68,1011.33,15.996,0.0,0.0,0.0,-0.45,-3.18,7.26,-0.45,1.46,0.39,9.68,193.43,2.31,8.56,0,0,0,0.0,0.0,0.0
1787615369.813517,08:49:29.813,3807,50.949,26.68,1011.33,15.996,0.0,0.0,0.0,-0.45,-3.18,7.26,-0.45,1.46,0.39,9.68,193.43,2.31,8.56,0,0,0,0.0,0.0,0.0
1787615369.813736,08:49:29.813,3808,50.959,26.68,1011.33,15.996,0.0,0.0,0.0,-0.45,-3.18,7.26,-0.45,1.46,0.39,9.68,193.43,2.31,8.56,0,0,0,0.0,0.0,0.0
1787615378.124990,08:49:38.124,6,4.751,26.43,1011.43,15.164,0.0,0.0,0.0,-0.53,1.34,1.35,-0.53,0.0,0.0,9.8,0.0,0.0,0.0,0,0,0,0.0,0.0,0.0
1787615378.226761,08:49:38.226,7,4.851,26.45,1011.43,15.164,0.0,0.0,0.0,-0.3,-0.06,-0.04,-0.3,1.39,1.43,9.6,0.0,8.43,8.12,0,0,0,0.0,0.0,0.0
1787615378.429491,08:49:38.429,8,4.951,26.45,1011.43,15.164,0.0,0.0,0.0,-0.27,-0.03,-0.05,-0.27,1.39,1.43,9.6,0.0,8.43,8.12,0,0,0,0.0,0.0,0.0
1787615378.430371,08:49:38.430,9,5.051,26.46,1011.43,15.164,0.0,0.0,0.0,-0.27,-0.05,-0.05,-0.27,1.39,1.43,9.6,0.0,8.43,8.12,0,0,0,0.0,0.0,0.0
1787615378.532050,08:49:38.532,10,5.151,26.46,1011.43,15.164,0.0,0.0,0.0,-0.27,-0.06,-0.06,-0.27,1.39,1.43,9.6,0.0,8.43,8.12,0,0,0,0.0,0.0,0.0
1787615378.633852,08:49:38.633,11,5.251,26.48,1011.44,15.079,0.0,0.0,0.0,-0.28,-0.04,-0.07,-0.28,1.39,1.43,9.6,0.0,8.43,8.12,0,0,0,0.0,0.0,0.0
1787615378.735669,08:49:38.735,12,5.351,26.48,1011.44,15.079,0.0,0.0,0.0,-0.29,-0.05,-0.07,-0.29,1.38,1.43,9.6,0.0,8.43,8.12,0,0,0,0.0,0.0,0.0
1787615378.837849,08:49:38.837,13,5.451,26.48,1011.45,14.997,0.0,0.0,0.0,-0.31,-0.05,-0.08,-0.31,1.38,1.43,9.6,0.0,8.43,8.12,0,0,0,0.0,0.0,0.0
1787615378.940766,08:49:38.940,14,5.551,26.48,1011.45,14.997,0.0,0.0,0.0,-0.27,-0.04,-0.06,-0.27,1.38,1.43,9.6,0.0,8.43,8.12,0,0,0,0.0,0.0,0.0
1787615379.043606,08:49:39.043,15,5.651,26.48,1011.45,14.997,0.0,0.0,0.0,-0.27,-0.07,-0.09,-0.27,1.38,1.43,9.6,0.0,8.43,8.12,0,0,0,0.0,0.0,0.0
1787615379.145999,08:49:39.145,16,5.751,26.48,1011.45,14.997,0.0,0.0,0.0,-0.29,-0.05,-0.04,-0.29,1.38,1.43,9.6,0.0,8.43,8.12,0,0,0,0.0,0.0,0.0
1787615379.249158,08:49:39.249,17,5.851,26.48,1011.45,14.997,0.0,0.0,0.0,-0.25,-0.07,-0.06,-0.25,1.38,1.43,9.6,0.0,8.43,8.12,0,0,0,0.0,0.0,0.0
1787615379.351675,08:49:39.351,18,5.951,26.48,1011.45,14.997,0.0,0.0,0.0,-0.25,-0.04,-0.05,-0.25,1.38,1.43,9.6,0.0,8.43,8.12,0,0,0,0.0,0.0,0.0
1787615379.453791,08:49:39.453,19,6.051,26.49,1011.48,14.746,0.0,0.0,0.0,-0.29,-0.05,-0.05,-0.29,1.38,1.43,9.6,0.0,8.43,8.12,0,0,0,0.0,0.0,0.0
1787615379.556057,08:49:39.556,20,6.151,26.49,1011.48,14.746,0.0,0.0,0.0,-0.28,-0.03,-0.05,-0.28,1.38,1.43,9.6,0.0,8.43,8.12,0,0,0,0.0,0.0,0.0
1787615379.660160,08:49:39.660,21,6.251,26.5,1011.45,14.997,0.0,0.0,0.0,-0.25,-0.05,-0.08,-0.25,1.38,1.43,9.6,0.0,8.43,8.12,0,0,0,0.0,0.0,0.0
1787615379.765433,08:49:39.765,22,6.351,26.5,1011.45,14.997,0.0,0.0,0.0,-0.3,-0.06,-0.04,-0.3,1.38,1.43,9.6,0.0,8.43,8.12,0,0,0,0.0,0.0,0.0
1787615379.775613,08:49:39.775,23,6.451,26.5,1011.45,14.997,0.0,0.0,0.0,-0.28,-0.06,-0.08,-0.28,1.38,1.43,9.6,0.0,8.43,8.12,0,0,0,0.0,0.0,0.0
1787615379.876844,08:49:39.876,24,6.551,26.5,1011.45,14.997,0.0,0.0,0.0,-0.26,-0.1,-0.06,-0.26,1.38,1.43,9.6,0.0,8.43,8.12,0,0,0,0.0,0.0,0.0
1787615379.978972,08:49:39.978,25,6.651,26.5,1011.45,14.997,0.0,0.0,0.0,-0.24,-0.02,0.01,-0.24,1.38,1.43,9.6,0.0,8.43,8.12,0,0,0,0.0,0.0,0.0
1787615380.081564,08:49:40.081,26,6.751,26.5,1011.45,14.997,0.0,0.0,0.0,-0.31,-0.05,-0.04,-0.31,1.38,1.43,9.6,0.0,8.43,8.12,0,0,0,0.0,0.0,0.0
1787615380.183245,08:49:40.183,27,6.851,26.5,1011.44,15.079,0.0,0.0,0.0,-0.28,-0.05,-0.05,-0.28,1.38,1.43,9.6,0.0,8.43,8.12,0,0,0,0.0,0.0,0.0
1787615380.284173,08:49:40.284,28,6.951,26.5,1011.44,15.079,0.0,0.0,0.0,-0.29,-0.05,-0.07,-0.29,1.38,1.43,9.6,0.0,8.43,8.12,0,0,0,0.0,0.0,0.0
1787615380.386222,08:49:40.386,29,7.051,26.51,1011.45,14.997,0.0,0.0,0.0,-0.27,-0.09,-0.05,-0.27,1.38,1.43,9.6,0.0,8.43,8.12,0,0,0,0.0,0.0,0.0
1787615380.489452,08:49:40.489,30,7.151,26.51,1011.45,14.997,0.0,0.0,0.0,-0.25,-0.05,-0.05,-0.25,1.38,1.43,9.6,0.0,8.43,8.12,0,0,0,0.0,0.0,0.0
1787615380.592046,08:49:40.592,31,7.251,26.51,1011.44,15.079,0.0,0.0,0.0,-0.29,-0.07,-0.04,-0.29,1.38,1.43,9.6,0.0,8.43,8.12,0,0,0,0.0,0.0,0.0
1787615380.694512,08:49:40.694,32,7.351,26.51,1011.44,15.079,0.0,0.0,0.0,-0.27,-0.07,-0.04,-0.27,1.38,1.43,9.6,0.0,8.43,8.12,0,0,0,0.0,0.0,0.0
1787615380.896856,08:49:40.896,33,7.451,26.51,1011.45,14.997,0.0,0.0,0.0,-0.3,-0.05,-0.07,-0.3,1.38,1.43,9.6,0.0,8.43,8.12,0,0,0,0.0,0.0,0.0
1787615380.897744,08:49:40.897,34,7.551,26.51,1011.45,14.997,0.0,0.0,0.0,-0.31,-0.06,-0.06,-0.31,1.38,1.43,9.6,0.0,8.43,8.12,0,0,0,0.0,0.0,0.0
1787615380.999642,08:49:40.999,35,7.651,26.5,1011.4,15.412,0.0,0.0,0.0,-0.23,-0.06,0.0,-0.23,1.38,1.43,9.6,359.93,8.43,8.12,0,0,0,0.0,0.0,0.0
1787615381.102263,08:49:41.102,36,7.751,26.5,1011.4,15.412,0.0,0.0,0.0,-0.3,-0.05,-0.04,-0.3,1.38,1.43,9.6,359.93,8.43,8.12,0,0,0,0.0,0.0,0.0
1787615381.203878,08:49:41.203,37,7.851,26.51,1011.43,15.164,0.0,0.0,0.0,-0.28,-0.03,-0.03,-0.28,1.38,1.43,9.6,359.93,8.43,8.12,0,0,0,0.0,0.0,0.0
1787615381.305208,08:49:41.305,38,7.951,26.51,1011.43,15.164,0.0,0.0,0.0,-0.3,-0.04,-0.06,-0.3,1.38,1.43,9.6,359.93,8.43,8.12,0,0,0,0.0,0.0,0.0
1787615381.407883,08:49:41.407,39,8.051,26.52,1011.46,14.912,0.0,0.0,0.0,-0.32,-0.06,-0.04,-0.32,1.38,1.43,9.6,359.93,8.43,8.12,0,0,0,0.0,0.0,0.0
1787615381.511215,08:49:41.511,40,8.151,26.52,1011.46,14.912,0.0,0.0,0.0,-0.29,-0.08,-0.06,-0.29,1.38,1.43,9.6,359.93,8.43,8.12,0,0,0,0.0,0.0,0.0
1787615381.613861,08:49:41.613,41,8.251,26.52,1011.42,15.245,0.0,0.0,0.0,-0.28,-0.05,-0.05,-0.28,1.38,1.43,9.6,359.93,8.43,8.12,0,0,0,0.0,0.0,0.0
1787615381.716504,08:49:41.716,42,8.351,26.52,1011.42,15.245,0.0,0.0,0.0,-0.25,-0.05,-0.07,-0.25,1.38,1.43,9.6,359.93,8.43,8.12,0,0,0,0.0,0.0,0.0
1787615381.819132,08:49:41.819,43,8.451,26.52,1011.47,14.831,0.0,0.0,0.0,-0.3,-0.04,-0.04,-0.3,1.38,1.43,9.6,359.93,8.43,8.12,0,0,0,0.0,0.0,0.0
1787615381.921958,08:49:41.921,44,8.551,26.52,1011.47,14.831,0.0,0.0,0.0,-0.32,0.06,-0.06,-0.32,1.38,1.43,9.6,359.93,8.43,8.12,0,0,0,0.0,0.0,0.0
1787615382.024712,08:49:42.024,45,8.651,26.52,1011.45,14.997,0.0,0.0,0.0,-0.25,-0.05,-0.06,-0.25,1.38,1.43,9.6,359.93,8.43,8.12,0,0,0,0.0,0.0,0.0
1787615382.133167,08:49:42.133,46,8.751,26.52,1011.45,14.997,0.0,0.0,0.0,-0.26,-0.04,-0.03,-0.26,1.38,1.43,9.6,359.93,8.43,8.12,0,0,0,0.0,0.0,0.0
1787615382.247176,08:49:42.247,47,8.851,26.53,1011.45,14.997,0.0,0.0,0.0,-0.29,-0.04,-0.04,-0.29,1.38,1.43,9.6,359.93,8.43,8.12,0,0,0,0.0,0.0,0.0
1787615382.348901,08:49:42.348,48,8.951,26.53,1011.45,14.997,0.0,0.0,0.0,-0.28,-0.05,-0.04,-0.28,1.38,1.43,9.6,359.93,8.43,8.12,0,0,0,0.0,0.0,0.0
1787615382.451194,08:49:42.451,49,9.051,26.53,1011.49,14.661,0.0,0.0,0.0,-0.3,-0.02,0.0,-0.3,1.38,1.43,9.6,359.93,8.43,8.12,0,0,0,0.0,0.0,0.0
1787615382.553699,08:49:42.553,50,9.151,26.53,1011.49,14.661,0.0,0.0,0.0,-0.25,-0.06,-0.07,-0.25,1.38,1.43,9.6,359.93,8.43,8.12,0,0,0,0.0,0.0,0.0
1787615382.655427,08:49:42.655,51,9.251,26.53,1011.45,14.997,0.0,0.0,0.0,-0.27,-0.04,-0.05,-0.27,1.38,1.43,9.6,359.93,8.43,8.12,0,0,0,0.0,0.0,0.0
1787615382.756853,08:49:42.756,52,9.351,26.53,1011.45,14.997,0.0,0.0,0.0,-0.28,-0.06,-0.06,-0.28,1.38,1.43,9.6,359.93,8.43,8.12,0,0,0,0.0,0.0,0.0
1787615382.859127,08:49:42.859,53,9.451,26.52,1011.43,15.164,0.0,0.0,0.0,-0.3,-0.05,-0.04,-0.3,1.38,1.43,9.6,359.93,8.43,8.12,0,0,0,0.0,0.0,0.0
1787615382.961547,08:49:42.961,54,9.551,26.52,1011.43,15.164,0.0,0.0,0.0,-0.29,-0.05,-0.05,-0.29,1.38,1.43,9.6,359.93,8.43,8.12,0,0,0,0.0,0.0,0.0
1787615383.064357,08:49:43.064,55,9.651,26.54,1011.46,14.912,0.0,0.0,0.0,-0.25,-0.06,-0.06,-0.25,1.38,1.43,9.6,359.93,8.43,8.12,0,0,0,0.0,0.0,0.0
1787615383.065779,08:49:43.065,56,9.751,26.54,1011.46,14.912,0.0,0.0,0.0,-0.29,-0.06,-0.08,-0.29,1.38,1.43,9.6,359.93,8.43,8.12,0,0,0,0.0,0.0,0.0
1787615383.269156,08:49:43.269,57,9.851,26.54,1011.47,14.831,0.0,0.0,0.0,-0.31,-0.05,-0.08,-0.31,1.38,1.43,9.6,359.93,8.43,8.12,0,0,0,0.0,0.0,0.0
1787615383.371816,08:49:43.371,58,9.951,26.54,1011.47,14.831,0.0,0.0,0.0,-0.33,-0.07,-0.05,-0.33,1.38,1.43,9.6,359.93,8.43,8.12,0,0,0,0.0,0.0,0.0
1787615383.373159,08:49:43.373,59,10.051,26.54,1011.41,15.33,0.0,0.0,0.0,-0.26,-0.06,-0.08,-0.26,1.38,1.43,9.6,359.93,8.43,8.12,0,0,0,0.0,0.0,0.0
1787615383.576379,08:49:43.576,60,10.151,26.54,1011.41,15.33,0.0,0.0,0.0,-0.4,-0.04,-0.37,-0.4,1.38,1.43,9.6,359.93,8.43,8.12,0,0,0,0.0,0.0,0.0
1787615383.679520,08:49:43.679,61,10.251,26.54,1011.45,14.997,0.0,0.0,0.0,-0.29,-0.02,-0.06,-0.29,1.38,1.43,9.6,359.93,8.43,8.12,0,0,0,0.0,0.0,0.0
1787615383.680935,08:49:43.680,62,10.351,26.54,1011.45,14.997,0.0,0.0,0.0,-0.33,-0.03,-0.06,-0.33,1.38,1.43,9.6,359.93,8.43,8.12,0,0,0,0.0,0.0,0.0
1787615383.782979,08:49:43.782,63,10.451,26.53,1011.44,15.079,0.0,0.0,0.0,-0.29,-0.04,-0.05,-0.29,1.38,1.43,9.6,359.93,8.43,8.12,0,0,0,0.0,0.0,0.0
1787615383.885658,08:49:43.885,64,10.551,26.53,1011.44,15.079,0.0,0.0,0.0,-0.31,-0.06,-0.08,-0.31,1.38,1.43,9.6,359.93,8.43,8.12,0,0,0,0.0,0.0,0.0
1787615383.986941,08:49:43.986,65,10.651,26.54,1011.47,14.831,0.0,0.0,0.0,-0.36,-0.07,-0.12,-0.36,1.39,1.43,9.6,359.93,8.43,8.12,0,0,0,0.0,0.0,0.0
1787615384.089632,08:49:44.089,66,10.751,26.54,1011.47,14.831,0.0,0.0,0.0,-0.17,-0.04,-0.03,-0.17,1.38,1.42,9.6,0.0,8.43,8.12,0,0,0,0.0,0.0,0.0
1787615384.191733,08:49:44.191,67,10.851,26.55,1011.45,14.997,0.0,0.0,0.0,-0.34,-0.05,-0.04,-0.34,1.38,1.42,9.6,0.0,8.43,8.12,0,0,0,0.0,0.0,0.0
1787615384.293487,08:49:44.293,68,10.951,26.55,1011.45,14.997,0.0,0.0,0.0,-0.08,-0.02,-0.02,-0.08,1.38,1.42,9.6,0.0,8.43,8.12,0,0,0,0.0,0.0,0.0
1787615384.396634,08:49:44.396,69,11.051,26.55,1011.46,14.912,0.0,0.0,0.0,-0.14,-0.02,-0.06,-0.14,1.38,1.42,9.6,0.0,8.43,8.12,0,0,0,0.0,0.0,0.0
1787615384.499290,08:49:44.499,70,11.151,26.55,1011.46,14.912,0.0,0.0,0.0,-0.02,-0.02,-0.03,-0.02,1.38,1.42,9.6,0.0,8.43,8.12,0,0,0,0.0,0.0,0.0
1787615384.601532,08:49:44.601,71,11.251,26.55,1011.46,14.912,0.0,0.0,0.0,-0.05,-0.02,-0.04,-0.05,1.38,1.42,9.6,0.0,8.43,8.12,0,0,0,0.0,0.0,0.0
1787615384.704420,08:49:44.704,72,11.351,26.55,1011.46,14.912,0.0,0.0,0.0,-0.11,-0.02,-0.03,-0.11,1.38,1.42,9.6,0.0,8.37,8.12,0,0,0,0.0,0.0,0.0
1787615384.806523,08:49:44.806,73,11.451,26.55,1011.46,14.912,0.0,0.0,0.0,-0.12,-0.03,-0.02,-0.12,1.38,1.42,9.6,0.0,8.37,8.12,0,0,0,0.0,0.0,0.0
1787615384.908552,08:49:44.908,74,11.551,26.55,1011.46,14.912,0.0,0.0,0.0,-0.09,0.0,-0.02,-0.09,1.38,1.42,9.6,0.0,8.43,8.12,0,0,0,0.0,0.0,0.0
1787615385.011026,08:49:45.011,75,11.651,26.56,1011.44,15.079,0.0,0.0,0.0,-0.11,-0.03,-0.1,-0.11,1.38,1.43,9.6,359.93,8.5,8.12,0,0,0,0.0,0.0,0.0
1787615385.111765,08:49:45.111,76,11.751,26.56,1011.44,15.079,0.0,0.0,0.0,-0.11,-0.03,-0.04,-0.11,1.38,1.44,9.6,359.93,8.5,8.12,0,0,0,0.0,0.0,0.0
1787615385.213380,08:49:45.213,77,11.851,26.55,1011.4,15.412,0.0,0.0,0.0,-0.03,-0.04,-0.05,-0.03,1.38,1.44,9.6,359.93,8.5,8.12,0,0,0,0.0,0.0,0.0
1787615385.340403,08:49:45.340,78,11.951,26.55,1011.4,15.412,0.0,0.0,0.0,-0.07,-0.04,-0.05,-0.07,1.38,1.44,9.6,359.93,8.5,8.12,0,0,0,0.0,0.0,0.0
1787615385.441882,08:49:45.441,79,12.051,26.56,1011.43,15.164,0.0,0.0,0.0,-0.08,-0.03,-0.06,-0.08,1.38,1.44,9.6,359.93,8.5,8.12,0,0,0,0.0,0.0,0.0
1787615385.543048,08:49:45.543,80,12.151,26.56,1011.43,15.164,0.0,0.0,0.0,-0.1,-0.03,-0.05,-0.1,1.38,1.44,9.6,359.93,8.5,8.12,0,0,0,0.0,0.0,0.0
1787615385.645525,08:49:45.645,81,12.251,26.56,1011.41,15.33,0.0,0.0,0.0,-0.07,-0.02,-0.06,-0.07,1.38,1.44,9.6,359.93,8.5,8.12,0,0,0,0.0,0.0,0.0
1787615385.748294,08:49:45.748,82,12.351,26.56,1011.41,15.33,0.0,0.0,0.0,-0.08,-0.03,-0.07,-0.08,1.38,1.44,9.6,359.93,8.5,8.12,0,0,0,0.0,0.0,0.0
1787615385.850252,08:49:45.850,83,12.451,26.57,1011.4,15.412,0.0,0.0,0.0,-0.05,-0.02,-0.09,-0.05,1.38,1.44,9.6,359.93,8.5,8.12,0,0,0,0.0,0.0,0.0
1787615385.952873,08:49:45.952,84,12.551,26.57,1011.4,15.412,0.0,0.0,0.0,0.07,0.0,0.04,0.07,1.38,1.44,9.59,0.0,8.56,8.12,0,0,0,0.0,0.0,0.0
1787615386.055039,08:49:46.055,85,12.651,26.56,1011.41,15.33,0.0,0.0,0.0,-0.31,0.0,-0.4,-0.31,1.38,1.43,9.6,359.93,8.5,8.12,0,0,0,0.0,0.0,0.0
1787615386.156750,08:49:46.156,86,12.751,26.56,1011.41,15.33,0.0,0.0,0.0,0.2,-0.13,-0.15,0.2,1.4,1.37,9.6,0.0,8.12,8.18,0,0,0,0.0,0.0,0.0
1787615386.266003,08:49:46.266,87,12.851,26.58,1011.42,15.245,0.0,0.0,0.0,-0.1,-0.13,-0.66,-0.1,1.37,1.01,9.65,359.75,5.93,8.06,0,0,0,0.0,0.0,0.0
1787615386.366698,08:49:46.366,88,12.951,26.58,1011.42,15.245,0.0,0.0,0.0,-1.15,-0.15,0.05,-1.15,1.37,0.46,9.69,359.56,2.75,8.0,0,0,0,0.0,0.0,0.0
1787615386.468230,08:49:46.468,89,13.051,26.58,1011.46,14.912,0.0,0.0,0.0,-0.65,-0.09,-0.45,-0.65,1.32,0.29,9.71,359.31,1.62,7.68,0,0,0,0.0,0.0,0.0
1787615386.569752,08:49:46.569,90,13.151,26.58,1011.46,14.912,0.0,0.0,0.0,-0.42,-0.02,0.14,-0.42,1.33,0.43,9.7,359.56,2.56,7.81,0,0,0,0.0,0.0,0.0
1787615386.671325,08:49:46.671,91,13.251,26.59,1011.46,14.912,0.0,0.0,0.0,-0.26,-0.03,-0.94,-0.26,1.34,0.39,9.7,359.37,2.25,7.87,0,0,0,0.0,0.0,0.0
1787615386.671774,08:49:46.671,92,13.351,26.59,1011.46,14.912,0.0,0.0,0.0,0.33,0.03,-0.08,0.33,1.38,0.44,9.69,359.37,2.62,8.12,0,0,0,0.0,0.0,0.0
1787615386.773312,08:49:46.773,93,13.451,26.58,1011.44,15.079,0.0,0.0,0.0,-0.44,-0.1,-0.06,-0.44,1.43,0.37,9.69,359.56,2.18,8.37,0,0,0,0.0,0.0,0.0
1787615386.874748,08:49:46.874,94,13.551,26.58,1011.44,15.079,0.0,0.0,0.0,-0.11,-0.1,0.0,-0.11,1.43,0.24,9.69,359.43,1.43,8.37,0,0,0,0.0,0.0,0.0
1787615386.975526,08:49:46.975,95,13.651,26.6,1011.45,14.997,0.0,0.0,0.0,-0.05,-0.1,-0.09,-0.05,1.42,0.16,9.7,359.37,0.87,8.37,0,0,0,0.0,0.0,0.0
1787615387.076777,08:49:47.076,96,13.751,26.6,1011.45,14.997,0.0,0.0,0.0,-0.09,0.0,-0.4,-0.09,1.42,0.2,9.7,359.37,1.12,8.31,0,0,0,0.0,0.0,0.0
1787615387.178335,08:49:47.178,97,13.851,26.59,1011.46,14.912,0.0,0.0,0.0,-0.21,0.03,-0.11,-0.21,1.41,0.26,9.7,359.43,1.56,8.25,0,0,0,0.0,0.0,0.0
1787615387.279734,08:49:47.279,98,13.951,26.59,1011.46,14.912,0.0,0.0,0.0,-0.77,0.0,-0.16,-0.77,1.38,0.17,9.7,359.56,1.0,8.12,0,0,0,0.0,0.0,0.0
1787615387.382303,08:49:47.382,99,14.051,26.61,1011.46,14.912,0.0,0.0,0.0,-0.11,-0.06,0.5,-0.11,1.35,0.19,9.71,359.75,1.12,7.93,0,0,0,0.0,0.0,0.0
1787615387.483312,08:49:47.483,100,14.151,26.61,1011.46,14.912,0.0,0.0,0.0,0.0,-0.05,-0.12,0.0,1.36,0.26,9.7,359.93,1.56,7.93,0,0,0,0.0,0.0,0.0
1787615387.584794,08:49:47.584,101,14.251,26.59,1011.41,15.33,0.0,0.0,0.0,0.36,-0.03,-0.02,0.36,1.35,0.24,9.7,359.87,1.43,7.87,0,0,0,0.0,0.0,0.0
1787615387.686242,08:49:47.686,102,14.351,26.59,1011.41,15.33,0.0,0.0,0.0,0.2,-0.03,-0.15,0.2,1.35,0.14,9.71,359.68,0.81,7.93,0,0,0,0.0,0.0,0.0
1787615387.788362,08:49:47.788,103,14.451,26.6,1011.41,15.33,0.0,0.0,0.0,-0.23,-0.06,-0.08,-0.23,1.39,0.01,9.7,359.62,0.06,8.12,0,0,0,0.0,0.0,0.0
1787615387.890607,08:49:47.890,104,14.551,26.6,1011.41,15.33,0.0,0.0,0.0,0.11,-0.16,0.15,0.11,1.41,0.09,9.7,359.5,0.56,8.25,0,0,0,0.0,0.0,0.0
1787615387.991704,08:49:47.991,105,14.651,26.6,1011.43,15.164,0.0,0.0,0.0,-0.24,-0.16,-0.18,-0.24,1.42,0.18,9.7,359.75,1.06,8.31,0,0,0,0.0,0.0,0.0
1787615388.092698,08:49:48.092,106,14.751,26.6,1011.43,15.164,0.0,0.0,0.0,0.23,0.0,0.09,0.23,1.41,0.23,9.7,0.06,1.31,8.25,0,0,0,0.0,0.0,0.0
1787615762.333042,08:56:02.333,311,35.25,27.67,1011.39,15.496,0.0,0.0,0.0,-0.26,-0.05,0.06,-0.26,1.35,-0.36,9.7,358.81,-2.12,7.93,0,0,0,0.0,0.0,0.0
1787615762.334688,08:56:02.334,313,35.45,27.66,1011.37,15.663,0.0,0.0,0.0,-0.25,-0.06,0.09,-0.25,1.35,-0.36,9.7,358.81,-2.12,7.93,0,0,0,0.0,0.0,0.0
1787615762.335497,08:56:02.335,314,35.55,27.66,1011.37,15.663,0.0,0.0,0.0,-0.26,-0.05,0.08,-0.26,1.35,-0.36,9.7,358.81,-2.12,7.93,0,0,0,0.0,0.0,0.0
1787615762.336184,08:56:02.336,316,35.75,27.65,1011.36,15.747,0.0,0.0,0.0,-0.26,-0.04,0.08,-0.26,1.35,-0.36,9.7,358.81,-2.12,7.93,0,0,0,0.0,0.0,0.0
1787615762.438594,08:56:02.438,317,35.85,27.65,1011.36,15.747,0.0,0.0,0.0,-0.27,-0.04,0.06,-0.27,1.35,-0.36,9.7,358.81,-2.12,7.93,0,0,0,0.0,0.0,0.0
1787615762.438839,08:56:02.438,319,36.05,27.65,1011.38,15.581,0.0,0.0,0.0,-0.27,-0.04,0.07,-0.27,1.35,-0.36,9.7,358.81,-2.12,7.93,0,0,0,0.0,0.0,0.0
1787615762.438985,08:56:02.438,320,36.15,27.65,1011.38,15.581,0.0,0.0,0.0,-0.24,-0.02,0.09,-0.24,1.35,-0.36,9.7,358.81,-2.12,7.93,0,0,0,0.0,0.0,0.0
1787615762.442248,08:56:02.442,322,36.35,27.66,1011.37,15.663,0.0,0.0,0.0,-0.25,-0.05,0.08,-0.25,1.35,-0.36,9.7,358.81,-2.12,7.93,0,0,0,0.0,0.0,0.0
1787615762.442445,08:56:02.442,324,36.55,27.65,1011.37,15.663,0.0,0.0,0.0,-0.26,-0.02,0.04,-0.26,1.35,-0.36,9.7,358.81,-2.12,7.93,0,0,0,0.0,0.0,0.0
1787615762.442582,08:56:02.442,325,36.65,27.66,1011.39,15.496,0.0,0.0,0.0,-0.26,-0.04,0.12,-0.26,1.35,-0.36,9.7,358.81,-2.12,7.93,0,0,0,0.0,0.0,0.0
1787615762.442712,08:56:02.442,327,36.85,27.66,1011.38,15.581,0.0,0.0,0.0,-0.3,-0.06,0.06,-0.3,1.35,-0.36,9.7,358.81,-2.12,7.93,0,0,0,0.0,0.0,0.0
1787615762.442841,08:56:02.442,328,36.95,27.66,1011.38,15.581,0.0,0.0,0.0,-0.24,-0.03,0.13,-0.24,1.35,-0.36,9.7,358.81,-2.12,7.93,0,0,0,0.0,0.0,0.0
1787615762.442969,08:56:02.442,330,37.15,27.67,1011.4,15.412,0.0,0.0,0.0,-0.23,-0.04,0.1,-0.23,1.35,-0.36,9.7,358.81,-2.12,7.93,0,0,0,0.0,0.0,0.0
1787615762.443096,08:56:02.443,331,37.25,27.67,1011.38,15.581,0.0,0.0,0.0,-0.23,-0.03,0.1,-0.23,1.35,-0.36,9.7,358.81,-2.12,7.93,0,0,0,0.0,0.0,0.0
1787615762.443226,08:56:02.443,333,37.45,27.66,1011.36,15.747,0.0,0.0,0.0,-0.25,-0.07,0.05,-0.25,1.35,-0.36,9.7,358.81,-2.12,7.93,0,0,0,0.0,0.0,0.0
1787615762.443354,08:56:02.443,334,37.55,27.66,1011.36,15.747,0.0,0.0,0.0,-0.22,-0.04,0.07,-0.22,1.35,-0.36,9.7,358.81,-2.12,7.93,0,0,0,0.0,0.0,0.0
1787615762.443481,08:56:02.443,336,37.75,27.68,1011.4,15.412,0.0,0.0,0.0,-0.25,-0.03,0.06,-0.25,1.35,-0.36,9.7,358.81,-2.12,7.93,0,0,0,0.0,0.0,0.0
1787615762.443607,08:56:02.443,337,37.85,27.67,1011.38,15.581,0.0,0.0,0.0,-0.26,-0.06,0.04,-0.26,1.35,-0.36,9.7,358.81,-2.12,7.93,0,0,0,0.0,0.0,0.0
1787615762.443733,08:56:02.443,339,38.05,27.68,1011.38,15.581,0.0,0.0,0.0,-0.23,-0.05,0.07,-0.23,1.35,-0.36,9.7,358.81,-2.12,7.93,0,0,0,0.0,0.0,0.0
1787615762.545006,08:56:02.545,340,38.15,27.68,1011.38,15.581,0.0,0.0,0.0,-0.24,-0.03,0.06,-0.24,1.35,-0.36,9.7,358.81,-2.12,7.93,0,0,0,0.0,0.0,0.0
1787615762.545395,08:56:02.545,342,38.35,27.67,1011.37,15.663,0.0,0.0,0.0,-0.22,-0.05,0.05,-0.22,1.35,-0.36,9.7,358.81,-2.12,7.93,0,0,0,0.0,0.0,0.0
1787615762.545607,08:56:02.545,343,38.45,27.68,1011.38,15.581,0.0,0.0,0.0,-0.25,-0.05,0.07,-0.25,1.35,-0.36,9.7,358.81,-2.12,7.93,0,0,0,0.0,0.0,0.0
1787615762.647065,08:56:02.647,344,38.55,27.68,1011.38,15.581,0.0,0.0,0.0,-0.26,-0.05,0.09,-0.26,1.35,-0.36,9.7,358.81,-2.12,7.93,0,0,0,0.0,0.0,0.0
1787615762.748528,08:56:02.748,345,38.65,27.68,1011.37,15.663,0.0,0.0,0.0,-0.23,-0.02,0.08,-0.23,1.35,-0.36,9.7,358.81,-2.12,7.93,0,0,0,0.0,0.0,0.0
1787615762.850012,08:56:02.850,346,38.75,27.68,1011.37,15.663,0.0,0.0,0.0,-0.27,-0.03,0.09,-0.27,1.35,-0.36,9.7,358.81,-2.12,7.93,0,0,0,0.0,0.0,0.0
1787615762.952369,08:56:02.952,347,38.85,27.61,1011.24,16.746,0.0,0.0,0.0,-0.25,-0.04,0.06,-0.25,1.35,-0.36,9.7,358.81,-2.12,7.93,0,0,0,0.0,0.0,0.0
1787615763.054862,08:56:03.054,348,38.95,27.61,1011.24,16.746,0.0,0.0,0.0,-0.23,-0.04,0.06,-0.23,1.35,-0.36,9.7,358.81,-2.12,7.93,0,0,0,0.0,0.0,0.0
1787615763.156199,08:56:03.156,349,39.05,27.69,1011.39,15.496,0.0,0.0,0.0,-0.24,-0.05,0.06,-0.24,1.35,-0.36,9.7,358.81,-2.12,7.93,0,0,0,0.0,0.0,0.0
